0 0 0 0 0 e 	0.000000000	0.000000000	34
0 0 0 0 1 e 	0.405713308	0.000000067	87
0 0 0 0 2 e 	1.217138857	0.000000133	111
0 0 0 0 3 e 	2.434274617	0.000000160	108
0 0 0 0 4 e 	4.057117431	0.000000294	124
0 0 0 0 5 e 	6.085662626	0.000000627	132
0 0 0 0 6 e 	8.519905968	0.000001961	121
0 0 0 0 7 e 	11.359840813	0.000001997	127
0 0 0 0 8 e 	14.605459774	0.000002015	135
0 0 0 0 9 e 	18.256754560	0.000002026	141
0 0 0 0 10 e 	22.313715764	0.000002038	142
0 0 0 0 11 e 	26.776332970	0.000002048	139
0 0 0 0 12 e 	31.644594723	0.000002055	145
0 0 0 0 13 e 	36.918488577	0.000003389	143
0 0 0 0 14 e 	42.598000868	0.000003400	140
0 0 0 0 15 e 	48.683117080	0.000003414	148
0 0 0 0 16 e 	55.173821559	0.000003427	149
0 0 0 0 17 e 	62.070097656	0.000003437	138
0 0 0 0 18 e 	69.371927630	0.000003490	141
0 0 0 0 19 e 	77.079292762	0.000003517	143
0 0 0 0 20 e 	85.192173233	0.000003539	144
0 0 0 0 21 e 	93.710548205	0.000003573	137
0 0 0 0 22 e 	102.634395796	0.000003608	144
0 0 0 0 23 e 	111.963693088	0.000003647	136
0 0 0 0 24 e 	121.698416086	0.000003701	141
0 0 0 0 25 e 	131.838539837	0.000003722	128
0 0 0 0 26 e 	142.384038238	0.000003771	124
0 0 0 0 27 e 	153.334884195	0.000003834	121
0 0 0 0 28 e 	164.691049589	0.000003889	124
0 0 0 0 29 e 	176.452505250	0.000003915	121
0 0 0 0 30 e 	188.619220938	0.000003946	123
0 0 0 0 31 e 	201.191165385	0.000003986	121
0 0 0 0 32 e 	214.168306311	0.000003993	114
0 0 0 0 33 e 	227.550610311	0.000004001	126
0 0 0 0 34 e 	241.338043029	0.000004008	112
0 0 0 0 35 e 	255.530569010	0.000004023	109
0 0 0 0 36 e 	270.128151786	0.000004070	107
0 0 0 0 37 e 	285.130753806	0.000004079	105
0 0 0 0 38 e 	300.538336555	0.000004105	105
0 0 0 0 39 e 	316.350860348	0.000004118	115
0 0 0 0 40 e 	332.568284600	0.000004134	93
0 0 0 0 41 e 	349.190567607	0.000004170	101
0 0 0 0 42 e 	366.217666624	0.000004242	89
0 0 0 0 43 e 	383.649537822	0.000004320	92
0 0 0 0 44 e 	401.486140256	0.000072242	74
0 0 0 0 45 e 	419.727420018	0.000074244	73
0 0 0 0 46 e 	438.373344315	0.000117256	77
0 0 0 0 47 e 	457.423846058	0.000119257	77
0 0 0 0 48 e 	476.878885943	0.000121259	85
0 0 0 0 49 e 	496.738412983	0.000123260	69
0 0 0 0 50 e 	517.002376050	0.000125262	72
0 1 0 1 1 e 	520.828323663	0.000015095	25
0 1 0 1 1 f 	520.828748053	0.000015088	22
0 1 0 1 2 e 	521.640737319	0.000011122	41
0 1 0 1 2 f 	521.642010479	0.000011115	34
0 1 0 1 3 e 	522.859355540	0.000011095	39
0 1 0 1 3 f 	522.861901846	0.000011088	35
0 1 0 1 4 e 	524.484174705	0.000009094	40
0 1 0 1 4 f 	524.488418524	0.000009087	31
0 1 0 1 5 e 	526.515191405	0.000009762	39
0 1 0 1 5 f 	526.521557092	0.000009756	26
0 1 0 1 6 e 	528.952399220	0.000005094	41
0 1 0 1 6 f 	528.961311114	0.000005087	32
0 1 0 1 7 e 	531.795792508	0.000005822	43
0 1 0 1 7 f 	531.807674921	0.000005756	37
0 1 0 1 8 e 	535.045363521	0.000006471	54
0 1 0 1 8 f 	535.060640743	0.000006457	40
0 0 0 0 51 e 	537.670744625	0.000203260	69
0 1 0 1 9 e 	538.701103790	0.000006488	45
0 1 0 1 9 f 	538.720200082	0.000006475	39
0 1 0 1 10 e 	542.763004331	0.000005856	45
0 1 0 1 10 f 	542.786343930	0.000005842	39
0 1 0 1 11 e 	547.231054320	0.000006632	46
0 1 0 1 11 f 	547.259061433	0.000006498	42
0 1 0 1 12 e 	552.105241576	0.000006515	58
0 1 0 1 12 f 	552.138340340	0.000006508	46
0 1 0 1 13 e 	557.385553616	0.000010632	45
0 1 0 1 13 f 	557.424168301	0.000006515	40
0 0 0 0 52 e 	558.743432013	0.000205262	68
0 1 0 1 14 e 	563.071977582	0.000009849	47
0 1 0 1 14 f 	563.116531869	0.000007515	39
0 1 0 1 15 e 	569.164497747	0.000014632	46
0 1 0 1 15 f 	569.215416633	0.000007860	44
0 1 0 1 16 e 	575.663098495	0.000013849	44
0 1 0 1 16 f 	575.720804756	0.000007874	42
0 0 0 0 53 e 	580.220366676	0.000283260	65
0 1 0 1 17 e 	582.567762993	0.000017414	52
0 1 0 1 17 f 	582.632681156	0.000007285	41
0 1 0 1 18 e 	589.878473414	0.000016825	49
0 1 0 1 18 f 	589.951026825	0.000007897	44
0 1 0 1 19 e 	597.595211369	0.000017437	51
0 1 0 1 19 f 	597.675822635	0.000010619	49
0 0 0 0 54 e 	602.101544791	0.000285262	69
0 1 0 1 20 e 	605.717950829	0.000020825	52
0 1 0 1 20 f 	605.807049921	0.000011897	46
0 1 0 1 21 e 	614.246682418	0.000020771	49
0 1 0 1 21 f 	614.344685071	0.000014619	44
0 1 0 1 22 e 	623.181372392	0.000024825	46
0 1 0 1 22 f 	623.288708068	0.000015173	38
0 0 0 0 55 e 	624.386887243	0.000287263	64
0 1 0 1 23 e 	632.522005673	0.000023541	41
0 1 0 1 23 f 	632.639093397	0.000015208	38
0 1 0 1 24 e 	642.268553057	0.000025543	46
0 1 0 1 24 f 	642.395819286	0.000015247	42
0 0 0 0 56 e 	647.076337753	0.000289264	58
0 1 0 1 25 e 	652.420991582	0.000019541	49
0 1 0 1 25 f 	652.558857613	0.000019208	42
0 1 0 1 26 e 	662.979293775	0.000021543	44
0 1 0 1 26 f 	663.128184937	0.000019247	36
0 0 0 0 57 e 	670.170090438	0.000367263	57
0 1 0 1 27 e 	673.943433065	0.000023541	44
0 1 0 1 27 f 	674.103770442	0.000015371	36
0 1 0 1 28 e 	685.313378296	0.000021946	46
0 1 0 1 28 f 	685.485587510	0.000018920	39
0 0 0 0 58 e 	693.667580892	0.000369264	59
0 1 0 1 29 e 	697.089104734	0.000021320	35
0 1 0 1 29 f 	697.273605724	0.000018706	37
0 1 0 1 30 e 	709.270574901	0.000017946	38
0 1 0 1 30 f 	709.467793917	0.000014920	32
0 0 0 0 59 e 	717.569001288	0.000371266	46
0 1 0 1 31 e 	721.857765943	0.000017986	33
0 1 0 1 31 f 	722.068122251	0.000022706	32
0 1 0 1 32 e 	734.850634204	0.000017342	34
0 1 0 1 32 f 	735.074554090	0.000018920	32
0 0 0 0 60 e 	741.874288416	0.000447456	49
0 1 0 1 33 e 	748.249158690	0.000021986	32
0 1 0 1 33 f 	748.487060694	0.000023670	32
0 1 0 1 34 e 	762.053289769	0.000018008	36
0 1 0 1 34 f 	762.305601337	0.000022255	34
0 0 0 0 61 e 	766.583388342	0.000447583	53
0 1 0 1 35 e 	776.263008435	0.000018023	38
0 1 0 1 35 f 	776.530146083	0.000019670	29
0 1 0 1 36 e 	790.878259117	0.000021342	38
0 1 0 1 36 f 	791.160650049	0.000024678	33
0 0 0 0 62 e 	791.696223048	0.000447730	41
0 1 0 1 37 e 	805.899021117	0.000019006	37
0 1 0 1 37 f 	806.197084826	0.000015670	30
0 0 0 0 63 e 	817.212749944	0.000447850	42
0 1 0 1 38 e 	821.325241514	0.000024105	36
0 1 0 1 38 f 	821.639400170	0.000027440	32
0 1 0 1 39 e 	837.156891756	0.000023006	40
0 1 0 1 39 f 	837.487566735	0.000019670	30
0 0 0 0 64 e 	843.132844688	0.000447943	40
0 1 0 1 40 e 	853.393918124	0.000020105	34
0 1 0 1 40 f 	853.741533740	0.000023440	26
1 0 0 0 0 e 	858.966914952	0.000086793	4
1 0 0 0 1 e 	859.371418357	0.000086727	19
1 0 0 0 2 e 	860.180424266	0.000086793	16
1 0 0 0 3 e 	861.393930511	0.000086860	13
1 0 0 0 4 e 	863.011931697	0.000086887	19
1 0 0 0 5 e 	865.034430602	0.000087020	17
1 0 0 0 6 e 	867.461413710	0.000087354	16
0 0 0 0 65 e 	869.456511635	0.000461286	47
0 1 0 1 41 e 	870.036288367	0.000543006	33
1 0 0 0 7 e 	870.292878804	0.000088354	11
0 1 0 1 41 f 	870.401264435	0.000539670	29
1 0 0 0 8 e 	873.528817348	0.000088724	12
1 0 0 0 9 e 	877.169222033	0.000088741	15
1 0 0 0 10 e 	881.214081358	0.000088753	21
1 0 0 0 11 e 	885.663385715	0.000088765	22
0 1 0 1 42 e 	887.083937181	0.000044242	33
0 1 0 1 42 f 	887.466697241	0.000047578	29
1 0 0 0 12 e 	890.517123747	0.000088775	18
1 0 0 0 13 e 	895.775282511	0.000088781	21
0 0 0 0 66 e 	896.183661040	0.000463287	44
1 0 0 0 14 e 	901.437848212	0.000089782	17
0 1 0 1 43 e 	904.536873394	0.000056320	25
0 1 0 1 43 f 	904.937834976	0.000059656	27
1 0 0 0 15 e 	907.504805308	0.000090127	21
1 0 0 0 16 e 	913.976137581	0.000083469	14
1 0 0 0 17 e 	920.851833275	0.000083482	17
0 1 0 1 44 e 	922.395000268	0.000057256	34
0 1 0 1 44 f 	922.814587854	0.000053920	25
0 0 0 0 67 e 	923.314220250	0.000465289	40
1 0 0 0 18 e 	928.131864494	0.000083492	19
1 0 0 0 19 e 	935.816218053	0.000083546	16
0 1 0 1 45 e 	940.658279582	0.000064320	34
0 1 0 1 45 f 	941.096915118	0.000067656	20
1 0 0 0 20 e 	943.904866331	0.000083572	24
0 0 0 0 68 e 	950.848114674	0.000543287	36
1 0 0 0 21 e 	952.397948058	0.000083594	17
0 1 0 1 46 e 	959.326675696	0.000097256	28
0 1 0 1 46 f 	959.784775811	0.000100592	26
1 0 0 0 22 e 	961.294997804	0.000083629	10
1 0 0 0 23 e 	970.596422408	0.000083663	17
0 1 0 1 47 e 	978.400174182	0.000170192	29
0 0 0 0 69 e 	978.785279097	0.000718797	33
0 1 0 1 47 f 	978.878161707	0.000166856	19
1 0 0 0 24 e 	980.302059300	0.000083703	15
1 0 0 0 25 e 	990.411885542	0.000083756	16
0 1 0 1 48 e 	997.878640493	0.000617256	33
0 1 0 1 48 f 	998.376938639	0.000620592	30
1 0 0 0 26 e 	1000.925859081	0.000083777	18
0 0 0 0 70 e 	1007.125638330	0.000796796	30
1 0 0 0 27 e 	1011.843979645	0.000083827	14
0 1 0 1 49 e 	1017.762088223	0.000174194	33
0 1 0 1 49 f 	1018.281113487	0.000170859	25
1 0 0 0 28 e 	1023.166176498	0.000083889	16
1 0 0 0 29 e 	1034.892457433	0.000083944	18
0 0 0 0 71 e 	1035.869119004	0.000972306	31
0 1 0 1 50 e 	1038.050464840	0.001137256	33
0 1 0 1 50 f 	1038.590638640	0.001140592	19
0 2 0 2 2 e 	1042.838101880	0.013216990	5
0 2 0 2 2 f 	1042.838104609	0.013216983	4
0 2 0 2 3 e 	1044.059455652	0.013216857	9
0 2 0 2 3 f 	1044.059458382	0.013216850	8
0 2 0 2 4 e 	1045.687919509	0.013213521	10
0 2 0 2 4 f 	1045.687922238	0.013213514	9
1 0 0 0 30 e 	1047.022777013	0.000083970	13
0 2 0 0 0 e 	1047.042051193	0.000002067	7
0 2 0 0 1 e 	1047.449011992	0.000002000	21
0 2 0 2 5 e 	1047.723492295	0.013210185	6
0 2 0 2 5 f 	1047.723498663	0.013210179	5
0 2 0 0 2 e 	1048.262932093	0.000002067	19
0 2 0 0 3 e 	1049.483810566	0.000001628	22
0 2 0 2 6 e 	1050.168499936	0.013206850	8
0 2 0 2 6 f 	1050.168512668	0.013206843	8
0 2 0 0 4 e 	1051.111644853	0.000002160	22
0 2 0 2 7 e 	1053.018266139	0.013205849	6
0 2 0 2 7 f 	1053.018289055	0.013205842	4
0 2 0 0 5 e 	1053.146431535	0.000002294	19
0 2 0 0 6 e 	1055.588165061	0.000002627	22
0 2 0 2 8 e 	1056.237684147	0.010005822	10
0 2 0 2 8 f 	1056.237722347	0.010005829	7
0 2 0 0 7 e 	1058.436841470	0.000003296	19
0 1 0 1 51 e 	1058.743670983	0.001374194	25
0 1 0 1 51 f 	1059.305435681	0.001454862	21
1 0 0 0 31 e 	1059.557111814	0.000084001	16
0 2 0 2 9 e 	1059.901608314	0.010005849	14
0 2 0 2 9 f 	1059.901668352	0.010005842	10
0 2 0 0 8 e 	1061.692453792	0.000003997	21
0 2 0 2 10 e 	1063.972595892	0.010006481	12
0 2 0 2 10 f 	1063.972685971	0.010006475	9
0 0 0 0 72 e 	1065.015646299	0.001050305	26
0 2 0 0 9 e 	1065.354995522	0.000004015	30
0 2 0 2 11 e 	1068.450633775	0.010005849	11
0 2 0 2 11 f 	1068.450763925	0.010005842	10
0 2 0 0 10 e 	1069.424458365	0.000003382	27
1 0 0 0 32 e 	1072.495422067	0.000084041	12
0 2 0 2 12 e 	1073.335707498	0.010006505	14
0 2 0 2 12 f 	1073.335889761	0.010006498	11
0 2 0 0 11 e 	1073.900833239	0.000004038	28
0 2 0 2 13 e 	1078.627802433	0.010006515	14
0 2 0 2 13 f 	1078.628051055	0.010006521	11
0 2 0 0 12 e 	1078.784113622	0.000004048	30
0 1 0 1 52 e 	1079.841707640	0.002337256	26
0 1 0 1 52 f 	1080.425428074	0.004340592	16
0 2 0 0 13 e 	1084.074282235	0.000004055	27
0 2 0 2 14 e 	1084.326903069	0.010007515	12
0 2 0 2 14 f 	1084.327234685	0.010007522	9
1 0 0 0 33 e 	1085.837669848	0.000084049	18
0 2 0 0 14 e 	1089.771333785	0.000005055	29
0 2 0 2 15 e 	1090.432991154	0.010008516	10
0 2 0 2 15 f 	1090.433424967	0.010008523	7
0 0 0 0 73 e 	1094.565143606	0.001225815	28
0 2 0 0 15 e 	1095.875254146	0.000005400	28
0 2 0 2 16 e 	1096.938935579	0.010007291	11
0 2 0 2 16 f 	1096.939493562	0.010007285	10
1 0 0 0 34 e 	1099.583820063	0.000084057	13
0 1 0 1 53 e 	1101.344459261	0.002574194	22
0 1 0 1 53 f 	1101.950610755	0.000254862	15
0 2 0 0 16 e 	1102.386029217	0.000005414	24
0 2 0 2 17 e 	1103.854022455	0.010007880	10
0 2 0 2 17 f 	1103.854729534	0.010007874	7
0 2 0 0 17 e 	1109.303646233	0.000004825	26
0 2 0 2 18 e 	1111.180277992	0.010007291	11
0 2 0 2 18 f 	1111.181162231	0.010007285	10
1 0 0 0 35 e 	1113.733846058	0.000077392	18
0 2 0 0 18 e 	1116.628089888	0.000005437	29
0 2 0 2 19 e 	1118.914112706	0.010007904	12
0 2 0 2 19 f 	1118.915205506	0.010007897	9
0 1 0 1 54 e 	1123.251905704	0.001555262	22
0 1 0 1 54 f 	1123.880891118	0.005540592	17
0 2 0 0 19 e 	1124.359343211	0.000005490	25
0 0 0 0 74 e 	1124.517537245	0.001303813	26
0 2 0 2 20 e 	1127.055398034	0.010010626	10
0 2 0 2 20 f 	1127.056734328	0.010010619	8
1 0 0 0 36 e 	1128.287704870	0.000077408	15
0 2 0 0 20 e 	1132.497392232	0.000005517	22
0 2 0 2 21 e 	1135.414848112	0.010024825	7
0 2 0 2 21 f 	1135.516871270	0.010011897	6
0 2 0 0 21 e 	1141.042217044	0.000005539	31
1 0 0 0 37 e 	1143.245353022	0.000077454	16
0 2 0 2 22 f 	1144.282785426	0.010014619	8
0 2 0 2 22 e 	1144.345746555	0.010023541	6
0 1 0 1 55 e 	1145.564147311	0.003774194	19
0 1 0 1 55 f 	1146.216240246	0.001454862	18
0 2 0 0 22 e 	1149.993800558	0.000005573	26
0 2 0 2 23 e 	1153.727812111	0.010024825	11
0 2 0 2 23 f 	1153.823829990	0.010015173	9
0 0 0 0 75 e 	1154.872750007	0.001479324	24
1 0 0 0 38 e 	1158.606766884	0.000077464	14
0 2 0 0 23 e 	1159.352121658	0.000005608	24
0 2 0 2 24 f 	1163.412899151	0.010015208	9
0 2 0 2 24 e 	1163.452174923	0.010019541	11
0 1 0 1 56 e 	1168.280808653	0.000355262	22
0 1 0 1 56 f 	1168.956725420	0.005216863	16
0 2 0 0 24 e 	1169.117162945	0.000005647	29
0 2 0 2 25 f 	1173.588109185	0.010015247	6
0 2 0 2 25 e 	1173.669557679	0.010021543	9
1 0 0 0 39 e 	1174.371893102	0.000077489	14
0 2 0 0 25 e 	1179.288902907	0.000005106	27
0 2 0 2 26 f 	1184.169479816	0.010015371	12
0 2 0 2 26 e 	1184.206835335	0.010023541	11
0 0 0 0 76 e 	1185.630703277	0.001557322	22
0 2 0 0 26 e 	1189.867317698	0.000005722	25
1 0 0 0 40 e 	1190.540684829	0.000077502	12
0 1 0 1 57 e 	1191.401565159	0.002755395	21
0 1 0 1 57 f 	1192.102004101	0.004654862	18
0 2 0 2 27 f 	1195.158434868	0.010018920	9
0 2 0 2 27 e 	1195.171342980	0.010021543	9
0 2 0 0 27 e 	1200.852386619	0.000005771	25
0 2 0 2 28 f 	1206.553549488	0.010015371	10
0 2 0 2 28 e 	1206.588808389	0.010021320	12
1 0 0 0 41 e 	1207.113116281	0.000077518	12
0 2 0 0 28 e 	1212.244085506	0.000005834	28
0 1 0 1 58 e 	1214.929138375	0.001555262	16
0 1 0 1 58 f 	1215.652291342	0.000416863	12
0 0 0 0 77 e 	1216.791319205	0.001746175	21
0 2 0 2 29 e 	1218.350307367	0.010021946	10
0 2 0 2 29 f 	1218.356575298	0.010014920	8
0 2 0 0 29 e 	1224.042389043	0.000005889	30
1 0 0 0 42 e 	1224.089130015	0.000077554	12
0 2 0 2 30 f 	1230.564371332	0.010018706	7
0 2 0 2 30 e 	1230.591870920	0.010017986	9
0 2 0 0 30 e 	1236.247273595	0.000005320	24
0 1 0 1 59 e 	1238.859194434	0.001555395	17
0 1 0 1 59 f 	1239.607271693	0.000416970	10
1 0 0 0 43 e 	1241.468686138	0.000077626	11
0 2 0 2 31 e 	1243.173107856	0.010017342	12
0 2 0 2 31 f 	1243.178962194	0.010014920	8
0 0 0 0 78 e 	1248.354515849	0.001824173	16
0 2 0 0 31 e 	1248.858711356	0.000005946	30
0 2 0 2 32 f 	1256.202233851	0.010022706	6
0 2 0 2 32 e 	1256.226978517	0.010017986	6
1 0 0 0 44 e 	1259.251745245	0.000077704	12
0 2 0 0 32 e 	1261.876676325	0.000005986	25
0 1 0 1 60 e 	1263.193585961	0.001555528	16
0 1 0 1 60 f 	1263.967006118	0.000417083	12
0 2 0 2 33 e 	1269.622403068	0.010017342	7
0 2 0 2 33 f 	1269.630205585	0.010018920	8
0 2 0 0 33 e 	1275.301140276	0.000005342	32
1 0 0 0 45 e 	1277.438252342	0.000145626	9
0 0 0 0 79 e 	1280.320211279	0.001959656	14
0 2 0 2 34 f 	1283.465430986	0.010023670	7
0 2 0 2 34 e 	1283.482461291	0.010018023	11
0 1 0 1 61 e 	1287.932249157	0.001555635	19
0 1 0 1 61 f 	1288.731430771	0.000417183	15
0 2 0 0 34 e 	1289.132075413	0.000006001	30
1 0 0 0 46 e 	1296.028158800	0.000154299	10
0 2 0 2 35 e 	1297.695675816	0.010018008	10
0 2 0 2 35 f 	1297.707222822	0.010022255	7
0 2 0 0 35 e 	1303.369450210	0.000006008	30
0 2 0 2 36 f 	1312.354849313	0.010015670	8
0 2 0 2 36 e 	1312.369141642	0.010018023	8
0 0 0 0 80 e 	1312.688326451	0.002117710	14
0 1 0 1 62 e 	1313.075120072	0.001555728	19
0 1 0 1 62 f 	1313.900480298	0.000417310	14
1 0 0 0 47 e 	1315.021423467	0.000197311	11
0 2 0 0 36 e 	1318.013235817	0.000006023	27
0 2 0 2 37 e 	1327.395205479	0.010021342	8
0 2 0 2 37 f 	1327.409915362	0.011227440	6
0 2 0 0 37 e 	1333.063399949	0.000006070	25
1 0 0 0 48 e 	1334.418011154	0.000199313	15
0 1 0 1 63 e 	1338.622132566	0.001555835	14
0 1 0 1 63 f 	1339.474090265	0.000417390	10
0 2 0 2 38 e 	1342.854407192	0.010019006	5
0 2 0 2 38 f 	1342.869849153	0.010015670	5
0 0 0 0 81 e 	1345.458774778	0.001962858	15
0 2 0 0 38 e 	1348.519911203	0.000006079	20
1 0 0 0 49 e 	1354.217802701	0.000201314	12
0 2 0 2 39 e 	1358.718550697	0.010024105	5
0 2 0 2 39 f 	1358.737615362	0.010027440	5
0 2 0 0 39 e 	1364.382735871	0.000006105	27
0 1 0 1 64 e 	1364.573819332	0.002449561	13
0 1 0 1 64 f 	1365.452202910	0.000497450	8
1 1 0 1 1 e 	1372.864329936	0.000813472	7
1 1 0 1 1 f 	1372.864716640	0.003885106	7
1 1 0 1 2 e 	1373.674517421	0.000546620	11
1 1 0 1 2 f 	1373.675813867	0.003618255	11
1 0 0 0 50 e 	1374.420828536	0.000209987	13
1 1 0 1 3 e 	1374.889771150	0.000279769	9
1 1 0 1 3 f 	1374.892437869	0.003351403	6
0 2 0 2 40 e 	1374.989822494	0.010023006	9
0 2 0 2 40 f 	1375.010352643	0.010019670	4
1 1 0 1 4 e 	1376.510103103	0.000276434	8
1 1 0 1 4 f 	1376.514597824	0.003348068	8
1 1 0 1 5 e 	1378.535510626	0.000273098	7
1 1 0 1 5 f 	1378.542288844	0.003344732	6
0 0 0 0 82 e 	1378.631479564	0.002477959	17
0 2 0 0 40 e 	1380.651840435	0.000006118	27
1 1 0 1 6 e 	1380.965987604	0.000269762	4
1 1 0 1 6 f 	1380.975507094	0.003341397	3
1 1 0 1 7 e 	1383.801640039	0.000265094	4
1 1 0 1 7 f 	1383.813749173	0.004809780	2
1 1 0 1 8 e 	1387.040103790	0.008806488	1
1 1 0 1 8 f 	1387.058650063	0.000265756	3
1 1 0 1 9 e 	1390.687750472	0.000266471	4
1 1 0 1 9 f 	1390.709294629	0.000265842	4
0 1 0 1 65 e 	1390.928913576	0.002462904	11
0 2 0 2 41 e 	1391.688166462	0.010020105	8
0 2 0 2 41 f 	1391.689297871	0.011247578	5
0 1 0 1 65 f 	1391.834706671	0.000497543	7
1 1 0 1 10 e 	1394.738427078	0.000266632	9
1 1 0 1 10 f 	1394.763340704	0.000266498	7
1 0 0 0 51 e 	1395.026998379	0.000211988	11
0 2 0 0 41 e 	1397.327189466	0.000006134	25
1 1 0 1 11 e 	1399.194129733	0.000265856	6
1 1 0 1 11 f 	1399.224069415	0.000265842	6
1 1 0 1 12 e 	1404.054846614	0.000268516	8
1 1 0 1 12 f 	1404.090269201	0.000268509	5
0 2 0 2 42 e 	1408.748599086	0.010543006	5
0 2 0 2 42 f 	1408.776232764	0.022021055	3
1 1 0 1 13 e 	1409.320563666	0.000266515	7
1 1 0 1 13 f 	1409.361924895	0.000266508	4
0 0 0 0 83 e 	1412.206350161	0.002356464	14
0 2 0 0 42 e 	1414.408734125	0.000032170	24
1 1 0 1 14 e 	1414.991295309	0.000270632	3
1 1 0 1 14 f 	1415.039299344	0.000267860	2
1 0 0 0 52 e 	1416.036254200	0.000289987	10
0 1 0 1 66 e 	1417.688652898	0.003649561	9
0 1 0 1 66 f 	1418.621589479	0.000510886	9
1 1 0 1 15 e 	1421.067073663	0.000269849	3
1 1 0 1 15 f 	1421.121796822	0.000267515	3
0 2 0 2 43 e 	1426.258966462	0.011220105	2
0 2 0 2 43 f 	1426.267002049	0.010047578	4
1 1 0 1 16 e 	1427.547494736	0.000274632	3
1 1 0 1 16 f 	1427.609847364	0.000267285	3
0 2 0 0 43 e 	1431.896476623	0.000032242	23
1 1 0 1 17 e 	1434.433145039	0.000273849	6
1 1 0 1 17 f 	1434.503142968	0.000267874	5
1 0 0 0 53 e 	1437.448554375	0.000298659	12
1 1 0 1 18 e 	1441.723710107	0.000277414	8
1 1 0 1 18 f 	1441.801749491	0.000267285	6
0 2 0 2 44 e 	1444.131699086	0.011743006	2
0 2 0 2 44 f 	1444.165461007	0.010059656	4
0 1 0 1 67 e 	1444.848300506	0.010463287	8
0 1 0 1 67 f 	1445.812716379	0.000512887	5
0 0 0 0 84 e 	1446.183305312	0.002918264	12
1 1 0 1 19 e 	1449.419054318	0.000276825	6
1 1 0 1 19 f 	1449.505814147	0.000267897	6
0 2 0 0 44 e 	1449.790349966	0.000044320	21
1 1 0 1 20 e 	1457.519294579	0.000277437	8
1 1 0 1 20 f 	1457.615195751	0.000270619	5
1 0 0 0 54 e 	1459.263816320	0.000376658	12
0 2 0 2 45 e 	1462.439258530	0.010097256	4
0 2 0 2 45 f 	1462.469362854	0.010053920	2
1 1 0 1 21 e 	1466.024415328	0.008824825	6
1 1 0 1 21 f 	1466.130006754	0.008815173	6
0 2 0 0 45 e 	1468.090310841	0.000077256	22
0 1 0 1 68 e 	1472.417976783	0.004849561	10
0 1 0 1 68 f 	1473.408194061	0.010543287	6
1 1 0 1 22 e 	1474.934385017	0.001477437	8
1 1 0 1 22 f 	1475.049960917	0.008815208	6
0 0 0 0 85 e 	1480.562234341	0.002850139	16
0 2 0 2 46 e 	1481.143526882	0.010064320	4
0 2 0 2 46 f 	1481.179759071	0.010067656	4
1 0 0 0 55 e 	1481.481508032	0.000385331	11
1 1 0 1 23 e 	1484.249193420	0.000284825	7
1 1 0 1 23 f 	1484.375181517	0.000275173	5
0 2 0 0 46 e 	1486.796317120	0.000114244	17
1 1 0 1 24 e 	1493.968673029	0.000283541	5
1 1 0 1 24 f 	1494.105644467	0.000275208	5
0 2 0 2 47 e 	1500.254879178	0.010097256	5
0 2 0 2 47 f 	1500.295460811	0.010100592	3
0 1 0 1 69 e 	1500.386291715	0.010543287	10
0 1 0 1 69 f 	1501.407764635	0.010718797	5
1 1 0 1 25 e 	1504.093032893	0.000285543	4
1 0 0 0 56 e 	1504.103194703	0.000387332	8
1 1 0 1 25 f 	1504.241362005	0.000275247	4
0 2 0 0 47 e 	1505.908386236	0.000157256	22
1 1 0 1 26 e 	1514.622107358	0.000279541	7
1 1 0 1 26 f 	1514.782376811	0.000279208	3
0 0 0 0 86 e 	1515.343062378	0.003478651	17
0 2 0 2 48 e 	1519.774913223	0.010174194	4
0 2 0 0 48 e 	1525.426391218	0.000159257	17
1 1 0 1 27 e 	1525.555838651	0.000281543	5
1 1 0 1 27 f 	1525.728341208	0.000279247	3
1 0 0 0 57 e 	1527.127074324	0.000396005	7
0 1 0 1 70 e 	1528.763199275	0.005649561	9
0 1 0 1 70 f 	1529.811346736	0.010796796	7
1 1 0 1 28 e 	1536.894182170	0.000283541	3
1 1 0 1 28 f 	1537.079681484	0.000275371	3
0 2 0 2 49 e 	1539.698905493	0.010617256	1
0 2 0 0 49 e 	1545.350341140	0.000161259	18
1 1 0 1 29 e 	1548.637276521	0.000281946	4
1 1 0 1 29 f 	1548.835933917	0.010014920	1
0 0 0 0 87 e 	1550.525701191	0.003490582	15
1 0 0 0 58 e 	1550.553797866	0.000474003	7
0 1 0 1 71 e 	1557.681892873	0.012250305	4
0 1 0 1 71 f 	1558.619090177	0.007977906	7
0 2 0 2 50 e 	1560.028633223	0.010174194	2
0 2 0 2 50 f 	1560.078664918	0.010170859	2
1 1 0 1 30 e 	1560.785030434	0.000281320	5
1 1 0 1 30 f 	1560.997200297	0.000278706	3
0 2 0 0 50 e 	1565.680202523	0.000163260	17
1 1 0 1 31 e 	1573.337301893	0.000277946	4
1 1 0 1 31 f 	1573.563618996	0.000274920	3
0 3 0 1 1 e 	1573.773609267	0.000013122	9
0 3 0 1 1 f 	1573.774435754	0.000013115	9
1 0 0 0 59 e 	1574.383091266	0.000482676	7
0 3 0 1 2 e 	1574.587833628	0.000013095	12
0 3 0 1 2 f 	1574.590310312	0.000013088	13
0 3 0 1 3 e 	1575.809167108	0.000011094	6
0 3 0 1 3 f 	1575.814121391	0.000011087	5
0 3 0 1 4 e 	1577.437607638	0.000009095	6
0 3 0 1 4 f 	1577.445864664	0.000009088	6
0 3 0 1 5 e 	1579.473150787	0.000007094	5
0 3 0 1 5 f 	1579.485535618	0.000007087	5
0 2 0 2 51 e 	1580.763709837	0.011137256	4
0 2 0 2 51 f 	1580.818073249	0.011140592	2
0 3 0 1 6 e 	1581.915791756	0.000007822	7
0 3 0 1 6 f 	1581.933131475	0.000007756	5
0 3 0 1 7 e 	1584.765524371	0.000007094	5
0 3 0 1 7 f 	1584.788643424	0.000007087	6
0 0 0 0 88 e 	1586.110059754	0.004199150	15
1 1 0 1 32 e 	1586.294147255	0.000277986	4
0 2 0 0 51 e 	1586.415903686	0.000165262	15
1 1 0 1 32 f 	1586.535009299	0.000282706	4
0 1 0 1 72 f 	1587.830423298	0.008055905	4
0 3 0 1 8 e 	1588.022341172	0.000007822	8
0 3 0 1 8 f 	1588.052066009	0.000007756	6
0 3 0 1 9 e 	1591.686235398	0.000007856	11
0 3 0 1 9 f 	1591.723390880	0.000007842	9
0 3 0 1 10 e 	1595.757197058	0.000008488	10
0 3 0 1 10 f 	1595.802609195	0.000008475	12
1 0 0 0 60 e 	1598.615011210	0.000484677	10
1 1 0 1 33 e 	1599.655480863	0.000277342	3
1 1 0 1 33 f 	1599.911423207	0.000278920	3
0 3 0 1 11 e 	1600.235216493	0.000007849	10
0 3 0 1 11 f 	1600.289711170	0.000007842	11
0 2 0 2 52 e 	1601.908590382	0.011374194	4
0 2 0 2 52 f 	1601.963564244	0.011370859	3
0 3 0 1 12 e 	1605.120282000	0.000008632	11
0 3 0 1 12 f 	1605.184684933	0.000008498	11
0 2 0 0 52 e 	1607.557380069	0.000243260	14
0 3 0 1 13 e 	1610.412383797	0.000008515	10
0 3 0 1 13 f 	1610.487519737	0.000008508	12
1 1 0 1 34 e 	1613.421263692	0.000281986	2
1 1 0 1 34 f 	1613.692664903	0.000279670	3
0 3 0 1 14 e 	1616.111506670	0.000012632	12
0 3 0 1 14 f 	1616.198202463	0.000008515	9
0 1 0 1 73 e 	1616.447792851	0.011050305	7
0 1 0 1 73 f 	1617.445593074	0.008231415	6
0 0 0 0 89 e 	1622.096048671	0.004304478	15
0 3 0 1 15 e 	1622.217637537	0.000011849	10
0 3 0 1 15 f 	1622.316717312	0.000009515	9
1 0 0 0 61 e 	1623.249481785	0.000560868	9
0 2 0 2 53 e 	1623.450182640	0.012337256	1
0 2 0 2 53 f 	1623.513773463	0.012340592	3
1 1 0 1 35 e 	1627.591478093	0.000278008	3
1 1 0 1 35 f 	1627.878824692	0.000282255	3
0 3 0 1 16 e 	1628.730761870	0.000016632	9
0 3 0 1 16 f 	1628.843051394	0.000009285	9
0 2 0 0 53 e 	1629.104634737	0.000245262	17
0 3 0 1 17 e 	1635.650863455	0.000015849	9
0 3 0 1 17 f 	1635.777187788	0.000009874	7
1 1 0 1 36 e 	1642.166078474	0.000278023	2
1 1 0 1 36 f 	1642.469896452	0.000275670	4
0 3 0 1 18 e 	1642.977925678	0.000019414	9
0 3 0 1 18 f 	1643.119109385	0.000009285	12
0 2 0 2 54 e 	1645.397719861	0.012574194	3
0 1 0 1 74 e 	1646.509385050	0.011225815	7
0 1 0 1 74 f 	1647.464885244	0.008309413	3
1 0 0 0 62 e 	1648.286443388	0.000567666	8
0 3 0 1 19 e 	1650.711928118	0.000018825	12
0 3 0 1 19 f 	1650.868798748	0.000009897	12
0 2 0 0 54 e 	1651.057585112	0.000323260	16
1 1 0 1 37 e 	1657.145097117	0.010021342	4
1 1 0 1 37 f 	1657.465692565	0.000287440	5
0 0 0 0 90 e 	1658.483570664	0.005106444	14
0 3 0 1 20 e 	1658.852857501	0.000019437	12
0 3 0 1 20 f 	1659.026236350	0.000012619	10
0 3 0 1 21 e 	1667.400686107	0.000022825	8
0 3 0 1 21 f 	1667.591403491	0.000013897	10
0 2 0 2 55 e 	1667.758367370	0.011555262	3
1 1 0 1 38 e 	1672.528418801	0.000279006	5
1 1 0 1 38 f 	1672.866312187	0.000275670	4
0 2 0 0 55 e 	1673.416211258	0.000325262	19
1 0 0 0 63 e 	1673.725831046	0.000567813	9
0 3 0 1 22 e 	1676.355402541	0.000022771	6
0 3 0 1 22 f 	1676.564276729	0.000016619	12
0 1 0 1 75 e 	1676.827600325	0.011303813	6
0 1 0 1 75 f 	1677.887762924	0.011479324	5
0 3 0 1 23 e 	1685.716976222	0.000026825	10
0 3 0 1 23 f 	1685.944836556	0.000016581	12
1 1 0 1 39 e 	1688.316015342	0.000280105	4
1 1 0 1 39 f 	1688.671642947	0.000283440	3
0 2 0 2 56 e 	1690.519812311	0.013774194	1
0 0 0 0 91 e 	1695.272532193	0.005119787	12
0 3 0 1 24 e 	1695.485391124	0.000021541	10
0 3 0 1 24 f 	1695.733058001	0.000017208	9
0 2 0 0 56 e 	1696.180592425	0.000327263	18
1 0 0 0 64 e 	1699.567577512	0.000574604	6
1 1 0 1 40 e 	1704.507966739	0.000283006	5
1 1 0 1 40 f 	1704.881667832	0.000279670	5
0 3 0 1 25 e 	1705.660618912	0.000023543	7
0 3 0 1 25 f 	1705.928919107	0.000017247	10
0 1 0 1 76 e 	1707.694644315	0.011479324	6
0 1 0 1 76 f 	1708.714076277	0.008562922	4
2 0 0 0 0 e 	1710.976308616	0.000253809	5
2 0 0 0 1 e 	1711.379579181	0.000253509	12
2 0 0 0 2 e 	1712.186119184	0.000253575	10
2 0 0 0 3 e 	1713.395924191	0.000253642	6
0 2 0 2 57 e 	1713.686866986	0.010355262	2
2 0 0 0 4 e 	1715.008995751	0.000253669	6
0 3 0 1 26 e 	1716.242637319	0.000021541	10
0 3 0 1 26 f 	1716.532393523	0.000017371	9
2 0 0 0 5 e 	1717.025325678	0.000247131	4
0 2 0 0 57 e 	1719.350393940	0.000329264	15
2 0 0 0 6 e 	1719.444909319	0.000247465	6
1 1 0 1 41 e 	1721.103872678	0.000304242	6
1 1 0 1 41 f 	1721.496317536	0.000307578	5
2 0 0 0 7 e 	1722.267702058	0.000242128	7
2 0 0 0 8 e 	1725.493790881	0.000242164	6
1 0 0 0 65 e 	1725.811602804	0.000574698	7
0 3 0 1 27 e 	1727.231419032	0.000023543	10
0 3 0 1 27 f 	1727.543455720	0.000020920	8
2 0 0 0 9 e 	1729.123117070	0.000235510	6
0 0 0 0 92 e 	1732.462964012	0.006253905	8
2 0 0 0 10 e 	1733.155607067	0.000235521	7
0 2 0 2 58 e 	1737.258410164	0.011555668	3
0 2 0 2 58 f 	1737.346874346	0.010416996	3
2 0 0 0 11 e 	1737.591369959	0.000228862	6
1 1 0 1 42 e 	1738.104180606	0.000316320	7
1 1 0 1 42 f 	1738.515762306	0.010539670	4
0 3 0 1 28 e 	1738.626939895	0.000023320	12
0 1 0 1 77 e 	1738.674615277	0.008567322	3
0 3 0 1 28 f 	1738.962078260	0.000017371	12
2 0 0 0 12 e 	1742.430295002	0.000222200	6
0 2 0 0 58 e 	1742.925850140	0.000407263	12
2 0 0 0 13 e 	1747.672407331	0.000215536	8
0 3 0 1 29 e 	1750.429166586	0.000019946	10
0 3 0 1 29 f 	1750.788233213	0.000016920	8
1 0 0 0 66 e 	1752.457861250	0.000588040	7
2 0 0 0 14 e 	1753.317679313	0.000216870	8
1 1 0 1 43 e 	1755.508442390	0.000304242	8
1 1 0 1 43 f 	1755.939539970	0.000307578	6
2 0 0 0 15 e 	1759.366077714	0.000210210	7
0 2 0 2 59 e 	1761.235205591	0.011555475	3
0 2 0 2 59 f 	1761.330103431	0.010416863	4
0 3 0 1 30 e 	1762.638079529	0.000019320	10
0 3 0 1 30 f 	1763.021892482	0.000020706	10
2 0 0 0 16 e 	1765.817725541	0.000203552	7
0 2 0 0 59 e 	1766.906638238	0.000407456	14
0 0 0 0 93 e 	1770.054523335	0.006267247	10
0 1 0 1 78 e 	1770.275160205	0.008758175	3
2 0 0 0 17 e 	1772.672412241	0.000196894	5
1 1 0 1 44 e 	1773.316801983	0.000316320	5
1 1 0 1 44 f 	1773.767884477	0.000319656	5
0 3 0 1 31 e 	1775.253638548	0.000019342	11
0 3 0 1 31 f 	1775.663023503	0.000016920	10
1 0 0 0 67 e 	1779.506277600	0.000590042	4
2 0 0 0 18 e 	1779.930280050	0.000190233	7
0 2 0 2 60 e 	1785.616883872	0.011555395	3
0 2 0 2 60 f 	1785.718547139	0.010416970	3
2 0 0 0 19 e 	1787.591173409	0.000190286	8
0 3 0 1 32 e 	1788.275823816	0.000019986	11
0 3 0 1 32 f 	1788.711598973	0.000024706	9
0 2 0 0 60 e 	1791.292839980	0.000407583	14
1 1 0 1 45 e 	1791.529042512	0.000317256	4
1 1 0 1 45 f 	1792.000660136	0.000313920	5
2 0 0 0 20 e 	1795.655120426	0.000183642	5
0 3 0 1 33 e 	1801.704592486	0.000019342	9
0 3 0 1 33 f 	1802.167582576	0.000020920	8
2 0 0 0 21 e 	1804.122157628	0.000176992	9
1 0 0 0 68 e 	1806.956771493	0.000592043	7
0 0 0 0 94 e 	1808.047248226	0.006487399	9
1 1 0 1 46 e 	1810.145355267	0.000324320	6
0 2 0 2 61 e 	1810.403369608	0.011555482	3
0 2 0 2 61 f 	1810.512140839	0.010417076	4
1 1 0 1 46 f 	1810.637789893	0.000327656	5
2 0 0 0 22 e 	1812.992170816	0.000177026	8
0 3 0 1 34 e 	1815.539925562	0.000020023	8
0 3 0 1 34 f 	1816.030946389	0.000021670	7
0 2 0 0 61 e 	1816.084401047	0.000407730	12
2 0 0 0 23 e 	1822.265176285	0.000170390	8
1 1 0 1 47 e 	1829.165731873	0.000357256	7
1 1 0 1 47 f 	1829.679365569	0.000360592	5
0 3 0 1 35 e 	1829.781773706	0.000020008	10
0 3 0 1 35 f 	1830.301649693	0.000024255	8
2 0 0 0 24 e 	1831.941143707	0.000170429	9
1 0 0 0 69 e 	1834.809272212	0.000670042	5
0 2 0 2 62 e 	1835.594586173	0.011555602	3
0 2 0 2 62 f 	1835.710818682	0.010417183	4
0 2 0 0 62 e 	1841.281267209	0.000407850	11
2 0 0 0 25 e 	1842.020110355	0.000163811	9
0 3 0 1 36 e 	1844.430119776	0.000020023	9
0 3 0 1 36 f 	1844.979665955	0.000017670	6
0 0 0 0 95 e 	1846.441123722	0.007855012	5
1 1 0 1 48 e 	1848.589823615	0.000430192	6
1 1 0 1 48 f 	1849.125396660	0.000426856	3
2 0 0 0 26 e 	1852.501945662	0.000163833	7
0 3 0 1 37 e 	1859.484911315	0.000023342	9
0 3 0 1 37 f 	1860.064948609	0.000026678	6
0 2 0 2 63 e 	1861.190456953	0.011555728	4
0 2 0 2 63 f 	1861.317849327	0.010417283	2
1 0 0 0 70 e 	1863.063709221	0.000845552	3
2 0 0 0 27 e 	1863.386676603	0.000163882	8
0 2 0 0 63 e 	1866.883383061	0.000407943	9
1 1 0 1 49 e 	1868.417889131	0.000877256	5
1 1 0 1 49 f 	1868.975452370	0.000880592	3
2 0 0 0 28 e 	1874.674440349	0.000164025	9
0 3 0 1 38 e 	1874.946126436	0.000021006	8
0 3 0 1 38 f 	1875.557472281	0.000017670	7
2 0 0 0 29 e 	1886.364714596	0.000163999	8
0 2 0 2 64 e 	1887.192327562	0.011555835	2
0 2 0 2 64 f 	1887.326055265	0.010417390	3
1 2 0 2 2 f 	1888.490079290	0.013863701	2
1 2 0 2 2 e 	1888.490082924	0.013863708	2
1 1 0 1 50 e 	1888.649402525	0.000434194	4
1 1 0 1 50 f 	1889.229829395	0.000430859	3
1 2 0 2 3 f 	1889.708368111	0.013596850	3
1 2 0 2 3 e 	1889.708371745	0.013596857	4
0 3 0 1 39 e 	1890.813716319	0.000022105	10
1 2 0 2 4 f 	1891.332738661	0.013590179	5
1 2 0 2 4 e 	1891.332742295	0.013590185	4
0 3 0 1 39 f 	1891.457186955	0.000025440	8
1 0 0 0 71 e 	1891.719995628	0.000923550	4
1 2 0 0 0 e 	1892.230535743	0.000801221	2
1 2 0 0 1 e 	1892.636442472	0.000800921	5
0 2 0 0 64 e 	1892.890716925	0.000487850	9
1 2 0 2 5 f 	1893.363198417	0.013596850	3
1 2 0 2 5 e 	1893.363202312	0.013596857	3
1 2 0 0 2 e 	1893.448254086	0.000534069	6
1 2 0 0 3 e 	1894.666024333	0.000267218	4
1 2 0 2 6 f 	1895.799738065	0.013603521	1
1 2 0 2 6 e 	1895.799741959	0.013603528	1
1 2 0 0 4 e 	1896.289642696	0.000273889	4
1 2 0 0 5 e 	1898.319159983	0.000280561	5
2 0 0 0 30 e 	1898.457929751	0.000164025	8
1 2 0 0 6 e 	1900.754570183	0.000287232	3
1 2 0 0 7 e 	1903.589459774	0.200002015	1
1 2 0 0 8 e 	1906.842754560	0.200002026	1
0 3 0 1 40 e 	1907.087654755	0.000025006	7
0 3 0 1 40 f 	1907.764064735	0.000021670	5
1 1 0 1 51 e 	1909.284873928	0.001397256	4
1 1 0 1 51 f 	1909.888148074	0.020340592	1
1 2 0 0 9 e 	1910.495886117	0.000669400	5
2 0 0 0 31 e 	1910.953911012	0.000170728	8
0 2 0 2 65 e 	1913.596056953	0.012755728	2
0 2 0 2 65 f 	1913.739468027	0.010497450	3
1 2 0 0 10 e 	1914.554810337	0.000676071	6
1 2 0 0 11 e 	1919.019593539	0.000682742	6
0 2 0 0 65 e 	1919.303145794	0.000487943	10
1 0 0 0 72 e 	1920.778082408	0.001099060	3
0 3 0 1 41 e 	1923.767888118	0.000022105	7
2 0 0 0 32 e 	1923.852612148	0.000170768	8
1 2 0 0 12 e 	1923.890227712	0.000689414	5
0 3 0 1 41 f 	1924.478055739	0.000025440	5
1 2 0 0 13 e 	1929.118297795	0.200002055	2
1 1 0 1 52 e 	1930.323303994	0.001634194	3
1 1 0 1 52 f 	1930.950837858	0.001714862	3
1 2 0 0 14 e 	1934.848651959	0.002006785	3
2 0 0 0 33 e 	1937.154052405	0.000170790	6
0 2 0 2 66 e 	1940.405413211	0.012769071	1
0 2 0 2 66 f 	1940.557804865	0.010510793	1
0 3 0 1 42 e 	1940.854212653	0.001656320	4
1 2 0 0 15 e 	1940.937275797	0.000005995	5
0 3 0 1 42 f 	1941.598987888	0.001659656	4
0 2 0 0 66 e 	1946.120674342	0.000501286	8
1 2 0 0 16 e 	1947.431824710	0.002006209	3
1 0 0 0 73 e 	1950.237865836	0.001177059	2
2 0 0 0 34 e 	1950.858149924	0.000177455	8
1 1 0 1 53 e 	1951.766516672	0.017555262	2
1 1 0 1 53 f 	1952.417291118	0.021540592	1
1 2 0 0 17 e 	1954.267821559	0.200003427	1
0 3 0 1 43 e 	1958.347047455	0.001644242	4
0 3 0 1 43 f 	1959.127244967	0.001647578	4
1 2 0 0 18 e 	1961.636382610	0.001357316	3
2 0 0 0 35 e 	1964.964828623	0.000177523	7
1 2 0 0 19 e 	1969.347622465	0.001355315	5
0 2 0 0 67 e 	1973.343183379	0.000503287	9
1 1 0 1 54 e 	1973.611571774	0.013774194	3
1 1 0 1 54 f 	1974.288075533	0.011454862	3
0 3 0 1 44 e 	1976.246039446	0.001656320	5
0 3 0 1 44 f 	1977.062271658	0.001659656	3
1 2 0 0 20 e 	1977.464605657	0.002006875	6
2 0 0 0 36 e 	1979.474106697	0.000184148	7
1 0 0 0 74 e 	1980.099279623	0.001352569	2
1 2 0 0 21 e 	1985.988211879	0.002084957	3
2 0 0 0 37 e 	1994.385916369	0.000184229	6
0 3 0 1 45 e 	1994.550900855	0.001657256	3
1 2 0 0 22 e 	1994.917464036	0.002084979	3
0 3 0 1 45 f 	1995.404438478	0.001653920	2
1 1 0 1 55 e 	1995.861837179	0.016355262	2
1 1 0 1 55 f 	1996.562498269	0.021216863	2
0 2 0 0 68 e 	2000.970738116	0.000758797	5
1 2 0 0 23 e 	2004.250083002	0.000604257	2
2 0 0 0 38 e 	2009.700266307	0.000190875	8
1 0 0 0 75 e 	2010.362242619	0.001430568	2
0 3 0 1 46 e 	2013.262219107	0.001664320	4
1 2 0 0 24 e 	2013.986539837	0.200003722	1
0 3 0 1 46 f 	2014.153301707	0.001766856	1
1 1 0 1 56 e 	2018.515067658	0.000621060	5
1 1 0 1 56 f 	2019.241382174	0.017454862	2
1 2 0 0 25 e 	2024.133801832	0.002007106	3
2 0 0 0 39 e 	2025.417064404	0.000190929	7
0 2 0 0 69 e 	2029.003055005	0.002143287	4
0 3 0 1 47 e 	2032.379466156	0.002217256	2
0 3 0 1 47 f 	2033.309112795	0.001700592	3
1 2 0 0 26 e 	2034.686618680	0.002085141	3
1 0 0 0 76 e 	2041.026678962	0.001612749	4
2 0 0 0 40 e 	2041.536342248	0.000197637	11
1 1 0 1 57 e 	2041.572338514	0.016355262	2
1 1 0 1 57 f 	2042.323598381	0.016416863	2
1 2 0 0 27 e 	2045.642781426	0.000404399	4
0 3 0 1 48 e 	2051.902493014	0.001770192	5
0 3 0 1 48 f 	2052.871564262	0.001766856	3
1 2 0 0 28 e 	2057.011194722	0.200003834	2
0 2 0 0 70 e 	2057.440327377	0.002318797	6
2 0 0 0 41 e 	2058.057878769	0.000197601	7
0 0 1 0 0 e 	2062.200896234	0.000608117	2
0 0 1 0 1 e 	2062.604179111	0.000607816	6
0 0 1 0 2 e 	2063.410743731	0.000607750	7
0 0 1 0 3 e 	2064.620582294	0.000340899	5
1 1 0 1 58 e 	2065.031229198	0.001821060	4
1 1 0 1 58 f 	2065.809285746	0.002287110	3
0 0 1 0 4 e 	2066.233704762	0.000338230	7
0 0 1 0 5 e 	2068.250098308	0.000336896	8
1 2 0 0 29 e 	2068.768192380	0.100003946	3
0 0 1 0 6 e 	2070.669759001	0.000335561	8
0 3 0 1 49 e 	2071.831539557	0.002737256	5
1 0 0 0 77 e 	2072.092503370	0.001690748	3
0 3 0 1 49 f 	2072.841061961	0.002220592	5
0 0 1 0 7 e 	2073.492679900	0.007129961	5
2 0 0 0 42 e 	2074.981793956	0.000197787	7
1 2 0 2 30 e 	2075.735417856	0.010377342	1
1 2 0 2 30 f 	2075.742022194	0.010374920	1
0 0 1 0 8 e 	2076.718855565	0.007129997	4
0 0 1 0 9 e 	2080.348643816	0.007130038	3
1 2 0 0 30 e 	2080.938365385	0.100003986	2
0 0 1 0 10 e 	2084.381302870	0.007130026	6
0 2 0 0 71 e 	2086.282356722	0.002396796	3
0 0 1 0 11 e 	2088.817185710	0.007130038	6
1 1 0 1 59 e 	2088.894120602	0.001821241	3
1 1 0 1 59 f 	2089.698849342	0.002286883	2
0 3 0 1 50 e 	2092.166597484	0.001774194	4
2 0 0 0 43 e 	2092.308048517	0.000204381	5
0 3 0 1 50 f 	2093.217145050	0.001770859	4
1 2 0 0 31 e 	2093.527458748	0.100003993	3
0 0 1 0 12 e 	2093.656278393	0.007130048	6
0 0 1 0 13 e 	2098.898576016	0.007130055	4
0 4 0 2 2 e 	2101.072377297	0.013680372	3
0 4 0 2 2 f 	2101.072379745	0.013680366	3
0 4 0 2 3 e 	2102.296683282	0.013413521	5
0 4 0 2 3 f 	2102.296685730	0.013413514	5
1 0 0 0 78 e 	2103.559651193	0.001819559	3
0 4 0 2 4 e 	2103.930586448	0.013416857	4
0 4 0 2 4 f 	2103.930588896	0.013416850	4
0 0 1 0 14 e 	2104.544022829	0.007131389	2
0 4 0 0 0 e 	2104.827662086	0.000200205	4
0 4 0 0 1 e 	2105.235598098	0.000200505	4
0 4 0 2 5 e 	2105.971073574	0.013419525	6
0 4 0 2 5 f 	2105.971091188	0.013419518	6
0 4 0 0 2 e 	2106.051549224	0.001601628	4
1 2 0 0 32 e 	2106.509377099	0.000284140	3
0 4 0 0 3 e 	2107.274291515	0.003202160	2
0 4 0 2 6 e 	2108.419644746	0.013422194	1
0 4 0 2 6 f 	2108.422683583	0.013422187	1
0 4 0 0 4 e 	2108.906031495	0.003202294	4
2 0 0 0 44 e 	2110.036511361	0.000204459	6
0 0 1 0 15 e 	2110.592730868	0.007131400	1
0 4 0 0 5 e 	2110.946482239	0.001602627	5
0 4 0 2 7 e 	2111.277099936	0.014806850	1
0 4 0 2 7 f 	2111.277112668	0.014806843	1
0 3 0 1 51 e 	2112.907597599	0.002737256	6
1 1 0 1 60 e 	2113.160175740	0.001821374	3
0 4 0 0 6 e 	2113.394578347	0.001603296	3
1 1 0 1 60 f 	2113.992019159	0.002286730	2
0 3 0 1 51 f 	2114.000032533	0.002740592	4
0 4 0 2 8 f 	2114.506412561	0.011605842	4
0 4 0 2 8 e 	2114.508311842	0.011605849	4
0 2 0 0 72 e 	2115.528986901	0.002825815	3
0 4 0 0 7 e 	2116.249826454	0.000182627	4
0 0 1 0 16 e 	2117.044482368	0.007131414	2
0 4 0 2 9 f 	2118.179229276	0.011605829	6
0 4 0 2 9 e 	2118.181060846	0.011605822	6
0 4 0 0 8 e 	2119.513275624	0.000183296	5
1 2 0 0 33 e 	2119.924674670	0.200003993	2
0 4 0 2 10 f 	2122.260104123	0.011605842	6
0 4 0 2 10 e 	2122.261843131	0.011605849	6
0 4 0 0 9 e 	2123.184642001	0.000183997	8
0 0 1 0 17 e 	2123.899404594	0.007131427	2
0 4 0 2 11 e 	2126.750643987	0.011606481	6
0 4 0 2 11 f 	2126.753365163	0.011606475	6
0 4 0 0 10 e 	2127.263923465	0.000184015	10
2 0 0 0 45 e 	2128.167174427	0.000279052	5
0 0 1 0 18 e 	2131.157487656	0.007131437	1
0 4 0 2 12 e 	2131.647447729	0.011605849	6
0 4 0 2 12 f 	2131.650325622	0.011605842	6
0 4 0 0 11 e 	2131.751115115	0.000183382	8
1 2 0 0 34 e 	2133.694079926	0.000404512	3
0 3 0 1 52 e 	2134.054331112	0.002974194	5
0 3 0 1 52 f 	2135.189194613	0.003054862	3
1 0 0 0 79 e 	2135.427999554	0.001970942	3
0 4 0 0 12 e 	2136.646208697	0.000184038	8
0 4 0 2 13 e 	2136.948577709	0.011606505	4
0 4 0 2 13 f 	2136.948834649	0.011606498	4
1 1 0 1 61 e 	2137.829329616	0.001821547	2
1 1 0 1 61 f 	2138.688729905	0.002286596	2
0 0 1 0 19 e 	2138.818655431	0.007131490	2
0 4 0 0 13 e 	2141.949204712	0.000184048	7
0 4 0 2 14 e 	2142.661254243	0.011606515	4
0 4 0 2 14 f 	2142.661595460	0.011606521	4
0 2 0 0 73 e 	2145.180346772	0.002650305	3
2 0 0 0 46 e 	2146.699975880	0.000281053	5
0 0 1 0 20 e 	2146.882885483	0.007131517	2
0 4 0 0 14 e 	2147.660085993	0.000184055	8
1 2 0 0 35 e 	2147.907597408	0.200004008	2
0 4 0 2 15 e 	2148.778479971	0.011607291	4
0 4 0 2 15 f 	2148.778924771	0.011607285	4
0 4 0 0 15 e 	2153.778856738	0.000185055	7
0 4 0 2 16 e 	2155.304572635	0.013207880	3
0 4 0 2 16 f 	2155.308768758	0.011608523	3
0 0 1 0 21 e 	2155.350234514	0.007131539	2
0 3 0 1 53 e 	2155.606989808	0.003937256	5
0 3 0 1 53 f 	2156.784967689	0.005940592	3
0 4 0 0 16 e 	2160.305499897	0.000185400	4
0 4 0 2 17 e 	2162.235001142	0.013207291	2
0 4 0 2 17 f 	2162.235885380	0.013207285	2
1 2 0 0 36 e 	2162.500538985	0.002007393	3
1 1 0 1 62 e 	2162.901515791	0.001821974	2
1 1 0 1 62 f 	2163.788913459	0.002285682	2
0 0 1 0 22 e 	2164.220535647	0.007131573	2
2 0 0 0 47 e 	2165.634912210	0.000128164	7
0 4 0 0 17 e 	2167.240024691	0.000185414	5
1 0 0 0 80 e 	2167.697501575	0.002119767	2
0 4 0 2 18 e 	2169.579670235	0.013207880	3
0 4 0 2 18 f 	2169.580855889	0.011607874	3
0 0 1 0 23 e 	2173.493876315	0.007131608	3
0 4 0 0 18 e 	2174.582415030	0.000184825	5
0 2 0 0 74 e 	2175.236093606	0.004425815	1
0 4 0 2 19 e 	2177.331776058	0.013207291	3
0 4 0 2 19 f 	2177.332418087	0.011607285	3
1 2 0 0 37 e 	2177.512188882	0.002007408	4
0 3 0 1 54 e 	2177.564975478	0.004174194	4
0 3 0 1 54 f 	2178.787476617	0.001854862	3
0 4 0 0 19 e 	2182.332655640	0.000185437	6
0 0 1 0 24 e 	2183.170235151	0.007131647	3
2 0 0 0 48 e 	2184.971818707	0.000326067	6
0 4 0 2 20 e 	2185.398105228	0.013207904	4
0 4 0 2 20 f 	2185.474800944	0.011607897	4
1 1 0 1 63 e 	2188.376667598	0.001822075	2
1 1 0 1 63 f 	2189.292503793	0.002285556	3
0 4 0 0 20 e 	2190.491010247	0.001605539	5
1 2 0 0 38 e 	2192.928194647	0.002007455	2
0 0 1 0 25 e 	2193.249546086	0.007131701	1
0 4 0 2 21 e 	2194.060121546	0.013210626	2
0 4 0 2 21 f 	2194.061586902	0.011610619	2
0 4 0 0 21 e 	2199.056619558	0.001605517	6
0 3 0 1 55 e 	2199.928533590	0.004755262	4
1 0 0 0 81 e 	2200.368064145	0.002297834	2
0 3 0 1 55 f 	2201.196384560	0.006816863	2
0 4 0 2 22 e 	2202.845633878	0.011624825	4
0 4 0 2 22 f 	2202.953245940	0.011611897	4
0 0 1 0 26 e 	2203.731822016	0.007131722	2
2 0 0 0 49 e 	2204.710749616	0.000328068	5
0 2 0 0 75 e 	2205.696539573	0.002903813	3
0 4 0 0 22 e 	2208.030401539	0.001605539	4
1 2 0 0 39 e 	2208.750357885	0.000404644	3
0 4 0 2 23 f 	2212.148236767	0.011614619	3
0 4 0 2 23 e 	2212.194411905	0.011619541	3
1 1 0 1 64 e 	2214.255945470	0.002356389	3
0 0 1 0 27 e 	2214.617008914	0.007131771	2
1 1 0 1 64 f 	2215.199431388	0.002285349	3
0 4 0 0 23 e 	2217.411935942	0.001605573	6
2 1 0 1 1 e 	2218.432538367	0.008077946	2
2 1 0 1 1 f 	2218.434032883	0.008077940	2
2 1 0 1 2 e 	2219.240415262	0.007811095	5
2 1 0 1 2 f 	2219.242881784	0.007811088	5
2 1 0 1 3 e 	2220.453685986	0.007811122	2
2 1 0 1 3 f 	2220.454696797	0.007811115	2
0 4 0 2 24 e 	2222.017513263	0.011621543	3
2 1 0 1 4 e 	2222.068391720	0.007809762	2
2 1 0 1 4 f 	2222.073257408	0.007809756	2
0 4 0 2 24 f 	2222.119809990	0.011615173	1
0 3 0 1 56 e 	2222.698133955	0.004355395	5
0 3 0 1 56 f 	2224.011702174	0.003054862	2
2 1 0 1 5 e 	2224.088060541	0.007813765	1
2 1 0 1 5 f 	2224.095374322	0.007813758	1
2 0 0 0 50 e 	2224.851632544	0.000330070	5
1 2 0 0 40 e 	2224.977713977	0.200004118	2
0 0 1 0 28 e 	2225.905034722	0.007131834	2
2 1 0 1 6 e 	2226.512041956	0.007805822	2
2 1 0 1 6 f 	2226.522266006	0.007805756	2
0 4 0 0 24 e 	2227.201185883	0.001605106	5
2 1 0 1 7 e 	2229.339731371	0.007805094	2
2 1 0 1 7 f 	2229.353375929	0.007805087	2
0 2 0 2 76 e 	2230.723660007	0.001679324	1
0 4 0 2 25 f 	2232.140744779	0.011615208	4
0 4 0 2 25 e 	2232.172837589	0.011619541	4
1 0 0 0 82 e 	2233.439599457	0.002156325	4
2 1 0 1 9 e 	2236.206604331	0.007805856	1
2 1 0 1 9 f 	2236.228543930	0.007805842	1
0 4 0 0 25 e 	2237.398497041	0.001605647	6
0 0 1 0 29 e 	2237.596050264	0.007131889	2
2 1 0 1 10 e 	2240.244729055	0.007806488	2
2 1 0 1 10 f 	2240.271630758	0.007806475	2
1 1 0 1 65 e 	2240.535949351	0.001115305	2
1 1 0 1 65 f 	2241.509498521	0.001831706	1
1 2 0 0 41 e 	2241.612475612	0.200004134	2
0 4 0 2 26 f 	2242.747909897	0.011615247	4
0 4 0 2 26 e 	2242.755629030	0.011621543	3
2 1 0 1 11 e 	2244.687474408	0.000406792	2
2 1 0 1 11 f 	2244.720571071	0.000406785	2
2 0 0 0 51 e 	2245.394387199	0.000338743	7
0 3 0 1 57 e 	2245.874148514	0.001955262	3
0 3 0 1 57 f 	2247.233346158	0.002016863	2
0 4 0 0 26 e 	2248.003442429	0.001605106	6
2 1 0 1 12 e 	2249.535653616	0.007810632	1
2 1 0 1 12 f 	2249.573768301	0.007806515	1
0 0 1 0 30 e 	2249.689755385	0.007131986	1
0 4 0 2 27 f 	2253.763142187	0.011615371	4
0 4 0 2 27 e 	2253.790824956	0.013221320	3
2 1 0 1 13 e 	2254.786059579	0.007806515	2
2 1 0 1 13 f 	2254.830536105	0.007806508	2
1 2 0 0 42 e 	2258.655537822	0.200004320	1
0 4 0 0 27 e 	2259.016114051	0.001605834	5
2 1 0 1 14 e 	2260.440325682	0.007810632	2
2 1 0 1 14 f 	2260.490492467	0.007806515	2
0 0 1 0 31 e 	2262.185915580	0.000009005	3
0 4 0 2 28 e 	2265.171988219	0.011621946	3
0 4 0 2 28 f 	2265.186879303	0.011614920	4
2 0 0 0 52 e 	2266.338972766	0.000416741	5
2 1 0 1 15 e 	2266.498488039	0.007809849	2
2 1 0 1 15 f 	2266.557018312	0.007807515	2
1 0 0 0 83 e 	2266.912024439	0.002698111	2
1 1 0 1 66 e 	2267.221232162	0.003556389	2
0 2 0 0 77 e 	2267.830703277	0.003157322	1
1 1 0 1 66 f 	2268.223021426	0.001831800	2
0 3 0 1 58 e 	2269.455374813	0.003155395	4
0 4 0 0 28 e 	2270.436576621	0.001605771	6
0 3 0 1 58 f 	2270.861152696	0.002017183	3
2 1 0 1 16 e 	2272.961480623	0.001018106	3
2 1 0 1 16 f 	2273.026454569	0.001007977	3
0 0 1 0 32 e 	2275.085202392	0.000005669	4
1 2 0 0 43 e 	2276.090318039	0.002033554	2
0 4 0 2 29 f 	2277.017227116	0.011615371	5
0 4 0 2 29 e 	2277.039597086	0.011617986	4
2 1 0 1 17 e 	2279.826807395	0.000280700	3
2 1 0 1 17 f 	2279.901791762	0.000341438	3
0 4 0 0 29 e 	2282.264941322	0.001605320	5
2 1 0 1 18 e 	2287.099837181	0.007817414	2
2 1 0 1 18 f 	2287.183401896	0.007807285	2
2 0 0 0 53 e 	2287.685326906	0.000498743	6
0 0 1 0 33 e 	2288.387186195	0.000671136	3
0 4 0 2 30 e 	2289.236182213	0.011617342	3
0 4 0 2 30 f 	2289.254736858	0.011614920	2
0 3 0 1 59 e 	2293.441318953	0.003155262	5
1 2 0 0 44 e 	2293.937401061	0.000471544	2
1 1 0 1 67 e 	2294.308437643	0.005984510	1
0 4 0 0 30 e 	2294.500763014	0.001605889	8
2 1 0 1 19 e 	2294.770073414	0.007816825	1
2 1 0 1 19 f 	2294.863226825	0.007807897	1
0 3 0 1 59 f 	2294.895225075	0.002016863	4
1 1 0 1 67 f 	2295.339536914	0.001845142	2
0 2 0 0 78 e 	2299.504449205	0.004946175	1
1 0 0 0 84 e 	2300.785239189	0.002603301	3
0 4 0 2 31 f 	2301.902453851	0.011622706	1
0 4 0 2 31 e 	2301.912936439	0.011617986	2
0 0 1 0 34 e 	2302.091913793	0.000006358	3
2 1 0 1 20 e 	2302.847411369	0.007617437	1
2 1 0 1 20 f 	2302.949522635	0.007810619	1
0 4 0 0 31 e 	2307.144410871	0.001605986	4
2 0 0 0 54 e 	2309.433389981	0.000496741	5
2 1 0 1 21 e 	2311.328750829	0.007620825	1
1 2 0 0 45 e 	2312.190603925	0.002079089	3
0 4 0 2 32 e 	2314.930597856	0.011617342	1
0 4 0 2 32 f 	2314.955885585	0.011618920	1
0 0 1 0 35 e 	2316.199613029	0.007132008	1
0 3 0 1 60 e 	2317.832649147	0.003155395	4
0 3 0 1 60 f 	2319.335457164	0.002016970	4
0 4 0 0 32 e 	2320.195953910	0.001605342	5
2 1 0 1 22 e 	2320.213582418	0.007620771	1
2 1 0 1 22 f 	2320.337885071	0.007614619	1
1 1 0 1 68 e 	2321.794210867	0.011263841	1
0 4 0 2 33 f 	2328.417793377	0.011622706	3
0 4 0 2 33 e 	2328.418570506	0.011617986	3
2 1 0 1 23 e 	2329.502353057	0.007625543	1
2 1 0 1 23 f 	2329.637119286	0.007615247	1
0 0 1 0 36 e 	2330.709621408	0.007132023	2
1 2 0 0 46 e 	2330.825133038	0.200074244	2
2 0 0 0 55 e 	2331.583115555	0.000498743	5
0 4 0 0 33 e 	2333.654840024	0.001606001	5
1 0 0 0 85 e 	2335.059161498	0.003198458	3
2 1 0 1 24 e 	2339.193408652	0.000353105	1
2 1 0 1 24 f 	2339.339900650	0.000352772	1
0 4 0 2 34 e 	2342.254137265	0.011617342	4
0 4 0 2 34 f 	2342.286129160	0.011618920	5
0 3 0 1 61 e 	2342.629308272	0.003155528	4
0 3 0 1 61 f 	2344.181787704	0.002017083	4
1 2 0 2 47 e 	2344.741183223	0.011134194	1
0 0 1 0 37 e 	2345.622109171	0.007132070	2
0 4 0 0 34 e 	2347.521577359	0.001605342	6
2 1 0 1 25 f 	2349.449619286	0.007615247	1
1 1 0 1 69 e 	2349.688678503	0.006183818	1
1 2 0 0 47 e 	2349.910555988	0.000354437	4
1 1 0 1 69 f 	2350.781900373	0.011343841	1
2 0 0 0 56 e 	2354.134562199	0.000500744	4
0 4 0 2 35 e 	2356.553050507	0.011618023	3
0 4 0 2 35 f 	2356.563009179	0.011615670	3
2 1 0 1 26 e 	2359.772242323	0.007619541	2
2 1 0 1 26 f 	2359.958964028	0.007615371	2
0 0 1 0 38 e 	2360.937237077	0.007132079	2
0 4 0 0 35 e 	2361.796097091	0.001606001	4
0 3 0 1 62 e 	2367.831238452	0.003155635	3
1 2 0 0 48 e 	2369.378491689	0.001504681	3
0 3 0 1 62 f 	2369.434155184	0.002017183	3
1 0 0 0 86 e 	2369.733690244	0.003170360	2
2 1 0 1 27 e 	2370.690786036	0.007621543	2
2 1 0 1 27 f 	2370.875333307	0.000419524	3
0 4 0 2 36 e 	2371.205035816	0.011618008	1
0 4 0 2 36 f 	2371.246902822	0.011622255	1
0 4 0 0 36 e 	2376.478066509	0.001606008	4
0 0 1 0 39 e 	2376.654765578	0.007132105	2
2 0 0 0 57 e 	2377.087418524	0.000502745	3
1 1 0 1 70 e 	2377.980684033	0.012010969	1
1 1 0 1 70 f 	2379.106562514	0.011519351	1
2 1 0 1 28 e 	2381.996783989	0.000557244	3
2 1 0 1 28 f 	2382.196205724	0.007618706	1
1 2 0 0 49 e 	2389.251461032	0.100125262	3
0 4 0 0 37 e 	2391.567826406	0.001606023	3
0 0 1 0 40 e 	2392.774871105	0.007132118	3
0 3 0 1 63 e 	2393.438381047	0.003155795	2
2 1 0 1 29 e 	2393.708526599	0.007617946	2
2 1 0 1 29 f 	2393.920790713	0.007814920	2
0 3 0 1 63 f 	2395.092496599	0.002017310	3
2 0 0 0 58 e 	2400.441882257	0.000580744	4
0 4 0 2 38 e 	2401.785295479	0.011621342	1
0 4 0 2 38 f 	2401.837725362	0.012827440	1
1 0 0 0 87 e 	2404.808745815	0.003838901	2
2 1 0 1 30 e 	2405.819804734	0.007621320	1
2 1 0 1 30 f 	2406.048205724	0.007818706	1
0 4 0 0 38 e 	2407.065041544	0.001606070	3
0 0 1 0 41 e 	2409.297343461	0.007132134	3
1 2 0 0 50 e 	2409.525689352	0.100203260	3
1 3 0 1 1 e 	2412.528459348	0.057011122	3
1 3 0 1 1 f 	2412.529410589	0.057011115	3
1 3 0 1 2 e 	2413.340627874	0.057015095	6
1 3 0 1 2 f 	2413.343313648	0.057015088	6
1 3 0 1 3 e 	2414.558877531	0.057016434	6
1 3 0 1 3 f 	2414.564166485	0.057016427	6
1 3 0 1 4 e 	2416.183193878	0.057009762	5
1 3 0 1 4 f 	2416.191972746	0.057009756	6
0 4 0 2 39 e 	2417.686602985	0.011619006	3
0 4 0 2 39 f 	2417.742788540	0.011615670	4
1 3 0 1 5 e 	2418.213581814	0.057016434	8
1 3 0 1 5 f 	2418.226724184	0.057016427	9
2 1 0 1 31 e 	2418.336754553	0.007617342	2
2 1 0 1 31 f 	2418.579124003	0.007814920	2
1 3 0 1 6 e 	2420.650035636	0.057009762	4
1 3 0 1 6 f 	2420.668416696	0.057009756	4
0 3 0 1 64 f 	2421.157100265	0.003617390	1
0 4 0 0 39 e 	2422.970087158	0.001606079	5
1 3 0 1 7 e 	2423.492410617	0.057005094	4
1 3 0 1 7 f 	2423.516652008	0.057005087	4
2 0 0 0 59 e 	2424.197619174	0.000581291	6
0 0 1 0 42 e 	2426.221807660	0.000537872	3
1 3 0 1 8 e 	2426.746443554	0.057005822	3
1 3 0 1 8 f 	2426.764672936	0.057005756	3
1 2 0 0 51 e 	2430.210699416	0.002211371	3
0 2 0 0 82 e 	2430.239723471	0.002162997	1
1 3 0 1 9 e 	2430.395614390	0.000079198	4
1 3 0 1 9 f 	2430.420075550	0.057006457	4
2 1 0 1 32 e 	2431.254665943	0.007817986	1
2 1 0 1 32 f 	2431.513922251	0.007822706	1
0 4 0 2 40 e 	2434.014447358	0.011620105	4
0 4 0 2 40 f 	2434.056823682	0.011627440	4
1 3 0 1 10 e 	2434.456261539	0.000072527	4
1 3 0 1 10 f 	2434.489454840	0.057013129	4
1 3 0 1 11 e 	2438.922934346	0.000065856	5
1 3 0 1 11 f 	2438.965732926	0.057019800	4
0 4 0 0 40 e 	2439.282128321	0.001606105	5
1 0 0 0 88 e 	2440.284231058	0.003897530	2
0 0 1 0 43 e 	2443.549320256	0.007200242	1
1 3 0 1 12 e 	2443.795622338	0.000072527	3
1 3 0 1 12 f 	2443.848899232	0.057026471	3
0 3 0 1 65 e 	2445.868623747	0.004076247	1
0 3 0 1 65 f 	2447.626712900	0.003697450	2
2 0 0 0 60 e 	2448.354702379	0.000581705	6
1 3 0 1 13 e 	2449.074282621	0.002268516	4
1 3 0 1 13 f 	2449.126152972	0.100007515	2
0 4 0 2 41 e 	2450.706544255	0.010223006	4
0 4 0 2 41 f 	2450.779352643	0.020019670	3
1 2 0 0 52 e 	2451.297551680	0.000286996	2
1 3 0 1 14 e 	2454.769497747	0.057014632	1
1 3 0 1 14 f 	2454.820416633	0.057007860	1
0 4 0 0 41 e 	2456.002221295	0.001606118	5
2 1 0 1 34 e 	2458.306308435	0.007818023	1
2 1 0 1 34 f 	2458.596203389	0.007819670	2
1 3 0 1 15 e 	2460.849540476	0.000477072	4
1 3 0 1 15 f 	2460.954735508	0.001342005	4
0 0 1 0 44 e 	2461.278940018	0.007202244	1
1 3 0 1 16 e 	2467.360934855	0.100017414	2
1 3 0 1 16 f 	2467.438849999	0.100007285	2
0 4 0 2 42 f 	2467.904580536	0.012048962	1
2 1 0 1 35 e 	2472.435789769	0.007818008	1
0 3 0 1 66 e 	2472.691043576	0.004062904	3
1 2 0 0 53 e 	2472.789142324	0.000952623	2
2 0 0 0 61 e 	2472.913066482	0.000581978	6
0 4 0 0 42 e 	2473.129189733	0.001606134	5
1 3 0 1 17 e 	2474.248948820	0.100016825	3
1 3 0 1 17 f 	2474.383393330	0.100007897	3
0 3 0 1 66 f 	2474.502587409	0.003710793	2
1 0 0 0 89 e 	2476.160055158	0.004652797	2
0 0 1 0 45 e 	2479.410597286	0.007200242	2
1 3 0 1 18 e 	2481.600007354	0.100017437	2
1 3 0 1 18 f 	2481.697539218	0.100010619	2
0 4 0 2 43 e 	2485.403699086	0.021743006	1
0 4 0 2 43 f 	2485.438422546	0.012059656	2
2 1 0 1 36 e 	2486.968208435	0.007818023	1
1 3 0 1 19 e 	2489.325616162	0.100020825	2
1 3 0 1 19 f 	2489.434333339	0.100011897	2
0 4 0 0 43 e 	2490.664214288	0.001632170	4
1 2 0 0 54 e 	2494.685711450	0.000498798	2
1 3 0 1 20 e 	2497.455612073	0.100020771	2
1 3 0 1 20 f 	2497.574213715	0.100014619	2
2 0 0 0 62 e 	2497.872644982	0.000582412	6
0 0 1 0 46 e 	2497.944583038	0.007202244	2
0 2 0 0 84 e 	2498.031077613	0.002556602	1
2 1 0 1 37 e 	2501.907600316	0.007821342	2
2 1 0 1 37 f 	2502.249300170	0.007827440	1
0 4 0 2 44 e 	2503.356258530	0.020097256	1
0 4 0 2 44 f 	2503.386362854	0.020053920	1
1 3 0 1 21 e 	2505.988811595	0.100024825	2
1 3 0 1 21 f 	2506.118462842	0.100015173	2
0 4 0 0 44 e 	2508.606929193	0.000271172	6
1 0 0 0 90 e 	2512.436121640	0.004818167	2
1 3 0 1 22 e 	2514.850141827	0.100023541	3
1 3 0 1 22 f 	2515.070996337	0.100015208	3
0 0 1 0 47 e 	2516.880495129	0.007245256	2
1 2 0 0 55 e 	2516.986618790	0.000819198	2
0 4 0 2 45 e 	2521.698526882	0.020064320	1
0 4 0 2 45 f 	2521.734759071	0.020067656	1
2 0 0 0 63 e 	2523.233370998	0.000582652	4
1 3 0 1 23 e 	2524.269918895	0.100025543	2
1 3 0 1 23 f 	2524.427838381	0.100015247	2
0 4 0 0 45 e 	2526.956720713	0.001644320	3
2 1 0 1 39 e 	2532.987191565	0.000424382	3
2 1 0 1 39 f 	2533.367338303	0.000427717	1
1 3 0 1 24 e 	2534.023112195	0.100019541	2
1 3 0 1 24 f 	2534.191386257	0.100019208	2
0 0 1 0 48 e 	2536.218756058	0.007247257	1
1 2 0 0 56 e 	2539.736887243	0.200287263	1
0 4 0 2 46 e 	2540.450879178	0.020097256	1
0 4 0 2 46 f 	2540.491460811	0.020100592	1
1 3 0 1 25 e 	2544.080895894	0.001026469	3
1 3 0 1 25 f 	2544.358204033	0.100019247	2
0 4 0 0 46 e 	2545.713941412	0.001677256	4
2 0 0 0 64 e 	2548.995184552	0.000674674	4
1 0 0 0 91 e 	2549.112398914	0.005680174	2
2 1 0 1 40 e 	2549.134390061	0.007823006	2
2 1 0 1 40 f 	2549.534864435	0.008539670	1
1 3 0 1 26 e 	2554.733572773	0.100023541	2
1 3 0 1 26 f 	2554.930694059	0.100015371	2
0 0 1 0 49 e 	2555.958532845	0.000126729	3
3 0 0 0 0 e 	2555.990737414	0.008087094	1
3 0 0 0 1 e 	2556.392749619	0.008086793	3
3 0 0 0 2 e 	2557.196772881	0.008086727	2
3 0 0 0 3 e 	2558.402974564	0.008000294	2
0 4 0 2 47 e 	2559.612913223	0.020174194	1
3 0 0 0 4 e 	2560.011999589	0.008000160	4
3 0 0 0 5 e 	2562.021567202	0.008000294	4
1 2 0 0 57 e 	2562.930965296	0.200289264	2
3 0 0 0 6 e 	2564.433811347	0.008000627	3
0 4 0 0 47 e 	2564.878757329	0.001714244	4
1 3 0 1 27 e 	2565.597308673	0.100021946	3
2 1 0 1 41 e 	2565.681518124	0.007820105	1
1 3 0 1 27 f 	2565.927574087	0.100018920	3
3 0 0 0 7 e 	2567.250013710	0.008087354	1
0 2 0 0 86 e 	2567.437478548	0.003050277	1
3 0 0 0 8 e 	2570.463540813	0.008001997	1
3 0 0 0 9 e 	2574.081455001	0.000288891	3
2 0 0 0 65 e 	2575.157990032	0.000674767	4
0 1 1 1 1 e 	2575.711503053	0.000055088	1
0 1 1 1 1 f 	2575.711933663	0.000055095	1
0 0 1 0 50 e 	2576.100714674	0.000130065	3
0 1 1 1 2 e 	2576.519610013	0.008615095	3
0 1 1 1 2 f 	2576.520378763	0.008877966	2
1 3 0 1 28 e 	2577.071546956	0.100021320	2
1 3 0 1 28 f 	2577.296755471	0.100018706	2
0 1 1 1 3 e 	2577.731050764	0.008611122	3
0 1 1 1 3 f 	2577.733110405	0.008611115	3
3 0 0 0 10 e 	2578.102064135	0.007888741	4
0 1 1 1 4 e 	2579.346168761	0.008606428	2
0 1 1 1 4 f 	2579.349815784	0.008606421	3
0 1 1 1 5 e 	2581.365223481	0.008605094	4
0 1 1 1 5 f 	2581.371026867	0.008605087	4
3 0 0 0 11 e 	2582.522868106	0.007888753	4
2 1 0 1 42 e 	2582.633873394	0.008056320	1
2 1 0 1 42 f 	2583.074064435	0.008539670	1
0 1 1 1 6 e 	2583.788077327	0.008605822	2
0 1 1 1 6 f 	2583.796467970	0.008605756	2
0 4 0 0 48 e 	2584.450983688	0.001757256	2
0 3 0 1 70 f 	2586.062776203	0.010918936	1
1 0 0 0 92 e 	2586.188695742	0.005760230	3
1 2 0 0 58 e 	2586.445593683	0.200290332	3
0 1 1 1 7 e 	2586.614375636	0.000007938	4
0 1 1 1 7 f 	2586.626449651	0.000007992	4
3 0 0 0 12 e 	2587.347326536	0.007888765	4
1 3 0 1 29 e 	2588.730574901	0.100017946	1
1 3 0 1 29 f 	2589.100793917	0.100014920	1
0 1 1 1 8 e 	2589.844806880	0.000011274	4
0 1 1 1 8 f 	2589.860330520	0.000011327	4
3 0 0 0 13 e 	2592.572924668	0.007888775	3
0 1 1 1 9 e 	2593.479016511	0.008002038	3
0 1 1 1 9 f 	2593.498419748	0.008606457	2
0 0 1 0 51 e 	2596.645059031	0.007253262	2
0 1 1 1 10 e 	2597.517529726	0.008002048	2
0 1 1 1 10 f 	2597.541900082	0.008606475	1
3 0 0 0 14 e 	2598.200187030	0.007890127	2
2 1 0 1 43 e 	2599.990118725	0.008044242	2
2 1 0 1 43 f 	2600.451397241	0.008047578	1
1 3 0 1 30 e 	2600.905765943	0.100017986	1
1 3 0 1 30 f 	2601.319122251	0.100022706	1
2 0 0 0 66 e 	2601.721749910	0.000694781	4
0 1 1 1 11 e 	2601.958242497	0.008002055	2
0 1 1 1 11 f 	2601.986743930	0.008605842	1
3 0 0 0 15 e 	2604.230292897	0.007883469	2
0 4 0 0 49 e 	2604.430283175	0.001759257	4
0 1 1 1 12 e 	2606.804845947	0.008002048	2
0 1 1 1 12 f 	2606.839161433	0.008606498	1
1 2 0 0 59 e 	2610.364655676	0.200291806	3
3 0 0 0 16 e 	2610.661539424	0.007890127	3
0 1 1 1 13 e 	2612.053741576	0.008606515	1
0 1 1 1 13 f 	2612.092940340	0.008606508	1
1 3 0 1 31 e 	2613.650608089	0.100017342	2
1 3 0 1 31 f 	2613.925044542	0.100018920	2
3 0 0 0 17 e 	2617.494501038	0.007883469	2
0 0 1 0 52 e 	2617.591205651	0.007331260	2
0 1 1 1 14 e 	2617.706425682	0.008610632	2
2 1 0 1 44 e 	2617.746776488	0.008056320	2
0 1 1 1 14 f 	2617.751992467	0.008606515	2
2 1 0 1 44 f 	2618.228075047	0.008059656	2
1 0 0 0 93 e 	2623.664912733	0.005773572	3
0 1 1 1 15 e 	2623.763475656	0.008003427	3
0 1 1 1 15 f 	2623.815318312	0.008607515	2
3 0 0 0 18 e 	2624.730395314	0.007883482	4
0 4 0 0 50 e 	2624.817036886	0.001761259	3
1 3 0 1 32 e 	2626.642170767	0.100021986	2
1 3 0 1 32 f 	2626.934022503	0.100023670	2
2 0 0 0 67 e 	2628.686370699	0.000696782	5
0 1 1 1 16 e 	2630.223730370	0.008614632	2
0 1 1 1 16 f 	2630.282198894	0.008607285	2
3 0 0 0 19 e 	2632.366740948	0.001084185	5
1 2 0 0 60 e 	2634.688095588	0.200292046	2
2 1 0 1 45 e 	2635.905332375	0.000324107	3
0 5 0 1 1 e 	2635.999497516	0.010277946	1
0 5 0 1 1 f 	2635.999651011	0.010277940	1
2 1 0 1 45 f 	2636.409439736	0.000320772	3
0 5 0 1 2 e 	2636.815079408	0.010011095	4
0 5 0 1 2 f 	2636.817656580	0.010011088	4
0 1 1 1 17 e 	2637.087885955	0.008613849	2
0 1 1 1 17 f 	2637.153715791	0.008607874	2
0 5 0 1 3 e 	2638.038450741	0.010009094	3
0 5 0 1 3 f 	2638.044663428	0.010009087	3
0 0 1 0 53 e 	2638.939055850	0.007333262	3
0 5 0 1 4 e 	2639.667794523	0.010009097	2
0 5 0 1 4 f 	2639.681075450	0.010009090	3
1 3 0 1 33 e 	2640.048378228	0.100018008	2
1 3 0 1 33 f 	2640.359789276	0.100022255	2
3 0 0 0 20 e 	2640.406058985	0.007883546	3
0 5 0 1 5 e 	2641.712796035	0.010005094	3
0 5 0 1 5 f 	2641.720018706	0.010005087	4
0 3 0 1 72 e 	2642.269874736	0.012450443	1
0 5 0 1 6 e 	2644.159517193	0.010009097	1
0 5 0 1 6 f 	2644.174010527	0.010009090	1
0 3 0 1 72 f 	2644.275684646	0.008178045	1
0 1 1 1 18 e 	2644.354837181	0.008617414	2
0 1 1 1 18 f 	2644.429122635	0.008610619	1
0 4 0 0 51 e 	2645.615376050	0.010125262	1
3 0 0 0 21 e 	2648.847037288	0.007683572	3
0 1 1 1 19 e 	2652.026503006	0.008003490	3
0 1 1 1 19 f 	2652.108488373	0.008607897	2
1 3 0 1 34 e 	2653.860456695	0.100018023	2
0 5 0 1 9 e 	2653.940352347	0.010006471	2
0 5 0 1 9 f 	2653.994640743	0.010006457	1
1 3 0 1 34 f 	2654.200654553	0.000691032	3
2 1 0 1 46 e 	2654.469276882	0.008064320	2
2 1 0 1 46 f 	2654.993815118	0.008067656	1
2 0 0 0 68 e 	2656.051794658	0.000705455	3
3 0 0 0 22 e 	2657.688539266	0.007683594	3
0 5 0 1 10 e 	2658.018103790	0.010006488	1
0 5 0 1 10 f 	2658.083630758	0.010006475	2
1 2 0 0 61 e 	2659.415862849	0.200292293	1
0 1 1 1 20 e 	2660.101222138	0.008003517	3
0 1 1 1 20 f 	2660.191953853	0.008610619	2
0 0 1 0 54 e 	2660.688674715	0.007336597	3
1 0 0 0 94 e 	2661.541079158	0.007061130	2
0 5 0 1 11 e 	2662.503824718	0.010005856	3
0 5 0 1 11 f 	2662.583842135	0.010005842	2
0 4 0 0 52 e 	2666.816555651	0.010203260	2
3 0 0 0 23 e 	2666.932488030	0.001417959	3
0 5 0 1 12 e 	2667.394068934	0.010006632	5
0 5 0 1 12 f 	2667.491114867	0.010006498	2
1 3 0 1 35 e 	2668.077990795	0.100021342	2
1 3 0 1 35 f 	2668.425611857	0.100024678	2
0 1 1 1 21 e 	2668.579748401	0.008003539	2
0 1 1 1 21 f 	2668.679549921	0.008611897	1
0 5 0 1 13 e 	2672.697634834	0.000212632	6
0 5 0 1 13 f 	2672.807848870	0.010006508	4
2 1 0 1 47 f 	2673.983657225	0.008100592	2
3 0 0 0 24 e 	2676.578903975	0.007683663	2
0 1 1 1 22 e 	2677.461620647	0.008003573	2
0 1 1 1 22 f 	2677.570562488	0.002014619	2
0 5 0 1 14 e 	2678.406400516	0.010010632	3
0 5 0 1 14 f 	2678.532703037	0.010006515	4
1 3 0 1 36 e 	2682.498227368	0.000685385	3
0 0 1 0 55 e 	2682.840056272	0.007413262	2
0 4 0 2 53 e 	2682.977958121	0.014575579	1
1 3 0 1 36 f 	2683.062272765	0.100015670	2
2 0 0 0 69 e 	2683.817926312	0.001036962	5
1 2 0 0 62 e 	2684.419580781	0.000715382	1
0 5 0 1 15 e 	2684.523269766	0.010013849	2
0 5 0 1 15 f 	2684.668688160	0.009007874	2
3 0 0 0 25 e 	2686.627093265	0.007683777	3
0 1 1 1 23 e 	2686.747511578	0.008003701	2
0 1 1 1 23 f 	2686.866319286	0.008615247	1
0 4 0 0 53 e 	2688.427432013	0.010205262	1
0 5 0 1 16 e 	2691.047832464	0.010011849	4
0 5 0 1 16 f 	2691.211471881	0.010007860	2
2 1 0 1 48 e 	2692.803988223	0.008174194	1
2 1 0 1 48 f 	2693.377313487	0.008170859	1
0 1 1 1 24 f 	2696.564293397	0.008615208	1
3 0 0 0 26 e 	2697.074550511	0.007683827	2
1 3 0 1 37 e 	2697.715332993	0.100024105	2
0 5 0 1 17 e 	2697.979111260	0.010013849	3
1 3 0 1 37 f 	2698.105266500	0.100027440	2
0 5 0 1 17 f 	2698.164729202	0.010007897	3
1 0 0 0 95 e 	2699.816943779	0.007361337	1
0 5 0 1 18 e 	2705.318141380	0.010015849	3
0 0 1 0 56 e 	2705.393193841	0.007415263	2
0 5 0 1 18 f 	2705.525563860	0.010007285	3
0 1 1 1 25 e 	2706.528273416	0.008621543	2
0 1 1 1 25 f 	2706.668684937	0.008619247	1
3 0 0 0 27 e 	2707.925705085	0.007683889	3
1 2 0 0 63 e 	2709.955835493	0.000715028	3
2 0 0 0 70 e 	2711.984726248	0.000965635	4
2 1 0 1 49 e 	2712.575064840	0.009137256	1
0 5 0 1 19 e 	2713.064651280	0.010016825	5
1 3 0 1 38 e 	2713.156059617	0.100023006	2
2 1 0 1 49 f 	2713.169289264	0.008620592	2
0 5 0 1 19 f 	2713.295818540	0.010007897	4
1 3 0 1 38 f 	2713.564716483	0.100019670	2
0 1 1 1 26 e 	2717.025093187	0.000553244	4
0 1 1 1 26 f 	2717.176250356	0.000552910	1
3 0 0 0 28 e 	2719.177684195	0.008003834	1
0 5 0 1 20 e 	2721.220196282	0.010017437	5
0 5 0 1 20 f 	2721.475095947	0.010009897	6
0 0 1 0 57 e 	2728.347203614	0.000689541	2
1 3 0 1 39 e 	2728.760918124	0.100020105	1
1 3 0 1 39 f 	2729.431533740	0.100023440	1
0 5 0 1 21 e 	2729.783016871	0.010020825	3
0 5 0 1 21 f 	2730.062794253	0.010011897	5
3 0 0 0 29 e 	2730.832156208	0.007683970	3
2 2 0 0 1 e 	2731.803938857	0.008000133	1
2 2 0 0 2 e 	2732.613643963	0.008000067	2
2 1 0 1 50 e 	2732.749788223	0.008174194	1
0 4 0 0 55 e 	2732.862544791	0.010285262	1
2 1 0 1 50 f 	2733.367874584	0.008370859	2
2 2 0 0 3 e 	2733.828128144	0.008000133	2
2 2 0 0 4 e 	2735.447418622	0.008000160	2
1 2 0 0 64 e 	2735.896249781	0.000715689	1
2 2 0 0 5 e 	2737.471561691	0.000146887	3
1 0 0 0 96 e 	2738.492540839	0.008822348	1
0 5 0 1 22 e 	2738.752485888	0.010020771	3
0 5 0 1 22 f 	2739.059205008	0.010014619	3
0 1 1 1 28 e 	2739.227405250	0.008003915	1
2 2 0 0 6 e 	2739.900501719	0.008000627	2
2 0 0 0 71 e 	2740.552083939	0.001043633	2
2 2 0 0 7 e 	2742.734259774	0.008002015	1
3 0 0 0 30 e 	2742.886768061	0.000284083	5
1 3 0 1 40 e 	2744.997288367	0.100543006	1
1 3 0 1 40 f 	2745.707264435	0.100539670	1
2 2 0 0 8 e 	2745.972854560	0.008002026	1
0 5 0 1 23 e 	2748.129117497	0.010021541	3
0 5 0 1 23 f 	2748.465992399	0.010015173	2
2 2 0 0 9 e 	2749.616215764	0.008002038	1
0 0 1 0 58 e 	2751.703709266	0.000649983	3
2 2 0 0 10 e 	2753.664055047	0.000756126	3
3 0 0 0 31 e 	2755.343664922	0.007683970	3
0 4 0 0 56 e 	2755.694887243	0.010287263	1
0 5 0 1 24 e 	2757.914540806	0.010019541	5
2 2 0 0 11 e 	2758.117215764	0.008002038	1
0 5 0 1 24 f 	2758.277636148	0.010015208	6
1 3 0 1 41 e 	2761.637937181	0.100044242	1
1 2 0 0 65 e 	2762.192890643	0.200447943	2
1 3 0 1 41 f 	2762.383697241	0.100047578	1
2 2 0 0 12 e 	2762.974932970	0.008002048	1
0 1 1 1 30 e 	2763.043198078	0.008003986	2
0 1 1 1 30 f 	2763.243605724	0.008618706	1
0 3 0 1 76 f 	2765.564312924	0.011679324	1
0 5 0 1 25 e 	2768.106423416	0.010021543	2
3 0 0 0 32 e 	2768.202722727	0.007684001	4
2 2 0 0 13 e 	2768.237394723	0.008002055	1
0 5 0 1 25 f 	2768.501132582	0.010015247	3
2 0 0 0 72 e 	2769.519932106	0.001219144	4
2 2 0 0 14 e 	2773.904652829	0.008003389	2
2 1 0 1 52 e 	2774.302965122	0.009374194	2
0 0 1 0 59 e 	2775.461355334	0.000648629	5
0 1 1 1 31 e 	2775.557474901	0.008617946	1
0 1 1 1 31 f 	2775.771093916	0.008614920	2
1 3 0 1 42 e 	2778.675873394	0.100056320	1
0 5 0 1 26 e 	2778.708614559	0.010019541	3
0 4 0 0 57 e 	2778.928337753	0.010289264	1
0 5 0 1 26 f 	2779.132992049	0.010015371	3
1 3 0 1 42 f 	2779.463834976	0.100059656	1
2 2 0 0 15 e 	2779.976611214	0.008003400	2
3 0 0 0 33 e 	2781.462244690	0.007684041	3
2 2 0 0 16 e 	2786.453307368	0.008003414	2
0 1 1 1 32 e 	2788.472465943	0.008617986	1
0 1 1 1 32 f 	2788.700022251	0.008622706	1
1 2 0 0 66 e 	2788.941450709	0.200461286	2
0 5 0 1 27 e 	2789.716528804	0.009021946	4
0 5 0 1 27 f 	2790.173867504	0.010017371	4
2 2 0 0 17 e 	2793.334724594	0.008003427	2
3 0 0 0 34 e 	2795.124032795	0.007677392	3
2 1 0 1 53 e 	2795.684805704	0.009755262	1
1 3 0 1 43 e 	2796.120000268	0.100057256	1
1 3 0 1 43 f 	2796.953587854	0.100053920	1
2 0 0 0 73 e 	2798.888194668	0.001297142	3
0 0 1 0 60 e 	2799.620426815	0.000647722	4
2 2 0 0 18 e 	2800.620795209	0.008003437	2
0 5 0 1 28 e 	2801.132051953	0.010019946	4
0 5 0 1 28 f 	2801.622442741	0.009015371	3
0 1 1 1 33 e 	2801.792434204	0.008617342	1
0 1 1 1 33 f 	2802.033854090	0.008618920	1
2 2 0 0 19 e 	2808.311600431	0.008003490	2
3 0 0 0 35 e 	2809.185944847	0.007677408	3
0 5 0 1 29 e 	2812.953502016	0.009021946	3
0 5 0 1 29 f 	2813.480160261	0.010017371	4
1 3 0 1 44 e 	2813.975279582	0.100064320	1
1 3 0 1 44 f 	2814.835915118	0.100067656	1
0 1 1 1 34 e 	2815.514983562	0.008618023	2
0 1 1 1 34 f 	2815.770803389	0.008619670	2
1 2 0 0 67 e 	2816.126661040	0.200463287	1
2 2 0 0 20 e 	2816.407128308	0.000550818	3
2 1 0 1 54 e 	2817.467303286	0.010774194	2
2 1 0 1 54 f 	2818.186540246	0.009654862	1
3 0 0 0 36 e 	2823.648834359	0.007677392	2
0 0 1 0 61 e 	2824.180859056	0.000648362	4
2 2 0 0 21 e 	2824.907184514	0.008003539	2
0 5 0 1 30 f 	2825.747479423	0.010016920	4
0 4 0 0 59 e 	2826.624580892	0.010369264	1
2 0 0 0 74 e 	2828.656791179	0.001472652	3
0 1 1 1 35 e 	2829.640753780	0.000354906	5
0 1 1 1 35 f 	2829.911683086	0.000358242	3
1 3 0 1 45 e 	2832.240675696	0.100097256	1
1 3 0 1 45 f 	2833.141775811	0.100100592	1
2 2 0 0 22 e 	2833.811893088	0.008003647	1
0 5 0 1 31 e 	2837.821300749	0.010017342	4
0 5 0 1 31 f 	2838.421970712	0.010014920	2
3 0 0 0 37 e 	2838.515687541	0.007877464	2
2 1 0 1 55 e 	2839.654308653	0.008555262	1
2 1 0 1 55 f 	2840.399491118	0.013740592	1
2 2 0 0 23 e 	2843.121216086	0.008003701	1
1 2 0 0 68 e 	2843.744220250	0.200465289	1
0 1 1 1 36 e 	2844.169779416	0.000020407	2
0 1 1 1 36 f 	2844.456218083	0.000017138	1
0 0 1 0 62 e 	2849.142589864	0.000649723	4
0 5 0 1 32 e 	2850.864088226	0.000359342	6
1 3 0 1 46 e 	2850.897174182	0.100170192	1
0 4 0 0 60 e 	2851.081001288	0.010371266	1
0 5 0 1 32 f 	2851.504237631	0.000216920	4
1 3 0 1 46 f 	2851.846161707	0.100166856	1
2 2 0 0 24 e 	2852.835216463	0.008003647	2
3 0 0 0 38 e 	2853.780336054	0.000411053	5
2 0 0 0 75 e 	2858.825642855	0.001550651	3
0 1 1 1 37 e 	2859.102036556	0.008004105	1
2 2 0 0 25 e 	2862.953727162	0.008003701	2
2 1 0 1 56 f 	2863.017104101	0.012854862	1
0 5 0 1 33 e 	2864.318556793	0.010018008	2
0 5 0 1 33 f 	2864.997715566	0.010021670	3
3 0 0 0 39 e 	2869.448096575	0.007877464	4
1 3 0 1 47 e 	2869.969124093	0.000564479	2
1 3 0 1 47 f 	2870.953938639	0.100620592	1
1 2 0 0 69 e 	2871.690114674	0.200543287	1
2 2 0 0 26 e 	2873.476784195	0.008003834	1
0 1 1 1 38 e 	2874.437350433	0.000356570	3
0 0 1 0 63 e 	2874.505553135	0.000650163	3
0 1 1 1 38 f 	2874.755752864	0.000286521	2
0 4 0 0 61 e 	2875.949288416	0.010447456	1
0 5 0 1 34 e 	2878.177791542	0.010018023	3
0 5 0 1 34 f 	2878.898397888	0.010019670	2
2 2 0 0 27 e 	2884.404449589	0.008003889	1
2 1 0 1 57 e 	2885.228308653	0.008555262	1
3 0 0 0 40 e 	2885.516401676	0.007877489	3
2 1 0 1 57 f 	2886.033725420	0.013416863	1
2 0 0 0 76 e 	2889.394665591	0.001726161	2
0 1 1 1 39 e 	2890.175281187	0.000557807	4
1 3 0 1 48 f 	2890.466103260	0.100170859	2
0 1 1 1 39 f 	2890.510586466	0.000561143	3
0 5 0 1 35 e 	2892.445689446	0.010020023	2
0 5 0 1 35 f 	2893.207665955	0.010017670	1
2 2 0 0 28 e 	2895.736605250	0.008003915	1
0 0 1 0 64 e 	2900.270099944	0.007575850	1
0 4 0 0 62 e 	2901.217388342	0.010447583	1
3 0 0 0 41 e 	2901.986742447	0.007877554	3
0 1 1 1 40 e 	2906.316790061	0.008623006	2
0 1 1 1 40 f 	2906.669715585	0.008619670	2
0 5 0 1 36 e 	2907.118959875	0.010018023	2
2 2 0 0 29 e 	2907.472943715	0.000617825	2
0 5 0 1 36 f 	2907.925146083	0.010019670	1
2 1 0 1 58 e 	2908.621365159	0.010955395	1
1 0 1 0 0 e 	2918.105099958	0.000200067	2
1 0 1 0 1 e 	2918.507306137	0.000200000	4
3 0 0 0 42 e 	2918.856953016	0.000477795	4
1 0 1 0 2 e 	2919.311682941	0.000146727	3
2 2 0 0 30 e 	2919.614265385	0.008003986	1
2 0 0 0 77 e 	2920.363782349	0.001804160	3
1 0 1 0 3 e 	2920.518298182	0.000200133	3
1 0 1 0 4 e 	2922.127161452	0.000200160	4
0 1 1 1 41 e 	2922.860668201	0.008004134	2
0 5 0 1 37 f 	2923.050507500	0.010017670	3
0 1 1 1 41 f 	2923.230233740	0.008623440	1
1 0 1 0 5 e 	2924.138168308	0.000200294	4
0 0 1 0 65 e 	2926.435262864	0.007575943	2
1 0 1 0 6 e 	2926.551362373	0.000200627	6
0 4 0 0 63 e 	2926.898223048	0.010447730	1
1 0 1 0 7 e 	2929.366697972	0.000201961	5
2 2 0 0 31 e 	2932.159806311	0.008003993	1
1 0 1 0 8 e 	2932.584207813	0.000201997	5
1 4 0 2 3 e 	2934.983287880	0.013336990	1
3 0 0 0 43 e 	2936.129970657	0.007877704	2
1 0 1 0 9 e 	2936.203917898	0.000202015	5
0 5 0 1 38 e 	2937.686876397	0.010019006	3
1 4 0 0 2 e 	2938.367513308	0.008000067	1
0 5 0 1 38 f 	2938.580876845	0.010019670	2
1 4 0 2 5 e 	2938.648529677	0.014007637	1
1 4 0 2 5 f 	2938.648542409	0.014007630	1
1 4 0 0 3 e 	2939.588138857	0.008000133	1
0 1 1 1 42 e 	2939.808023628	0.008004170	2
0 1 1 1 42 f 	2940.196264435	0.009139670	1
1 0 1 0 10 e 	2940.225838835	0.000202026	4
1 4 0 0 5 e 	2943.249917431	0.008000294	1
1 4 0 2 7 e 	2943.942565460	0.013740786	1
1 4 0 2 7 f 	2943.942578192	0.013740779	1
1 0 1 0 11 e 	2944.649815349	0.000202038	5
1 4 0 0 7 e 	2948.485453792	0.021003997	1
1 0 1 0 12 e 	2949.476005844	0.000202048	5
2 0 0 0 78 e 	2951.732904542	0.001993012	2
1 4 0 0 8 e 	2951.794255752	0.001337785	2
0 0 1 0 66 e 	2953.001176551	0.000466756	1
0 5 0 1 39 e 	2953.585448135	0.010024105	2
3 0 0 0 44 e 	2953.802329755	0.007945626	3
0 5 0 1 39 f 	2954.527966955	0.010023440	2
1 0 1 0 13 e 	2954.704202876	0.000202055	5
1 4 0 0 9 e 	2955.455987770	0.000537933	3
0 1 1 1 43 e 	2957.157818084	0.000059057	3
0 1 1 1 43 f 	2957.564243231	0.000055922	2
2 2 0 0 33 e 	2958.464075590	0.000751419	2
1 4 0 0 10 e 	2959.517706907	0.008002026	2
1 0 1 0 14 e 	2960.334522933	0.000203389	6
1 4 0 0 11 e 	2963.993105789	0.008002038	2
1 0 1 0 15 e 	2966.366916322	0.000203400	6
1 4 0 0 12 e 	2968.876125154	0.008002048	2
1 4 0 2 13 e 	2969.552918328	0.010541451	1
1 4 0 2 13 f 	2969.553249944	0.010541458	1
0 5 0 1 40 e 	2969.885889937	0.010022105	2
0 5 0 1 40 f 	2970.876566735	0.010019670	1
3 0 0 0 45 e 	2971.875140256	0.008072242	1
2 2 0 0 34 e 	2972.222669010	0.008004023	1
1 0 1 0 16 e 	2972.801307513	0.000203414	6
1 4 0 0 13 e 	2974.171994615	0.000672417	3
0 1 1 1 44 e 	2974.911373394	0.008656320	1
0 1 1 1 44 f 	2975.335734976	0.008659656	1
1 0 1 0 17 e 	2979.637854017	0.000084893	5
1 4 0 0 14 e 	2979.862699461	0.008003389	2
0 0 1 0 67 e 	2979.968721040	0.007591287	1
1 4 0 2 15 e 	2981.351618169	0.012008909	1
2 1 0 1 61 f 	2982.128106118	0.008617083	1
1 4 0 2 15 f 	2982.165508820	0.010541221	1
2 0 0 0 79 e 	2983.501951100	0.002071011	2
1 4 0 0 15 e 	2985.966861689	0.008003400	2
2 2 0 0 35 e 	2986.385647408	0.008004008	2
0 5 0 1 41 e 	2986.594565389	0.010020105	2
1 0 1 0 18 e 	2986.876418122	0.000203437	7
0 5 0 1 41 f 	2987.640115490	0.010023440	2
1 4 0 2 16 e 	2987.871731924	0.010675878	1
1 4 0 2 16 f 	2987.872165738	0.010675884	1
3 0 0 0 46 e 	2990.351898609	0.008074244	3
1 4 0 0 16 e 	2992.476692062	0.008003414	2
0 1 1 1 45 e 	2993.066400268	0.008657256	1
0 1 1 1 45 f 	2993.509887854	0.008653920	1
1 3 0 1 53 f 	2994.126153925	0.005543927	1
1 0 1 0 19 e 	2994.516905497	0.000203490	4
1 4 0 2 17 e 	2994.784461099	0.012676038	1
1 4 0 2 17 f 	2994.785019082	0.012676031	1
1 4 0 0 17 e 	2999.392895961	0.008003427	2
2 2 0 0 36 e 	3000.952961408	0.008004023	2
1 0 1 0 20 e 	3002.559440580	0.000203517	6
0 5 0 1 42 e 	3003.710667911	0.010543006	2
0 5 0 1 42 f 	3004.803264435	0.010539670	1
2 1 0 1 62 e 	3006.207549157	0.009755635	1
1 4 0 0 18 e 	3006.718438837	0.008003437	3
0 0 1 0 68 e 	3007.336629097	0.007846797	1
3 0 0 0 47 e 	3009.225750053	0.008117256	4
1 0 1 0 21 e 	3011.003854567	0.000203539	5
0 1 1 1 46 e 	3011.624315539	0.000503756	2
0 1 1 1 46 f 	3012.088496838	0.000500420	1
1 4 0 0 19 e 	3014.450602661	0.001339927	2
2 0 0 0 80 e 	3015.670835180	0.002206493	2
2 2 0 0 37 e 	3015.924551786	0.008004070	1
1 0 1 0 22 e 	3019.850325699	0.000203573	6
0 5 0 1 43 e 	3021.234937181	0.010044242	1
0 5 0 1 43 f 	3022.375697241	0.010047578	1
1 4 0 0 20 e 	3022.581557820	0.008003517	2
3 0 0 0 48 e 	3028.501321302	0.008119257	4
1 0 1 0 23 e 	3029.098496100	0.000203608	6
0 1 1 1 47 e 	3030.585619345	0.008117256	4
0 1 1 1 47 f 	3031.070175267	0.008700592	4
1 4 0 0 21 e 	3031.131873233	0.008003539	1
2 2 0 0 38 e 	3031.300357077	0.008004079	2
2 1 0 1 63 f 	3032.588680298	0.008617310	1
0 0 1 0 69 e 	3035.105728330	0.007924796	1
1 3 0 1 55 f 	3038.429105002	0.006207953	1
1 0 1 0 24 e 	3038.748586629	0.000203647	6
1 4 0 0 22 e 	3040.082648205	0.008003573	1
1 4 0 2 23 f 	3044.570985426	0.012014619	1
1 4 0 2 23 e 	3044.627746555	0.012023541	1
2 2 0 0 39 e 	3047.080336555	0.008004105	1
3 0 0 0 49 e 	3048.178363510	0.008121259	3
2 0 0 0 81 e 	3048.239472237	0.002364547	2
1 0 1 0 25 e 	3048.800689994	0.000203701	6
1 4 0 0 23 e 	3049.440355666	0.001006573	2
0 1 1 1 48 e 	3049.948843768	0.002197256	3
0 1 1 1 48 f 	3050.453636007	0.008766856	3
1 4 0 2 24 e 	3054.416312111	0.012024825	1
1 4 0 2 24 f 	3054.519629990	0.012015173	1
1 4 0 0 24 e 	3059.204393088	0.008003647	1
1 0 1 0 26 e 	3059.254475880	0.000085561	7
0 4 0 0 68 e 	3061.392610467	0.001465981	1
2 2 0 0 40 e 	3063.264563977	0.008004118	2
1 4 0 2 25 f 	3064.517828013	0.011016297	2
1 4 0 2 25 e 	3064.547467706	0.012019541	2
3 0 0 0 50 e 	3068.255771502	0.008203260	2
1 4 0 0 25 e 	3069.375438238	0.008003771	1
0 1 1 1 49 e 	3069.715055897	0.008121259	3
1 0 1 0 27 e 	3070.110097849	0.000005490	6
0 1 1 1 49 f 	3070.240913626	0.009220592	2
1 4 0 2 26 f 	3075.098909185	0.012015247	1
1 4 0 2 26 e 	3075.169657679	0.012021543	1
2 2 0 0 41 e 	3079.853009110	0.000878290	2
1 4 0 0 26 e 	3079.953384195	0.008003834	1
2 0 0 0 82 e 	3081.207773657	0.002216367	2
1 0 1 0 28 e 	3081.367409100	0.000085879	5
1 3 0 1 57 e 	3082.920396466	0.001022623	2
2 1 0 1 65 f 	3084.658002910	0.008697450	1
1 4 0 2 27 f 	3086.087179816	0.012015371	1
1 4 0 2 27 e 	3086.113235335	0.012023541	1
3 0 0 0 51 e 	3088.732480275	0.008205262	2
0 1 1 1 50 e 	3089.883545895	0.008774194	2
0 1 1 1 50 f 	3090.430794524	0.008770859	2
0 2 1 2 3 e 	3091.660623974	0.015810185	1
1 0 1 0 29 e 	3093.026409910	0.000203889	5
0 5 0 1 47 e 	3095.396493014	0.011770192	1
0 2 1 0 0 e 	3095.554410992	0.000122000	1
2 2 0 0 42 e 	3096.845367607	0.008004170	1
1 4 0 2 28 f 	3097.488134868	0.012018920	1
1 4 0 2 28 e 	3097.488242980	0.012021543	1
0 2 1 0 3 e 	3097.982128144	0.008000133	2
0 2 1 0 4 e 	3099.599830720	0.002800294	3
0 2 1 0 5 e 	3101.623636878	0.008000294	2
0 2 1 0 6 e 	3104.051339712	0.008000627	3
1 0 1 0 30 e 	3105.087145586	0.000203915	5
0 2 1 0 7 e 	3106.883659774	0.008002015	1
1 4 0 2 29 f 	3109.286949488	0.012015371	1
1 4 0 2 29 e 	3109.305608389	0.012021320	1
3 0 0 0 52 e 	3109.611314114	0.008283260	3
0 2 1 0 8 e 	3110.120554560	0.008002026	1
0 1 1 1 51 e 	3110.454256939	0.002338790	4
0 1 1 1 51 f 	3111.023134438	0.004341993	3
2 1 0 1 66 f 	3111.296922790	0.000846451	1
0 2 1 0 9 e 	3113.762015764	0.008002038	1
1 4 0 0 29 e 	3114.127657159	0.000673196	2
2 2 0 0 43 e 	3114.241866624	0.008004242	1
2 0 0 0 83 e 	3114.575655457	0.002744810	2
0 5 0 1 48 e 	3114.960539557	0.012737256	1
1 0 1 0 31 e 	3117.549711112	0.000203946	5
0 2 1 0 10 e 	3117.808132970	0.008002048	1
1 4 0 2 30 e 	3121.473007367	0.012021946	1
1 4 0 2 30 f 	3121.496475298	0.012014920	1
0 2 1 0 11 e 	3122.258794723	0.008002055	1
1 4 0 0 30 e 	3126.332505250	0.008003915	1
0 2 1 0 12 e 	3127.113988577	0.008003389	1
1 0 1 0 32 e 	3130.413713671	0.000005603	6
3 0 0 0 53 e 	3130.893235260	0.008489987	2
0 1 1 1 52 e 	3131.428349461	0.009974194	2
0 1 1 1 52 f 	3132.019194228	0.009254862	2
2 2 0 0 44 e 	3132.042420018	0.008074244	1
0 2 1 0 13 e 	3132.373700868	0.008003400	1
1 4 0 2 31 f 	3134.111871332	0.012018706	1
1 4 0 2 31 e 	3134.119670920	0.012017986	1
0 5 0 1 49 e 	3134.924597484	0.011774194	1
2 1 0 1 67 e 	3137.235952898	0.011849561	1
0 2 1 0 14 e 	3138.038017080	0.008003414	1
1 4 0 0 31 e 	3138.944120938	0.008003946	1
1 0 1 0 33 e 	3143.679451427	0.008003993	4
0 2 1 0 15 e 	3144.106821559	0.008003427	1
1 4 0 2 32 e 	3147.103807856	0.012017342	1
1 4 0 2 32 f 	3147.135462194	0.012014920	1
2 0 0 0 84 e 	3148.343032144	0.002636658	3
2 2 0 0 45 e 	3150.247040256	0.008072242	1
0 2 1 0 16 e 	3150.580197656	0.008003437	1
1 4 0 0 32 e 	3151.962565385	0.008003986	1
3 0 0 0 54 e 	3152.570287243	0.008287263	1
0 1 1 1 53 e 	3152.803413561	0.002870959	2
1 0 1 0 34 e 	3157.346469596	0.000005625	4
0 2 1 0 17 e 	3157.458027630	0.008003490	1
0 2 1 0 18 e 	3164.740292762	0.008003517	1
1 4 0 0 33 e 	3165.387970837	0.000406512	2
0 2 1 2 19 e 	3166.082656351	0.010012093	1
0 2 1 2 19 f 	3166.083628060	0.010012153	1
2 2 0 0 46 e 	3168.855533038	0.008074244	2
1 0 1 0 35 e 	3171.415283909	0.008004008	4
0 2 1 0 19 e 	3172.427073233	0.008003539	1
3 0 0 0 55 e 	3174.647994703	0.008587332	1
0 5 0 1 51 e 	3176.076331112	0.012974194	1
1 4 0 0 34 e 	3179.219510311	0.008004001	1
0 0 1 0 74 e 	3179.959944717	0.001759517	2
0 2 1 0 20 e 	3180.518348205	0.008003573	1
0 2 1 2 21 f 	3182.399372735	0.010016020	2
0 2 1 2 21 e 	3182.462838223	0.010024942	2
2 0 0 0 85 e 	3182.509770145	0.003225143	2
1 0 1 0 36 e 	3185.885535015	0.008004023	3
2 2 0 0 47 e 	3187.867965129	0.008117256	2
1 4 0 2 35 f 	3188.644682461	0.010416181	1
0 2 1 0 21 e 	3189.014054030	0.000006974	1
1 4 0 0 35 e 	3193.457943029	0.008004008	1
0 1 1 1 55 e 	3196.762305704	0.010155262	1
0 1 1 1 55 f 	3197.421991118	0.014140592	1
1 0 1 0 37 e 	3200.756876759	0.008004070	4
0 2 1 2 23 e 	3200.787116990	0.010035173	1
0 2 1 0 23 e 	3207.218578091	0.000007048	2
2 2 0 0 48 e 	3207.284264182	0.002197311	4
1 4 0 0 36 e 	3208.103169010	0.008004023	1
1 0 1 0 38 e 	3216.029793100	0.008004079	4
2 0 0 0 86 e 	3217.075818844	0.003190374	2
0 1 1 1 56 e 	3219.343790377	0.011355395	3
3 0 0 0 57 e 	3220.009794703	0.008587332	1
0 1 1 1 56 f 	3220.027867263	0.010054862	3
2 1 0 1 70 f 	3221.867764635	0.019118797	1
1 4 0 0 37 e 	3223.155051786	0.008004070	1
2 2 0 0 49 e 	3227.104480996	0.008121259	2
1 0 1 0 39 e 	3231.703948314	0.000005868	5
0 2 1 0 26 e 	3237.557984195	0.008003834	1
1 4 0 0 38 e 	3238.613653806	0.008004079	1
0 0 1 0 76 e 	3240.704903277	0.004157322	1
0 5 0 1 54 e 	3240.845533590	0.014755262	1
0 1 1 1 57 e 	3242.327708653	0.008955262	1
0 1 1 1 57 f 	3243.036725420	0.013816863	1
3 0 0 0 58 e 	3243.288074324	0.008596005	1
2 2 0 0 50 e 	3247.328412983	0.008123260	1
1 0 1 0 40 e 	3247.779596166	0.008004118	4
0 2 1 0 27 e 	3248.479703933	0.002803834	1
2 3 0 1 4 e 	3249.311051150	0.000399769	1
2 1 0 1 71 f 	3250.515246736	0.019196796	1
2 0 0 0 87 e 	3252.041076495	0.004079067	3
0 2 1 2 28 e 	3253.208700969	0.010023947	1
0 2 1 2 28 f 	3253.213653991	0.010018656	1
1 4 0 0 39 e 	3254.478836555	0.008004105	1
0 2 1 0 28 e 	3259.805905250	0.008003915	1
0 5 0 1 55 e 	3263.253133955	0.014355395	1
1 0 1 0 41 e 	3264.256343870	0.008004134	3
0 1 1 1 58 e 	3265.715465159	0.011355395	1
0 1 1 1 58 f 	3266.448604101	0.013254862	1
2 2 0 0 51 e 	3267.956326661	0.001210913	2
1 4 0 0 40 e 	3270.750699515	0.001340595	2
0 2 1 0 29 e 	3271.536220938	0.008003946	1
0 2 1 2 30 e 	3277.079607932	0.010021012	1
0 2 1 2 30 f 	3277.083800120	0.010017455	1
2 1 0 1 72 e 	3278.437595139	0.011383869	2
2 1 0 1 72 f 	3279.564290177	0.016577906	1
1 0 1 0 42 e 	3281.134381457	0.008004170	2
1 3 0 1 65 e 	3282.255945470	0.709356389	1
0 2 1 0 30 e 	3283.670833281	0.000008414	2
1 3 0 1 65 f 	3284.109431388	0.709285349	1
2 0 0 0 88 e 	3287.405441826	0.003930886	2
1 4 0 0 41 e 	3287.429084600	0.008004134	1
2 2 0 0 52 e 	3288.987644625	0.008203260	1
0 1 1 1 59 e 	3289.505717902	0.010155262	2
0 2 1 2 31 e 	3289.619057611	0.012617342	1
0 1 1 1 59 f 	3290.263591342	0.009016863	1
3 0 0 0 60 e 	3291.052462339	0.001161284	1
0 2 1 0 31 e 	3296.209513624	0.008003946	2
1 0 1 0 43 e 	3298.413718416	0.008004242	3
2 1 0 1 73 f 	3309.013623298	0.016655905	1
0 2 1 0 32 e 	3309.152497204	0.000009078	2
2 2 0 0 53 e 	3310.422832013	0.008205262	1
0 1 1 1 60 e 	3313.696694434	0.010155395	1
0 1 1 1 60 f 	3314.479071693	0.009016970	1
3 0 0 0 61 e 	3315.529811210	0.008684677	1
1 0 1 0 44 e 	3316.094004938	0.008004320	3
1 4 0 0 43 e 	3322.005727780	0.000378118	2
0 2 1 0 33 e 	3322.499443029	0.008004008	1
2 0 0 0 89 e 	3323.168826473	0.004699496	2
2 2 0 0 54 e 	3332.261275943	0.001052692	3
1 0 1 0 45 e 	3334.175024056	0.000155700	4
0 2 1 0 34 e 	3336.250639661	0.008004001	2
2 1 0 1 74 e 	3337.669392851	0.019850305	1
0 1 1 1 61 e 	3338.288656793	0.001889293	2
2 1 0 1 74 f 	3338.864225408	0.008631692	2
0 1 1 1 61 f 	3339.097058498	0.000750874	2
1 4 0 0 44 e 	3339.903937822	0.008004320	1
0 2 1 0 35 e 	3350.405897408	0.008004008	2
1 0 1 0 46 e 	3352.657576200	0.008074244	3
1 4 0 2 45 f 	3353.419877266	0.010468166	1
2 2 0 0 55 e 	3354.503841272	0.008285262	2
2 0 0 0 90 e 	3359.331134256	0.004878208	2
0 1 1 1 62 e 	3363.283549157	0.010155635	1
0 1 1 1 62 f 	3364.118030771	0.009017183	1
0 2 1 0 36 e 	3364.965211408	0.008004023	2
0 0 1 0 80 e 	3366.996924920	0.001961324	2
2 1 0 1 75 e 	3367.959663080	0.011759517	3
2 1 0 1 75 f 	3369.117485244	0.017109413	1
1 0 1 0 47 e 	3371.540678919	0.000122993	6
0 2 1 2 37 e 	3373.356644510	0.010020540	1
0 2 1 2 37 f 	3373.368645090	0.010017271	1
0 2 1 0 37 e 	3379.928544171	0.008004070	2
0 1 1 1 63 e 	3388.679220072	0.010155728	1
0 1 1 1 63 f 	3389.540780298	0.009017310	1
1 0 1 0 48 e 	3390.824895081	0.008119257	3
0 2 1 0 38 e 	3395.295757077	0.008004079	2
2 0 0 0 91 e 	3395.892326913	0.005766901	2
0 0 1 0 81 e 	3399.569854871	0.002811523	1
2 1 0 1 76 f 	3399.771562924	0.020479324	1
2 2 0 0 57 e 	3400.199159322	0.008289264	2
1 0 1 0 49 e 	3410.510012141	0.008121259	2
0 2 1 0 39 e 	3411.067036555	0.008004105	1
0 1 1 1 64 e 	3414.477332566	0.010155835	1
0 1 1 1 64 f 	3415.366890265	0.009017390	1
2 2 0 0 58 e 	3423.652095863	0.008367263	2
1 1 1 1 1 f 	3424.542806867	0.003678255	1
1 1 1 1 2 e 	3425.347412869	0.002011095	2
1 1 1 1 2 f 	3425.349961333	0.000171088	2
0 2 1 0 40 e 	3427.242160348	0.008004118	1
2 1 0 1 77 e 	3429.595144315	0.020679324	1
1 0 1 0 50 e 	3430.595728804	0.008123260	2
2 1 0 1 77 f 	3430.825676277	0.017762922	1
2 0 0 0 92 e 	3432.852181276	0.005880313	2
1 4 0 0 49 e 	3435.492785943	0.008121259	1
0 1 1 1 65 e 	3440.679019332	0.011049561	1
0 2 1 0 41 e 	3443.821184600	0.008004134	1
2 2 0 0 59 e 	3447.508284654	0.008369264	2
1 1 1 1 11 e 	3450.722401458	0.000286515	2
1 1 1 1 11 f 	3450.755500223	0.000286508	2
1 0 1 0 51 e 	3451.082483945	0.008125262	3
1 4 0 0 50 e 	3455.829251760	0.000561769	2
2 1 0 1 78 e 	3460.796615277	0.017967322	1
0 1 1 1 66 e 	3467.279013576	0.011062904	1
0 1 1 1 66 f 	3468.222906671	0.009097543	2
2 0 0 0 93 e 	3470.210730086	0.007121171	2
2 2 0 0 60 e 	3471.767788342	0.008447583	1
1 0 1 0 52 e 	3471.969671457	0.000284928	4
1 1 1 1 15 f 	3472.529321032	0.000012419	1
1 4 0 0 51 e 	3476.573576050	0.008125262	1
0 2 1 0 43 e 	3478.190666624	0.008004242	1
1 3 0 1 72 f 	3480.421887164	0.009977906	2
1 1 1 1 18 e 	3493.012013349	0.000019238	1
1 1 1 1 18 f 	3493.093252716	0.000012420	1
1 0 1 0 53 e 	3493.257653825	0.008205262	3
0 1 1 1 67 e 	3494.281018816	0.012249561	2
0 1 1 1 67 f 	3495.253289479	0.009110886	1
0 2 1 0 44 e 	3495.981037822	0.008004320	1
2 2 0 0 61 e 	3496.431042993	0.003153424	1
0 0 1 0 84 e 	3499.687605312	0.005518264	1
2 0 0 0 94 e 	3507.967789466	0.007254597	2
0 2 1 0 45 e 	3514.175240256	0.008072242	1
1 4 0 0 53 e 	3519.279827047	0.000857196	1
0 1 1 1 68 e 	3521.681412488	0.010544955	2
0 1 1 1 68 f 	3522.685716379	0.009112887	1
0 2 1 0 46 e 	3532.773020018	0.008074244	1
1 0 1 0 55 e 	3537.035044791	0.008285262	1
1 4 0 0 54 e 	3541.242466676	0.008283260	1
2 0 0 0 95 e 	3546.123254127	0.007608175	1
0 1 1 1 69 e 	3549.489762506	0.013449561	2
0 1 1 1 69 f 	3550.520994061	0.019143287	1
1 1 1 1 25 e 	3555.028143649	0.000185543	2
1 1 1 1 25 f 	3555.182180225	0.000175247	2
1 0 1 0 56 e 	3559.524638841	0.008287263	2
0 2 1 0 48 e 	3571.207785943	0.202121259	1
0 1 1 1 70 e 	3577.694386000	0.007049561	2
1 0 1 0 57 e 	3582.414559322	0.008289264	2
2 0 0 0 96 e 	3584.677116970	0.009122556	1
1 4 0 0 56 e 	3586.386587243	0.008287263	1
0 0 1 0 87 e 	3603.400569754	0.011799150	1
0 1 1 1 71 e 	3606.303699275	0.014249561	1
0 1 1 1 71 f 	3607.392446736	0.019396796	2
1 4 0 0 57 e 	3609.568037753	0.008289264	1
0 3 1 1 1 e 	3615.750310628	0.000073095	1
0 3 1 1 1 f 	3615.751151312	0.000073088	1
0 3 1 1 2 e 	3616.559939267	0.000073122	1
0 3 1 1 2 f 	3616.562461754	0.000073115	1
0 2 1 2 51 e 	3625.261109837	0.013737256	1
1 0 1 0 59 e 	3629.395280892	0.008369264	1
0 2 1 0 51 e 	3631.815754031	0.008125262	2
0 2 1 0 52 e 	3652.834705651	0.008203260	2
1 0 1 0 60 e 	3653.486001288	0.008371266	1
0 0 1 0 89 e 	3674.539300664	0.012706444	1
1 0 1 0 61 e 	3677.976800375	0.000569067	2
0 2 1 0 54 e 	3696.082687243	0.008287263	1
1 0 1 0 62 e 	3702.867688342	0.008447583	1
0 0 1 0 90 e 	3710.707352193	0.012719787	1
0 2 1 0 55 e 	3718.311591272	0.008285262	2
1 0 1 0 63 e 	3728.158623048	0.008447730	1
0 2 1 0 56 e 	3740.943888841	0.008287263	2
1 0 1 0 64 e 	3753.849449944	0.008447850	1
3 0 0 0 77 e 	3761.561578962	0.010212749	1
0 2 1 0 57 e 	3763.979280892	0.008369264	1
2 4 0 0 2 e 	3764.041183308	0.000100067	1
2 0 1 0 0 e 	3768.495713308	0.200000067	1
2 0 1 0 1 e 	3768.897069429	0.200000000	2
2 0 1 0 2 e 	3769.702263310	0.200000067	3
2 0 1 0 3 e 	3770.922628144	0.200000133	2
2 0 1 0 4 e 	3772.552662626	0.200000627	1
2 4 0 0 7 e 	3774.170755968	0.000101961	1
2 0 1 0 5 e 	3774.548511700	0.200000294	2
2 0 1 0 6 e 	3776.932962627	0.200000627	2
2 0 1 0 7 e 	3779.744965979	0.200001961	3
2 0 1 0 8 e 	3782.975297687	0.200001997	2
2 0 1 0 9 e 	3786.600087769	0.200002015	2
2 0 1 0 10 e 	3790.591704572	0.200002026	3
3 0 0 0 78 e 	3792.831003370	0.010290748	1
2 4 0 0 12 e 	3794.427442970	0.000102048	1
2 0 1 0 11 e 	3795.040155243	0.200002038	2
2 0 1 0 12 e 	3799.869910773	0.200002048	2
2 0 1 0 13 e 	3805.055134740	0.200002055	3
2 0 1 0 14 e 	3810.712302829	0.200003389	2
2 0 1 0 15 e 	3816.738411214	0.200003400	2
2 4 0 0 16 e 	3817.920747080	0.000103414	1
2 0 1 0 16 e 	3823.136427095	0.200003414	3
3 0 0 0 79 e 	3824.498651193	0.010619559	1
2 0 1 0 17 e 	3829.985874594	0.200003427	2
0 2 1 0 60 e 	3835.638125334	0.000848629	1
2 0 1 0 18 e 	3837.221695209	0.200003437	2
2 4 0 0 19 e 	3839.789117630	0.000103490	1
2 0 1 0 19 e 	3844.837107637	0.200003490	2
2 0 1 0 20 e 	3852.893420483	0.200003517	2
2 4 0 0 21 e 	3856.389563233	0.000103539	1
3 0 0 0 80 e 	3856.564699554	0.010770942	1
2 0 1 0 21 e 	3861.347284514	0.200003539	2
2 0 1 0 22 e 	3870.159643103	0.200003573	3
2 0 1 0 23 e 	3879.427405941	0.200003608	2
2 4 0 0 24 e 	3884.319819837	0.000103722	1
2 0 1 0 24 e 	3889.055079850	0.200003647	3
2 0 1 0 25 e 	3899.134416086	0.200003701	1
2 0 1 0 26 e 	3909.604212016	0.200003722	2
2 4 0 0 27 e 	3915.881158238	0.000103771	1
2 0 1 0 27 e 	3920.422048259	0.200003771	3
2 0 1 0 28 e 	3931.725694722	0.200003834	2
1 2 1 2 2 e 	3932.836419745	0.013836857	1
1 2 1 2 3 f 	3934.047876661	0.013710179	1
1 2 1 0 0 e 	3937.427412771	0.000600067	2
1 2 1 0 1 e 	3937.831038642	0.000600133	2
1 2 1 0 2 e 	3938.638413415	0.000600067	2
1 2 1 0 3 e 	3939.849439536	0.000600133	3
1 2 1 0 4 e 	3941.464063263	0.000600627	3
2 0 1 0 29 e 	3943.351780950	0.200003889	3
1 2 1 0 5 e 	3943.482406726	0.000601961	3
1 2 1 0 6 e 	3945.904402029	0.000600627	4
2 4 0 2 30 e 	3948.439145385	0.000203986	1
1 2 1 0 7 e 	3948.730060415	0.000602015	3
2 4 0 0 30 e 	3951.067355250	0.000103915	1
1 2 1 0 8 e 	3951.959355126	0.000602026	3
3 0 0 0 83 e 	3955.153999457	0.011356325	1
2 0 1 0 30 e 	3955.438335317	0.200003915	2
1 2 1 0 9 e 	3955.592287996	0.000602015	4
1 2 1 0 10 e 	3959.641043765	0.200002026	2
1 2 1 0 11 e 	3964.069094723	0.000602055	1
2 0 1 0 31 e 	3967.933763624	0.200003946	2
1 2 1 0 12 e 	3968.912710817	0.000602048	3
2 4 0 2 32 e 	3974.003325385	0.000203986	1
1 2 1 0 13 e 	3974.160097840	0.000602055	3
2 4 0 0 32 e 	3976.534655385	0.000103986	1
1 2 1 0 14 e 	3979.811117128	0.000603414	3
2 0 1 0 32 e 	3980.779385390	0.000103986	2
1 2 1 0 15 e 	3985.865561365	0.000603400	4
2 4 0 2 33 e 	3987.392806311	0.000203993	1
1 6 0 0 1 e 	3990.514638857	0.000600133	1
1 2 1 0 16 e 	3992.323617818	0.000603414	3
2 0 1 0 33 e 	3994.092674670	0.200003993	2
1 6 0 0 4 e 	3994.184374617	0.000600160	1
1 6 0 0 5 e 	3996.223117431	0.000600294	1
1 2 1 0 17 e 	3999.185324910	0.000603427	4
1 6 0 0 7 e 	4001.523732871	0.000601961	2
2 4 0 0 34 e 	4003.606550311	0.000104001	1
1 2 1 0 18 e 	4006.468695209	0.200003437	2
2 0 1 0 34 e 	4007.757090311	0.200004001	2
1 6 0 0 9 e 	4008.455615764	0.000602038	1
1 6 0 0 10 e 	4012.532854560	0.000602026	1
1 2 1 0 19 e 	4014.119100530	0.000603490	4
2 4 0 0 35 e 	4017.743253029	0.000104008	1
2 0 1 0 35 e 	4021.872043029	0.200004008	1
1 2 1 0 20 e 	4022.191270602	0.000603517	4
3 0 0 0 85 e 	4022.869639189	0.012203301	1
1 6 0 0 13 e 	4027.212200868	0.000603400	1
2 4 0 2 36 e 	4029.989033806	0.000204079	1
1 2 1 0 21 e 	4030.666884622	0.000603539	4
1 6 0 0 14 e 	4032.920788577	0.000603389	1
2 0 1 0 36 e 	4036.370661408	0.200004023	2
1 6 0 0 15 e 	4039.036721559	0.000603427	1
1 2 1 0 22 e 	4039.545970769	0.000603573	4
1 6 0 0 16 e 	4045.560757368	0.000603414	2
2 4 0 0 37 e 	4047.216146556	0.000104105	1
1 2 1 0 23 e 	4048.828516345	0.000603701	3
2 0 1 0 37 e 	4051.270361805	0.200004070	3
3 0 0 0 86 e 	4057.320761498	0.012998458	1
1 2 1 0 24 e 	4058.514393434	0.000603647	3
1 6 0 0 18 e 	4059.832697656	0.000603437	1
2 4 0 2 38 e 	4060.408640348	0.000204118	1
2 0 1 0 38 e 	4066.648307077	0.200004079	2
1 6 0 0 19 e 	4067.580400431	0.000603490	2
1 2 1 0 25 e 	4068.603727369	0.000603701	4
1 6 0 0 20 e 	4075.735570483	0.000603517	2
1 2 1 0 26 e 	4079.096440220	0.000603722	3
2 0 1 0 39 e 	4082.354336555	0.200004105	1
1 2 1 0 27 e 	4089.992538414	0.000603771	2
2 4 0 2 40 e 	4092.444217607	0.000204170	1
1 6 0 0 22 e 	4093.269993088	0.000603647	1
2 4 0 0 40 e 	4094.418500348	0.000104118	1
2 0 1 0 40 e 	4098.449920348	0.000104118	1
0 0 2 0 0 e 	4101.000066559	0.200000067	2
1 2 1 0 28 e 	4101.291905597	0.000603915	3
0 0 2 0 1 e 	4101.400935103	0.200000133	4
0 0 2 0 2 e 	4102.202671049	0.200000160	3
1 6 0 0 23 e 	4102.648555941	0.000603608	2
0 0 2 0 3 e 	4103.761121716	0.200000294	2
0 0 2 0 4 e 	4105.395170866	0.000602295	3
0 0 2 0 5 e 	4107.399491669	0.000600294	5
0 0 2 0 6 e 	4109.804664616	0.000600627	5
1 6 0 0 24 e 	4112.435466463	0.000603647	2
0 0 2 0 7 e 	4112.610637275	0.000601961	5
1 2 1 0 29 e 	4112.994449989	0.000603889	3
2 0 1 0 41 e 	4115.026284600	0.200004134	1
0 0 2 0 8 e 	4115.817493600	0.000601997	5
0 0 2 0 9 e 	4119.425188078	0.000602015	4
1 6 0 0 25 e 	4122.629877162	0.000603701	2
0 0 2 0 10 e 	4123.433655062	0.000602026	3
1 2 1 0 30 e 	4125.100335637	0.000603915	4
0 0 2 0 11 e 	4127.842905479	0.000602038	4
2 4 0 0 42 e 	4127.878677607	0.000104170	1
2 0 1 0 42 e 	4131.945177829	0.000104320	2
0 0 2 0 12 e 	4132.653110768	0.000602048	3
1 6 0 0 26 e 	4133.232339837	0.000603722	1
1 2 1 0 31 e 	4137.609521689	0.000603946	3
0 0 2 0 13 e 	4137.863997948	0.000602055	3
0 4 1 0 0 e 	4141.222713308	0.200000067	1
0 4 1 0 1 e 	4141.658111086	0.200000133	2
0 4 1 0 2 e 	4142.400962356	0.200000160	2
0 0 2 0 14 e 	4143.475652965	0.000603389	4
2 4 0 2 43 e 	4143.522736624	0.000204242	1
0 4 1 0 3 e 	4143.667721716	0.200000294	2
1 6 0 0 27 e 	4144.242638238	0.000603771	1
1 2 1 2 32 e 	4144.469810311	0.000604001	1
0 4 1 0 4 e 	4145.317952219	0.200000160	2
0 4 1 0 5 e 	4147.360511700	0.200000294	2
2 0 1 0 43 e 	4149.326666624	0.200004242	1
0 0 2 0 15 e 	4149.488101639	0.000603400	3
0 4 1 0 6 e 	4149.730862698	0.000600627	2
1 2 1 0 32 e 	4150.521965824	0.000603986	3
0 4 1 0 7 e 	4152.570306061	0.000601961	2
0 4 1 0 8 e 	4155.815554637	0.000602026	3
0 0 2 0 16 e 	4155.901217807	0.000603414	3
0 4 1 0 9 e 	4159.466316902	0.000602038	3
0 0 2 0 17 e 	4162.715124770	0.000603427	4
0 4 1 0 10 e 	4163.522694348	0.000602026	4
1 2 1 0 33 e 	4163.837424784	0.000603993	4
2 0 1 0 44 e 	4167.095537822	0.200004320	1
1 6 0 0 29 e 	4167.486949589	0.000603889	1
0 4 1 0 11 e 	4167.984795420	0.000602055	3
0 0 2 0 18 e 	4169.929695704	0.000603437	4
1 2 1 2 34 e 	4171.510769010	0.000604023	1
0 4 1 0 12 e 	4172.852411399	0.000602048	4
0 0 2 0 19 e 	4177.544950945	0.000603490	4
1 2 1 0 34 e 	4177.556139579	0.000604001	4
0 4 1 0 13 e 	4178.125601655	0.000603400	2
2 4 0 2 45 e 	4179.586490256	0.000172242	1
1 6 0 0 30 e 	4179.720965385	0.000603986	1
2 4 0 0 45 e 	4181.056180256	0.000172242	1
0 4 1 0 14 e 	4183.804518516	0.000603414	3
2 0 1 0 45 e 	4185.257694320	0.000217256	2
0 0 2 0 20 e 	4185.560820745	0.000603517	4
1 2 1 2 35 e 	4185.636451786	0.000604070	1
0 4 1 0 15 e 	4189.888922990	0.000603427	3
1 2 1 0 35 e 	4191.677943230	0.000604008	3
1 6 0 0 31 e 	4192.363006311	0.000603993	1
0 0 2 0 21 e 	4193.977384613	0.000603539	4
0 4 1 0 16 e 	4196.378999233	0.000603437	3
0 0 2 0 22 e 	4202.794548391	0.000603573	3
0 4 1 0 17 e 	4203.274629038	0.000603490	3
2 0 1 0 46 e 	4203.879420018	0.200074244	1
1 6 0 0 32 e 	4205.413110311	0.000604001	1
1 2 1 0 36 e 	4206.202811605	0.000604023	4
0 4 1 0 18 e 	4210.575894261	0.000603517	3
0 0 2 0 23 e 	4212.012306383	0.000603608	4
1 2 1 2 37 e 	4215.095236555	0.000604105	1
0 4 1 0 19 e 	4218.282651132	0.000603490	4
1 6 0 0 33 e 	4218.870724670	0.000603993	2
1 2 1 0 37 e 	4221.130794193	0.000604070	4
0 0 2 0 24 e 	4221.630616827	0.000603647	4
0 4 1 0 20 e 	4226.394871091	0.000603517	4
0 0 2 0 25 e 	4231.649527537	0.000603701	4
0 4 1 0 21 e 	4234.912685141	0.000603539	4
1 2 1 0 38 e 	4236.461753923	0.000604079	2
2 4 0 0 48 e 	4237.832966058	0.000219257	1
0 0 2 0 26 e 	4242.068862132	0.000603722	4
2 0 1 0 48 e 	4242.257636069	0.200119257	2
0 4 1 0 22 e 	4243.836071250	0.000603573	4
1 2 1 2 39 e 	4246.165836555	0.000604105	1
0 4 1 2 23 e 	4246.900595796	0.000603608	1
1 6 0 0 35 e 	4247.010147408	0.000604008	2
1 2 1 0 39 e 	4252.195737106	0.000604105	3
0 0 2 0 27 e 	4252.888743983	0.000603771	3
0 4 1 0 23 e 	4253.164956530	0.000603608	4
2 4 0 2 49 e 	4256.501785943	0.000221259	1
1 6 0 0 36 e 	4261.692453806	0.000604079	1
1 2 1 2 40 e 	4262.305160348	0.000604118	1
0 4 1 0 24 e 	4262.899417220	0.000603647	4
0 0 2 0 28 e 	4264.108994990	0.000603834	4
1 2 1 0 40 e 	4268.332564127	0.000604118	4
0 4 1 0 25 e 	4273.039217463	0.000603701	3
0 0 2 0 29 e 	4275.729785447	0.000603889	4
1 6 0 0 37 e 	4276.802436555	0.000604105	1
2 4 0 0 50 e 	4277.709092983	0.000223260	1
2 0 1 0 50 e 	4282.306362991	0.200123260	2
0 4 1 0 26 e 	4283.584562751	0.000603722	4
1 2 1 0 41 e 	4284.872384674	0.000604134	3
0 0 2 0 30 e 	4287.750935730	0.000603915	4
0 4 1 2 27 e 	4288.282049589	0.000603889	1
1 6 0 0 38 e 	4292.278857077	0.000604079	2
0 4 1 0 27 e 	4294.535444594	0.000603771	4
0 4 1 2 28 e 	4299.640594722	0.000603834	2
0 0 2 0 31 e 	4300.172413726	0.000603946	4
1 2 1 0 42 e 	4301.815102862	0.000604170	4
2 0 1 0 51 e 	4302.974376050	0.200125262	1
0 4 1 0 28 e 	4305.891795392	0.000603834	4
0 4 1 2 29 e 	4311.403485264	0.000603889	2
0 0 2 0 32 e 	4312.994288042	0.000603986	4
0 4 1 0 29 e 	4317.653485971	0.000603889	4
1 2 1 0 43 e 	4319.160603573	0.000604242	4
2 4 0 2 52 e 	4319.240594625	0.000303260	1
0 4 1 2 30 e 	4323.572805250	0.000603915	1
2 0 1 0 52 e 	4323.993044625	0.000303260	1
0 0 2 0 33 e 	4326.216374866	0.000603993	4
0 4 1 0 30 e 	4329.820536130	0.000603915	4
0 4 1 2 31 e 	4336.146720938	0.000603946	1
1 2 1 0 44 e 	4336.908929080	0.000604320	3
2 4 0 0 53 e 	4339.648602013	0.000305262	1
0 0 2 0 34 e 	4339.838789857	0.000604001	4
1 6 0 0 41 e 	4341.220066624	0.000604242	1
0 4 1 0 31 e 	4342.393114341	0.000603946	4
1 2 1 2 45 e 	4349.043442286	0.000672242	2
0 4 1 2 32 e 	4349.125787848	0.000603986	2
0 0 2 0 35 e 	4353.861343780	0.000604008	3
1 2 1 0 45 e 	4355.059940738	0.000672242	3
0 4 1 0 32 e 	4355.370988571	0.000603986	4
1 6 0 0 42 e 	4358.349337822	0.000604320	1
2 4 0 2 54 e 	4362.452756676	0.000383260	1
0 4 1 2 33 e 	4362.509906311	0.000603993	1
2 0 1 0 54 e 	4367.316057243	0.000387263	1
1 2 1 2 46 e 	4367.597846058	0.000719257	1
0 0 2 0 36 e 	4368.284211736	0.000604023	4
0 4 1 0 33 e 	4368.754225035	0.000603993	3
1 2 1 0 46 e 	4373.613820339	0.000674244	3
0 4 1 2 34 e 	4376.299310311	0.000604001	1
0 4 1 0 34 e 	4382.542990350	0.000604001	4
0 0 2 0 37 e 	4383.107044317	0.000604070	4
0 4 1 2 35 e 	4390.493243029	0.000604008	1
1 2 1 0 47 e 	4392.570244925	0.000717256	3
1 6 0 0 44 e 	4393.832328920	0.000604320	2
0 4 1 0 35 e 	4396.736898134	0.000604008	4
0 0 2 0 38 e 	4398.330057399	0.000604079	4
2 4 0 0 56 e 	4406.003727243	0.000387263	1
2 4 0 2 56 e 	4407.338207243	0.000387263	1
0 4 1 0 36 e 	4411.336262195	0.000604023	4
1 2 1 0 48 e 	4411.929329802	0.000719257	4
1 6 0 0 45 e 	4412.185044315	0.000717256	1
2 0 1 0 56 e 	4412.273757243	0.000387263	1
0 0 2 0 39 e 	4413.953161029	0.000604105	4
0 4 1 2 37 e 	4420.096551786	0.000604070	1
1 2 1 2 49 e 	4425.677485943	0.000721259	1
0 4 1 0 37 e 	4426.340794913	0.000604070	4
0 0 2 0 40 e 	4429.976314152	0.000604118	4
1 6 0 0 46 e 	4430.946933038	0.000674244	2
1 2 1 0 49 e 	4431.690981245	0.000721259	4
0 4 1 2 38 e 	4435.504953806	0.000604079	1
0 4 1 0 38 e 	4441.750757757	0.000604079	4
0 0 2 0 41 e 	4446.399375915	0.000604134	4
0 4 1 2 39 e 	4451.318436555	0.000604105	1
1 2 1 0 50 e 	4451.855229100	0.000723260	4
1 3 1 1 2 e 	4451.971255540	0.000611095	1
1 3 1 1 3 e 	4453.183374705	0.000609094	1
2 4 0 2 58 e 	4453.873900438	0.000467263	1
1 3 1 1 4 e 	4454.798673472	0.000609762	2
1 3 1 1 5 e 	4456.817686962	0.000605094	2
0 4 1 0 39 e 	4457.565811003	0.000604105	3
2 0 1 0 58 e 	4458.864430438	0.000467263	1
1 3 1 1 6 e 	4459.240891405	0.000609762	1
1 3 1 1 7 e 	4462.067963521	0.000606471	1
1 3 1 1 7 f 	4462.093011114	0.000605087	1
0 0 2 0 42 e 	4463.222453053	0.000604170	4
1 3 1 1 8 f 	4465.331074921	0.000605756	1
0 4 1 2 40 e 	4467.535760348	0.000604118	1
1 3 1 1 9 e 	4468.933563521	0.000606471	1
1 3 1 1 9 f 	4468.973840743	0.000606457	1
1 6 0 0 48 e 	4469.693012983	0.000723260	1
1 2 1 0 51 e 	4472.421954283	0.000725262	4
1 3 1 1 10 e 	4472.971903790	0.000606488	1
1 3 1 1 10 f 	4473.021500082	0.000606475	1
0 4 1 0 40 e 	4473.786214693	0.000604118	4
1 3 1 1 11 e 	4477.414304331	0.000605856	1
1 3 1 1 11 f 	4477.473692135	0.000605842	2
2 4 0 2 59 e 	4477.754558416	0.000547456	1
0 0 2 0 43 e 	4480.445353904	0.000604242	4
1 3 1 1 12 e 	4482.260453968	0.000606632	2
1 3 1 1 12 f 	4482.330564867	0.000606498	2
2 0 1 0 59 e 	4482.771280892	0.000469264	1
0 4 1 2 41 e 	4484.158584600	0.000604134	1
1 2 1 2 52 e 	4487.376655651	0.000803260	2
1 3 1 1 13 e 	4487.510459579	0.000606515	2
1 3 1 1 13 f 	4487.592386104	0.000606508	2
1 6 0 0 49 e 	4489.678485943	0.000721259	1
0 4 1 0 41 e 	4490.411776298	0.000604134	4
1 3 1 1 14 e 	4493.164225682	0.000610632	2
1 3 1 1 14 f 	4493.258592467	0.000606515	2
1 2 1 0 52 e 	4493.391205811	0.000803260	4
0 0 2 0 44 e 	4498.068129283	0.000604320	4
1 3 1 1 15 e 	4499.221688039	0.000609849	2
1 3 1 1 15 f 	4499.329504756	0.000607874	1
2 4 0 0 60 e 	4499.905421288	0.000471266	1
0 4 1 2 42 e 	4501.185667607	0.000604170	1
1 3 1 1 16 e 	4505.682980370	0.000614632	2
1 3 1 1 16 f 	4505.805148894	0.000607285	2
2 0 1 0 60 e 	4507.085651288	0.000471266	1
0 4 1 0 42 e 	4507.442569262	0.000604170	3
1 2 1 2 53 e 	4508.747044791	0.000885262	1
1 6 0 0 50 e 	4510.070828804	0.000723260	2
1 3 1 1 17 e 	4512.547773414	0.000616825	1
1 3 1 1 17 f 	4512.685365791	0.000607874	2
1 2 1 0 53 e 	4514.762688625	0.000805262	4
0 0 2 0 45 e 	4516.090642388	0.000672242	3
0 4 1 2 43 e 	4518.617566624	0.000604242	1
1 3 1 1 18 e 	4519.816537181	0.000617414	2
1 3 1 1 18 f 	4519.970251896	0.000607285	2
0 4 1 0 43 e 	4524.878453862	0.000604242	3
2 4 0 2 61 e 	4526.735198416	0.000547456	1
1 3 1 1 19 e 	4527.488962121	0.000616825	2
1 3 1 1 19 f 	4527.659738373	0.000607897	2
1 2 1 2 54 e 	4530.519566676	0.000883260	1
0 0 2 0 46 e 	4534.553846058	0.200119257	1
1 3 1 1 20 e 	4535.564946893	0.000617437	2
1 3 1 1 20 f 	4535.753685071	0.000614619	1
0 4 1 2 44 e 	4536.453437822	0.000604320	1
1 2 1 0 54 e 	4536.536567325	0.000883260	3
0 4 1 0 44 e 	4542.719529199	0.000604320	3
1 3 1 1 21 e 	4544.044650829	0.000620825	1
2 4 0 0 62 e 	4549.215398342	0.000547583	1
2 4 0 2 62 e 	4551.833469944	0.000647850	1
1 6 0 0 52 e 	4552.079966676	0.000883260	1
1 3 1 1 22 e 	4552.927944045	0.000620771	2
0 0 2 0 47 e 	4553.335065191	0.000717256	3
0 4 1 2 45 e 	4554.693640256	0.000672242	1
2 0 1 0 62 e 	4556.935818342	0.000647583	1
1 2 1 0 55 e 	4558.712841637	0.000885262	4
0 4 1 0 45 e 	4560.965745602	0.000717256	3
1 3 1 1 23 e 	4562.214853057	0.000625543	1
1 3 1 1 23 f 	4562.462808068	0.000615173	1
1 3 1 1 24 e 	4571.905448627	0.000619541	2
1 3 1 1 24 f 	4572.174893397	0.000615208	1
0 0 2 0 48 e 	4572.556729798	0.000719257	3
0 4 1 2 46 e 	4573.338420018	0.000674244	1
1 6 0 0 53 e 	4573.697444791	0.000885262	1
0 4 1 0 46 e 	4579.617033732	0.000674244	4
1 2 1 0 56 e 	4581.291439147	0.000887263	4
1 3 1 1 25 e 	4581.999473416	0.000621543	2
1 3 1 1 25 f 	4582.291402111	0.000615247	2
2 0 1 0 63 e 	4582.471443048	0.000647730	1
0 0 2 0 49 e 	4592.177931061	0.000721259	3
0 4 1 2 47 e 	4592.387244315	0.000717256	1
1 3 1 1 26 e 	4592.497112323	0.000619541	2
1 3 1 1 26 f 	4592.812264028	0.000615371	2
1 6 0 0 54 e 	4595.721466676	0.000883260	1
1 2 1 2 57 e 	4598.248237753	0.000889264	1
0 4 1 0 47 e 	4598.673365838	0.000717256	4
2 4 0 0 64 e 	4600.106729944	0.000547850	1
2 4 0 2 64 e 	4603.242695789	0.000647850	2
1 3 1 1 27 e 	4603.398236036	0.000621543	2
1 2 1 0 57 e 	4604.271938167	0.000889264	3
2 0 1 0 64 e 	4608.413611635	0.000661286	1
0 1 2 1 3 e 	4609.517406012	0.000609094	2
3 0 1 0 1 e 	4610.245214266	0.000186793	1
3 0 1 0 2 e 	4611.044758357	0.000186727	1
0 1 2 1 4 e 	4611.122923472	0.000609762	2
0 4 1 2 48 e 	4611.840546058	0.000719257	1
0 0 2 0 50 e 	4612.198813540	0.000723260	2
0 1 2 1 5 f 	4613.136915784	0.010606421	1
3 0 1 0 4 e 	4613.842830602	0.000187020	1
1 3 1 1 28 e 	4614.702804734	0.000621320	1
1 3 1 1 28 f 	4615.067288083	0.000615371	2
0 4 1 0 48 e 	4618.134780212	0.000719257	4
0 1 2 1 7 e 	4618.348781371	0.000605094	2
3 0 1 0 7 e 	4621.037863710	0.000187354	1
0 1 2 1 9 e 	4625.173363521	0.000606471	1
1 3 1 1 29 e 	4626.410826599	0.000617946	2
1 3 1 1 29 f 	4626.801240713	0.000614920	2
1 2 1 0 58 e 	4627.654996111	0.000967263	4
0 1 2 1 10 e 	4629.183454320	0.000606632	1
0 4 1 2 49 e 	4631.698285943	0.000721259	1
0 0 2 0 51 e 	4632.619154031	0.000725262	2
2 0 1 0 65 e 	4634.762154688	0.000647943	1
0 4 1 0 49 e 	4638.001181684	0.000721259	4
1 3 1 1 30 e 	4638.522304734	0.000621320	1
1 3 1 1 30 f 	4638.939522251	0.000622706	1
3 0 1 0 12 e 	4641.023452511	0.000188781	1
0 1 2 1 13 e 	4643.633877582	0.000609849	1
1 2 1 2 59 e 	4645.408080892	0.000969264	1
1 2 1 0 59 e 	4651.439984811	0.000969264	4
1 3 1 1 31 f 	4651.482074003	0.000614920	2
3 0 1 0 14 e 	4651.815305308	0.000190127	1
2 4 0 0 66 e 	4652.582331635	0.000561286	1
0 0 2 0 52 e 	4653.438855651	0.000803260	2
0 1 2 1 15 e 	4655.278538039	0.000609849	2
2 4 0 2 66 e 	4656.267011635	0.000661286	1
0 4 1 0 50 e 	4658.272529457	0.000723260	4
0 1 2 1 16 e 	4661.698830370	0.000614632	2
1 3 1 1 32 e 	4663.955265943	0.000617986	1
1 3 1 1 32 f 	4664.428991473	0.000622706	2
3 0 1 0 17 e 	4671.000094494	0.000183492	1
0 5 1 1 5 e 	4672.175899220	0.000605094	1
0 5 1 1 6 e 	4674.609292508	0.000605822	1
0 0 2 0 53 e 	4674.658038402	0.000805262	2
1 2 1 0 60 e 	4675.626901743	0.000971266	3
0 1 2 1 18 e 	4675.747037181	0.000617414	2
1 3 1 1 33 e 	4677.276911986	0.000617342	2
0 5 1 1 7 e 	4677.448263521	0.000606471	1
1 3 1 1 33 f 	4677.779927713	0.000618920	2
0 4 1 0 51 e 	4678.948904720	0.000725262	4
0 5 1 1 8 e 	4680.692703789	0.000606488	1
0 1 2 1 19 e 	4683.372750829	0.000620825	1
2 4 0 2 67 e 	4683.384061040	0.000663287	1
0 5 1 1 9 e 	4684.342563521	0.000606471	1
1 6 0 0 58 e 	4687.895490438	0.000967263	1
0 5 1 1 10 e 	4688.397729055	0.000606488	2
1 3 1 1 34 e 	4691.001633562	0.000618023	2
0 1 2 1 20 e 	4691.396682418	0.000620771	1
1 3 1 1 34 f 	4691.535153389	0.000619670	2
0 5 1 1 11 e 	4692.858572954	0.000605856	2
0 4 1 2 52 e 	4693.691944625	0.000803260	1
3 0 1 0 20 e 	4693.781008053	0.000183546	1
1 2 1 2 61 e 	4694.175123048	0.001047730	1
0 0 2 0 54 e 	4696.276466676	0.000883260	1
0 5 1 1 12 e 	4697.724903968	0.000606632	2
0 1 2 1 21 e 	4699.828661611	0.000620825	2
0 4 1 0 52 e 	4700.030106298	0.000803260	4
1 2 1 0 61 e 	4700.215923198	0.001047730	3
0 5 1 1 13 e 	4702.996541576	0.000606515	1
1 3 1 1 35 e 	4705.129674443	0.000618008	2
1 3 1 1 35 f 	4705.694550049	0.000624678	1
2 4 0 0 68 e 	4706.644019097	0.000818797	1
0 1 2 1 22 e 	4708.660582418	0.000620771	1
0 5 1 1 14 e 	4708.673953616	0.000610632	1
2 4 0 2 68 e 	4710.904200250	0.000665289	1
3 0 1 0 22 e 	4710.966008058	0.000183594	1
0 4 1 2 53 e 	4715.164932013	0.000805262	1
2 0 1 0 68 e 	4716.245090250	0.000865289	1
0 1 2 1 23 e 	4717.888962724	0.000624825	2
0 0 2 0 55 e 	4718.294244791	0.000885262	1
1 2 1 2 62 e 	4719.159488342	0.001047583	1
1 3 1 1 36 e 	4719.661021117	0.000619006	1
1 3 1 1 36 f 	4720.257884826	0.000615670	1
0 5 1 1 16 e 	4721.245162993	0.000617414	1
0 4 1 0 53 e 	4721.516233673	0.000805262	3
1 2 1 0 62 e 	4725.228069143	0.200447583	2
0 1 2 1 24 e 	4727.520648627	0.000619541	2
0 5 1 1 17 e 	4728.138573414	0.000616825	1
1 3 1 1 37 e 	4734.595441514	0.000624105	1
1 3 1 1 37 f 	4735.225375109	0.000624678	2
0 5 1 1 18 e 	4735.437537181	0.000617414	2
0 4 1 2 54 e 	4737.041566676	0.000883260	1
0 1 2 1 25 e 	4737.554623416	0.000621543	2
3 0 1 0 25 e 	4739.738869300	0.000183703	1
0 0 2 0 56 e 	4740.711338841	0.000887263	2
0 5 1 1 19 e 	4743.141912121	0.000616825	2
0 4 1 0 54 e 	4743.407177406	0.000883260	3
1 2 1 2 63 e 	4744.545823048	0.001047730	1
0 1 2 1 26 e 	4747.990591582	0.000619541	1
1 3 1 1 38 e 	4749.932956436	0.000619006	2
1 3 1 1 38 f 	4750.596984826	0.000615670	1
1 2 1 0 63 e 	4750.599523750	0.001047730	3
0 5 1 1 20 e 	4751.251796893	0.000617437	2
0 1 2 1 27 e 	4758.822486036	0.000621543	2
0 1 2 1 27 f 	4758.992284937	0.000619247	1
0 4 1 2 55 e 	4759.321644791	0.000885262	1
0 5 1 1 21 e 	4759.766961611	0.000620825	2
2 4 0 0 70 e 	4762.292759004	0.001072306	1
0 0 2 0 57 e 	4763.527409322	0.000889264	2
0 4 1 0 55 e 	4765.702941594	0.000885262	3
0 5 1 1 22 e 	4768.687544045	0.000620771	2
0 1 2 1 28 e 	4770.058918899	0.000621320	2
0 1 2 1 28 f 	4770.240770442	0.000615371	1
3 0 1 0 28 e 	4772.106297433	0.000183944	1
2 2 1 0 1 e 	4773.563569429	0.400000000	2
2 2 1 0 2 e 	4774.426918025	0.000686727	3
2 2 1 0 3 e 	4775.617138857	0.200000133	1
1 2 1 0 64 e 	4776.394030984	0.001047850	4
2 2 1 0 4 e 	4777.246229769	0.000687020	3
0 5 1 1 23 e 	4778.013572392	0.000624825	1
2 2 1 0 5 e 	4779.259731135	0.000686887	3
2 2 1 0 6 e 	4781.676278200	0.000688354	3
0 1 2 1 29 e 	4781.696376599	0.000617946	2
0 1 2 1 29 f 	4781.890687510	0.000618920	1
0 4 1 2 56 e 	4782.004587243	0.000887263	1
1 3 1 1 40 f 	4782.551766735	0.000619670	1
2 2 1 0 7 e 	4784.495516397	0.000688724	3
0 0 2 0 58 e 	4786.742745863	0.000967263	2
2 2 1 0 8 e 	4787.678297687	0.200001997	2
0 5 1 1 24 e 	4787.744691582	0.000619541	1
0 4 1 0 56 e 	4788.403588083	0.000887263	2
2 2 1 0 9 e 	4791.289587769	0.200002015	2
0 1 2 1 30 f 	4793.943293916	0.010614920	1
2 2 1 0 10 e 	4795.331543765	0.200002026	2
3 0 1 0 30 e 	4795.681091814	0.000184001	1
1 2 1 2 65 e 	4796.521852864	0.001047943	2
0 5 1 1 25 e 	4797.881293775	0.000621543	1
1 3 1 1 41 e 	4798.364237181	0.000644242	1
1 3 1 1 41 f 	4799.135115490	0.000623440	2
2 2 1 0 11 e 	4799.779155243	0.200002038	2
1 2 1 0 65 e 	4802.590402864	0.001047943	2
2 2 1 0 12 e 	4804.631485012	0.000688765	3
0 1 2 1 31 e 	4806.176354553	0.000617342	2
0 1 2 1 31 f 	4806.394793917	0.000614920	1
0 5 1 1 26 e 	4808.423012323	0.000619541	2
2 2 1 0 13 e 	4809.826297795	0.200002055	2
0 0 2 0 59 e 	4810.356980892	0.000969264	1
0 4 1 0 57 e 	4811.508938287	0.000889264	2
1 3 1 1 42 e 	4815.313988367	0.001143006	1
2 2 1 0 14 e 	4815.470802829	0.200003389	2
1 3 1 1 42 f 	4816.122199706	0.000659656	2
0 1 2 1 32 e 	4819.011158690	0.000621986	1
0 1 2 1 32 f 	4819.248922251	0.000622706	1
0 5 1 1 27 e 	4819.369993775	0.000621543	1
2 4 0 0 72 e 	4819.529169004	0.001072306	1
3 0 1 0 32 e 	4820.852711814	0.000184001	1
2 2 1 0 15 e 	4821.544937149	0.000683469	3
1 2 1 2 66 e 	4823.111311635	0.001061286	1
2 2 1 0 16 e 	4827.988032439	0.000683482	3
0 4 1 2 58 e 	4828.582590438	0.000967263	1
1 2 1 0 66 e 	4829.188320432	0.001065289	2
0 5 1 1 28 e 	4830.722268899	0.000621320	2
0 1 2 1 33 e 	4832.252589769	0.000618008	1
0 1 2 1 33 f 	4832.504054090	0.000618920	1
1 3 1 1 43 e 	4832.666618725	0.000644242	2
1 3 1 1 43 f 	4833.513142547	0.000647578	2
0 0 2 0 60 e 	4834.370188342	0.001047583	1
2 2 1 0 17 e 	4834.833664030	0.000683492	3
0 4 1 0 58 e 	4835.065090438	0.200367263	1
2 2 1 0 18 e 	4842.054695209	0.200003437	2
0 5 1 1 29 e 	4842.479726599	0.000617946	2
3 0 1 0 34 e 	4847.621009848	0.000184049	1
2 4 0 0 73 e 	4848.742837245	0.001503813	1
2 2 1 0 19 e 	4849.732963937	0.000683492	3
1 2 1 2 67 e 	4850.102214674	0.001143287	1
1 3 1 1 44 e 	4850.422276488	0.000656320	2
1 3 1 1 44 f 	4851.308034976	0.000659656	1
0 4 1 2 59 e 	4852.475080892	0.000969264	1
0 5 1 1 30 e 	4854.642285338	0.000617986	2
1 2 1 0 67 e 	4856.187937857	0.001063287	2
2 2 1 0 20 e 	4857.786547129	0.000683594	3
0 0 2 0 61 e 	4858.782388416	0.001047456	1
0 4 1 0 59 e 	4858.933780892	0.000969264	1
0 1 2 1 35 e 	4859.941489769	0.000618008	1
0 1 2 1 35 f 	4860.218501337	0.000622255	1
2 2 1 0 21 e 	4866.242265719	0.000683572	3
1 3 1 1 45 e 	4868.580675696	0.000697256	1
0 1 2 1 36 f 	4874.677446083	0.000619670	1
2 2 1 0 22 e 	4875.100747633	0.000683594	3
0 4 1 2 60 e 	4876.773201288	0.000971266	1
0 5 1 1 32 e 	4880.182962317	0.000617986	2
0 4 1 0 60 e 	4883.253244815	0.000971266	2
1 2 1 0 68 e 	4883.589220259	0.001065289	2
0 0 2 0 62 e 	4883.593288342	0.001047583	1
2 2 1 0 23 e 	4884.301405941	0.200003608	2
1 3 1 1 46 e 	4887.141879582	0.000664320	1
1 3 1 1 46 f 	4888.108338413	0.000667656	2
0 1 2 1 37 e 	4889.228341514	0.000624105	1
0 1 2 1 37 f 	4889.537650049	0.000624678	1
0 5 1 1 33 e 	4893.560911986	0.000617342	2
2 2 1 0 24 e 	4894.025153579	0.000683663	4
2 2 1 0 25 e 	4904.090858278	0.000683777	3
0 1 2 1 38 e 	4904.471306436	0.000619006	2
0 1 2 1 38 f 	4904.798884826	0.000615670	1
3 0 1 0 38 e 	4905.946303022	0.000177454	1
1 3 1 1 47 e 	4906.105958095	0.000697256	2
1 3 1 1 47 f 	4907.113975811	0.000700592	1
0 5 1 1 34 e 	4907.343933562	0.000618023	2
0 4 1 0 61 e 	4907.976988877	0.001047456	2
0 0 2 0 63 e 	4908.803023048	0.001047730	1
1 2 1 0 69 e 	4911.391914928	0.001143287	2
2 2 1 0 26 e 	4914.558884872	0.000683756	3
0 1 2 1 39 e 	4920.118541514	0.000624105	1
0 1 2 1 39 f 	4920.461200170	0.000627440	1
2 2 1 0 27 e 	4925.429858500	0.000683777	3
1 3 1 1 48 e 	4925.472588223	0.000774194	1
1 3 1 1 48 f 	4926.523213487	0.000770859	1
0 4 1 2 62 e 	4926.575588342	0.001047583	1
0 4 1 0 62 e 	4933.105388342	0.001047583	1
0 0 2 0 64 e 	4934.411530789	0.001047850	2
0 5 1 1 36 e 	4936.125208435	0.000618023	1
0 1 2 1 40 e 	4936.161990061	0.000623006	2
2 2 1 0 28 e 	4936.663694722	0.200003834	2
3 0 1 0 40 e 	4937.502656281	0.000177518	1
2 4 0 0 76 e 	4938.765870007	0.001679324	1
1 2 1 0 70 e 	4939.596099064	0.001318797	3
1 3 1 1 49 e 	4945.242064840	0.001737256	1
2 2 1 0 29 e 	4948.340135264	0.200003889	2
0 5 1 1 37 e 	4951.123400316	0.000621342	2
0 4 1 2 63 e 	4952.081623048	0.001047730	1
0 1 2 1 41 e 	4952.608427653	0.000620105	2
0 1 2 1 41 f 	4952.988833740	0.000623440	1
1 0 2 0 0 e 	4953.879118236	0.000686727	2
1 0 2 0 1 e 	4954.278957108	0.000800000	3
1 0 2 0 2 e 	4955.114993963	0.200000067	2
1 0 2 0 3 e 	4956.279481661	0.000800133	4
1 0 2 0 4 e 	4957.879560768	0.000800160	4
0 4 1 0 63 e 	4958.638323048	0.001047730	1
1 0 2 0 5 e 	4959.879616554	0.000687354	5
0 0 2 0 65 e 	4960.418544688	0.001047943	1
2 2 1 0 30 e 	4960.426835317	0.200003915	2
1 0 2 0 6 e 	4962.279744088	0.000800627	4
1 0 2 0 7 e 	4965.079844699	0.000801961	3
1 3 1 1 50 e 	4965.413970983	0.001974194	1
0 5 1 1 38 e 	4966.526406436	0.000619006	2
1 2 1 0 71 e 	4968.201638546	0.001396796	2
1 0 2 0 8 e 	4968.279979557	0.000688741	5
2 4 0 0 77 e 	4969.567555849	0.002024173	1
3 0 1 0 42 e 	4970.654396281	0.000177518	1
1 4 1 0 1 e 	4970.834522857	0.000800133	1
1 4 1 0 2 e 	4971.643247193	0.000601628	2
1 0 2 0 9 e 	4971.879995482	0.000802015	4
1 4 1 0 3 e 	4972.856505316	0.000686887	3
2 2 1 0 31 e 	4972.935424377	0.000684041	3
1 4 1 0 4 e 	4974.474907142	0.000687020	3
1 0 2 0 10 e 	4975.880144322	0.000688765	5
1 4 1 0 5 e 	4976.496863441	0.000686887	2
1 4 1 0 6 e 	4978.924019620	0.000688354	2
1 4 1 2 8 e 	4979.142808314	0.010605849	1
1 0 2 0 11 e 	4980.280170102	0.000688753	5
1 4 1 0 7 e 	4981.755674372	0.000688724	2
0 5 1 1 39 e 	4982.334618124	0.000620105	1
1 4 1 2 9 e 	4982.787595892	0.010606481	1
0 4 1 0 64 e 	4984.575550774	0.001047850	2
1 4 1 0 8 e 	4984.991454526	0.000688741	3
1 0 2 0 12 e 	4985.079987144	0.000688781	5
2 2 1 0 32 e 	4985.817472069	0.000684049	3
1 3 1 1 51 e 	4985.988607640	0.002937256	1
0 1 2 1 43 e 	4986.705037181	0.000644242	1
0 0 2 0 66 e 	4986.824311635	0.001061286	1
1 4 1 2 10 e 	4986.837433775	0.010605849	1
0 1 2 1 43 f 	4987.120097241	0.000647578	1
1 4 1 0 9 e 	4988.631960664	0.000688753	3
1 0 2 0 13 e 	4990.279825890	0.000802055	3
1 4 1 2 11 e 	4991.291607498	0.010606505	1
1 4 1 0 10 e 	4992.676698242	0.000688765	3
1 0 2 0 14 e 	4995.879708943	0.000688781	5
1 4 1 2 12 e 	4996.149502433	0.010606515	1
1 4 1 0 11 e 	4997.126053946	0.000604048	3
0 5 1 1 40 e 	4998.547090061	0.000623006	2
2 2 1 0 33 e 	4999.218174670	0.200003993	2
1 0 2 0 15 e 	5001.879297964	0.000689782	5
1 4 1 0 12 e 	5001.980042991	0.000604055	3
0 1 2 1 44 e 	5004.352773394	0.000656320	1
0 1 2 1 44 f 	5004.787034976	0.000659656	1
1 3 1 1 52 e 	5006.965470983	0.001974194	1
1 4 1 0 13 e 	5007.238174236	0.000689782	2
1 3 1 1 52 f 	5008.194923218	0.000854862	2
1 0 2 0 16 e 	5008.278640930	0.000690127	5
0 4 1 0 65 e 	5010.917445492	0.001047943	2
2 2 1 0 34 e 	5012.788458827	0.000677392	4
1 4 1 0 14 e 	5012.901141325	0.000690127	2
0 0 2 0 67 e 	5013.628487857	0.001063287	2
1 0 2 0 17 e 	5015.077848347	0.000683492	5
0 5 1 1 41 e 	5015.164777653	0.000620105	2
1 4 1 0 15 e 	5018.968698085	0.000683469	2
1 0 2 0 18 e 	5022.276984812	0.000803437	4
0 1 2 1 45 e 	5022.400919728	0.000657256	2
3 0 1 0 45 e 	5023.372639780	0.000277704	2
1 4 1 0 16 e 	5025.440398655	0.000604825	3
1 4 1 2 17 e 	5026.507477992	0.010607291	1
1 2 1 0 73 e 	5026.616446299	0.001650305	1
2 2 1 0 35 e 	5026.877222059	0.000684057	3
1 3 1 1 53 e 	5028.345156672	0.002155262	2
1 3 1 1 53 f 	5029.621109596	0.004940592	2
1 0 2 0 19 e 	5029.875749528	0.000683572	5
1 4 1 0 17 e 	5032.316874449	0.000605414	3
2 4 0 0 79 e 	5032.361965849	0.002024173	1
1 4 1 2 18 e 	5033.796167581	0.010607880	2
0 4 1 0 66 e 	5037.663311635	0.001061286	1
1 0 2 0 20 e 	5037.874332213	0.000803517	4
1 4 1 0 18 e 	5039.597704310	0.000683546	2
0 0 2 0 68 e 	5040.831149673	0.001065289	2
0 1 2 1 46 e 	5040.847676882	0.000664320	2
0 1 2 1 46 f 	5041.325475267	0.010700592	1
2 2 1 0 36 e 	5041.367950645	0.000677392	4
1 4 1 2 19 e 	5041.488998034	0.010610626	1
3 0 1 0 46 e 	5041.742603467	0.000397311	1
1 0 2 0 21 e 	5046.272363135	0.000683572	6
1 4 1 0 19 e 	5047.283016819	0.000605437	3
1 4 1 2 20 e 	5049.399448112	0.010624825	1
1 3 1 1 54 e 	5050.126953286	0.003174194	2
1 3 1 1 54 f 	5051.450625501	0.000854862	2
1 0 2 0 22 e 	5055.070350645	0.000683594	6
1 4 1 0 20 e 	5055.372802218	0.000605490	3
2 2 1 0 37 e 	5056.260886798	0.000677408	4
0 1 2 1 47 e 	5059.698075617	0.000197256	2
0 1 2 1 47 f 	5060.192375811	0.000700592	1
3 0 1 0 47 e 	5060.511325943	0.000321259	1
1 4 1 0 21 e 	5063.866972713	0.000605517	2
1 0 2 0 23 e 	5064.267665401	0.000803608	4
2 4 0 0 80 e 	5064.354611279	0.002159656	1
0 4 1 0 67 e 	5064.813861040	0.001063287	1
1 4 1 2 22 e 	5066.805780111	0.010624825	2
0 5 1 1 44 e 	5067.446776488	0.000656320	2
0 0 2 0 69 e 	5068.432176502	0.001143287	2
2 2 1 0 38 e 	5071.555694994	0.000677489	3
1 4 1 0 22 e 	5072.765829135	0.000605608	2
1 3 1 1 55 f 	5073.683525420	0.005816863	1
1 0 2 0 24 e 	5073.864958234	0.000683663	4
1 4 1 2 23 e 	5076.094946555	0.010623541	1
0 1 2 1 48 e 	5078.944588223	0.000774194	1
3 0 1 0 48 e 	5079.678353467	0.000397311	1
1 2 1 2 75 e 	5080.447903277	0.002157322	1
1 4 1 0 23 e 	5082.069003796	0.000803608	1
1 0 2 0 25 e 	5083.861638744	0.000683777	5
0 5 1 1 45 e 	5085.683387982	0.000657256	2
1 2 1 0 75 e 	5086.636003277	0.002157322	1
2 2 1 0 39 e 	5087.343310578	0.200004105	2
1 4 1 0 24 e 	5091.776684332	0.000605106	2
0 4 1 0 68 e 	5092.368520250	0.001065289	1
1 0 2 0 26 e 	5094.257816008	0.000683756	5
1 3 1 1 56 e 	5094.897465159	0.003355395	1
1 3 1 1 56 f 	5096.319040246	0.002054862	1
0 0 2 0 70 e 	5096.431449050	0.001318797	2
2 4 0 0 81 e 	5096.744579564	0.002677959	1
0 1 2 1 49 e 	5098.595968502	0.001217256	3
0 1 2 1 49 f 	5099.132538639	0.001220592	1
3 0 1 0 49 e 	5099.244023602	0.000325262	2
1 4 1 0 25 e 	5101.888797684	0.000605647	3
2 2 1 0 40 e 	5103.435713977	0.200004118	2
0 5 1 1 46 e 	5104.324926882	0.000664320	2
1 0 2 0 27 e 	5105.053453687	0.000683777	5
1 4 1 2 26 e 	5106.475057679	0.010621543	1
1 4 1 0 26 e 	5112.405413588	0.000605771	3
0 4 1 2 69 e 	5113.574914674	0.001143287	1
1 0 2 0 28 e 	5116.248705059	0.000683944	5
1 2 1 0 76 e 	5117.247450007	0.002079324	1
0 2 2 2 4 e 	5117.739423974	0.013810185	3
1 3 1 1 57 e 	5117.886608653	0.000955262	1
0 1 2 1 50 e 	5118.643729603	0.000774194	2
0 1 2 1 50 f 	5119.203513487	0.000770859	1
3 0 1 0 50 e 	5119.208134625	0.000403260	1
1 3 1 1 57 f 	5119.358191342	0.001016863	1
2 2 1 0 41 e 	5119.852608550	0.000677502	4
0 4 1 0 69 e 	5120.327414674	0.001143287	1
0 2 2 0 0 e 	5120.983578662	0.000800067	2
0 2 2 0 1 e 	5121.385515546	0.000800000	2
0 2 2 2 6 e 	5122.168366139	0.013805849	1
0 2 2 0 2 e 	5122.190132647	0.000602000	4
1 4 1 0 27 e 	5123.326488578	0.000683777	2
0 5 1 1 47 e 	5123.371158095	0.000697256	2
0 2 2 0 3 e 	5123.396896088	0.000800133	4
0 0 2 0 71 e 	5124.828992314	0.001396796	2
0 2 2 2 7 e 	5124.947884147	0.010605822	1
0 2 2 0 4 e 	5125.006213602	0.000800160	4
0 2 2 0 5 e 	5127.017644733	0.000800294	5
1 0 2 0 29 e 	5127.843177768	0.000683970	3
0 2 2 2 8 e 	5128.167108314	0.010605849	1
0 2 2 0 6 e 	5129.431391141	0.000800627	4
2 4 0 0 82 e 	5129.532140161	0.002756464	1
0 2 2 2 9 e 	5131.788784147	0.010605822	1
0 2 2 0 7 e 	5132.247520014	0.000801961	4
1 4 1 0 28 e 	5134.652124097	0.000605771	3
0 2 2 0 8 e 	5135.465870773	0.000604015	5
2 2 1 0 42 e 	5136.755318526	0.000677518	3
0 2 2 0 9 e 	5139.086664090	0.000603997	5
0 1 2 1 51 e 	5139.094529124	0.001737256	3
3 0 1 0 51 e 	5139.570542013	0.000405262	1
0 1 2 1 51 f 	5139.674938640	0.001740592	1
1 0 2 0 30 e 	5139.836984982	0.000683944	4
0 2 2 2 11 e 	5140.239151695	0.010606481	2
1 4 1 2 29 e 	5140.423870920	0.010617986	1
1 3 1 1 58 e 	5141.278029796	0.002155395	2
1 3 1 1 58 f 	5142.800004101	0.005254862	1
0 5 1 1 48 e 	5142.821831202	0.000770192	2
0 2 2 0 10 e 	5143.109732594	0.000802026	4
0 2 2 2 12 e 	5145.067968104	0.010605849	2
1 4 1 0 29 e 	5146.382138651	0.000683889	2
0 2 2 0 11 e 	5147.534601502	0.000603382	6
0 4 1 0 70 e 	5148.690349050	0.001318797	2
0 2 2 2 13 e 	5150.299003069	0.010607515	1
1 0 2 0 31 e 	5152.230322669	0.000684041	3
0 2 2 0 12 e 	5152.362032412	0.000604038	6
1 4 1 2 30 e 	5152.532707367	0.010621946	1
0 0 2 0 72 e 	5153.624631305	0.001572306	2
2 2 1 0 43 e 	5154.059831673	0.000677554	3
0 2 2 2 14 e 	5155.932391154	0.010608516	1
0 2 2 0 13 e 	5157.591713424	0.000604048	5
1 4 1 0 30 e 	5158.516572235	0.000605889	3
0 1 2 1 52 e 	5159.943712604	0.001974194	2
3 0 1 0 52 e 	5160.331232528	0.000411988	2
0 1 2 1 52 f 	5160.546835681	0.002054862	1
0 5 1 1 49 e 	5162.677002666	0.001217256	2
2 4 0 0 83 e 	5162.721295312	0.003318264	1
0 2 2 0 14 e 	5163.223336839	0.000803414	3
1 0 2 0 32 e 	5165.022712322	0.000684001	3
1 3 1 1 59 e 	5165.072085961	0.002155528	1
1 4 1 2 31 f 	5165.101233851	0.010622706	1
0 2 2 2 16 e 	5168.393822455	0.010607880	1
0 2 2 0 15 e 	5169.257484726	0.000605055	5
1 4 1 0 31 e 	5171.055464370	0.000605320	3
2 2 1 0 44 e 	5171.766353460	0.000745626	3
1 2 1 2 78 e 	5173.430619205	0.002346175	1
0 2 2 2 17 e 	5175.236256786	0.010607291	2
0 2 2 0 16 e 	5175.693688754	0.000803414	4
0 4 1 0 71 e 	5177.457438330	0.001396796	1
1 4 1 2 32 e 	5178.029707856	0.010617342	1
1 0 2 0 33 e 	5178.214522493	0.000684041	3
1 2 1 0 78 e 	5179.672719205	0.002346175	1
0 1 2 1 53 e 	5181.192981799	0.002155262	3
3 0 1 0 53 e 	5181.490299496	0.000485262	2
0 1 2 1 53 f 	5181.818928074	0.004940592	1
0 2 2 2 18 e 	5182.475712706	0.010607904	1
0 2 2 0 17 e 	5182.531986498	0.000803490	3
0 0 2 0 73 e 	5182.818391772	0.001650305	2
0 5 1 1 50 e 	5182.936688223	0.000774194	1
1 4 1 0 32 e 	5183.998700275	0.000605342	2
0 2 2 0 18 e 	5189.772546271	0.000803517	3
2 2 1 0 45 e 	5189.874746235	0.000677704	3
1 3 1 1 60 f 	5190.892530771	0.001017183	1
1 4 1 2 33 f 	5191.412432419	0.010622706	2
1 4 1 2 33 e 	5191.416978517	0.010617986	1
1 0 2 0 34 e 	5191.805558223	0.000677392	4
2 4 0 0 84 e 	5196.267024341	0.003250139	1
1 4 1 0 33 e 	5197.346544120	0.000605986	2
0 2 2 0 19 e 	5197.415274410	0.000803539	3
0 2 2 2 20 e 	5198.167412706	0.010607904	1
0 6 1 0 5 e 	5202.111654957	0.000602160	2
0 1 2 1 54 e 	5202.841959261	0.003174194	2
3 0 1 0 54 e 	5203.047695809	0.000487263	2
0 1 2 1 54 f 	5203.491510755	0.000854862	1
0 5 1 1 51 e 	5203.601036240	0.001737256	2
0 6 1 0 6 e 	5204.551618626	0.000800627	1
1 4 1 2 34 e 	5205.142975816	0.010618008	1
1 4 1 2 34 f 	5205.174205585	0.010618920	1
0 2 2 0 20 e 	5205.460330574	0.000605490	4
1 0 2 0 35 e 	5205.808097408	0.200004008	2
0 4 1 0 72 e 	5206.628319004	0.001572306	1
0 6 1 0 7 e 	5207.397365061	0.000602627	1
2 2 1 0 46 e 	5208.505633038	0.200074244	2
0 6 1 0 8 e 	5210.650395522	0.000604015	1
1 4 1 0 34 e 	5211.098697967	0.000606008	2
0 0 2 0 74 e 	5212.410146806	0.001825815	2
1 3 1 1 61 e 	5213.864520072	0.002155728	1
0 2 2 0 21 e 	5213.968284514	0.200003539	2
0 6 1 0 9 e 	5214.308390832	0.000603382	2
0 2 2 2 22 f 	5215.193572735	0.012016020	1
0 2 2 2 22 e 	5215.277552470	0.010624825	3
1 3 1 1 61 f 	5215.543006118	0.001017083	1
1 4 1 2 35 e 	5219.332601467	0.010618023	2
1 4 1 2 35 f 	5219.341130986	0.010623670	1
1 0 2 0 36 e 	5220.184952945	0.000677454	3
0 2 2 0 22 e 	5222.756251567	0.000605539	5
0 2 2 2 23 e 	5224.486574923	0.010619541	1
0 5 1 1 52 e 	5224.669865122	0.001974194	2
0 1 2 1 55 e 	5224.890406882	0.000955262	3
3 0 1 0 55 e 	5225.003288606	0.000576658	2
1 4 1 0 35 e 	5225.255597738	0.000606001	2
0 1 2 1 55 f 	5225.564391118	0.006140592	1
2 2 1 0 47 e 	5227.406115129	0.200117256	2
0 4 1 2 73 e 	5229.284346299	0.001650305	1
2 4 0 0 85 e 	5230.259232378	0.003878651	1
0 2 2 0 23 e 	5232.007269961	0.000605647	4
0 6 1 0 13 e 	5233.009813622	0.000604048	1
1 4 1 2 36 e 	5233.872490648	0.010618008	2
1 4 1 2 36 f 	5233.912915362	0.011827440	1
0 2 2 2 24 e 	5234.185234895	0.010621543	2
1 0 2 0 37 e 	5234.973235680	0.000677408	4
0 6 1 0 14 e 	5238.701465979	0.000604055	2
1 3 1 1 62 e 	5238.863540861	0.002155635	2
1 4 1 0 36 e 	5239.816550210	0.000606008	1
1 3 1 1 62 f 	5240.596330771	0.001017183	1
0 2 2 0 24 e 	5241.660475209	0.000605106	5
0 0 2 0 75 e 	5242.399903277	0.002157322	2
1 2 1 0 80 e 	5243.701511279	0.002559656	1
0 2 2 2 25 e 	5244.198755129	0.010619541	2
0 6 1 0 15 e 	5244.799733785	0.000605055	1
0 5 1 1 53 e 	5246.143007640	0.002937256	1
2 2 1 0 48 e 	5246.609402422	0.000801314	2
3 0 1 0 56 e 	5247.343864504	0.000567263	3
0 1 2 1 56 f 	5248.037140246	0.002054862	1
1 4 1 2 37 e 	5248.843007192	0.010619006	1
1 4 1 2 37 f 	5248.887149233	0.010615670	2
1 0 2 0 38 e 	5250.160392769	0.000677489	3
0 6 1 0 16 e 	5251.304756249	0.000605400	2
0 2 2 0 25 e 	5251.715678782	0.000605722	4
0 2 2 2 26 e 	5254.633342980	0.010621543	1
1 4 1 0 37 e 	5254.782204870	0.000677408	1
0 6 1 0 17 e 	5258.215429217	0.000605414	1
0 4 1 2 74 e 	5259.217143606	0.001825815	1
0 2 2 0 26 e 	5262.172403933	0.000803834	4
1 4 1 2 38 e 	5264.216705479	0.010621342	1
1 3 1 1 63 e 	5264.264520072	0.002155728	1
1 4 1 2 38 f 	5264.267215362	0.010627440	2
2 4 0 0 86 e 	5264.634361191	0.003890582	1
0 2 2 2 27 e 	5265.518121862	0.010621320	2
1 0 2 0 39 e 	5265.746666587	0.000677464	3
1 3 1 1 63 f 	5266.052380298	0.001017310	1
0 4 1 0 74 e 	5266.182143606	0.001825815	1
2 2 1 0 49 e 	5266.324211677	0.000799313	2
0 5 1 1 54 e 	5268.020659261	0.003174194	1
3 0 1 0 57 e 	5270.106556287	0.000569264	2
1 4 1 0 38 e 	5270.151829614	0.000606070	3
0 1 2 1 57 e 	5270.188273514	0.000955262	2
0 1 2 1 57 f 	5270.910325420	0.005816863	1
0 0 2 0 76 e 	5272.787519205	0.002346175	1
0 2 2 0 27 e 	5273.031778755	0.000605834	4
0 6 1 0 19 e 	5273.257268233	0.000803539	1
1 2 1 0 81 e 	5276.316803007	0.002717710	2
0 2 2 2 28 e 	5276.758542980	0.010621543	1
2 3 1 1 1 e 	5280.943062319	0.000811122	1
0 6 1 0 20 e 	5281.388186205	0.000803573	1
1 0 2 0 40 e 	5281.716626155	0.200004170	2
2 3 1 1 2 e 	5281.749705102	0.000811095	2
2 3 1 1 2 f 	5281.751557846	0.000811088	1
2 3 1 1 3 e 	5282.959218012	0.000809094	2
2 3 1 1 3 f 	5282.962601524	0.000809087	1
0 2 2 0 28 e 	5284.292042742	0.000803915	3
2 3 1 1 4 e 	5284.568605972	0.000809762	2
2 3 1 1 4 f 	5284.573156969	0.000809756	2
1 4 1 0 39 e 	5285.926066884	0.000677464	1
2 2 1 0 50 e 	5286.330744625	0.200203260	1
2 3 1 1 5 e 	5286.589063463	0.000805094	2
2 3 1 1 5 f 	5286.596205319	0.000805087	2
0 2 2 2 29 e 	5288.446508389	0.010621320	1
2 3 1 1 6 e 	5289.002450456	0.000805822	2
2 3 1 1 6 f 	5289.015385506	0.000805756	2
0 4 1 2 75 e 	5289.553037245	0.001903813	1
1 3 1 1 64 e 	5290.067913576	0.003062904	1
0 5 1 1 55 e 	5290.302608653	0.000955262	1
2 3 1 1 7 e 	5291.825577871	0.000805094	2
2 3 1 1 7 f 	5291.848646929	0.000805087	2
3 0 1 0 58 e 	5293.256735895	0.000571266	2
0 1 2 1 58 e 	5293.436590548	0.002155395	3
0 1 2 1 58 f 	5294.183404101	0.005254862	1
2 3 1 1 8 e 	5295.045539649	0.000805822	2
2 3 1 1 8 f 	5295.078646001	0.000805756	2
0 2 2 0 29 e 	5295.955874481	0.000605320	3
1 4 1 2 40 e 	5296.175550697	0.010624105	1
0 4 1 0 75 e 	5296.564737245	0.001903813	1
1 0 2 0 41 e 	5298.115985225	0.000677502	3
2 3 1 1 9 e 	5298.671994926	0.000805856	2
2 3 1 1 9 f 	5298.713877836	0.000805842	2
0 6 1 0 22 e 	5298.869982088	0.000803647	1
0 2 2 2 30 e 	5300.473557611	0.010617342	3
2 3 1 1 10 e 	5302.700433055	0.000806488	2
2 3 1 1 10 f 	5302.753689258	0.000806475	2
2 2 1 0 51 e 	5306.883432013	0.200205262	1
2 3 1 1 11 e 	5307.131971454	0.000805856	2
2 3 1 1 11 f 	5307.195614635	0.000805842	2
0 2 2 0 30 e 	5308.020655486	0.000605889	5
2 3 1 1 12 e 	5311.966675968	0.000806632	2
2 3 1 1 12 f 	5312.041494867	0.000806498	2
1 4 1 2 41 e 	5312.760722494	0.010623006	1
0 2 2 2 31 e 	5312.975724719	0.010617986	2
0 5 1 1 56 e 	5312.988347311	0.004374194	1
1 0 2 0 42 e 	5314.898716845	0.000677518	3
1 3 1 1 65 e 	5316.272519332	0.003049561	1
3 0 1 0 59 e 	5316.804372306	0.000647456	2
0 1 2 1 59 e 	5317.086177294	0.002155262	2
2 3 1 1 13 e 	5317.204049079	0.000806515	2
2 3 1 1 13 f 	5317.291849340	0.000806508	1
0 1 2 1 59 f 	5317.856691342	0.001016863	1
0 6 1 0 24 e 	5317.977224088	0.000803647	1
1 3 1 1 65 f 	5318.171946195	0.001097450	2
1 4 1 0 41 e 	5318.687512632	0.000606118	2
0 2 2 0 31 e 	5320.563763624	0.200003946	2
2 3 1 1 14 e 	5322.846005682	0.000810632	2
2 3 1 1 14 f 	5322.945779301	0.000806515	1
0 2 2 2 32 e 	5325.813705462	0.010617342	2
0 4 1 0 76 e 	5327.351850007	0.002079324	1
2 2 1 0 52 e 	5327.877953856	0.000898659	2
2 3 1 1 15 e 	5328.887728539	0.000809849	2
2 3 1 1 15 f 	5329.003368812	0.000807515	2
1 4 1 2 42 f 	5329.825199960	0.010647578	2
1 0 2 0 43 e 	5332.080430492	0.000677554	3
0 2 2 0 32 e 	5333.355868176	0.000605342	5
2 4 0 0 88 e 	5334.570221191	0.003890582	1
2 3 1 1 16 e 	5335.334192370	0.000814632	2
2 3 1 1 16 f 	5335.464368394	0.000807285	2
1 4 1 0 42 e 	5335.674692127	0.000606134	4
0 6 1 0 26 e 	5338.711203837	0.000803722	1
0 2 2 2 33 e 	5339.112261291	0.010618023	1
3 0 1 0 60 e 	5340.749782927	0.000647583	2
0 1 2 1 60 e 	5341.133230610	0.002155395	3
0 1 2 1 60 f 	5341.929771693	0.001016970	1
2 3 1 1 17 e 	5342.183059455	0.000813849	2
2 3 1 1 17 f 	5342.329739291	0.000807874	2
1 2 1 0 83 e 	5342.749179564	0.003077959	1
1 3 1 1 66 e 	5342.876300506	0.011063287	1
1 3 1 1 66 f 	5344.835406671	0.001097543	1
0 2 2 0 33 e 	5346.626255612	0.000605986	4
1 4 1 2 43 e 	5347.139699086	0.011143006	1
2 2 1 0 53 e 	5349.151544791	0.200285262	1
2 3 1 1 18 e 	5349.434434993	0.000817414	1
2 3 1 1 18 f 	5349.598565896	0.000807285	2
1 0 2 0 44 e 	5349.687420018	0.200074244	1
0 2 2 2 34 e 	5352.759475816	0.010618008	1
1 4 1 0 43 e 	5353.066471369	0.000632170	3
2 3 1 1 19 e 	5357.088918414	0.000816825	1
2 3 1 1 19 f 	5357.271187373	0.000807897	2
0 5 1 1 58 e 	5359.572865159	0.003355395	1
0 2 2 0 34 e 	5360.298304238	0.000605342	5
1 4 1 2 44 f 	5365.029402049	0.010647578	1
3 0 1 0 61 e 	5365.093130681	0.000647730	2
2 3 1 1 20 e 	5365.145604893	0.000817437	2
2 3 1 1 20 f 	5365.347065853	0.000810619	2
0 1 2 1 61 e 	5365.579842018	0.001655528	2
0 0 2 0 79 e 	5366.336126451	0.002717710	1
0 1 2 1 61 f 	5366.403006118	0.001017083	1
0 2 2 2 35 e 	5366.863561291	0.010618023	1
1 0 2 0 45 e 	5367.639602219	0.000677704	3
1 3 1 1 67 e 	5369.887364841	0.004249561	2
2 4 0 0 89 e 	5370.132459754	0.004599150	1
1 4 1 0 44 e 	5370.862381380	0.000632242	2
2 2 1 0 54 e 	5370.920207552	0.000985331	2
1 3 1 1 67 f 	5371.901494061	0.011143287	1
2 3 1 1 21 e 	5373.605324829	0.000820825	1
2 3 1 1 21 f 	5373.827086921	0.000811897	1
0 2 2 0 35 e 	5374.372204688	0.000606001	5
1 2 1 0 84 e 	5376.565850161	0.002956464	1
0 2 2 2 36 e 	5381.314075816	0.010618008	1
2 3 1 1 22 e 	5382.467767418	0.000820771	1
2 3 1 1 22 f 	5382.710438234	0.000814619	2
1 4 1 2 45 f 	5383.237660039	0.010659656	2
0 5 1 1 59 e 	5383.473962168	0.002155262	2
1 0 2 0 46 e 	5386.017252852	0.000745626	2
0 2 2 0 36 e 	5388.847639193	0.000606070	4
1 4 1 0 45 e 	5389.062354383	0.000644320	2
3 0 1 0 62 e 	5389.834011785	0.000960868	1
0 1 2 1 62 e 	5390.426049157	0.002155635	1
0 1 2 1 62 f 	5391.275630771	0.001017183	1
2 3 1 1 23 e 	5391.732711224	0.000824825	2
2 3 1 1 23 f 	5391.997575677	0.000815173	2
2 2 1 0 55 e 	5393.044516246	0.000976658	2
0 2 2 2 37 e 	5396.220141642	0.010618023	1
1 3 1 1 68 e 	5397.294891715	0.011143287	1
0 6 1 0 31 e 	5397.661000571	0.000605986	3
0 0 2 0 80 e 	5398.314274778	0.002562858	1
2 3 1 1 24 e 	5401.400158627	0.000819541	2
2 3 1 1 24 f 	5401.688039613	0.000819208	1
1 4 1 2 46 e 	5401.737079178	0.010697256	1
0 2 2 0 37 e 	5403.724798426	0.000804105	3
1 0 2 0 47 e 	5404.793311204	0.000799313	2
2 4 0 0 90 e 	5406.090708671	0.004904478	1
1 4 1 0 46 e 	5407.666898539	0.000677256	2
0 5 1 1 60 e 	5407.776621795	0.002155395	2
0 6 1 0 32 e 	5410.670340276	0.000605342	1
2 3 1 1 25 e 	5411.470446916	0.000821543	2
0 2 2 2 38 e 	5411.473928088	0.010621342	2
2 3 1 1 25 f 	5411.782170611	0.000815247	2
3 0 1 0 63 e 	5414.972844688	0.000647943	1
2 2 1 0 56 e 	5415.530090438	0.200367263	1
0 1 2 1 63 e 	5415.671278474	0.002155728	3
0 1 2 1 63 f 	5416.548180298	0.001017310	1
0 2 2 0 38 e 	5419.003835806	0.000606105	4
2 3 1 1 26 e 	5421.943367823	0.000819541	2
2 3 1 1 26 f 	5422.279972613	0.000819208	1
1 0 2 0 48 e 	5423.967902976	0.000801314	2
0 6 1 0 33 e 	5424.086675869	0.000605986	2
1 3 1 1 69 e 	5425.108199275	0.006249561	1
1 4 1 0 47 e 	5426.675491218	0.000759257	1
0 2 2 2 39 e 	5427.156622494	0.010623006	1
1 3 1 1 69 f 	5427.240094061	0.011143287	1
0 0 2 0 81 e 	5430.690079564	0.003077959	1
0 5 1 1 61 e 	5432.483085961	0.002155528	1
2 3 1 1 27 e 	5432.818402036	0.000821543	2
2 3 1 1 27 f 	5433.181083724	0.000818920	2
0 2 2 0 39 e 	5434.684218603	0.000606118	4
0 6 1 0 34 e 	5437.909345243	0.000605342	2
2 2 1 0 57 e 	5438.467580892	0.200369264	1
3 0 1 0 64 e 	5440.509449869	0.000661286	2
0 1 2 1 64 e 	5441.315773071	0.002155835	2
0 1 2 1 64 f 	5442.220290265	0.001017390	1
2 4 0 0 91 e 	5442.445530664	0.006106444	1
0 2 2 2 40 e 	5443.261266462	0.010620105	1
1 0 2 0 49 e 	5443.541020076	0.000799313	3
2 3 1 1 28 e 	5444.096463399	0.000821320	2
2 3 1 1 28 f 	5444.485503583	0.000815371	2
1 2 1 0 86 e 	5445.400401191	0.004090582	1
1 4 1 0 48 e 	5446.088513688	0.000757256	2
4 0 1 0 3 e 	5447.351266431	0.000800294	1
0 2 2 0 40 e 	5450.766190358	0.000606134	3
4 0 1 0 5 e 	5450.937370200	0.000800294	2
0 6 1 0 35 e 	5452.138605615	0.000606001	2
4 0 1 0 6 e 	5453.328250813	0.000801997	1
1 1 2 1 2 e 	5453.663798450	0.000811095	2
1 1 2 1 2 f 	5453.665741053	0.000815088	1
0 4 1 0 80 e 	5454.533511279	0.002559656	1
1 1 2 1 3 e 	5454.865733705	0.000809094	1
1 1 2 1 3 f 	5454.868466479	0.000811115	1
1 3 1 1 70 f 	5455.513190177	0.008577906	1
2 3 1 1 29 e 	5455.776466599	0.000817946	2
4 0 1 0 7 e 	5456.117684968	0.000801961	1
2 3 1 1 29 f 	5456.193760917	0.000814920	1
0 5 1 1 62 e 	5457.594040861	0.002155635	2
1 1 2 1 5 e 	5458.470518220	0.000805094	1
4 0 1 0 8 e 	5459.305692813	0.000801997	1
1 4 1 2 49 e 	5459.963833223	0.010774194	1
1 1 2 1 6 e 	5460.875710626	0.000873098	1
1 1 2 1 6 f 	5460.883897921	0.000805756	1
2 2 1 0 58 e 	5461.829001288	0.200371266	1
4 0 1 0 9 e 	5462.891730269	0.000802015	2
0 0 2 0 82 e 	5463.462750161	0.002956464	1
1 0 2 0 50 e 	5463.512402866	0.000801314	2
1 1 2 1 7 e 	5463.677531521	0.000806471	1
1 4 1 0 49 e 	5465.905806838	0.000763260	2
3 0 1 0 65 e 	5466.443331082	0.000663287	2
0 6 1 0 36 e 	5466.774375080	0.000606008	2
4 0 1 0 10 e 	5466.876107765	0.000802026	2
1 1 2 1 8 e 	5466.881185666	0.000806488	2
0 2 2 0 41 e 	5467.249692809	0.000804242	3
0 1 2 1 65 e 	5467.360383900	0.003049561	3
2 3 1 1 30 e 	5467.859270338	0.000817986	2
0 1 2 1 65 f 	5468.294006671	0.011097543	1
2 3 1 1 30 f 	5468.304954487	0.000818706	2
1 1 2 1 9 e 	5470.485839089	0.000805856	2
4 0 1 0 11 e 	5471.259205243	0.000802038	2
1 1 2 1 10 e 	5474.491881320	0.000806632	1
0 2 2 2 42 e 	5476.631066462	0.010620105	2
1 1 2 1 11 e 	5478.897330576	0.000806515	1
2 4 0 0 92 e 	5479.195742193	0.006119787	1
1 4 1 2 50 e 	5480.178309837	0.011737256	1
2 3 1 1 31 e 	5480.344315553	0.000817342	2
1 2 1 0 87 e 	5480.390562378	0.004078651	1
2 3 1 1 31 f 	5480.819922503	0.000814920	2
0 6 1 0 37 e 	5481.816473510	0.000606023	2
1 3 1 1 71 e 	5481.934599275	0.006249561	1
0 5 1 1 63 e 	5483.108719702	0.002155728	2
1 1 2 1 12 e 	5483.702263666	0.000866515	1
1 1 2 1 12 f 	5483.742780367	0.000806498	2
1 0 2 0 51 e 	5483.882141644	0.000809987	3
0 2 2 0 42 e 	5484.134783497	0.000606134	4
1 3 1 1 71 f 	5484.188046736	0.011396796	1
2 2 1 0 59 e 	5485.550811872	0.001084677	2
1 4 1 0 50 e 	5486.127202701	0.000801314	1
4 0 1 0 14 e 	5486.799191080	0.000803414	1
1 1 2 1 13 f 	5488.945493340	0.000806508	1
3 0 1 0 66 e 	5492.775141635	0.000661286	1
4 0 1 0 15 e 	5492.775521214	0.000803400	2
2 3 1 1 32 e 	5493.232067690	0.000821986	1
2 3 1 1 32 f 	5493.737861694	0.000823670	1
0 1 2 1 66 e 	5493.799900506	0.011063287	1
0 2 2 2 43 e 	5493.895499086	0.011143006	2
1 1 2 1 14 e 	5494.516518664	0.000866515	2
1 1 2 1 14 f 	5494.569386967	0.000806515	2
0 1 2 1 66 f 	5494.763506671	0.000697543	1
0 0 2 0 83 e 	5496.632905312	0.003518264	2
0 6 1 0 38 e 	5497.265099949	0.000606070	1
4 0 1 0 16 e 	5499.150277656	0.000803437	1
1 4 1 2 51 e 	5500.799790382	0.011974194	1
1 4 1 2 51 f 	5500.963964581	0.010770859	2
0 2 2 0 43 e 	5501.421342501	0.000632170	4
1 0 2 0 52 e 	5504.650076378	0.000811988	3
4 0 1 0 17 e 	5505.923730594	0.000803427	2
2 3 1 1 33 e 	5506.521965769	0.000818008	1
1 1 2 1 16 e 	5506.931445039	0.000873849	1
2 3 1 1 33 f 	5507.059238337	0.000822255	1
2 2 1 0 60 e 	5509.679091267	0.001082676	1
1 3 1 1 72 e 	5511.090892862	0.011650305	2
0 2 2 2 44 e 	5511.605166462	0.011820105	1
4 0 1 0 18 e 	5513.095583709	0.000803437	2
0 6 1 0 39 e 	5513.120575819	0.000606079	2
1 3 1 1 72 f 	5513.264791626	0.008577906	2
1 1 2 1 17 e 	5513.740252421	0.000874632	2
1 1 2 1 17 f 	5513.817317756	0.000807874	1
0 2 2 0 44 e 	5519.168478920	0.200004320	2
3 0 1 0 67 e 	5519.504451493	0.000992043	1
2 3 1 1 34 e 	5520.214072435	0.000818023	1
0 1 2 1 67 e 	5520.644976783	0.005449561	1
4 0 1 0 19 e 	5520.665279931	0.000803490	2
2 3 1 1 34 f 	5520.783411694	0.000823670	1
1 1 2 1 18 e 	5520.949445039	0.000873849	1
0 1 2 1 67 f 	5521.634307479	0.001110886	2
1 4 1 2 52 f 	5521.997573356	0.011740592	2
1 0 2 0 53 e 	5525.816216908	0.000976658	2
1 1 2 1 19 e 	5528.557652343	0.000877414	2
4 0 1 0 20 e 	5528.633398762	0.000803517	1
0 6 1 0 40 e 	5529.382435871	0.000606105	1
0 2 2 2 45 e 	5529.678226882	0.010664320	1
0 0 2 0 84 e 	5530.200234341	0.003450139	1
2 3 1 1 35 e 	5534.308792769	0.000818008	1
2 3 1 1 35 f 	5534.911389337	0.000822255	1
1 1 2 1 20 e 	5536.567854318	0.000876825	1
4 0 1 0 21 e 	5536.999780514	0.000803539	2
0 2 2 0 45 e 	5537.198402139	0.000644320	3
1 3 1 1 73 f 	5542.744023298	0.008655905	1
1 4 1 2 53 f 	5543.435364244	0.011970859	1
1 1 2 1 21 e 	5544.976489798	0.000877437	2
1 1 2 1 21 f 	5545.091927921	0.000811897	1
4 0 1 0 22 e 	5545.764364205	0.000803573	1
0 6 1 0 41 e 	5546.051240435	0.000606118	1
3 0 1 0 68 e 	5546.631192212	0.001070042	1
1 0 2 0 54 e 	5547.416887243	0.200287263	1
0 1 2 1 68 e 	5547.883999627	0.010663287	2
0 2 2 2 46 e 	5548.168068854	0.010697256	2
0 2 2 2 46 f 	5548.198260811	0.010700592	1
2 3 1 1 36 e 	5548.805418776	0.000818023	2
0 1 2 1 68 f 	5548.904466379	0.000712887	1
2 3 1 1 36 f 	5549.442441955	0.000815670	2
1 1 2 1 22 e 	5553.786593420	0.000884825	1
1 1 2 1 22 f 	5553.912829071	0.000814619	1
4 0 1 0 23 e 	5554.927233086	0.000803701	1
0 2 2 0 46 e 	5555.688748697	0.000677256	3
2 2 1 0 62 e 	5559.141031046	0.001167813	1
0 5 1 1 66 e 	5562.076813576	0.003062904	1
1 1 2 1 23 e 	5562.996285017	0.002077437	1
0 6 1 0 42 e 	5563.125976623	0.000632242	1
1 1 2 1 23 f 	5563.134430068	0.000815173	1
2 3 1 1 37 e 	5563.704441514	0.000824105	1
0 0 2 0 85 e 	5564.164662378	0.004078651	1
2 3 1 1 37 f 	5564.376529109	0.000824678	2
4 0 1 0 24 e 	5564.488015088	0.000803647	1
0 2 2 2 47 e 	5567.062113223	0.010774194	1
1 0 2 0 55 e 	5569.343016800	0.000976658	2
1 3 1 1 74 e 	5570.325500325	0.011903813	1
1 4 1 0 54 e 	5571.053822998	0.000845262	2
1 3 1 1 74 f 	5572.624393074	0.008831415	1
4 0 1 0 25 e 	5574.447101162	0.000803701	2
0 2 2 0 47 e 	5574.608885943	0.200121259	2
0 1 2 1 69 e 	5575.526942425	0.005049561	3
2 3 1 1 38 e 	5579.005485436	0.000819006	2
2 3 1 1 38 f 	5579.713618781	0.000815670	2
1 1 2 1 25 e 	5582.617507358	0.000879541	1
4 0 1 0 26 e 	5584.804463016	0.000803722	2
0 5 1 1 67 e 	5589.208252898	0.004249561	1
1 0 2 0 56 e 	5591.730090438	0.200367263	1
1 1 2 1 26 e 	5593.028638651	0.000881543	1
1 1 2 1 26 f 	5593.202704613	0.000819208	1
0 2 2 0 48 e 	5593.873686639	0.000757256	2
2 3 1 1 39 e 	5594.708791514	0.000824105	1
2 3 1 1 39 f 	5595.453989955	0.000823440	2
4 0 1 0 27 e 	5595.559556414	0.000803771	2
0 6 1 0 44 e 	5598.495293732	0.000632242	2
0 0 2 0 86 e 	5598.526101191	0.004090582	1
3 0 1 0 70 e 	5602.076987316	0.001323550	2
1 3 1 1 75 f 	5602.907276277	0.009162922	1
1 1 2 1 27 e 	5603.838694764	0.000879541	2
1 1 2 1 27 f 	5604.027037937	0.000819247	1
0 1 2 1 70 f 	5604.643646736	0.021396796	1
3 2 1 0 4 e 	5606.488648626	0.001200627	1
4 0 1 0 28 e 	5606.712967722	0.000803834	2
3 2 1 0 5 e 	5608.499927968	0.001201961	1
2 3 1 1 40 e 	5610.813921061	0.000823006	2
3 2 1 0 6 e 	5610.911936626	0.001200627	1
2 3 1 1 40 f 	5611.597965085	0.000819670	2
0 2 2 0 49 e 	5613.602376050	0.200125262	1
3 2 1 0 7 e 	5613.726945871	0.001201961	2
1 1 2 1 28 e 	5615.048738651	0.000881543	1
1 1 2 1 28 f 	5615.251296442	0.000815371	1
1 4 1 0 56 e 	5615.941993940	0.000929264	1
0 6 1 0 45 e 	5616.789549966	0.000644320	1
3 2 1 0 8 e 	5616.943569187	0.001201997	2
4 0 1 0 29 e 	5618.264172264	0.000803889	2
3 2 1 0 9 e 	5620.562233764	0.001202038	1
0 2 2 2 50 e 	5626.144909837	0.011737256	2
1 1 2 1 29 e 	5626.661630434	0.000881320	1
1 1 2 1 29 f 	5626.876388510	0.000818920	1
2 3 1 1 41 e 	5627.321116124	0.000820105	1
2 3 1 1 41 f 	5628.143779740	0.000823440	1
3 2 1 0 11 e 	5629.006675743	0.001202038	2
4 0 1 0 30 e 	5630.213543385	0.000803986	1
3 0 1 0 71 e 	5630.396216299	0.001450305	1
1 3 1 1 76 e 	5631.163900325	0.011903813	1
0 1 2 1 71 f 	5633.110926736	0.010996796	1
1 4 1 2 57 f 	5633.215674346	0.011016996	1
0 0 2 0 87 e 	5633.284359754	0.004799150	1
0 2 2 0 50 e 	5633.663272627	0.000761259	3
3 2 1 0 12 e 	5633.831553273	0.001202048	2
0 3 2 1 2 e 	5635.452709267	0.000613122	1
0 6 1 0 46 e 	5635.492510841	0.000677256	1
0 3 2 1 3 e 	5636.650425705	0.000809094	1
1 4 1 0 57 e 	5638.991492425	0.000927263	1
3 2 1 0 13 e 	5639.058079295	0.001202055	2
0 3 2 1 5 e 	5640.270491756	0.000607822	1
4 0 1 0 31 e 	5642.560753124	0.000803946	2
0 3 2 1 6 e 	5642.688687508	0.000805822	1
2 3 1 1 42 e 	5644.230796381	0.000856320	2
3 2 1 0 14 e 	5644.687493829	0.001203389	2
2 3 1 1 42 f 	5645.092443435	0.001339670	1
0 2 2 2 51 e 	5646.645190382	0.011974194	1
0 3 2 1 8 e 	5648.725979619	0.000607856	2
0 3 2 1 8 f 	5648.757560920	0.000805756	1
3 2 1 0 15 e 	5650.718361214	0.001203400	2
1 1 2 1 31 f 	5651.328046917	0.000814920	1
0 3 2 1 9 e 	5652.349027521	0.000806471	1
0 3 2 1 9 f 	5652.388112743	0.000806457	1
0 2 2 0 51 e 	5654.159702736	0.000763260	2
4 0 1 0 32 e 	5655.306228848	0.000803986	2
0 3 2 1 10 e 	5656.374360219	0.000607856	2
0 3 2 1 10 f 	5656.421500433	0.000806498	1
1 4 1 2 58 f 	5656.669603431	0.011016863	1
3 2 1 0 16 e 	5657.150789868	0.001203414	2
3 0 1 0 72 e 	5659.112723606	0.001625815	1
0 3 2 1 11 e 	5660.802309799	0.000608632	3
0 3 2 1 11 f 	5660.858569448	0.000608475	2
2 3 1 1 43 e 	5661.541967225	0.000844242	2
1 4 1 0 58 e 	5662.445638238	0.001007456	1
2 2 1 0 66 e 	5662.873502804	0.001174698	1
1 1 2 1 32 e 	5663.891801893	0.000877946	1
3 2 1 0 17 e 	5663.985512559	0.001203427	1
1 1 2 1 32 f 	5664.154528251	0.000822706	1
0 3 2 1 12 e 	5665.632112968	0.000806632	2
0 3 2 1 12 f 	5665.698965367	0.000806498	2
0 2 2 2 52 e 	5667.530709837	0.011737256	1
0 2 2 2 52 f 	5667.584673463	0.012940592	1
4 0 1 0 33 e 	5668.449547311	0.000803993	1
0 3 2 1 13 e 	5670.864911883	0.000608632	4
3 2 1 0 18 e 	5671.222004209	0.001203437	2
0 2 2 0 52 e 	5675.057135036	0.000845262	2
0 3 2 1 14 e 	5676.499724436	0.000608515	3
0 3 2 1 14 f 	5676.589919737	0.000608508	1
1 1 2 1 33 f 	5677.381476090	0.000818920	1
3 2 1 0 19 e 	5678.860266431	0.001203490	2
2 3 1 1 44 e 	5679.255575582	0.000864320	1
2 3 1 1 44 f 	5680.199151047	0.000859656	2
1 4 1 2 59 f 	5680.526874346	0.011016996	1
4 0 1 0 34 e 	5681.990172661	0.000804001	2
0 3 2 1 15 e 	5682.537394855	0.000616632	2
0 3 2 1 15 f 	5682.640345869	0.000807515	1
3 2 1 0 20 e 	5686.900386762	0.001203517	1
0 2 2 2 53 e 	5688.831605122	0.011974194	2
0 3 2 1 16 e 	5688.977232870	0.000814632	2
0 3 2 1 16 f 	5689.094191414	0.000609515	3
0 1 2 1 73 e 	5690.289385050	0.011825815	1
1 1 2 1 34 e 	5690.713229478	0.000877342	2
1 1 2 1 34 f 	5691.008904694	0.000823670	1
0 1 2 1 73 f 	5691.244203298	0.008255905	1
3 2 1 0 21 e 	5695.342185014	0.001203539	2
4 0 1 0 35 e 	5695.928805408	0.000804008	2
0 3 2 1 17 f 	5695.950890825	0.000807897	1
2 3 1 1 45 f 	5698.356505332	0.000853920	2
0 5 1 1 71 e 	5701.766599275	0.006249561	1
0 3 2 1 18 e 	5703.064528118	0.000618825	1
0 3 2 1 18 f 	5703.211289547	0.000609897	2
3 2 1 0 22 e 	5704.185923147	0.001203573	2
1 1 2 1 35 f 	5705.036268337	0.000822255	1
4 0 1 0 36 e 	5710.265354908	0.000804023	2
0 2 2 2 54 e 	5710.533967370	0.012155262	1
0 3 2 1 19 f 	5710.874380825	0.000807897	1
3 2 1 0 23 e 	5713.431175941	0.001203608	2
2 3 1 1 46 e 	5715.887012182	0.000970192	1
2 3 1 1 46 f 	5716.917199118	0.000867656	1
0 2 2 0 54 e 	5718.055011258	0.000925262	1
0 3 2 1 20 f 	5718.941215353	0.000810619	2
1 1 2 1 36 e 	5719.133497117	0.010621342	1
1 1 2 1 36 f 	5719.464401083	0.000819670	1
0 1 2 1 74 e 	5719.849802598	0.011250305	2
0 1 2 1 74 f 	5720.909143074	0.008431415	1
3 2 1 0 24 e 	5723.077772463	0.001203647	2
4 0 1 0 37 e 	5724.999842555	0.000804105	1
0 3 2 1 21 e 	5727.212330021	0.000619437	2
0 3 2 1 21 f 	5727.410853994	0.000811897	2
0 5 1 1 72 e 	5731.056192873	0.012850305	1
3 2 1 0 25 e 	5733.125863086	0.001203701	1
1 1 2 1 37 e 	5733.943418801	0.000879006	1
1 0 2 0 62 e 	5734.220756415	0.001160868	2
1 1 2 1 37 f 	5734.292084049	0.000824678	1
2 3 1 1 47 e 	5734.805961095	0.000897256	2
1 4 1 0 61 e 	5735.230839980	0.001007583	1
2 3 1 1 47 f 	5735.879937725	0.000900592	2
0 0 2 0 90 e 	5739.940132193	0.005719787	1
4 0 1 0 38 e 	5740.131587077	0.000804079	2
0 2 2 0 55 e 	5740.155492425	0.000927263	1
0 3 2 1 23 f 	5745.559876729	0.000616619	1
3 0 1 0 75 e 	5747.646793277	0.001957322	1
1 1 2 1 38 e 	5749.152615342	0.000880105	1
1 1 2 1 38 f 	5749.520368826	0.000815670	1
0 1 2 1 75 e 	5749.955155977	0.011425815	2
0 1 2 1 75 f 	5750.973325244	0.008509413	1
2 3 1 1 48 e 	5754.126167182	0.000970192	1
0 3 2 1 24 e 	5754.981347567	0.000623543	2
0 2 2 2 56 e 	5755.132067178	0.010955262	2
0 3 2 1 24 f 	5755.239421505	0.000815208	2
1 0 2 0 63 e 	5759.365660450	0.001167666	2
1 4 1 0 62 e 	5760.300601047	0.001007730	1
0 3 2 1 25 e 	5765.041791124	0.000621541	1
0 3 2 1 25 f 	5765.321264286	0.000815247	1
4 0 1 0 40 e 	5771.588082348	0.000804118	1
2 3 1 1 49 e 	5773.848426840	0.001937256	1
1 2 1 0 95 e 	5774.951948226	0.007087399	1
2 3 1 1 49 f 	5775.013301139	0.001420592	2
0 3 2 1 26 f 	5775.806681613	0.000819208	1
0 2 2 2 57 e 	5778.031510164	0.012155668	1
0 1 2 1 76 e 	5780.167115277	0.009167322	1
1 1 2 1 40 e 	5780.771072678	0.000904242	1
1 1 2 1 40 f 	5781.177083735	0.000819670	1
0 1 2 1 76 f 	5781.436192924	0.011679324	1
1 0 2 0 64 e 	5784.907631046	0.001167813	1
0 2 2 0 57 e 	5785.558750140	0.001007263	1
0 3 2 1 27 e 	5786.370139895	0.000623320	1
0 3 2 1 27 f 	5786.695069724	0.000818920	2
4 0 1 0 41 e 	5787.912656600	0.000804134	1
0 5 1 1 74 e 	5790.562892851	0.011650305	1
2 4 1 0 2 e 	5793.206702206	0.000886727	2
2 3 1 1 50 e 	5793.971975103	0.000974194	2
2 4 1 0 3 e 	5794.417081439	0.000886887	2
1 1 2 1 41 e 	5797.179980606	0.000916320	1
0 3 2 1 28 f 	5797.986459724	0.000818706	1
2 4 1 0 5 e 	5798.047430700	0.001200294	2
2 4 1 0 6 e 	5800.468024219	0.001200627	2
0 2 2 2 58 e 	5801.331705591	0.012155475	1
2 2 1 0 71 e 	5801.552082408	0.001699060	1
2 0 2 0 0 e 	5801.906436308	0.001200067	1
2 0 2 0 1 e 	5802.305939048	0.000886793	3
2 0 2 0 2 e 	5803.104509434	0.000886727	2
2 4 1 0 7 e 	5803.291594001	0.000888724	2
2 0 2 0 3 e 	5804.301463908	0.000886887	3
4 0 1 0 42 e 	5804.634574822	0.000804320	1
2 0 2 0 4 e 	5805.897736563	0.000886860	3
2 4 1 0 8 e 	5806.519276813	0.001201997	1
2 0 2 0 5 e 	5807.893114895	0.000886887	4
3 0 1 0 77 e 	5808.656705849	0.002224173	1
0 3 2 1 29 f 	5809.680792213	0.000814920	2
2 4 1 0 9 e 	5810.149296610	0.000888753	3
2 0 2 0 6 e 	5810.287784092	0.000887020	4
0 1 2 1 77 e 	5810.995660205	0.009358175	1
0 1 2 1 77 f 	5812.297526277	0.008762922	1
2 0 2 0 7 e 	5813.081413836	0.000847465	3
1 1 2 1 42 e 	5813.987542390	0.000904242	1
2 4 1 0 10 e 	5814.182889560	0.001202026	1
2 3 1 1 51 e 	5814.497162840	0.001937256	1
2 3 1 1 51 f 	5815.757104074	0.005140592	1
2 0 2 0 8 e 	5816.274185022	0.000842128	4
2 4 1 0 11 e 	5818.620056743	0.001202038	2
2 0 2 0 9 e 	5819.866349182	0.000835521	3
0 5 1 1 75 e 	5820.995285050	0.011825815	1
2 4 1 0 12 e 	5823.460390577	0.001203389	1
2 0 2 0 10 e 	5823.857516265	0.001202026	2
0 2 2 2 59 f 	5825.106647139	0.011016970	1
2 0 2 0 11 e 	5828.247515150	0.000888753	4
2 4 1 0 13 e 	5828.705296795	0.001202055	2
1 1 2 1 43 e 	5831.194891294	0.000916320	2
1 1 2 1 43 f 	5831.662600241	0.000847578	1
0 2 2 0 59 e 	5832.564839980	0.001007583	1
2 0 2 0 12 e 	5833.036651635	0.000888781	3
0 3 2 1 31 e 	5833.852223816	0.000619986	1
2 4 1 0 14 e 	5834.351098190	0.000888781	3
2 3 1 1 52 e 	5835.423815983	0.002174194	1
2 0 2 0 13 e 	5838.225326231	0.000888775	4
4 0 1 0 44 e 	5839.271647018	0.000874244	1
2 4 1 0 15 e 	5840.400829714	0.001203400	2
2 0 2 0 14 e 	5843.812953039	0.000888781	4
2 4 1 0 16 e 	5846.854284866	0.000890127	3
1 1 2 1 44 e 	5848.801942390	0.000904242	1
0 2 2 2 60 e 	5849.132869608	0.012155482	1
0 2 2 2 60 f 	5849.212640839	0.011017076	1
2 0 2 0 15 e 	5849.799461214	0.001203400	2
0 5 1 1 76 e 	5851.684700325	0.011903813	1
2 4 1 0 17 e 	5853.710560058	0.000883469	3
2 0 2 0 16 e 	5856.186591987	0.000796894	4
2 3 1 1 53 e 	5856.752343704	0.002355262	1
4 0 1 0 45 e 	5857.185693256	0.000872242	1
0 3 2 1 33 f 	5860.487039090	0.000818920	1
2 4 1 0 18 e 	5860.970077315	0.000883482	2
2 0 2 0 17 e 	5862.970371630	0.001203490	1
1 0 2 0 67 e 	5863.918466371	0.001188040	2
1 1 2 1 45 e 	5866.808355267	0.000924320	1
2 4 1 0 19 e 	5868.632621641	0.000883492	3
2 0 2 0 18 e 	5870.155293009	0.000883482	3
3 0 1 0 79 e 	5871.257526451	0.002717710	1
0 3 2 1 34 e 	5873.685173706	0.000620008	1
0 2 2 2 61 f 	5873.718918682	0.011017183	1
0 3 2 1 34 f 	5874.195459083	0.000819670	1
4 0 1 0 46 e 	5875.497202058	0.000919257	1
2 4 1 0 20 e 	5876.698410762	0.001203517	1
2 0 2 0 19 e 	5877.738716641	0.000883492	3
2 3 1 1 54 e 	5878.481782311	0.004574194	1
0 2 2 0 61 e 	5881.173267209	0.001007850	1
2 4 1 0 21 e 	5885.167122241	0.000883572	3
1 1 2 1 46 e 	5885.213531873	0.000957256	1
2 0 2 0 20 e 	5885.721551491	0.000883546	3
2 0 2 0 21 e 	5894.103482014	0.001203539	2
4 0 1 0 47 e 	5894.206492629	0.000917256	2
0 2 2 2 62 e 	5898.534556953	0.012155728	1
0 2 2 2 62 f 	5898.625840839	0.011017076	1
2 3 1 1 55 e 	5900.613101653	0.001155262	1
2 0 2 0 22 e 	5902.884918468	0.000776992	3
2 4 1 0 23 e 	5903.313148086	0.001203701	1
1 1 2 1 47 e 	5904.018423615	0.001030192	1
0 2 2 0 62 e 	5906.078092054	0.001007730	2
2 0 2 0 23 e 	5912.065026941	0.001203608	2
2 4 1 0 24 e 	5912.989957408	0.000883663	1
4 0 1 0 48 e 	5913.312583983	0.000923260	1
0 3 2 1 37 e 	5917.134926436	0.000621006	1
0 3 2 1 37 f 	5917.737468049	0.000824678	1
1 0 2 0 69 e 	5918.578371493	0.001192043	1
2 0 2 0 24 e 	5921.645662011	0.000770390	3
2 4 1 0 25 e 	5923.070342300	0.000883703	1
1 1 2 1 48 e 	5923.222810502	0.000957256	2
0 2 2 2 63 f 	5923.935855265	0.011017390	1
2 3 1 1 56 f 	5924.654843101	0.005454862	1
2 0 2 0 25 e 	5931.626649213	0.000770429	2
0 3 2 1 38 e 	5932.422016319	0.000622105	1
4 0 1 0 49 e 	5932.816002496	0.000921259	2
0 3 2 1 38 f 	5933.056986281	0.000815670	2
3 0 1 0 81 e 	5935.451359564	0.003077959	1
2 0 2 0 26 e 	5942.005910355	0.000763811	1
1 1 2 1 49 e 	5942.825623616	0.001030192	1
1 0 2 0 70 e 	5946.504095628	0.001523550	1
0 3 2 1 39 f 	5948.779222740	0.000823440	1
0 2 2 2 64 e 	5949.536456953	0.012155728	2
0 2 2 2 64 f 	5949.642968027	0.011097450	1
4 0 1 0 50 e 	5952.715729983	0.000923260	1
1 2 2 2 3 e 	5955.002465509	0.014013521	1
1 2 2 0 1 e 	5959.730447857	0.001200133	1
1 2 2 0 2 e 	5960.533549963	0.001200067	2
1 2 2 2 6 e 	5961.027445139	0.014005849	1
1 2 2 0 3 e 	5961.737983387	0.001200133	2
1 1 2 1 50 e 	5962.828273928	0.001997256	1
1 2 2 0 4 e 	5963.344130925	0.000802294	3
1 2 2 2 7 e 	5963.800550147	0.010805822	1
0 3 2 1 40 e 	5964.200788118	0.000622105	1
0 3 2 1 40 f 	5964.903690435	0.001339670	1
1 2 2 0 5 e 	5965.351482109	0.000802627	4
1 2 2 2 8 e 	5967.013319314	0.010805849	1
1 2 2 2 8 f 	5967.013479352	0.010805842	1
1 2 2 0 6 e 	5967.759536975	0.001200627	4
1 2 2 0 7 e 	5970.569837473	0.001201961	4
1 2 2 2 9 f 	5970.628096347	0.010805829	1
4 0 1 0 51 e 	5973.014453050	0.000925262	1
1 2 2 0 8 e 	5973.781671745	0.001201997	4
1 2 2 2 10 e 	5974.643759314	0.010805849	1
1 2 2 2 10 f 	5974.643914352	0.010805842	1
0 2 2 2 65 e 	5975.638727562	0.012155835	1
0 2 2 2 65 f 	5975.750455265	0.011017390	1
1 2 2 0 9 e 	5977.394615728	0.001202015	4
1 2 2 2 11 e 	5979.061341498	0.010806505	1
1 2 2 0 10 e 	5981.409684024	0.000804015	6
0 3 2 1 41 f 	5981.431273241	0.000847578	1
0 2 2 0 65 e 	5983.195974342	0.001101286	1
1 1 2 1 51 e 	5983.229403260	0.001034194	2
1 2 2 2 12 e 	5983.880364433	0.010806515	1
1 2 2 0 11 e 	5985.825019812	0.001202038	4
1 2 2 2 13 e 	5989.100734498	0.010806505	1
1 2 2 2 13 f 	5989.101217761	0.010806498	1
1 2 2 0 12 e 	5990.642465502	0.001202048	4
2 3 1 1 59 e 	5993.148640961	0.002355528	1
1 2 2 2 14 e 	5994.723177433	0.010806515	1
1 2 2 2 14 f 	5994.723449055	0.010806521	1
1 2 2 0 13 e 	5995.861201933	0.000805055	5
0 3 2 1 42 f 	5998.360856435	0.001339670	1
1 2 2 2 15 f 	6000.740482562	0.010807285	1
1 2 2 2 15 e 	6000.743074324	0.010807291	2
1 2 2 0 14 e 	6001.481619324	0.000804055	5
1 2 2 2 16 e 	6007.159967455	0.010807880	1
1 2 2 2 16 f 	6007.160658534	0.010807874	1
1 2 2 0 15 e 	6007.502952719	0.000805055	6
0 2 2 0 66 e 	6009.702283379	0.001103287	1
1 2 2 0 16 e 	6013.926035813	0.000804825	5
1 2 2 2 17 f 	6013.986471231	0.010807285	1
1 2 2 2 17 e 	6013.988645286	0.010807291	2
0 3 2 1 43 f 	6015.692893241	0.000847578	1
2 3 1 1 60 f 	6019.016893771	0.001217183	1
1 2 2 0 17 e 	6020.749683621	0.000805414	6
1 2 2 2 18 e 	6021.214108581	0.010807880	2
2 0 2 0 33 e 	6025.849181036	0.000770768	2
1 2 2 0 18 e 	6027.975281425	0.000804825	6
1 2 2 2 19 e 	6028.843461013	0.010807291	2
1 2 2 2 19 f 	6028.844106231	0.010807285	1
1 6 1 0 9 e 	6030.310785764	0.001202038	1
0 3 2 1 44 f 	6033.427505047	0.000859656	2
1 2 2 0 19 e 	6035.601728106	0.000805437	6
1 2 2 2 20 f 	6036.875603506	0.010807897	1
1 2 2 0 20 e 	6043.629796573	0.000805539	5
1 6 1 0 13 e 	6048.967344723	0.001202055	1
0 3 2 1 45 e 	6050.677119107	0.002264320	1
1 2 2 0 21 e 	6052.058737538	0.001203539	4
1 2 2 2 22 e 	6053.948914111	0.010824825	1
1 6 1 0 15 e 	6060.729001559	0.001203427	1
1 2 2 0 22 e 	6060.889673777	0.000805539	6
1 2 2 2 23 f 	6063.099873426	0.010814619	1
1 2 2 2 23 e 	6063.163055555	0.010823541	1
3 0 1 0 85 e 	6068.636895312	0.003518264	1
1 1 2 1 55 e 	6068.824067658	0.001221060	1
0 3 2 1 46 f 	6070.103599707	0.000966856	1
1 2 2 0 23 e 	6070.121039824	0.000805647	5
1 2 2 2 24 e 	6072.818563679	0.010821543	1
1 2 2 2 24 f 	6072.908123990	0.010815173	1
1 2 2 0 24 e 	6079.753850892	0.001203647	3
1 2 2 2 25 f 	6082.773755483	0.010815208	2
1 2 2 2 25 e 	6082.813451923	0.010819541	1
1 6 1 0 19 e 	6089.119423233	0.001203539	1
1 2 2 0 25 e 	6089.788023729	0.000805647	5
1 0 2 0 75 e 	6092.085478962	0.002212749	1
1 2 2 2 26 f 	6093.213067868	0.010818920	1
1 2 2 2 26 e 	6093.226302980	0.010821543	1
1 2 2 0 26 e 	6100.223020103	0.000805771	5
1 2 2 2 27 f 	6104.052131816	0.010815371	1
1 2 2 2 27 e 	6104.088604362	0.010821320	2
1 6 1 0 21 e 	6105.748165796	0.001203608	1
0 3 2 1 48 e 	6107.380239557	0.003337256	1
0 3 2 1 48 f 	6108.388321707	0.000966856	1
1 2 2 0 27 e 	6111.059364195	0.000805722	6
1 1 2 1 57 e 	6114.014798428	0.001221060	2
1 2 2 2 28 e 	6115.290786367	0.010821946	1
1 2 2 2 28 f 	6115.294004868	0.010818920	1
0 0 3 0 0 e 	6117.576405422	0.001200067	3
0 0 3 0 1 e 	6117.974895500	0.001200000	5
0 0 3 0 2 e 	6118.771874480	0.000886860	5
0 0 3 0 3 e 	6119.967382295	0.001200133	4
0 0 3 0 4 e 	6121.561241016	0.001200160	4
1 2 2 0 28 e 	6122.297006475	0.000805771	6
0 0 3 0 5 e 	6123.553663509	0.000887354	5
1 6 1 0 23 e 	6123.999686086	0.001203701	1
0 0 3 0 6 e 	6125.944510856	0.001200627	4
1 2 2 2 29 f 	6126.936023332	0.010818706	1
0 3 2 1 49 f 	6128.134149639	0.001420592	1
0 0 3 0 7 e 	6128.733843349	0.001201961	4
2 0 2 0 40 e 	6129.306264404	0.000790929	1
0 0 3 0 8 e 	6131.921533770	0.001201997	4
1 6 1 0 24 e 	6133.733559837	0.001203722	1
1 2 2 0 29 e 	6133.935072046	0.001203889	4
0 0 3 0 9 e 	6135.507966873	0.000888724	6
1 1 2 1 58 e 	6137.207620602	0.002421241	1
3 0 1 0 87 e 	6137.651472378	0.004278651	1
1 2 2 2 30 f 	6138.979714194	0.010814920	1
0 0 3 0 10 e 	6139.492726763	0.000888741	5
0 0 3 0 11 e 	6143.875792241	0.000888753	5
2 0 2 0 41 e 	6145.692042248	0.000797637	1
1 2 2 0 30 e 	6145.974753353	0.000805889	6
0 3 2 1 50 e 	6147.190497599	0.003337256	1
0 0 3 0 12 e 	6148.657231757	0.000888781	3
0 0 3 0 13 e 	6153.837121106	0.001202055	4
0 4 2 0 2 e 	6155.910271963	0.001200067	2
0 4 2 0 3 e 	6157.120437644	0.001200133	2
1 2 2 0 31 e 	6158.414853219	0.001203946	3
0 4 2 0 4 e 	6158.733797575	0.001200160	3
0 0 3 0 14 e 	6159.415496711	0.000888781	6
0 4 2 0 5 e 	6160.750515828	0.001200294	4
0 4 2 0 6 e 	6163.170641525	0.001201997	3
1 2 2 2 32 e 	6164.262628856	0.010817342	1
1 2 2 2 32 f 	6164.269898585	0.010818920	1
0 0 3 0 15 e 	6165.392161187	0.000883469	5
0 4 2 0 7 e 	6165.994180277	0.001201961	4
0 4 2 0 8 e 	6169.220960311	0.001201997	4
1 2 2 0 32 e 	6171.256608128	0.000805342	5
0 0 3 0 16 e 	6171.767358681	0.001203414	4
3 0 1 0 88 e 	6172.777098671	0.005104478	1
0 4 2 0 9 e 	6172.851173932	0.001202015	4
0 4 2 0 10 e 	6176.884628794	0.001202026	4
0 2 2 0 72 e 	6177.143146772	0.003250305	1
1 2 2 2 33 e 	6177.533634291	0.010818023	1
0 0 3 0 17 e 	6178.540793401	0.000883469	6
0 4 2 0 11 e 	6181.321466719	0.001202038	3
1 2 2 0 33 e 	6184.499142386	0.000805986	5
0 0 3 0 18 e 	6185.712508221	0.000883482	4
0 4 2 0 12 e 	6186.161699176	0.001202048	3
0 4 2 0 13 e 	6191.405069980	0.001202055	4
0 0 3 0 19 e 	6193.282603968	0.000883492	5
0 4 2 0 14 e 	6197.052166240	0.001203389	4
1 2 2 0 34 e 	6198.142180042	0.000806008	5
0 0 3 0 20 e 	6201.250882230	0.000883546	5
0 4 2 0 15 e 	6203.102129410	0.001203400	4
1 1 2 1 61 e 	6209.177775740	0.002421374	1
0 4 2 0 16 e 	6209.555261556	0.001203414	4
0 0 3 0 21 e 	6209.618065929	0.000883572	5
1 2 2 0 35 e 	6212.186230456	0.000806001	6
0 4 2 0 17 e 	6216.412103722	0.001203427	4
0 0 3 0 22 e 	6218.382624630	0.000883594	5
1 2 2 2 36 e 	6219.648379479	0.010821342	1
0 4 2 0 18 e 	6223.672055944	0.001203437	4
1 6 1 0 32 e 	6226.210280311	0.001204001	1
1 2 2 0 36 e 	6226.631008976	0.001204023	4
0 0 3 0 23 e 	6227.546314485	0.000883629	6
0 4 2 0 19 e 	6231.335361652	0.001203490	4
0 3 2 1 54 e 	6231.625111699	0.004537256	2
0 2 2 0 74 e 	6236.156439573	0.003503813	1
0 0 3 0 24 e 	6237.107257886	0.001203647	3
0 4 2 0 20 e 	6239.402144043	0.001203517	4
1 2 2 0 37 e 	6241.477160070	0.001204070	4
0 0 3 0 25 e 	6247.067562433	0.001203771	4
0 4 2 0 21 e 	6247.871830527	0.001203539	4
0 3 2 1 55 e 	6253.736733955	0.004955395	1
1 10 0 0 26 e 	6256.178379837	0.000803722	1
1 2 2 0 38 e 	6256.723617616	0.001204079	4
0 4 2 0 22 e 	6256.744709408	0.001203573	3
0 0 3 0 26 e 	6257.491712016	0.200003722	2
1 2 2 2 39 e 	6265.394806494	0.010823006	1
0 4 2 0 23 e 	6266.020934098	0.001203608	4
0 0 3 0 27 e 	6268.183729819	0.200003889	2
1 2 2 0 39 e 	6272.370457646	0.001204134	3
5 0 1 0 1 e 	6273.512220000	0.002000000	1
5 0 1 0 3 e 	6275.499517431	0.002000294	1
0 4 2 0 24 e 	6275.700444487	0.001203647	4
0 3 2 1 56 e 	6276.249348514	0.002555262	1
5 0 1 0 5 e 	6279.075055968	0.002001961	1
0 0 3 0 28 e 	6279.341665586	0.200003834	3
1 0 2 0 81 e 	6279.869699457	0.002756325	1
0 4 2 0 25 e 	6285.782852284	0.001203701	4
5 0 1 0 8 e 	6287.415764560	0.002002026	1
1 2 2 0 40 e 	6288.418765792	0.000806105	5
1 10 0 0 29 e 	6290.540880264	0.000803889	2
0 0 3 0 29 e 	6290.950135264	0.200003889	2
2 1 2 1 2 f 	6292.114961846	0.001211088	1
2 1 2 1 3 e 	6293.313452970	0.001209094	2
0 4 2 0 26 e 	6296.268669625	0.001203722	4
2 1 2 1 5 e 	6296.912518220	0.001205094	1
2 1 2 1 6 e 	6299.311823337	0.001065094	2
2 1 2 1 6 f 	6299.324721092	0.001209756	1
2 1 2 1 7 e 	6302.111326521	0.001206471	1
1 10 0 0 30 e 	6302.743415385	0.000403986	1
0 0 3 0 30 e 	6302.932675956	0.000803986	3
1 2 2 0 41 e 	6304.867509675	0.000832170	5
0 4 2 0 27 e 	6307.157761126	0.001203771	4
5 0 1 0 13 e 	6309.261890868	0.002003400	1
1 1 2 1 65 e 	6310.716738816	0.002956389	2
1 10 0 0 31 e 	6315.153400938	0.000603946	1
0 0 3 0 31 e 	6315.561600938	0.000403946	1
0 4 2 0 28 e 	6318.450091352	0.001203834	4
1 2 2 0 42 e 	6321.716303616	0.000832242	5
2 1 2 1 12 f 	6322.151975433	0.001206498	1
5 0 1 0 16 e 	6327.134697656	0.002003437	1
2 1 2 1 13 e 	6327.302015576	0.001206515	1
2 1 2 1 13 f 	6327.358894340	0.001206508	1
1 10 0 0 32 e 	6327.909425385	0.000603986	1
0 0 3 0 32 e 	6328.030887848	0.200003986	2
0 4 2 0 29 e 	6330.145444756	0.001203946	3
2 1 2 1 14 e 	6332.899841616	0.001210632	1
2 1 2 1 14 f 	6332.964623301	0.001206515	1
2 1 2 1 15 e 	6338.898004582	0.001209849	1
1 2 2 0 43 e 	6338.966403028	0.000844320	5
0 0 3 0 33 e 	6341.098043029	0.200004008	1
0 4 2 0 30 e 	6342.243650672	0.001203915	4
2 1 2 1 16 e 	6345.295448747	0.001214632	1
2 1 2 1 16 f 	6345.378049633	0.001207860	1
0 3 2 1 59 e 	6346.190074813	0.003755395	1
5 0 1 0 19 e 	6348.580623233	0.002003539	1
2 1 2 1 17 e 	6352.091454495	0.001213849	1
2 1 2 1 17 f 	6352.184996756	0.001207874	1
1 10 0 0 34 e 	6354.599419010	0.000404023	1
0 0 3 0 34 e 	6354.670569010	0.200004023	1
0 4 2 0 31 e 	6354.745255850	0.001203946	4
1 2 2 0 44 e 	6356.616652581	0.000877256	3
2 1 2 1 18 e 	6359.287809993	0.001217414	1
2 1 2 1 19 e 	6366.884158414	0.001216825	1
2 1 2 1 19 f 	6366.999818825	0.001207897	1
0 4 2 0 32 e 	6367.649871964	0.001203986	4
0 0 3 0 35 e 	6368.618151786	0.200004070	1
5 0 1 0 22 e 	6373.600043088	0.002003647	1
1 2 2 0 45 e 	6374.653344315	0.200117256	1
2 1 2 1 20 e 	6374.879872369	0.001217437	1
0 4 2 0 33 e 	6380.957500819	0.001203993	3
1 10 0 0 36 e 	6382.876759010	0.000404023	1
0 0 3 0 36 e 	6382.930753806	0.200004079	1
2 1 2 1 21 e 	6383.274998829	0.001220825	1
2 1 2 1 21 f 	6383.414495921	0.001211897	1
2 1 2 1 22 f 	6392.222126071	0.001214619	1
1 2 2 0 46 e 	6393.118648686	0.001319257	2
0 4 2 0 34 e 	6394.668455218	0.001204001	4
0 0 3 0 37 e 	6397.658336555	0.200004105	1
2 1 2 1 23 e 	6401.263574392	0.001224825	1
5 0 1 0 25 e 	6402.191458238	0.002003771	1
0 4 2 0 35 e 	6408.782128062	0.001204008	4
2 1 2 1 24 f 	6411.037831634	0.001075173	2
1 2 2 0 47 e 	6411.970370330	0.001321259	2
1 10 0 0 38 e 	6412.743930348	0.000404118	1
0 0 3 0 38 e 	6412.830860348	0.200004118	1
2 1 2 1 25 e 	6420.850317730	0.001083541	2
2 1 2 1 25 f 	6421.045656467	0.001075208	1
4 6 0 0 4 e 	6422.709784617	0.002000160	1
0 4 2 0 36 e 	6423.298981789	0.001204023	4
1 10 0 0 39 e 	6428.274666555	0.000404105	1
0 0 3 0 39 e 	6428.348284600	0.200004134	1
4 2 1 0 1 e 	6429.488738857	0.002000133	1
1 2 2 0 48 e 	6431.168412983	0.200123260	1
2 1 2 1 26 e 	6431.242009893	0.001085543	1
4 2 1 0 4 e 	6433.096182626	0.002000627	1
0 4 2 0 37 e 	6438.218885708	0.001204070	4
4 2 1 0 7 e 	6440.312159774	0.002002015	1
4 6 0 0 10 e 	6440.909842969	0.002002048	1
2 1 2 1 27 f 	6442.259602937	0.001219247	1
0 0 3 0 40 e 	6443.964140348	0.000404118	1
1 10 0 0 40 e 	6444.204237607	0.000404170	1
5 0 1 0 29 e 	6445.868650938	0.002003946	1
1 2 2 0 49 e 	6450.874343331	0.000963260	2
2 1 2 1 28 f 	6453.464118442	0.001215371	1
0 4 2 0 38 e 	6453.541604599	0.001204079	4
4 2 1 0 11 e 	6455.545694723	0.002002055	1
0 0 3 0 41 e 	6460.519916855	0.200004242	2
1 10 0 0 41 e 	6460.699596624	0.000404242	1
4 6 0 0 14 e 	6461.133187080	0.002003414	1
0 4 2 0 39 e 	6469.267457873	0.001204105	3
5 0 1 0 31 e 	6470.087746311	0.002003993	1
1 3 2 1 4 f 	6470.172223846	0.001211088	1
1 2 2 0 50 e 	6470.940744625	0.200203260	1
4 2 1 0 14 e 	6471.180487080	0.002003414	1
1 3 2 1 5 e 	6472.171967963	0.001205094	2
0 0 3 0 42 e 	6477.245728077	0.200004320	2
1 3 2 1 8 e 	6480.607136508	0.001205822	1
1 3 2 1 8 f 	6480.639764921	0.001205756	1
1 3 2 1 9 e 	6484.221677521	0.001206471	1
1 3 2 1 9 f 	6484.263509743	0.001206457	1
0 4 2 0 40 e 	6485.396067698	0.001204118	3
1 3 2 1 10 e 	6488.238411789	0.001206488	1
1 3 2 1 10 f 	6488.289399082	0.001206475	1
1 2 2 0 51 e 	6491.380522206	0.001043260	2
1 3 2 1 11 e 	6492.657085576	0.001206515	1
1 3 2 1 11 f 	6492.718057340	0.001206508	1
0 0 3 0 43 e 	6494.386140256	0.200072242	1
4 6 0 0 19 e 	6495.512103233	0.002003539	1
0 3 2 1 65 e 	6496.890743576	0.004662904	1
1 3 2 1 12 e 	6497.476856320	0.001206632	1
1 3 2 1 12 f 	6497.549604433	0.001206498	1
4 2 1 0 18 e 	6497.639152762	0.002003517	1
0 3 2 1 65 f 	6498.712587409	0.004310793	1
0 4 2 0 41 e 	6501.927829612	0.001204134	2
1 3 2 1 13 e 	6502.697762582	0.001209849	1
1 3 2 1 14 f 	6508.419061301	0.001206515	1
0 0 3 0 44 e 	6511.883670153	0.200074244	2
1 2 2 0 52 e 	6512.232693737	0.001045262	1
1 3 2 1 15 e 	6514.346316539	0.001209849	2
0 4 2 0 42 e 	6518.862467714	0.001204170	2
1 3 2 1 16 e 	6520.772671993	0.001217414	1
1 3 2 1 16 f 	6520.898773633	0.001207860	1
4 6 0 0 22 e 	6520.993743088	0.002003647	1
4 2 1 0 21 e 	6521.693875796	0.002003608	1
1 3 2 1 17 f 	6527.742467291	0.001207874	2
0 0 3 0 45 e 	6529.798144616	0.200117256	2
1 2 2 0 53 e 	6533.486450112	0.001123260	1
1 3 2 1 18 e 	6534.829577369	0.001217437	1
1 3 2 1 18 f 	6534.988477635	0.001210619	1
0 4 2 0 43 e 	6536.199389940	0.001204242	2
5 0 1 0 36 e 	6537.575443806	0.002004079	1
0 0 3 0 46 e 	6548.143846058	0.200119257	1
4 2 1 0 24 e 	6549.356729837	0.002003722	1
1 3 2 1 20 e 	6550.493067893	0.001217437	2
1 3 2 1 20 f 	6550.687921071	0.001214619	1
0 4 2 0 44 e 	6553.940026822	0.001204320	1
1 2 2 0 54 e 	6555.139274258	0.001125262	1
1 3 2 1 21 f 	6559.141312994	0.001211897	2
4 6 0 0 26 e 	6560.631199837	0.002003722	1
0 0 3 0 47 e 	6566.819316221	0.200121259	2
1 3 2 1 22 e 	6567.761769045	0.001220771	2
1 3 2 1 22 f 	6567.996970397	0.001215208	1
1 3 2 1 23 e 	6576.998403392	0.001224825	1
1 3 2 1 23 f 	6577.254978068	0.001215173	1
4 2 1 0 27 e 	6580.631019589	0.002003889	1
0 0 3 0 48 e 	6585.978412983	0.200123260	1
1 3 2 1 24 e 	6586.636330127	0.001219541	2
1 3 2 1 24 f 	6586.914729613	0.001219208	1
0 4 2 0 46 e 	6590.629528018	0.001274244	1
4 6 0 0 29 e 	6594.603359589	0.002003889	1
1 3 2 1 25 e 	6596.675771416	0.001221543	2
1 3 2 1 25 f 	6596.977385286	0.001215247	1
5 0 1 0 40 e 	6598.700877607	0.002004170	1
0 0 3 0 49 e 	6605.428646424	0.200125262	2
1 3 2 1 26 e 	6607.116492323	0.001219541	2
1 3 2 1 26 f 	6607.442210442	0.001215371	1
3 4 1 0 4 e 	6615.129192626	0.002000627	1
4 2 1 0 30 e 	6615.515375385	0.002003986	1
0 1 3 1 1 e 	6616.252382319	0.001211122	1
0 1 3 1 1 f 	6616.252395479	0.001211115	1
0 1 3 1 2 e 	6617.050893663	0.001215095	1
0 1 3 1 2 f 	6617.051838449	0.001211088	2
1 3 2 1 27 e 	6617.958479775	0.001221543	1
0 1 3 1 3 e 	6618.249065319	0.001211122	1
0 1 3 1 3 f 	6618.250783501	0.001209087	2
1 3 2 1 27 f 	6618.309562224	0.001218920	2
3 4 1 0 6 e 	6619.560452626	0.002000627	1
0 1 3 1 4 e 	6619.843469405	0.001209762	1
0 1 3 1 5 e 	6621.840259705	0.001209094	1
3 4 1 0 7 e 	6622.382949774	0.002002015	1
0 1 3 1 6 e 	6624.235381405	0.001209762	1
0 0 3 0 50 e 	6625.330744625	0.200203260	1
0 1 3 1 7 f 	6627.040617743	0.001206457	1
1 3 2 1 28 e 	6629.201598065	0.001223541	1
3 4 1 0 9 e 	6629.231329774	0.002002015	1
1 3 2 1 28 f 	6629.578602724	0.001218706	1
0 1 3 1 8 e 	6630.219299508	0.001205822	1
3 4 1 0 10 e 	6633.262702970	0.002002048	1
0 1 3 1 9 f 	6633.832243930	0.001205842	1
3 0 2 0 0 e 	6640.104823308	0.002000067	1
3 0 2 0 1 e 	6640.502160000	0.002000000	1
1 3 2 1 29 e 	6640.846196901	0.001217946	1
1 3 2 1 29 f 	6641.250178510	0.001218920	1
3 0 2 0 2 e 	6641.298202117	0.002000160	2
3 0 2 0 3 e 	6642.489163715	0.002000133	3
3 0 2 0 4 e 	6644.079109287	0.002000160	3
4 6 0 0 33 e 	6645.553966311	0.002003993	1
0 0 3 0 51 e 	6645.626732400	0.200205262	2
3 0 2 0 5 e 	6646.066048789	0.002000294	3
3 4 1 0 13 e 	6647.770960868	0.002003400	1
3 0 2 0 6 e 	6648.451590219	0.002000627	2
3 0 2 0 7 e 	6651.233319871	0.002001961	2
1 3 2 1 30 e 	6652.892240838	0.001217986	2
4 2 1 0 33 e 	6654.011596311	0.002003993	1
3 0 2 0 8 e 	6654.413074187	0.002001997	2
3 0 2 0 9 e 	6657.990123269	0.002002015	2
3 0 2 0 10 e 	6661.964712713	0.001288765	3
1 3 2 1 31 e 	6665.339473204	0.001217342	1
1 3 2 1 31 f 	6665.798882090	0.001218920	1
5 0 1 0 44 e 	6666.166690018	0.002074244	1
3 0 2 0 11 e 	6666.337596403	0.002002038	3
0 0 3 0 52 e 	6666.360366676	0.200283260	1
3 0 2 0 12 e 	6671.106820933	0.001288765	4
4 6 0 0 35 e 	6673.450543029	0.002004008	1
3 0 2 0 13 e 	6676.273780771	0.002002055	3
1 3 2 1 32 e 	6678.187748943	0.001217986	1
1 3 2 1 32 f 	6678.677610973	0.001222706	2
3 4 1 0 18 e 	6680.009417656	0.002003437	1
3 0 2 0 14 e 	6681.838420412	0.002003389	3
0 0 3 0 53 e 	6687.412575147	0.200285262	2
3 0 2 0 15 e 	6687.799676098	0.002003400	3
1 3 2 1 33 e 	6691.436294986	0.001217342	2
3 0 2 0 16 e 	6694.158421868	0.002003414	2
4 2 1 0 36 e 	6696.121753806	0.002004079	1
3 0 2 0 17 e 	6700.914843094	0.002003427	2
4 6 0 0 37 e 	6702.958646556	0.002004105	1
3 4 1 0 21 e 	6704.189825796	0.002003608	1
1 3 2 1 34 f 	6705.638341694	0.001223670	1
3 0 2 0 18 e 	6708.068244318	0.001283482	4
0 0 3 0 54 e 	6708.946887243	0.200287263	1
3 0 2 0 19 e 	6715.619048699	0.002003490	3
1 3 2 1 35 e 	6719.138828769	0.001218008	1
1 3 2 1 35 f 	6719.722662337	0.001222255	1
5 0 1 0 47 e 	6720.926175943	0.002121259	1
3 0 2 0 20 e 	6723.567367724	0.002003517	3
0 0 3 0 55 e 	6730.856337753	0.200289264	1
3 0 2 0 21 e 	6731.912448478	0.001283572	3
1 3 2 1 36 e 	6733.590484117	0.001219006	1
1 3 2 1 36 f 	6734.207844826	0.001215670	1
3 0 2 0 22 e 	6740.654728647	0.002003573	2
4 2 1 0 39 e 	6741.850424600	0.002004134	1
3 4 1 0 25 e 	6742.070496086	0.002003701	1
1 3 2 1 37 e 	6748.443606117	0.001221342	1
1 3 2 1 37 f 	6749.095139049	0.001224678	1
3 0 2 0 23 e 	6749.794724441	0.002003608	2
4 6 0 0 40 e 	6750.237617607	0.002004170	1
0 0 3 0 56 e 	6753.068040766	0.200367263	2
3 0 2 0 24 e 	6759.331772335	0.001283756	4
5 1 1 1 4 e 	6759.591431405	0.006009762	1
5 1 1 1 4 f 	6759.597797092	0.006009756	1
3 4 1 0 27 e 	6763.428009589	0.002003889	1
1 3 2 1 38 e 	6763.698846756	0.001223006	1
5 1 1 1 6 e 	6763.970541405	0.006009762	1
1 3 2 1 38 f 	6764.384271826	0.001215670	1
5 1 1 1 7 f 	6766.776161114	0.004005087	1
3 0 2 0 25 e 	6769.265601162	0.002003701	2
5 1 1 1 9 e 	6773.529684331	0.006005856	1
0 0 3 0 57 e 	6775.746680936	0.200369264	2
5 0 1 0 50 e 	6779.246824625	0.002203260	1
1 3 2 1 39 e 	6779.353133124	0.001220105	1
3 0 2 0 26 e 	6779.596721312	0.001283827	3
4 6 0 0 42 e 	6783.763797822	0.004004320	1
3 4 1 0 29 e 	6786.397420938	0.002003946	1
3 0 2 0 27 e 	6790.325463243	0.001283777	3
4 2 1 0 42 e 	6791.200947822	0.002004320	1
5 1 1 1 13 e 	6791.844391576	0.006006515	1
5 1 1 1 13 f 	6791.898431869	0.004007515	1
1 3 2 1 40 e 	6795.409351061	0.001223006	2
5 1 1 1 14 f 	6797.482716633	0.004007860	1
2 2 2 0 5 e 	6797.549526968	0.002001961	1
0 0 3 0 58 e 	6798.821931288	0.000771266	1
2 2 2 0 6 e 	6799.953004813	0.002001997	1
3 0 2 0 28 e 	6801.450575764	0.001283944	5
2 2 2 0 7 e 	6802.757908774	0.002002015	1
2 2 2 0 8 e 	6805.963144687	0.002001997	2
2 2 2 0 9 e 	6809.569710774	0.002002015	1
1 3 2 1 41 e 	6811.866102124	0.001220105	1
3 0 2 0 29 e 	6812.973018719	0.001283889	4
2 2 2 0 10 e 	6813.576903560	0.002002026	1
2 2 2 0 11 e 	6817.983250743	0.002002038	2
5 0 1 0 52 e 	6820.106726676	0.002283260	1
4 2 1 2 44 e 	6821.420967822	0.010004320	1
0 0 3 0 59 e 	6822.293238580	0.200447456	2
2 2 2 0 12 e 	6822.791643273	0.002002048	2
5 1 1 1 18 e 	6823.694492993	0.006017414	1
5 1 1 1 18 f 	6823.801461156	0.004007285	1
3 4 1 0 32 e 	6823.872490311	0.002004001	1
3 0 2 0 30 e 	6824.891606610	0.001283944	5
4 2 1 0 44 e 	6826.115190018	0.002074244	1
2 2 2 0 13 e 	6828.000775723	0.002002055	1
1 3 2 1 42 f 	6829.558509435	0.001739670	1
2 2 2 0 14 e 	6833.608636829	0.002003389	2
4 6 0 0 45 e 	6837.057094315	0.004117256	1
3 4 1 0 33 e 	6837.170093029	0.002004008	1
3 0 2 0 31 e 	6837.207625918	0.001283970	3
5 1 1 1 20 f 	6839.351712635	0.004010619	1
2 2 2 0 15 e 	6839.619449214	0.002003400	2
5 0 1 0 53 e 	6841.128334791	0.002285262	1
1 3 2 1 43 e 	6845.982173181	0.001244242	1
2 2 2 0 16 e 	6846.029082868	0.002003414	2
0 0 3 0 60 e 	6846.161998508	0.200447583	2
1 3 2 1 43 f 	6846.856576241	0.001247578	1
5 1 1 1 21 e 	6847.582562392	0.006024825	1
3 0 2 0 32 e 	6849.921584995	0.002003986	2
2 2 2 0 17 e 	6852.839722094	0.002003427	2
5 1 1 1 22 f 	6856.497013397	0.004015208	1
2 2 2 0 18 e 	6860.051598709	0.002003437	2
5 0 1 0 54 e 	6862.549416676	0.002283260	1
4 2 1 0 46 e 	6862.645726058	0.002119257	1
3 0 2 0 33 e 	6863.029043029	0.100004008	1
3 4 1 0 35 e 	6864.974511786	0.002004070	1
2 2 2 0 19 e 	6867.663379931	0.002003490	2
0 0 3 0 61 e 	6870.586223048	0.200447730	1
5 1 1 1 24 e 	6875.053815673	0.006023541	1
2 2 2 0 20 e 	6875.675536483	0.002003517	2
3 0 2 0 34 e 	6876.539424268	0.100004023	2
4 2 1 2 47 e 	6876.891285943	0.010121259	1
1 3 2 1 45 e 	6881.701033268	0.001257256	1
2 2 2 0 21 e 	6884.087896514	0.002003539	2
5 0 1 0 55 e 	6884.362104791	0.002285262	1
3 0 2 0 35 e 	6890.443196168	0.100004070	2
2 2 2 0 22 e 	6892.901761147	0.002003573	2
0 0 3 0 62 e 	6895.087259944	0.000847850	1
1 3 2 1 46 e 	6900.160600582	0.001264320	1
4 2 1 0 48 e 	6900.791272983	0.002123260	1
3 0 2 0 36 e 	6904.754753806	0.100004079	1
5 1 1 1 27 e 	6906.100898296	0.006021946	1
3 4 1 0 38 e 	6909.701920348	0.002004118	1
0 4 2 0 61 e 	6917.130638416	0.001247456	1
1 3 2 1 47 e 	6919.021900696	0.001297256	1
3 0 2 0 37 e 	6919.451336555	0.100004105	1
1 3 2 1 47 f 	6920.062363811	0.001300592	1
0 0 3 0 63 e 	6920.145054688	0.000847943	1
3 4 1 0 39 e 	6925.416406555	0.002004105	1
4 3 1 1 4 e 	6925.922791405	0.002009762	1
5 0 1 0 57 e 	6929.177330892	0.002369264	1
4 3 1 1 6 f 	6930.364664921	0.002005756	1
4 6 0 0 50 e 	6933.848074625	0.004203260	1
3 0 2 0 38 e 	6934.534342555	0.100004118	2
4 2 1 2 50 e 	6936.013384625	0.010203260	1
1 3 2 1 48 f 	6939.367479707	0.001366856	1
4 3 1 1 9 e 	6939.977563521	0.002006471	1
4 2 1 0 50 e 	6940.556782983	0.002123260	1
3 4 1 0 40 e 	6941.533437607	0.002004170	1
0 4 2 0 62 e 	6942.116588342	0.001247583	1
4 3 1 1 10 f 	6944.061250082	0.002006475	1
0 0 3 0 64 e 	6945.598601635	0.000861286	1
3 0 2 0 39 e 	6950.030284600	0.100004134	1
5 1 1 1 31 e 	6953.070374901	0.006017946	1
4 3 1 1 12 f 	6953.324818301	0.002006515	1
4 6 0 0 51 e 	6954.399122013	0.004205262	1
4 2 1 2 51 e 	6956.523142013	0.010205262	1
4 3 1 1 13 e 	6958.450291576	0.002006515	1
4 3 1 1 14 f 	6964.198716633	0.002007860	1
5 1 1 1 32 e 	6965.803398690	0.006021986	1
3 0 2 0 40 e 	6965.918567607	0.100004170	1
1 0 3 0 1 e 	6966.571323429	0.002000000	2
1 0 3 0 2 e 	6967.367363463	0.002000067	2
0 4 2 0 63 e 	6967.504333048	0.001247730	1
1 0 3 0 3 e 	6968.561645193	0.002000133	4
4 3 1 1 15 e 	6970.095257582	0.002009849	1
1 0 3 0 4 e 	6970.154968622	0.200000160	2
0 0 3 0 65 e 	6971.448311040	0.000863287	1
1 0 3 0 5 e 	6972.144579593	0.002000294	4
1 0 3 0 6 e 	6974.532556239	0.002000627	4
1 0 3 0 7 e 	6977.319148584	0.001287354	4
1 3 2 1 50 e 	6978.006724223	0.001374194	1
1 0 3 0 8 e 	6980.503981118	0.002001997	4
4 2 1 0 52 e 	6981.947166676	0.002283260	1
3 0 2 0 41 e 	6982.205666624	0.100004242	1
1 0 3 0 9 e 	6984.086244103	0.002002015	4
1 0 3 0 10 e 	6988.066830503	0.002002026	3
4 3 1 1 18 f 	6990.779262635	0.002010619	1
3 4 1 0 43 e 	6992.303596624	0.002004242	1
1 0 3 0 11 e 	6992.445314707	0.002002038	3
0 4 2 0 64 e 	6993.295759944	0.001247850	1
1 4 2 0 8 e 	6995.432206187	0.002001997	2
4 6 0 0 53 e 	6996.687444791	0.004285262	1
1 0 3 0 12 e 	6997.221666229	0.001288781	4
0 0 3 0 66 e 	6997.694100250	0.000865289	1
1 3 2 1 51 e 	6998.468953840	0.002337256	1
3 0 2 0 42 e 	6998.875742140	0.100004320	2
1 4 2 0 9 e 	6999.048307769	0.002002015	2
5 0 1 0 60 e 	6999.363088342	0.002447583	1
1 0 3 0 13 e 	7002.395977879	0.001288775	4
1 4 2 0 10 e 	7003.069047560	0.002002026	1
4 2 1 0 53 e 	7003.252674791	0.004285262	1
4 3 1 1 20 e 	7006.227761369	0.002017437	1
5 1 1 1 35 e 	7006.398249117	0.006021342	1
5 1 1 1 35 f 	7006.779331337	0.004022255	1
1 4 2 0 11 e 	7007.490930764	0.002002038	1
1 0 3 0 14 e 	7007.967964086	0.002003389	3
1 4 2 0 12 e 	7012.312961970	0.002002048	1
1 0 3 0 15 e 	7013.938016637	0.001289782	4
4 3 1 1 21 f 	7014.936999921	0.002011897	1
3 0 2 0 43 e 	7015.961140256	0.100072242	1
1 4 2 0 13 e 	7017.538037723	0.002002055	1
1 0 3 0 16 e 	7020.305656054	0.001290127	4
1 4 2 0 14 e 	7023.165090829	0.002003389	2
0 0 3 0 67 e 	7024.335904674	0.000943287	1
1 0 3 0 17 e 	7027.071067137	0.002003427	3
3 4 1 0 45 e 	7028.162824315	0.002117256	1
1 4 2 0 15 e 	7029.194681868	0.002003400	1
4 3 1 1 23 e 	7032.721653057	0.002025543	1
4 3 1 1 23 f 	7033.054619286	0.002015247	1
3 0 2 0 44 e 	7033.433420018	0.100074244	1
1 0 3 0 18 e 	7034.234086969	0.002003437	3
1 4 2 0 16 e 	7035.625244080	0.002003414	1
1 0 3 0 19 e 	7041.794911794	0.002003490	3
1 4 2 0 17 e 	7042.459135559	0.002003427	1
4 2 1 2 55 e 	7042.641264791	0.010285262	1
3 4 1 0 46 e 	7046.695416058	0.002119257	1
4 2 1 0 55 e 	7047.088114791	0.004285262	1
5 0 1 0 62 e 	7048.128939944	0.002447850	1
1 0 3 0 20 e 	7049.753461838	0.002003517	3
5 1 1 1 38 e 	7050.569091756	0.006023006	1
5 1 1 1 38 f 	7051.017436735	0.004019670	1
3 0 2 0 45 e 	7051.307344315	0.100117256	1
0 0 3 0 68 e 	7051.374149097	0.001118797	1
4 3 1 1 25 e 	7052.389363775	0.002021543	1
4 3 1 1 25 f 	7052.779144937	0.002019247	1
1 0 3 0 21 e 	7058.109496315	0.001283572	3
4 6 0 0 56 e 	7063.092297243	0.006287263	1
4 2 1 2 56 e 	7065.182237243	0.010287263	1
1 4 2 0 20 e 	7065.371410762	0.002003517	1
3 4 1 0 47 e 	7065.631034315	0.002117256	1
5 1 1 1 39 e 	7066.088898124	0.006020105	1
1 0 3 0 22 e 	7066.863131647	0.002003573	2
3 0 2 0 46 e 	7069.561119949	0.100119257	2
4 2 1 0 56 e 	7069.617377243	0.004287263	1
4 3 1 1 27 e 	7073.660948296	0.002021946	1
1 0 3 0 23 e 	7076.014229150	0.002003608	3
5 1 1 1 40 f 	7082.497724435	0.006539670	1
1 4 2 0 22 e 	7082.655646205	0.002003573	1
3 4 1 0 48 e 	7084.973716058	0.002119257	1
4 3 1 1 28 f 	7085.381775724	0.002018706	1
1 0 3 0 24 e 	7085.562888433	0.001283663	4
4 6 0 0 57 e 	7086.021520892	0.006369264	1
3 0 2 0 47 e 	7088.235885943	0.100121259	1
1 4 2 0 23 e 	7091.899918796	0.002003608	1
4 2 1 0 57 e 	7092.559697753	0.004289264	1
1 0 3 0 25 e 	7095.508858537	0.001283703	4
4 3 1 1 29 e 	7096.534804901	0.002017946	1
5 0 1 0 64 e 	7098.475571635	0.002461286	1
1 4 2 0 24 e 	7101.548713088	0.002003647	1
6 0 1 0 6 e 	7102.540160602	0.006087020	1
3 4 1 0 49 e 	7104.711865943	0.002121259	1
1 0 3 0 26 e 	7105.852075118	0.002003722	2
3 0 2 0 48 e 	7107.281256245	0.100123260	2
4 6 0 0 58 e 	7109.351100438	0.006367263	1
6 0 1 0 9 e 	7112.040961358	0.006088753	1
1 0 3 0 27 e 	7116.581049589	0.200003889	1
3 5 1 1 1 e 	7116.910787319	0.004011122	1
3 5 1 1 1 f 	7116.912060479	0.004011115	1
4 3 1 1 31 e 	7121.010944204	0.002017342	1
1 4 2 0 26 e 	7122.049334837	0.002003722	1
5 0 1 0 65 e 	7124.239314688	0.004447943	1
6 0 1 0 12 e 	7125.105995715	0.006088765	1
0 2 3 0 3 e 	7125.777246207	0.001202067	2
0 2 3 2 7 e 	7126.273225147	0.011205822	1
3 0 2 0 49 e 	7126.736868253	0.100125262	2
0 2 3 0 4 e 	7127.377125617	0.002000160	1
1 0 3 0 28 e 	7127.692505250	0.200003915	1
3 5 1 1 7 e 	7127.767879220	0.004005094	1
3 5 1 1 7 f 	7127.805081114	0.004005087	1
3 1 2 1 3 f 	7129.284778524	0.004009087	1
0 2 3 0 5 e 	7129.377197065	0.001202160	2
0 2 3 2 8 e 	7129.474708314	0.011205849	1
0 2 3 0 6 e 	7131.777138719	0.002000627	2
5 1 1 1 43 e 	7132.130880268	0.006057256	1
3 1 2 1 5 e 	7132.873769220	0.004005094	1
3 1 2 1 5 f 	7132.882948524	0.004009087	1
1 4 2 0 27 e 	7132.902217238	0.002003771	1
0 2 3 2 9 e 	7133.075008019	0.011205822	2
0 2 3 2 9 f 	7133.075186347	0.011205829	1
0 2 3 0 7 e 	7134.578357774	0.002002015	1
0 0 3 0 71 e 	7134.863306299	0.001450305	1
4 2 1 2 59 e 	7135.198738416	0.010447456	1
0 2 3 0 8 e 	7137.777227684	0.001204015	3
3 5 1 1 10 e 	7138.628314320	0.004006632	1
3 5 1 1 10 f 	7138.699771433	0.004006498	1
1 0 3 0 29 e 	7139.229220938	0.200003946	1
4 2 1 0 59 e 	7139.667600892	0.004369264	1
0 2 3 0 9 e 	7141.378204774	0.002002015	1
0 2 3 2 11 e 	7141.476823498	0.011206505	1
1 4 2 0 28 e 	7144.158189195	0.002003834	1
0 2 3 0 10 e 	7145.377488182	0.001204015	3
3 4 1 0 51 e 	7145.402006050	0.002125262	1
0 2 3 2 12 e 	7146.277747775	0.011205849	1
0 2 3 2 12 f 	7146.278206925	0.011205842	1
3 0 2 0 50 e 	7146.586228432	0.100203260	2
4 3 1 1 33 e 	7147.091259769	0.002018008	1
4 3 1 1 33 f 	7147.751591337	0.002022255	1
0 2 3 0 11 e 	7149.777209393	0.001204048	3
5 1 1 1 44 f 	7150.228144976	0.006059656	1
1 0 3 0 30 e 	7151.191165385	0.200003986	1
0 2 3 2 13 e 	7151.478206069	0.011207515	1
3 5 1 1 13 e 	7153.105487582	0.004009849	1
0 2 3 0 12 e 	7154.577781773	0.002002048	2
1 4 2 0 29 e 	7155.816779589	0.002003889	1
0 2 3 2 14 e 	7157.079477793	0.011206515	2
0 2 3 2 14 f 	7157.080121055	0.011206521	1
3 5 1 1 14 f 	7158.874058301	0.002006515	1
0 2 3 0 13 e 	7159.777223371	0.001205055	3
6 0 1 0 18 e 	7161.922033275	0.006083482	1
0 2 3 2 15 e 	7163.073258579	0.011207291	1
3 1 2 1 13 e 	7163.196071576	0.004006515	1
0 0 3 0 72 e 	7163.484093606	0.001625815	1
1 0 3 0 31 e 	7163.518306311	0.200003993	1
0 2 3 0 14 e 	7165.376676672	0.001205400	2
3 0 2 0 51 e 	7166.833095747	0.100205262	2
1 4 2 0 30 e 	7167.877427250	0.002003915	1
0 2 3 2 16 e 	7169.480790154	0.011208516	1
0 2 3 2 16 f 	7169.481268967	0.011208523	1
3 5 1 1 16 e 	7171.202182993	0.004017414	1
0 2 3 0 15 e 	7171.376662448	0.001205414	3
3 5 1 1 16 f 	7171.379746633	0.002007860	1
3 1 2 1 15 e 	7174.765568495	0.004013849	1
4 3 1 1 35 e 	7174.772239117	0.002021342	1
3 1 2 1 15 f 	7174.849774756	0.004007874	1
1 0 3 0 32 e 	7176.240610311	0.200004001	1
0 2 3 2 17 e 	7176.269305992	0.011207291	1
0 2 3 2 17 f 	7176.465724562	0.011207285	1
0 2 3 0 16 e 	7177.776680246	0.001205400	2
1 4 2 0 31 e 	7180.338573938	0.002003946	1
0 2 3 2 18 e 	7183.470298081	0.011207880	2
0 2 3 2 18 f 	7183.471561534	0.011207874	1
0 2 3 0 17 e 	7184.576371594	0.002003427	2
3 5 1 1 18 e 	7185.275641369	0.004017437	1
3 5 1 1 18 f 	7185.498831156	0.002007285	1
6 0 1 0 21 e 	7185.671996331	0.006083572	1
5 1 1 1 46 f 	7186.487371707	0.010166856	1
3 0 2 0 52 e 	7187.476209939	0.100283260	2
3 4 1 0 53 e 	7187.700292013	0.004205262	1
1 0 3 0 33 e 	7189.378043029	0.200004008	1
4 3 1 1 36 f 	7189.990154826	0.004015670	1
0 2 3 0 18 e 	7191.774740257	0.001205490	3
0 2 3 0 19 e 	7199.374229630	0.002003490	1
3 5 1 1 20 f 	7201.228645071	0.002014619	1
3 1 2 1 19 e 	7202.694940829	0.002020825	1
3 1 2 1 19 f 	7202.829136825	0.002007897	1
5 0 1 0 68 e 	7203.901650250	0.004465289	1
5 1 1 1 47 e 	7204.525390493	0.006617256	1
4 3 1 1 37 f 	7204.876020170	0.004027440	1
5 1 1 1 47 f 	7205.201358639	0.010620592	1
4 6 0 0 62 e 	7206.621458342	0.008447583	1
0 2 3 0 20 e 	7207.373269983	0.002003517	2
3 0 2 0 53 e 	7208.515177738	0.100285262	2
4 2 1 2 62 e 	7208.835809944	0.010447850	1
3 5 1 1 21 e 	7209.398712392	0.004024825	1
4 2 1 0 62 e 	7213.411328342	0.006447583	1
0 2 3 0 21 e 	7215.772001470	0.001205573	3
0 2 3 2 22 f 	7216.186998270	0.011211897	1
3 1 2 1 21 f 	7219.218049921	0.002011897	1
4 3 1 1 38 e 	7219.295301756	0.002023006	1
0 0 3 0 74 e 	7221.913280007	0.001879324	1
6 0 1 0 25 e 	7222.875029081	0.006083777	1
0 2 3 0 22 e 	7224.570622017	0.001205539	3
0 2 3 2 23 f 	7225.196298426	0.011214619	1
3 1 2 1 22 e 	7227.831475673	0.002023541	1
3 5 1 1 23 f 	7227.846649286	0.002015247	1
3 0 2 0 54 e 	7229.958887243	0.100287263	1
1 0 3 0 36 e 	7231.100753806	0.200004079	1
0 2 3 0 23 e 	7233.768705292	0.001205647	3
4 3 1 1 39 f 	7235.843313740	0.004023440	1
3 5 1 1 24 e 	7237.136991582	0.004019541	1
3 1 2 1 23 f 	7237.206918068	0.002015173	1
5 1 1 1 49 e 	7243.107250493	0.006617256	1
0 2 3 0 24 e 	7243.367061963	0.002003647	2
1 0 3 0 37 e 	7245.878336555	0.200004105	1
3 5 1 1 25 f 	7247.602664937	0.002019247	1
5 2 1 0 4 e 	7249.741870602	0.010087020	1
4 3 1 1 40 e 	7250.979998367	0.002543006	1
3 0 2 0 55 e 	7251.789337753	0.100289264	1
0 2 3 0 25 e 	7253.365204162	0.002003701	2
5 2 1 0 6 e 	7254.139108804	0.006088354	1
3 4 1 0 56 e 	7254.166277243	0.004287263	1
6 0 1 0 28 e 	7254.931039645	0.006083827	1
3 1 2 1 25 e 	7256.560863057	0.002025543	1
3 1 2 1 25 f 	7256.796644937	0.002019247	1
4 6 0 0 64 e 	7257.638331635	0.008461286	1
1 0 3 0 38 e 	7260.950860348	0.200004118	1
5 1 1 1 50 e 	7262.990698223	0.006174194	1
0 2 3 0 26 e 	7263.762723195	0.002003834	1
0 2 3 2 27 f 	7265.994270816	0.011215371	1
0 2 3 2 27 e 	7266.032132335	0.011223541	1
4 3 1 1 41 f 	7268.412553740	0.004023440	1
3 5 1 1 27 e 	7268.486658296	0.004021946	1
3 0 2 0 56 e 	7274.006174404	0.100367263	2
0 2 3 0 27 e 	7274.559592468	0.001205834	3
1 0 3 0 39 e 	7276.428284600	0.200004134	1
5 2 1 0 12 e 	7276.901572511	0.004088781	1
6 0 1 0 30 e 	7278.282411814	0.006084001	1
3 5 1 1 28 f 	7280.255410442	0.002015371	1
0 0 3 0 76 e 	7281.924129205	0.002146175	1
4 3 1 1 42 e 	7284.262788367	0.002543006	1
0 2 3 0 28 e 	7285.756420722	0.002003834	2
5 0 1 0 71 e 	7287.114308330	0.004796796	1
0 2 3 2 29 f 	7288.791210488	0.011215371	1
0 2 3 2 29 e 	7288.826846389	0.011221320	1
3 1 2 1 28 e 	7288.881474734	0.002021320	1
3 1 2 1 28 f 	7289.181485724	0.004018706	1
3 5 1 1 29 e 	7291.393564901	0.004017946	1
1 0 3 0 40 e 	7292.340567607	0.200004170	1
5 2 1 0 15 e 	7293.674027581	0.002083469	1
3 0 2 0 57 e 	7296.637580892	0.100369264	1
0 2 3 0 29 e 	7297.352789234	0.001205320	3
3 4 1 0 58 e 	7300.487611288	0.004371266	1
0 2 3 2 30 f 	7300.790417298	0.011214920	1
6 0 1 0 32 e 	7303.209479848	0.006084049	1
3 5 1 1 30 f 	7304.033295724	0.002018706	1
1 0 3 0 41 e 	7308.627666624	0.200004242	1
0 2 3 0 30 e 	7309.348596200	0.001205946	3
0 0 3 0 77 e 	7312.521995849	0.002224173	1
0 2 3 2 31 f 	7313.187304332	0.011218706	1
0 2 3 2 31 e 	7313.215571920	0.011217986	1
5 0 1 0 72 e 	7315.640583606	0.005225815	1
4 3 1 1 44 e 	7319.143463394	0.004056320	1
3 0 2 0 58 e 	7319.656001288	0.100371266	1
5 2 1 0 19 e 	7321.625794494	0.002083492	1
0 2 3 0 31 e 	7321.744257821	0.001205320	3
3 4 1 0 59 e 	7324.254788416	0.004447456	1
3 1 2 1 31 e 	7324.798424204	0.002017342	1
1 0 3 0 42 e 	7325.349537822	0.200004320	1
3 5 1 1 32 e 	7328.761538690	0.004021986	1
3 5 1 1 32 f 	7329.419360694	0.002023670	1
6 0 1 0 34 e 	7329.721136058	0.006077392	1
0 2 3 0 32 e 	7334.538931283	0.001205946	3
4 6 0 0 67 e 	7337.149661040	0.010463287	1
4 3 1 1 45 e 	7337.185445696	0.004097256	1
5 2 1 0 21 e 	7337.996446331	0.002083572	1
4 3 1 1 45 f 	7338.367345811	0.004100592	1
1 0 3 0 43 e 	7342.406140256	0.200072242	1
3 0 2 0 59 e 	7343.060351590	0.100447456	2
0 0 3 0 78 e 	7343.515521279	0.002359656	1
0 2 3 0 33 e 	7347.733649986	0.001206001	3
3 4 1 0 60 e 	7348.418338342	0.004447583	1
3 1 2 1 33 f 	7351.163684090	0.004018920	1
4 3 1 1 46 e 	7355.625649582	0.004064320	1
3 5 1 1 34 e 	7355.677558435	0.004018023	1
6 0 1 0 36 e 	7357.811436058	0.006077392	1
0 2 3 0 34 e 	7361.327598208	0.001206008	2
3 1 2 1 34 e 	7364.309798435	0.002018023	1
0 2 3 2 35 f 	7366.773048986	0.011223670	1
0 2 3 2 35 e 	7366.790721291	0.011218023	1
3 0 2 0 60 e 	7366.878388342	0.100447583	1
3 5 1 1 35 f 	7370.506140049	0.002024678	1
6 0 1 0 37 e 	7372.448064870	0.006077408	1
3 4 1 0 61 e 	7372.983813048	0.006447730	1
4 3 1 1 47 e 	7374.462450493	0.010617256	1
0 0 3 0 79 e 	7374.904636451	0.002517710	1
0 2 3 0 35 e 	7375.321836029	0.002004008	1
5 2 1 0 25 e 	7375.529359300	0.002083703	1
4 3 1 1 47 f 	7375.743108639	0.006620592	1
3 1 2 1 35 f 	7378.766221337	0.004022255	1
3 5 1 1 36 e 	7384.195201117	0.004019006	1
0 2 3 0 36 e 	7389.714264866	0.001206008	3
3 0 2 0 61 e 	7391.081223048	0.100447730	1
4 3 1 1 48 f 	7395.034203487	0.006170859	1
0 2 3 2 37 f 	7395.962265313	0.011215670	1
0 2 3 2 37 e 	7395.977455642	0.011218023	1
5 2 1 0 27 e 	7396.690316498	0.002083889	1
6 0 1 0 39 e 	7402.911610856	0.006077464	2
5 0 1 0 75 e 	7403.583937245	0.007303813	1
0 2 3 0 37 e 	7404.506145988	0.001206023	3
0 0 3 0 80 e 	7406.689244778	0.003162858	1
3 1 2 1 37 e 	7407.416621514	0.002024105	1
3 1 2 1 37 f 	7407.969290170	0.004027440	1
0 2 3 2 38 f 	7411.156079362	0.012427440	1
4 3 1 1 49 e 	7413.340494840	0.011137256	1
3 5 1 1 38 e 	7414.312591756	0.004023006	1
3 5 1 1 38 f 	7415.197584826	0.002015670	1
3 0 2 0 62 e 	7415.678749944	0.100447850	1
0 2 3 0 38 e 	7419.697922073	0.001206105	3
3 1 2 1 38 f 	7423.175876735	0.004019670	1
5 2 1 0 30 e 	7431.423497433	0.002083944	1
0 2 3 0 39 e 	7435.288190518	0.001206118	3
0 0 3 0 81 e 	7438.867809564	0.003677959	1
3 0 2 0 63 e 	7440.670269318	0.100447943	2
0 2 3 2 40 e 	7442.727216697	0.011224105	1
0 2 3 2 40 f 	7442.746268362	0.011227440	1
3 4 1 0 64 e 	7449.100741635	0.006461286	1
0 2 3 0 40 e 	7451.278310348	0.002004118	1
4 3 1 1 51 e 	7453.821134840	0.011137256	1
3 1 2 1 40 f 	7454.790064435	0.004539670	1
5 2 1 0 32 e 	7456.575679848	0.004084049	1
3 5 1 1 41 e 	7462.488487181	0.004044242	1
3 0 2 0 64 e 	7466.072511635	0.100461286	1
0 2 3 0 41 e 	7467.667596751	0.001232170	2
1 1 3 1 7 e 	7468.587320521	0.002006471	1
3 1 2 1 41 e 	7470.493197181	0.002044242	1
1 1 3 1 8 e 	7471.772203790	0.002006488	1
4 0 2 0 3 e 	7474.556621697	0.004086887	1
1 1 3 1 9 e 	7475.356939331	0.002005856	1
4 0 2 0 5 e 	7478.126021697	0.002086887	1
3 5 1 1 42 f 	7480.384164976	0.002059656	1
4 0 2 0 6 e 	7480.501860602	0.002087020	1
4 0 2 0 7 e 	7483.276703710	0.002087354	1
5 2 1 0 34 e 	7483.323946058	0.004077392	1
1 1 3 1 11 f 	7483.756302340	0.002006508	1
0 2 3 0 42 e 	7484.455695714	0.002004170	2
4 0 2 0 9 e 	7490.011561358	0.002088753	1
3 0 2 0 65 e 	7491.848333971	0.100463287	2
0 2 3 2 43 f 	7493.112219764	0.023221055	1
4 0 2 0 10 e 	7493.973145715	0.002088765	1
5 0 1 0 78 e 	7495.073679205	0.009746175	1
4 3 1 1 53 f 	7497.492328074	0.010340592	1
4 0 2 0 11 e 	7498.331453747	0.002088775	1
0 2 3 0 43 e 	7501.643415624	0.002004242	1
3 4 1 0 66 e 	7501.853631635	0.006461286	1
4 0 2 0 12 e 	7503.088395715	0.002088765	1
6 0 1 0 45 e 	7503.776525245	0.006077704	1
3 1 2 1 43 e 	7504.434230268	0.002057256	1
3 1 2 1 43 f 	7505.227307854	0.004053920	1
4 0 2 0 13 e 	7508.237433747	0.002088775	1
4 0 2 0 14 e 	7513.785365308	0.002090127	1
3 5 1 1 44 e 	7514.257039582	0.004064320	1
3 0 2 0 66 e 	7518.037220250	0.100465289	1
4 3 1 1 54 f 	7519.184315501	0.006254862	2
0 2 3 0 44 e 	7519.229068822	0.002004320	1
4 0 2 0 15 e 	7519.728157581	0.002083469	1
3 1 2 1 44 e 	7522.005769582	0.002064320	1
3 1 2 1 44 f 	7522.847495118	0.004067656	1
4 0 2 0 16 e 	7526.065595308	0.002090127	1
4 0 2 0 17 e 	7532.801877581	0.002083469	1
3 5 1 1 45 f 	7533.459705811	0.002100592	1
0 2 3 0 45 e 	7537.216652256	0.002072242	1
0 0 3 0 84 e 	7537.772194341	0.004050139	1
4 0 2 0 18 e 	7539.933153275	0.002083482	1
6 0 1 0 47 e 	7540.552938800	0.006154299	1
3 1 2 1 45 f 	7540.869205811	0.004100592	1
3 0 2 0 67 e 	7544.614114674	0.100543287	1
0 2 3 2 46 e 	7547.049245530	0.011297256	1
4 0 2 0 20 e 	7555.383837908	0.002003517	2
0 2 3 0 46 e 	7555.599289538	0.002074244	2
3 1 2 1 46 e 	7558.352999582	0.006064320	1
4 0 2 0 21 e 	7563.703992644	0.002003608	3
1 1 3 1 23 e 	7567.355257392	0.002024825	1
1 1 3 1 23 f 	7567.503254177	0.002015173	2
3 5 1 1 47 e 	7569.613440493	0.004617256	1
3 5 1 1 47 f 	7570.831188639	0.004620592	1
0 0 3 0 85 e 	7571.531052378	0.004678651	1
3 0 2 0 68 e 	7571.579229097	0.004718797	1
0 2 3 0 47 e 	7574.382985315	0.002117256	1
1 1 3 1 24 f 	7577.073045613	0.002019208	1
3 1 2 1 47 e 	7577.122815696	0.006097256	1
4 0 2 0 23 e 	7581.530059300	0.002083703	1
1 1 3 1 25 f 	7587.040913286	0.002015247	1
4 0 2 0 24 e 	7591.038802408	0.002083663	1
0 2 3 0 48 e 	7593.565937807	0.001357256	2
3 1 2 1 48 e 	7596.299868223	0.006174194	1
3 1 2 1 48 f 	7597.362603487	0.006170859	2
6 0 1 0 50 e 	7598.682218379	0.006211988	1
3 0 2 0 69 e 	7598.956638330	0.100796796	1
4 0 2 0 25 e 	7600.941089300	0.002083703	1
5 2 1 0 42 e 	7606.263396138	0.006077626	1
1 1 3 1 27 e 	7607.971374775	0.002021543	1
1 1 3 1 27 f 	7608.172907510	0.002018920	1
4 3 1 1 58 f 	7609.948034101	0.010654862	1
4 0 2 0 26 e 	7611.239565542	0.002083756	1
0 2 3 0 49 e 	7613.146609996	0.002121259	2
3 1 2 1 49 f 	7616.999248640	0.007140592	1
1 1 3 1 28 e 	7619.120027065	0.002023541	1
1 1 3 1 28 f 	7619.335140583	0.002015371	2
4 0 2 0 27 e 	7621.933014868	0.002003771	2
3 2 2 2 7 e 	7622.868959936	0.017206850	1
3 2 2 2 7 f 	7622.868972668	0.017206843	1
3 0 2 0 70 e 	7626.707839051	0.100972306	2
3 5 1 1 50 e 	7628.551710983	0.005374194	1
3 5 1 1 50 f 	7629.862945681	0.005454862	1
1 1 3 1 29 e 	7630.665622296	0.002021946	1
1 1 3 1 29 f 	7630.897104213	0.002014920	2
4 0 2 0 28 e 	7633.024779645	0.002083827	1
0 2 3 0 50 e 	7633.126709804	0.002123260	2
3 2 2 2 10 e 	7633.637428314	0.014005849	1
3 1 2 1 50 e 	7635.861128223	0.006174194	1
0 0 3 0 87 e 	7640.227739754	0.005799150	1
1 1 3 1 30 e 	7642.609465734	0.002021320	1
4 0 2 0 29 e 	7644.510516498	0.002083889	1
3 2 2 2 13 e 	7648.047097498	0.014006505	1
3 2 2 2 13 f 	7648.047279761	0.014006498	1
0 2 3 0 51 e 	7653.504593050	0.002125262	1
3 0 2 0 71 e 	7654.876646299	0.101050305	1
1 1 3 1 31 f 	7655.215027090	0.002018920	1
3 1 2 1 51 e 	7656.239667640	0.008337256	1
4 0 2 0 30 e 	7656.393111814	0.002084001	1
5 2 1 0 45 e 	7658.948605245	0.006077704	1
3 2 2 2 15 e 	7659.647845579	0.014007291	1
3 2 2 2 15 f 	7659.648403562	0.014007285	1
1 1 3 1 32 f 	7667.972379251	0.002022706	1
4 0 2 0 31 e 	7668.670042067	0.002084041	1
3 5 1 1 52 e 	7669.833029261	0.006574194	1
3 5 1 1 52 f 	7671.195065681	0.005454862	1
3 2 2 2 17 f 	7672.848652231	0.014007285	1
0 2 3 0 52 e 	7674.283912676	0.002283260	1
3 1 2 1 52 e 	7677.030719261	0.008574194	1
1 1 3 1 33 f 	7681.125227337	0.002022255	1
4 0 2 0 32 e 	7681.343569848	0.002084049	1
3 0 2 0 72 e 	7683.421705107	0.101225815	2
3 5 1 1 53 e 	7691.065815704	0.005555262	1
4 0 2 0 33 e 	7694.412212067	0.002084041	1
3 1 2 1 53 e 	7698.212915704	0.007555262	1
3 2 2 2 21 f 	7703.790395426	0.014014619	1
3 2 2 2 21 e 	7704.059788034	0.014010626	1
4 0 2 0 34 e 	7707.876746058	0.002077392	1
0 0 3 0 89 e 	7710.503100664	0.007106444	1
3 0 2 0 73 e 	7712.369514881	0.101303813	2
3 5 1 1 54 f 	7714.106460246	0.005454862	1
0 2 3 0 54 e 	7717.033760243	0.002287263	1
4 0 2 0 35 e 	7721.736414870	0.002077408	1
3 2 2 2 23 f 	7721.795229151	0.014015208	1
3 2 2 2 23 e 	7721.832504923	0.014019541	1
3 2 2 2 24 f 	7731.397899185	0.014015247	1
3 5 1 1 55 e 	7734.730218653	0.004355262	1
4 0 2 0 36 e 	7735.989453022	0.002077454	1
0 2 3 0 55 e 	7739.006796791	0.002285262	1
3 1 2 1 55 f 	7743.345601118	0.011540592	1
4 0 2 0 37 e 	7750.641236884	0.002077464	1
3 5 1 1 56 f 	7758.590520246	0.005454862	1
3 2 2 2 27 f 	7762.602239816	0.016015371	1
3 2 2 2 27 e 	7762.633595335	0.014023541	1
4 0 2 0 38 e 	7765.687103022	0.002077454	1
3 0 2 0 75 e 	7771.448203277	0.005557322	1
4 0 2 0 39 e 	7781.127804829	0.002077502	1
3 5 1 1 57 f 	7781.426241342	0.004416863	1
3 2 2 2 29 f 	7785.404711332	0.016018706	1
3 2 2 2 29 e 	7785.426210920	0.016017986	1
4 0 2 0 40 e 	7796.964843101	0.002077489	1
3 2 2 2 30 e 	7797.388997856	0.016017342	1
3 2 2 2 30 f 	7797.402852194	0.016014920	1
2 4 2 0 2 e 	7799.164614617	0.004000160	1
3 0 2 0 76 e 	7801.581319205	0.101746175	1
3 5 1 1 58 e 	7803.198944434	0.005555395	1
2 4 2 0 7 e 	7809.202949774	0.002002015	1
2 0 3 0 0 e 	7811.953333308	0.002000067	1
2 0 3 0 2 e 	7813.143834617	0.002000160	1
2 4 2 0 9 e 	7816.027785764	0.002002038	1
2 0 3 0 5 e 	7817.903405968	0.002001961	1
3 2 2 2 32 e 	7822.582233068	0.016017342	1
3 2 2 2 32 f 	7822.598035585	0.016018920	1
2 0 3 0 7 e 	7823.060226968	0.004001961	1
2 0 3 0 8 e 	7826.233884102	0.004001997	3
2 4 2 0 12 e 	7829.275348577	0.002003389	1
2 0 3 0 9 e 	7829.804164769	0.004002015	2
4 0 2 0 42 e 	7829.821006138	0.002077626	1
3 0 2 0 77 e 	7832.113515849	0.101824173	1
2 0 3 0 10 e 	7833.771404265	0.004002026	2
2 0 3 0 11 e 	7838.133288896	0.004002038	3
2 0 3 0 12 e 	7842.892554773	0.004002048	2
2 4 2 0 15 e 	7846.136591559	0.002003427	1
2 0 3 0 13 e 	7848.051680295	0.004002055	2
3 2 2 2 34 e 	7849.371605816	0.016018008	1
3 2 2 2 34 f 	7849.395152822	0.016022255	1
3 5 1 1 60 e 	7850.834159157	0.007555635	1
3 5 1 1 60 f 	7852.280690771	0.004417183	1
2 0 3 0 14 e 	7853.601934329	0.004003389	3
2 4 2 0 17 e 	7859.383221559	0.002003427	1
2 0 3 0 15 e 	7859.552309214	0.004003400	2
2 0 3 0 16 e 	7865.900009726	0.004003414	3
2 0 3 0 17 e 	7872.642989594	0.004003427	2
3 2 2 2 36 f 	7877.791315362	0.021227440	1
2 0 3 0 18 e 	7879.783269209	0.004003437	2
2 4 2 0 20 e 	7882.263258205	0.002003573	1
2 0 3 0 19 e 	7887.320111633	0.004003490	3
3 2 2 2 37 e 	7892.584851642	0.020018023	1
3 2 2 2 37 f 	7892.589549313	0.020015670	1
3 0 2 0 79 e 	7894.348506451	0.006117710	1
2 0 3 0 20 e 	7895.251441483	0.004003517	2
3 5 1 1 62 e 	7900.056412566	0.011555835	1
4 0 2 0 46 e 	7900.272163467	0.002197311	1
3 5 1 1 62 f 	7901.486030265	0.004417390	1
2 0 3 0 21 e 	7903.582236535	0.004003539	3
3 2 2 2 38 e 	7907.750165479	0.020021342	1
3 2 2 2 38 f 	7907.784875362	0.021227440	1
2 4 2 0 23 e 	7908.753925796	0.002003608	1
2 0 3 0 22 e 	7912.308782647	0.004003573	2
4 0 2 0 47 e 	7918.872441154	0.004199313	1
2 0 3 0 23 e 	7921.431901037	0.004003608	3
3 5 1 1 63 e 	7925.283559332	0.012449561	1
3 0 2 0 80 e 	7926.060684778	0.007962858	1
3 5 1 1 63 f 	7926.678592910	0.004497450	1
2 0 3 0 24 e 	7930.952654463	0.004003647	2
4 0 2 0 48 e 	7937.863212701	0.002201314	1
3 2 2 2 40 e 	7939.346376462	0.020020105	1
3 2 2 2 40 f 	7939.367507871	0.021247578	1
2 0 3 0 25 e 	7940.868136162	0.004003701	2
3 1 2 1 64 e 	7949.066163576	0.008462904	1
2 4 2 0 27 e 	7949.690519589	0.002003889	1
2 0 3 0 26 e 	7951.182707230	0.004003722	3
4 0 2 0 49 e 	7957.247678536	0.002209987	1
3 0 2 0 81 e 	7958.172409416	0.102477959	2
1 2 3 0 1 e 	7958.438648857	0.002000133	1
1 2 3 0 2 e 	7959.237074617	0.002000160	1
2 12 0 0 4 e 	7961.341232626	0.008000627	1
2 0 3 0 27 e 	7961.892206864	0.004003771	3
1 2 3 0 4 e 	7962.036424617	0.002000160	1
1 2 3 0 5 e 	7964.037047431	0.002000294	1
2 12 0 0 6 e 	7965.825560813	0.008001997	1
1 2 3 0 6 e 	7966.436482626	0.002000627	1
2 12 0 0 7 e 	7968.673527871	0.004001961	2
1 2 3 0 7 e 	7969.234899774	0.002002015	1
2 12 0 0 8 e 	7971.930954560	0.004002026	1
1 2 3 0 8 e 	7972.438162687	0.002001997	2
3 2 2 2 42 e 	7972.515716462	0.020020105	1
3 2 2 2 42 f 	7972.547947871	0.021247578	1
2 0 3 0 28 e 	7973.000084722	0.004003834	2
2 12 0 0 9 e 	7975.590289774	0.002002015	1
1 2 3 0 9 e 	7976.042295764	0.002002038	1
4 0 2 0 50 e 	7977.025928379	0.002211988	1
3 5 1 1 65 f 	7978.245959480	0.004510886	1
2 12 0 0 10 e 	7979.654082970	0.002002048	1
1 2 3 0 10 e 	7980.052428765	0.002002026	2
2 12 0 0 11 e 	7984.117674723	0.002002055	1
1 2 3 0 11 e 	7984.468220243	0.002002038	2
2 0 3 0 29 e 	7984.502591713	0.004003889	3
2 12 0 0 12 e 	7988.972885773	0.002002048	2
1 2 3 0 12 e 	7989.301900773	0.002002048	2
3 0 2 0 82 e 	7990.676747530	0.102356464	2
1 2 3 0 13 e 	7994.212937795	0.002002055	2
2 12 0 0 13 e 	7994.553600868	0.004003400	1
2 0 3 0 30 e 	7996.403353817	0.004003915	2
2 4 2 0 31 e 	7997.040350938	0.002003946	1
4 0 2 0 51 e 	7997.198604200	0.002289987	1
1 2 3 0 14 e 	7999.839237080	0.002003414	1
2 12 0 0 14 e 	8000.232912829	0.004003389	2
1 2 3 0 15 e 	8005.851331559	0.002003427	1
2 12 0 0 15 e 	8006.327740868	0.010003400	1
2 0 3 0 31 e 	8008.701046311	0.004003993	1
1 2 3 0 16 e 	8012.254267080	0.002003414	1
4 0 2 0 52 e 	8017.763424375	0.002298659	1
1 2 3 0 17 e 	8019.050681559	0.002003427	1
2 12 0 0 17 e 	8019.771901559	0.010003427	1
2 0 3 0 32 e 	8021.394505911	0.004004001	2
1 2 3 0 18 e 	8026.244627656	0.002003437	1
2 0 3 0 33 e 	8034.484734029	0.004004008	1
2 4 2 0 34 e 	8036.761719010	0.002004023	1
4 0 2 0 53 e 	8038.713676320	0.004376658	1
1 2 3 0 20 e 	8041.823968205	0.002003573	1
2 0 3 0 34 e 	8047.974052010	0.004004023	2
1 2 3 0 21 e 	8050.210403233	0.002003539	1
3 1 2 1 68 e 	8055.749491715	0.016543287	1
3 0 2 0 84 e 	8056.878234341	0.102850139	1
1 2 3 0 22 e 	8058.996518205	0.002003573	1
4 0 2 0 54 e 	8060.055308032	0.006385331	1
2 0 3 0 35 e 	8061.853027786	0.004004070	1
2 4 2 0 36 e 	8065.242153806	0.002004079	1
1 2 3 0 23 e 	8068.180385796	0.002003608	1
2 0 3 0 36 e 	8076.141439010	0.002004023	1
1 2 3 0 24 e 	8077.762691463	0.002003647	2
4 0 2 0 55 e 	8081.774684703	0.010387332	1
3 5 1 1 69 f 	8086.134286736	0.014796796	1
1 2 3 0 25 e 	8087.745322162	0.002003701	2
3 0 2 0 85 e 	8090.556852378	0.009478651	1
2 4 2 0 38 e 	8095.324753806	0.002004079	1
1 2 3 0 26 e 	8098.127962016	0.002003722	2
4 0 2 0 56 e 	8104.638798032	0.010385331	1
2 0 3 0 38 e 	8105.896870348	0.002004118	1
2 12 0 2 27 e 	8108.759413914	0.002003771	2
1 2 3 0 27 e 	8108.910663914	0.002003771	2
0 0 4 0 2 e 	8111.922324617	0.004000160	1
0 0 4 0 4 e 	8114.694814617	0.002000160	1
0 0 4 0 6 e 	8119.054232626	0.002000627	1
1 2 3 0 28 e 	8120.064369722	0.002003834	2
2 12 0 2 28 e 	8120.190292246	0.002003915	2
0 0 4 0 7 e 	8121.827789774	0.002002015	1
3 0 2 0 86 e 	8124.663701191	0.103490582	1
0 0 4 0 8 e 	8124.997354560	0.002002026	1
2 4 2 0 40 e 	8127.006010348	0.002004118	1
0 0 4 0 9 e 	8128.564255764	0.002002038	1
1 2 3 0 29 e 	8131.649631859	0.002003889	2
0 0 4 0 10 e 	8132.526408765	0.002002026	2
0 0 4 0 11 e 	8136.885105243	0.002002038	2
2 0 3 0 40 e 	8137.241917607	0.002004170	1
0 0 4 0 12 e 	8141.635965773	0.002002048	2
1 2 3 0 30 e 	8143.625380317	0.002003915	2
0 0 4 0 13 e 	8146.786947795	0.002002055	2
0 0 4 0 14 e 	8152.333377080	0.002003414	1
1 2 3 0 31 e 	8155.999088624	0.002003946	2
0 0 4 0 15 e 	8158.276921559	0.002003427	1
2 4 2 0 42 e 	8160.286867607	0.002004170	1
1 2 3 0 32 e 	8168.772357848	0.002003986	2
2 0 3 0 42 e 	8170.176577822	0.002004320	1
0 0 4 0 17 e 	8171.350181559	0.002003427	1
4 0 2 0 59 e 	8173.250431210	0.010484677	1
1 2 3 0 33 e 	8181.944854670	0.002003993	2
0 0 4 0 20 e 	8193.929392762	0.002003517	1
3 0 2 0 88 e 	8194.012708671	0.014304478	1
2 4 2 0 44 e 	8195.162780018	0.002074244	1
1 2 3 0 34 e 	8195.510919661	0.002004001	2
3 1 2 1 73 e 	8197.827595050	0.017225815	1
2 0 3 0 44 e 	8204.701580018	0.002074244	1
1 2 3 0 35 e 	8209.480501786	0.002004070	1
0 0 4 0 23 e 	8220.070855796	0.002003608	1
2 0 3 0 45 e 	8222.561884315	0.002117256	1
1 2 3 0 37 e 	8238.612211786	0.002004070	1
0 0 4 0 25 e 	8239.477396086	0.002003701	1
2 4 2 0 47 e 	8250.469855943	0.002121259	1
1 2 3 0 38 e 	8253.775650348	0.002004118	1
3 1 2 1 75 e 	8257.238524315	0.017479324	1
2 0 3 0 47 e 	8259.476665943	0.002121259	1
3 0 2 0 90 e 	8264.996532193	0.105119787	1
0 0 4 0 28 e 	8271.555975250	0.002003915	1
1 2 3 0 40 e 	8285.298480348	0.002004118	1
2 4 2 0 49 e 	8289.331485943	0.002121259	1
2 1 3 1 3 e 	8294.220097319	0.004011122	1
2 1 3 1 4 e 	8295.814571405	0.004009762	1
2 1 3 1 4 f 	8295.820937092	0.004009756	1
2 0 3 0 49 e 	8297.986756050	0.002125262	1
1 2 3 0 41 e 	8301.656046624	0.002004242	1
2 1 3 1 7 f 	8302.996660743	0.004006457	1
0 0 4 0 31 e 	8307.194376311	0.002003993	1
3 1 2 1 77 e 	8317.980610205	0.014758175	1
2 1 3 1 11 e 	8318.102224331	0.004005856	1
2 1 3 1 13 e 	8328.051127582	0.004009849	1
2 4 2 0 51 e 	8329.782906050	0.002125262	1
3 0 2 0 92 e 	8337.583523335	0.106267247	1
2 0 3 0 51 e 	8338.096432013	0.004205262	1
2 1 3 1 15 e 	8339.590587582	0.002009849	1
2 1 3 1 15 f 	8339.674361869	0.004007515	1
0 0 4 0 34 e 	8346.391259010	0.002004023	1
2 1 3 1 17 e 	8352.721423414	0.002016825	1
1 2 3 0 44 e 	8353.123697822	0.002004320	1
2 1 3 1 18 f 	8360.001311156	0.004007285	1
2 1 3 1 19 e 	8367.443353414	0.002016825	1
1 2 3 0 45 e 	8371.075244315	0.002117256	1
2 4 2 0 53 e 	8371.821254791	0.002285262	1
3 0 2 0 93 e 	8374.501248226	0.106487399	1
2 1 3 1 20 f 	8375.545332635	0.002010619	1
2 0 3 0 53 e 	8379.804724791	0.004285262	1
0 0 4 0 37 e 	8389.148226556	0.002004105	1
1 2 3 0 46 e 	8389.425396058	0.002119257	1
2 1 3 1 22 f 	8392.680913397	0.002015208	1
2 0 3 0 54 e 	8401.259347243	0.004287263	1
2 1 3 1 23 e 	8401.656792392	0.002024825	1
1 2 3 0 47 e 	8408.174264315	0.002117256	1
2 4 2 0 55 e 	8415.440927753	0.002289264	1
0 0 4 0 39 e 	8419.628524600	0.002004134	1
2 1 3 1 25 e 	8421.148093775	0.002021543	1
1 2 3 0 48 e 	8427.320964520	0.002119257	2
2 4 2 0 56 e 	8437.843760438	0.002367263	1
2 1 3 1 27 e 	8442.229038296	0.002021946	1
2 1 3 1 27 f 	8442.484297510	0.002018920	1
2 0 3 0 56 e 	8445.377430438	0.004367263	1
1 2 3 0 49 e 	8446.865515996	0.002121259	2
0 0 4 0 41 e 	8451.688456624	0.002004242	1
2 1 3 1 28 f 	8453.640435724	0.002018706	1
1 3 3 1 3 e 	8460.776854705	0.008009094	1
1 3 3 1 4 e 	8462.378201405	0.008009762	1
2 1 3 1 29 e 	8464.898824901	0.002017946	1
1 3 3 1 6 f 	8466.789724920	0.004005756	1
1 2 3 0 50 e 	8466.808448804	0.002123260	2
2 0 3 0 57 e 	8468.039180892	0.004369264	1
0 0 4 0 42 e 	8468.312927822	0.002004320	1
1 3 3 1 8 e 	8472.763852508	0.004005822	1
1 3 3 1 9 e 	8476.361193521	0.004006471	1
1 3 3 1 10 e 	8480.354293790	0.004006488	1
1 3 3 1 10 f 	8480.409970082	0.004006475	1
2 4 2 0 58 e 	8483.831230438	0.002367263	1
1 3 3 1 11 e 	8484.750021576	0.004006515	1
0 0 4 0 43 e 	8485.329720256	0.002072242	1
1 2 3 0 51 e 	8487.149406050	0.002125262	1
2 1 3 1 31 e 	8489.155424204	0.002017342	1
1 3 3 1 12 e 	8489.544634320	0.004006632	1
2 0 3 0 58 e 	8491.105161288	0.004371266	1
1 3 3 1 13 e 	8494.738231576	0.004006515	1
1 3 3 1 14 e 	8500.332413616	0.004010632	1
2 1 3 1 32 f 	8502.231460694	0.002023670	1
0 0 4 0 44 e 	8502.743290018	0.002074244	1
1 3 3 1 15 f 	8506.440324756	0.004007874	1
2 4 2 0 59 e 	8507.415348416	0.002447456	1
1 2 3 0 52 e 	8507.886874625	0.002203260	1
2 0 3 0 59 e 	8514.573098416	0.004447456	1
0 0 4 0 45 e 	8520.550114315	0.002117256	1
1 3 3 1 18 e 	8526.699232993	0.004017414	1
1 3 3 1 18 f 	8526.864072635	0.004010619	1
2 1 3 1 34 e 	8528.519848690	0.002021986	1
1 2 3 0 53 e 	8529.023162013	0.002205262	1
2 4 2 0 60 e 	8531.391218342	0.002447583	1
1 3 3 1 19 e 	8534.288350829	0.004020825	1
1 3 3 1 19 f 	8534.469809921	0.004011897	1
2 0 3 0 60 e 	8538.447188342	0.004447583	1
0 0 4 0 46 e 	8538.750766058	0.004119257	1
1 3 3 1 20 e 	8542.275911369	0.004017437	1
2 1 3 1 35 f 	8542.850431337	0.002022255	1
1 2 3 0 54 e 	8550.556386676	0.002283260	1
1 3 3 1 21 e 	8550.665372392	0.004024825	1
2 1 3 1 36 e 	8556.745181117	0.002019006	1
2 1 3 1 36 f 	8557.182634826	0.002015670	1
0 0 4 0 47 e 	8557.348995943	0.004121259	1
1 3 3 1 22 e 	8559.450962418	0.004020771	1
1 3 3 1 23 e 	8568.640502392	0.004024825	1
1 3 3 1 23 f 	8568.908068068	0.002015173	1
2 1 3 1 37 e 	8571.454001514	0.002024105	1
0 0 4 0 48 e 	8576.342162983	0.004123260	1
1 3 3 1 24 e 	8578.225301582	0.004019541	1
1 3 3 1 24 f 	8578.515607613	0.002019208	1
2 4 2 0 62 e 	8580.520809944	0.002447850	1
2 1 3 1 38 f 	8587.041396735	0.002019670	1
2 0 3 0 62 e 	8587.410759944	0.006447850	1
1 3 3 1 25 e 	8588.211293775	0.004021543	1
1 2 3 0 56 e 	8594.818230438	0.002367263	1
0 0 4 0 49 e 	8595.732126050	0.004125262	1
1 3 3 1 26 f 	8598.935700442	0.002015371	1
2 4 2 0 63 e 	8605.674224688	0.004447943	1
2 0 3 0 63 e 	8612.505704688	0.006447943	1
0 0 4 0 50 e 	8615.513354625	0.004203260	1
0 1 4 1 8 e 	8615.850663790	0.006006488	1
0 1 4 1 8 f 	8615.869760082	0.006006475	1
1 2 3 0 57 e 	8617.545430892	0.002369264	1
2 1 3 1 40 e 	8617.956575061	0.002023006	2
2 1 3 1 40 f 	8618.489104435	0.002539670	1
0 1 4 1 9 e 	8619.420593521	0.006006471	1
0 1 4 1 9 f 	8619.441933930	0.006005842	1
1 3 3 1 28 e 	8620.562874734	0.006021320	1
2 1 3 1 41 e 	8634.252227181	0.002044242	1
0 0 4 0 51 e 	8635.689542013	0.004205262	1
0 1 4 1 13 e 	8637.669861576	0.006006515	1
2 0 3 0 64 e 	8638.001401635	0.006461286	1
1 2 3 0 58 e 	8640.668701288	0.004371266	1
0 1 4 1 14 e 	8643.225647747	0.006014632	1
0 1 4 1 14 f 	8643.276566633	0.006007860	1
1 3 3 1 30 f 	8644.574752251	0.002022706	1
2 1 3 1 42 f 	8651.521484976	0.002059656	1
0 1 4 1 16 f 	8655.589731156	0.006007285	1
1 3 3 1 31 e 	8656.504694204	0.006017342	1
1 2 3 0 59 e 	8664.193828416	0.004447456	1
3 0 3 0 9 e 	8664.506731358	0.004088753	1
3 0 3 0 10 e 	8668.461782033	0.004088741	1
2 1 3 1 43 f 	8668.634047854	0.002053920	1
1 3 3 1 32 f 	8669.796362251	0.002022706	1
0 1 4 1 19 e 	8676.944110829	0.006020825	1
0 1 4 1 19 f 	8677.033209921	0.006011897	1
0 0 4 0 53 e 	8677.227324791	0.004285262	1
3 0 3 0 13 e 	8682.691688212	0.004089782	1
1 3 3 1 33 f 	8683.002371337	0.004022255	1
2 0 3 0 66 e 	8683.481060250	0.004465289	1
0 1 4 1 20 e 	8684.877862418	0.006020771	1
0 1 4 1 20 f 	8684.975865071	0.006014619	1
2 1 3 1 44 e 	8685.510589582	0.002064320	1
1 2 3 0 60 e 	8688.111418342	0.004447583	1
1 3 3 1 34 e 	8696.040708690	0.006021986	1
0 0 4 0 54 e 	8698.587217243	0.004287263	1
3 0 3 0 16 e 	8700.479775308	0.004090127	1
2 1 3 1 45 e 	8703.389385696	0.002097256	1
2 1 3 1 45 f 	8704.047595811	0.002100592	1
2 0 3 0 67 e 	8710.202044674	0.004543287	1
1 3 3 1 35 f 	8710.625840049	0.004024678	1
0 1 4 1 23 f 	8711.188019286	0.006015247	1
0 0 4 0 55 e 	8720.339977753	0.004289264	1
2 1 3 1 46 e 	8721.662294182	0.004170192	1
3 0 3 0 19 e 	8721.824766331	0.004083572	1
3 0 3 0 20 e 	8729.726438053	0.004083546	1
2 4 2 2 68 e 	8734.740470250	0.008465289	1
1 2 3 0 62 e 	8737.143329944	0.004447850	1
3 0 3 0 21 e 	8738.028936331	0.004083572	1
1 3 3 1 37 e 	8739.162969117	0.006021342	1
2 1 3 1 47 e 	8740.333000493	0.004617256	1
0 1 4 1 26 e 	8740.804853065	0.010023541	1
0 1 4 1 26 f 	8740.965190442	0.010015371	1
2 1 3 1 47 f 	8741.046388639	0.002620592	1
0 0 4 0 56 e 	8742.486850438	0.004367263	1
3 0 3 0 22 e 	8746.721652408	0.004083663	1
0 1 4 1 27 e 	8751.511313775	0.006021543	1
0 1 4 1 27 f 	8751.687137510	0.010018920	1
1 3 3 1 38 f 	8755.049306735	0.004019670	1
3 0 3 0 23 e 	8755.810549300	0.004083703	1
2 1 3 1 48 e 	8759.399998223	0.004174194	1
2 1 3 1 48 f 	8760.141043487	0.002170859	1
0 1 4 1 28 e 	8762.616423065	0.006023541	1
2 0 3 0 69 e 	8764.822978330	0.008796796	1
3 0 3 0 24 e 	8765.297045542	0.004083756	1
3 0 3 0 25 e 	8775.174609081	0.004083777	1
2 1 3 1 49 e 	8778.864684840	0.005137256	1
2 1 3 1 49 f 	8779.630778639	0.004620592	1
0 1 4 1 30 e 	8786.008105943	0.010017986	1
0 1 4 1 31 f 	8798.543344003	0.010014920	2
2 1 3 1 50 f 	8799.518035681	0.005454862	1
1 3 3 1 41 e 	8802.243057181	0.006044242	1
1 3 3 1 41 f 	8803.072637241	0.004047578	1
3 0 3 0 28 e 	8807.181897433	0.004083944	1
2 2 3 0 11 e 	8812.771611358	0.016088753	1
1 2 3 0 65 e 	8813.665221040	0.004463287	1
3 0 3 0 29 e 	8818.640307013	0.004083970	1
2 1 3 1 51 f 	8819.799058074	0.010340592	1
1 3 3 1 42 f 	8819.878614976	0.004059656	1
0 1 4 1 33 e 	8824.078479769	0.010018008	1
0 1 4 1 33 f 	8824.348334090	0.010018920	1
2 2 3 0 14 e 	8828.324592511	0.016088781	1
3 0 3 0 30 e 	8830.490237433	0.004083944	1
1 3 3 1 43 e 	8836.178677181	0.006044242	1
1 3 3 1 43 f 	8837.086797854	0.004053920	1
0 1 4 1 34 e 	8837.561818435	0.010018023	1
2 1 3 1 52 f 	8840.476265681	0.007454862	1
2 4 2 2 72 e 	8849.744263606	0.011225815	1
0 1 4 1 35 e 	8851.445559117	0.010021342	1
1 3 3 1 44 e 	8853.739639582	0.006064320	1
3 0 3 0 32 e 	8855.368739848	0.006084049	1
0 0 4 0 61 e 	8859.144673048	0.006447730	1
2 2 3 0 19 e 	8862.213486331	0.016083572	1
2 2 3 0 20 e 	8870.183438058	0.016083594	1
1 3 3 1 45 e 	8871.701810268	0.006057256	1
2 0 3 0 73 e 	8876.441896299	0.009050305	1
3 0 3 0 34 e 	8881.847779848	0.004084049	1
2 1 3 1 54 f 	8883.018770755	0.010254862	1
1 3 3 1 46 e 	8890.058904182	0.006170192	1
0 1 4 1 38 e 	8895.447751117	0.010019006	1
3 0 3 0 35 e 	8895.674990063	0.004084057	1
2 1 3 1 55 f 	8904.887121118	0.015540592	1
3 0 3 0 36 e 	8909.894749540	0.004077392	2
3 0 3 0 37 e 	8924.511954870	0.004077408	1
1 3 3 1 48 e 	8927.975814182	0.006170192	1
0 0 4 0 64 e 	8933.859401635	0.006461286	1
3 0 3 0 38 e 	8939.519623022	0.004077454	1
2 1 3 1 57 f 	8949.809465420	0.015216863	1
1 0 4 0 3 e 	8957.250117431	0.020000294	1
1 0 4 0 4 e 	8958.840662626	0.020000627	1
1 0 4 0 6 e 	8963.191840813	0.020001997	2
1 0 4 0 7 e 	8965.960682871	0.020001961	2
1 0 4 0 8 e 	8969.128754560	0.020002026	1
1 0 4 0 9 e 	8972.713459774	0.020002015	1
2 1 3 1 58 f 	8972.859054101	0.014654862	1
1 0 4 0 10 e 	8976.664332970	0.020002048	1
1 0 4 0 11 e 	8981.035594723	0.020002055	1
1 0 4 0 12 e 	8985.782410773	0.020002048	2
1 3 3 1 51 e 	8987.841344840	0.011137256	1
1 0 4 0 13 e 	8990.927594723	0.020002055	1
1 0 4 0 14 e 	8996.490302829	0.020003389	2
1 0 4 0 15 e 	9002.430411214	0.020003400	2
1 0 4 0 16 e 	9008.773607368	0.020003414	2
1 0 4 0 17 e 	9015.513874594	0.020003427	2
1 0 4 0 18 e 	9022.644097656	0.020003437	1
1 0 4 0 19 e 	9030.166927630	0.020003490	1
1 0 4 0 20 e 	9038.086420483	0.020003517	2
1 0 4 0 21 e 	9046.409673233	0.020003539	2
1 0 4 0 22 e 	9055.119548205	0.020003573	1
1 0 4 0 23 e 	9064.227395796	0.020003608	1
1 0 4 0 24 e 	9073.744693088	0.020003647	1
1 0 4 0 25 e 	9083.646416086	0.020003701	1
1 0 4 0 26 e 	9093.940539837	0.020003722	1
1 0 4 0 27 e 	9104.636038238	0.020003771	1
1 0 4 0 28 e 	9115.716884195	0.020003834	1
1 0 4 0 29 e 	9127.196049589	0.020003889	1
3 0 3 0 49 e 	9130.642261154	0.004199313	1
1 0 4 0 30 e 	9139.079505250	0.020003915	1
3 0 3 0 50 e 	9150.379642701	0.004201314	1
1 0 4 0 31 e 	9151.336220938	0.020003946	2
1 0 4 0 32 e 	9164.010165385	0.020003986	1
3 0 3 0 51 e 	9170.511998536	0.004209987	1
1 0 4 0 33 e 	9177.054306311	0.020003993	1
1 0 4 0 34 e 	9190.529610311	0.020004001	1
3 0 3 0 52 e 	9191.037108379	0.004211988	1
1 0 4 0 35 e 	9204.384043029	0.020004008	2
1 0 4 0 39 e 	9263.718336556	0.020004105	1
1 0 4 0 40 e 	9279.530860348	0.020004118	2
1 0 4 0 41 e 	9295.748284600	0.020004134	1
1 2 4 0 2 e 	9934.727274617	0.020000160	1
1 2 4 0 4 e 	9937.502662626	0.020000627	1
1 2 4 0 5 e 	9939.480905968	0.020001961	1
1 2 4 0 7 e 	9944.653682871	0.020001961	2
1 2 4 0 8 e 	9947.820297687	0.020001997	2
1 2 4 0 9 e 	9951.400087769	0.020002015	2
1 2 4 0 10 e 	9955.382754560	0.020002026	2
1 2 4 0 11 e 	9959.739715764	0.020002038	1
1 2 4 0 12 e 	9964.514410773	0.020002048	2
1 2 4 0 13 e 	9969.690297795	0.020002055	2
1 2 4 0 14 e 	9975.234302829	0.020003389	2
1 2 4 0 15 e 	9981.195911213	0.020003400	2
1 2 4 0 16 e 	9987.535607368	0.020003414	2
1 2 4 0 17 e 	9994.306374594	0.020003427	2
1 2 4 0 18 e 	10001.451195209	0.020003437	2
1 2 4 0 19 e 	10008.999050431	0.020003490	2
1 2 4 0 20 e 	10016.944420483	0.020003517	2
1 2 4 0 21 e 	10025.280284514	0.020003539	2
1 2 4 0 22 e 	10034.017120647	0.020003573	2
1 2 4 0 23 e 	10043.140405941	0.020003608	2
1 2 4 0 24 e 	10052.674616463	0.020003647	2
1 2 4 0 25 e 	10062.599416086	0.020003701	1
1 2 4 0 26 e 	10072.924712016	0.020003722	2
0 0 5 0 0 e 	10080.902713308	0.020000067	1
0 0 5 0 1 e 	10081.286069429	0.020000000	2
0 0 5 0 2 e 	10082.079493963	0.020000067	2
0 0 5 0 3 e 	10083.264628144	0.020000133	2
1 2 4 0 27 e 	10083.642543914	0.020003771	2
0 0 5 0 4 e 	10084.841968622	0.020000160	2
0 0 5 0 5 e 	10086.811511700	0.020000294	2
0 0 5 0 6 e 	10089.174251719	0.020000627	2
0 0 5 0 7 e 	10091.931682871	0.020001961	2
1 2 4 0 28 e 	10094.755091213	0.020003834	3
0 0 5 0 8 e 	10095.086297687	0.020001997	2
0 0 5 0 9 e 	10098.632087769	0.020002015	2
0 0 5 0 10 e 	10102.571473500	0.020002026	3
1 2 4 0 29 e 	10106.272135264	0.020003889	2
0 0 5 0 11 e 	10106.905655243	0.020002038	2
0 0 5 0 12 e 	10111.632910773	0.020002048	2
0 4 4 0 1 e 	10114.424138857	0.020000133	1
0 4 4 0 2 e 	10115.216993963	0.020000067	2
0 4 4 0 3 e 	10116.410128144	0.020000133	2
0 0 5 0 13 e 	10116.754297795	0.020002055	2
0 4 4 0 4 e 	10118.006968622	0.020000160	2
1 2 4 0 30 e 	10118.180835317	0.020003915	2
0 4 4 0 5 e 	10119.997511700	0.020000294	2
0 0 5 0 14 e 	10122.268802829	0.020003389	2
0 4 4 0 6 e 	10122.392251719	0.020000627	2
0 4 4 0 7 e 	10125.188182871	0.020001961	2
0 0 5 0 15 e 	10128.177411214	0.020003400	2
0 4 4 0 8 e 	10128.380297687	0.020001997	2
1 2 4 0 31 e 	10130.487263624	0.020003946	2
0 4 4 0 9 e 	10131.971087769	0.020002015	2
0 0 5 0 16 e 	10134.476607368	0.020003414	2
0 4 4 0 10 e 	10135.959806833	0.020002026	3
0 4 4 0 11 e 	10140.348155243	0.020002038	2
0 0 5 0 17 e 	10141.172374594	0.020003427	2
1 2 4 0 32 e 	10143.191387848	0.020003986	2
0 4 4 0 12 e 	10145.134910773	0.020002048	2
0 0 5 0 18 e 	10148.264195209	0.020003437	2
0 4 4 0 13 e 	10150.317797795	0.020002055	2
0 0 5 0 19 e 	10155.746550431	0.020003490	2
0 4 4 0 14 e 	10155.902302829	0.020003389	2
1 2 4 0 33 e 	10156.292674670	0.020003993	2
0 4 4 0 15 e 	10161.883911214	0.020003400	2
0 0 5 0 20 e 	10163.620920483	0.020003517	2
0 4 4 0 16 e 	10168.265607368	0.020003414	2
1 2 4 0 34 e 	10169.790089661	0.020004001	2
0 0 5 0 21 e 	10171.892284514	0.020003539	2
0 4 4 0 17 e 	10175.046874594	0.020003427	2
0 0 5 0 22 e 	10180.556620647	0.020003573	2
0 4 4 0 18 e 	10182.226695209	0.020003437	2
1 2 4 0 35 e 	10183.681597408	0.020004008	2
0 0 5 0 23 e 	10189.613405941	0.020003608	2
0 4 4 0 19 e 	10189.807550431	0.020003490	2
0 4 4 0 20 e 	10197.783920483	0.020003517	2
1 2 4 0 36 e 	10197.972569010	0.020004023	1
0 0 5 0 24 e 	10199.066116463	0.020003647	2
0 4 4 0 21 e 	10206.151284514	0.020003539	2
0 0 5 0 25 e 	10208.911727162	0.020003701	2
1 2 4 0 37 e 	10212.650213376	0.020004070	3
0 4 4 0 22 e 	10214.934120647	0.020003573	2
0 0 5 0 26 e 	10219.146712016	0.020003722	2
0 4 4 0 23 e 	10224.108405941	0.020003608	2
1 2 4 0 38 e 	10227.729753806	0.020004079	1
0 0 5 0 27 e 	10229.778543914	0.020003771	2
0 4 4 0 24 e 	10233.679116462	0.020003647	2
0 0 5 0 28 e 	10240.800631565	0.020003834	3
1 2 4 0 39 e 	10243.216336555	0.020004105	1
0 4 4 0 25 e 	10243.650727162	0.020003701	2
0 0 5 0 29 e 	10252.220635264	0.020003889	2
0 4 4 0 26 e 	10254.019212016	0.020003722	2
1 2 4 0 40 e 	10259.085860348	0.020004118	1
0 0 5 0 30 e 	10264.026165385	0.020003986	1
0 4 4 0 27 e 	10264.790543914	0.020003771	2
0 4 4 0 28 e 	10275.955964898	0.020003834	3
0 0 5 0 31 e 	10276.233306311	0.020003993	1
0 4 4 0 29 e 	10287.522635264	0.020003889	2
0 0 5 0 32 e 	10288.826610311	0.020004001	1
0 4 4 0 30 e 	10299.486335317	0.020003915	2
0 0 5 0 33 e 	10301.819464123	0.020003993	3
0 4 4 0 31 e 	10311.851263624	0.020003946	2
0 0 5 0 34 e 	10315.204582777	0.020004001	3
0 4 4 0 32 e 	10324.612387848	0.020003986	2
1 2 4 0 44 e 	10326.548537822	0.100004320	2
2 16 0 0 35 e 	10328.607151786	0.020004070	1
0 0 5 0 35 e 	10328.990151786	0.020004070	2
0 4 4 0 33 e 	10337.774174670	0.020003993	2
0 0 5 0 36 e 	10343.134753806	0.020004079	2
2 16 0 0 36 e 	10343.393753806	0.020004079	1
0 4 4 0 34 e 	10351.337089661	0.020004001	2
0 0 5 0 37 e 	10357.711336556	0.020004105	2
0 4 4 0 35 e 	10365.291097408	0.020004008	2
0 0 5 0 38 e 	10372.668860348	0.020004118	1
0 4 4 0 36 e 	10379.651661408	0.020004023	2
0 0 5 0 39 e 	10388.017284600	0.020004134	1
0 4 4 0 37 e 	10394.411880043	0.020004070	3
0 0 5 0 40 e 	10403.757567607	0.020004170	2
0 4 4 0 38 e 	10409.572807077	0.020004079	2
0 0 5 0 41 e 	10419.893666624	0.020004242	1
0 4 4 0 39 e 	10425.125810578	0.020004105	2
0 0 5 0 42 e 	10436.421537822	0.020004320	1
0 4 4 0 40 e 	10441.082429434	0.020004118	3
0 0 5 0 43 e 	10453.330140256	0.020072242	1
0 4 4 0 41 e 	10457.441975612	0.020004134	2
0 0 5 0 44 e 	10470.640420018	0.020074244	1
0 4 4 0 42 e 	10474.199052714	0.020004170	2
0 0 5 0 45 e 	10488.350344315	0.020117256	1
0 4 4 0 43 e 	10491.353903440	0.020004242	2
0 0 5 0 46 e 	10506.439846058	0.020119257	1
0 4 4 0 44 e 	10508.896420018	0.020074244	1
0 0 5 0 47 e 	10524.932885943	0.020121259	2
0 4 4 0 45 e 	10526.851640256	0.020072242	2
0 0 5 0 48 e 	10543.810412983	0.020123260	1
0 0 5 0 49 e 	10563.081376050	0.020125262	1
0 1 5 1 2 e 	10565.474339602	0.020011095	2
0 1 5 1 2 f 	10565.475824949	0.020011088	2
0 1 5 1 3 e 	10566.653956012	0.020009094	2
0 1 5 1 3 f 	10566.656714501	0.020009087	2
0 1 5 1 4 e 	10568.228273472	0.020009762	2
0 1 5 1 4 f 	10568.232729469	0.020009756	2
0 1 5 1 5 e 	10570.204286963	0.020005094	2
0 1 5 1 5 f 	10570.210864819	0.020005087	2
0 1 5 1 6 e 	10572.567792508	0.020005822	1
0 1 5 1 6 f 	10572.579674920	0.020005756	1
0 1 5 1 7 e 	10575.328381371	0.020005094	2
0 1 5 1 7 f 	10575.340475929	0.020005087	2
0 1 5 1 8 e 	10578.489448149	0.020005822	2
0 1 5 1 8 f 	10578.504937501	0.020005756	2
0 1 5 1 9 e 	10582.044124061	0.020005856	3
0 1 5 1 9 f 	10582.064776201	0.020005842	3
0 0 5 0 50 e 	10582.748744625	0.020203260	1
0 1 5 1 10 e 	10585.989079055	0.020006488	2
0 1 5 1 10 f 	10586.004572353	0.020006475	2
0 1 5 1 11 e 	10590.323622954	0.020005856	2
0 1 5 1 11 f 	10590.351842135	0.020005842	2
0 1 5 1 12 e 	10595.064303968	0.020006632	2
0 1 5 1 12 f 	10595.088882807	0.020006498	2
0 1 5 1 13 e 	10600.186977582	0.020009849	1
0 1 5 1 13 f 	10600.231531869	0.020007515	1
0 0 5 0 51 e 	10602.808432013	0.020205262	1
0 1 5 1 14 e 	10605.707025682	0.020010632	2
0 1 5 1 14 f 	10605.765416633	0.020007860	1
0 1 5 1 15 e 	10611.621538039	0.020009849	2
0 1 5 1 15 f 	10611.681804756	0.020007874	1
0 1 5 1 16 e 	10617.934130370	0.020014632	2
0 1 5 1 16 f 	10618.003681156	0.020007285	1
0 0 5 0 52 e 	10623.261366676	0.020283260	1
0 1 5 1 17 e 	10624.645785955	0.020013849	2
0 1 5 1 17 f 	10624.710915791	0.020007874	2
0 1 5 1 18 e 	10631.737987181	0.020017414	2
0 1 5 1 18 f 	10631.821822635	0.020010619	1
0 1 5 1 19 e 	10639.234712121	0.020016825	2
0 1 5 1 19 f 	10639.327049921	0.020011897	1
0 0 5 0 53 e 	10644.105544791	0.020285262	1
0 1 5 1 20 e 	10647.120446893	0.020017437	2
0 1 5 1 20 f 	10647.222685071	0.020014619	1
0 1 5 1 21 e 	10655.408661611	0.020020825	2
0 1 5 1 21 f 	10655.506878994	0.020011897	2
0 1 5 1 22 e 	10664.089344045	0.020020771	2
0 1 5 1 22 f 	10664.196889234	0.020014619	2
0 0 5 0 54 e 	10665.344887243	0.020287263	1
0 1 5 1 23 e 	10673.158553057	0.020025543	1
0 1 5 1 23 f 	10673.285819286	0.020015247	1
0 1 5 1 24 e 	10682.615996279	0.020019541	3
0 1 5 1 24 f 	10682.752857613	0.020019208	2
0 0 5 0 55 e 	10686.971337753	0.020289264	2
0 1 5 1 25 e 	10692.479923416	0.020021543	2
0 1 5 1 25 f 	10692.627184937	0.020019247	1
0 1 5 1 26 e 	10702.729433065	0.020023541	1
0 1 5 1 26 f 	10702.889770442	0.020015371	1
0 0 5 0 56 e 	10708.986090438	0.020367263	1
0 1 5 1 27 e 	10713.376378296	0.020021946	1
0 1 5 1 27 f 	10713.548587510	0.020018920	1
0 1 5 1 28 e 	10724.419104734	0.020021320	1
0 1 5 1 28 f 	10724.603605724	0.020018706	1
0 0 5 0 57 e 	10731.396580892	0.020369264	1
0 1 5 1 29 e 	10735.852574901	0.020017946	1
0 1 5 1 29 f 	10736.049793917	0.020014920	1
0 1 5 1 30 e 	10747.681765943	0.020017986	1
0 1 5 1 30 f 	10747.892122251	0.020022706	1
0 0 5 0 58 e 	10754.202001288	0.020371266	1
0 1 5 1 31 e 	10759.902634204	0.020017342	1
0 1 5 1 31 f 	10760.126554090	0.020018920	1
0 1 5 1 32 e 	10772.521158690	0.020021986	1
0 1 5 1 32 f 	10772.759060694	0.020023670	1
0 0 5 0 59 e 	10777.396288416	0.020447456	1
0 1 5 1 33 e 	10785.531289769	0.020018008	1
0 1 5 1 33 f 	10785.783601337	0.020022255	1
0 1 5 1 34 e 	10798.936008435	0.020018023	1
0 1 5 1 34 f 	10799.203146083	0.020019670	1
0 0 5 0 60 e 	10800.980388342	0.020447583	1
0 1 5 1 35 e 	10812.729259117	0.020021342	2
0 1 5 1 35 f 	10813.017150049	0.020024678	2
0 0 5 0 61 e 	10824.960223048	0.020447730	2
0 1 5 1 36 e 	10826.922021117	0.020019006	1
0 1 5 1 36 f 	10827.220084826	0.020015670	1
0 1 5 1 37 e 	10841.512241514	0.020024105	1
0 1 5 1 37 f 	10841.826400170	0.020027440	1
0 0 5 0 62 e 	10849.328749944	0.020447850	1
0 1 5 1 38 e 	10856.477891756	0.020023006	1
0 1 5 1 39 e 	10871.853918124	0.020020105	1
0 0 5 0 63 e 	10874.080844688	0.020447943	1
0 1 5 1 40 e 	10887.609288367	0.020543006	1
0 0 5 0 64 e 	10899.233511635	0.020461286	1
0 1 5 1 41 e 	10903.772937181	0.020044242	1
0 1 5 1 41 f 	10904.182697241	0.020047578	1
0 1 5 1 42 e 	10920.313873394	0.020056320	1
0 1 5 1 42 f 	10920.747834976	0.020059656	1
1 0 5 0 2 e 	10921.177713308	0.027600067	1
1 0 5 0 3 e 	10922.376128144	0.020000133	2
1 0 5 0 4 e 	10923.952274617	0.020000160	1
0 0 5 0 65 e 	10924.773661040	0.020463287	1
1 0 5 0 5 e 	10925.923667613	0.020000294	2
1 0 5 0 6 e 	10928.302023238	0.014000627	2
1 0 5 0 7 e 	10931.061459774	0.020002015	1
1 0 5 0 8 e 	10934.226754560	0.020002026	1
1 4 4 0 2 e 	10936.153274617	0.033600160	1
0 1 5 1 43 e 	10937.274500268	0.020057256	2
1 4 4 0 3 e 	10937.333117431	0.020000294	1
0 1 5 1 43 f 	10937.723087854	0.020053920	2
1 0 5 0 9 e 	10937.778587769	0.020002015	2
1 4 4 0 4 e 	10938.907662626	0.020000627	1
1 4 4 0 5 e 	10940.888511700	0.020000294	2
1 0 5 0 10 e 	10941.723543765	0.020002026	2
1 4 4 0 6 e 	10943.271459248	0.020000627	3
1 4 4 0 7 e 	10946.054171290	0.023401961	2
1 0 5 0 11 e 	10946.071155243	0.020002038	2
1 4 4 0 8 e 	10949.213797687	0.020001997	2
0 0 5 0 66 e 	10950.702220250	0.020465289	2
1 4 4 0 9 e 	10952.779087769	0.020002015	2
0 1 5 1 44 e 	10954.608279582	0.020064320	1
0 1 5 1 44 f 	10955.084915118	0.020067656	1
1 0 5 0 13 e 	10955.939797795	0.020002055	2
1 4 4 0 10 e 	10956.739043765	0.020002026	2
1 4 4 0 11 e 	10961.099155243	0.020002038	2
1 0 5 0 14 e 	10961.467802829	0.020003389	2
1 4 4 0 12 e 	10965.855910773	0.020002048	2
1 0 5 0 15 e 	10967.387911214	0.020003400	2
1 4 4 0 13 e 	10971.005594723	0.020002055	1
0 1 5 1 45 e 	10972.327675696	0.020097256	1
0 1 5 1 45 f 	10972.835775811	0.020100592	1
1 0 5 0 16 e 	10973.708107368	0.020003414	2
1 4 4 0 14 e 	10976.553802829	0.020003389	2
0 0 5 0 67 e 	10977.032887857	0.020463287	2
1 0 5 0 17 e 	10980.414374594	0.020003427	2
1 4 4 0 15 e 	10982.498911214	0.020003400	2
1 0 5 0 18 e 	10987.518695209	0.020003437	2
1 4 4 0 16 e 	10988.841117080	0.020003414	1
0 1 5 1 46 e 	10990.458174182	0.020170192	1
0 1 5 1 46 f 	10990.981161707	0.020166856	1
1 0 5 0 19 e 	10995.017550431	0.020003490	2
1 4 4 0 17 e 	10995.574726537	0.020003427	2
1 4 4 0 18 e 	11002.713177642	0.020003437	2
1 0 5 0 20 e 	11002.909920483	0.020003517	2
0 0 5 0 68 e 	11003.753249673	0.020465289	2
0 1 5 1 47 e 	11008.975640493	0.020617256	1
0 1 5 1 47 f 	11009.519938639	0.020620592	1
1 4 4 0 19 e 	11010.241927630	0.020003490	1
1 0 5 0 21 e 	11011.192395796	0.020003608	1
1 4 4 0 20 e 	11018.169292762	0.020003517	1
1 0 5 0 22 e 	11019.874693088	0.020003647	1
1 4 4 0 21 e 	11026.490173233	0.020003539	1
0 1 5 1 48 e 	11027.901088223	0.020174194	1
0 1 5 1 48 f 	11028.466113487	0.020170859	1
1 0 5 0 23 e 	11028.949380615	0.020003608	3
0 0 5 0 69 e 	11030.857376502	0.020543287	2
1 0 5 0 24 e 	11038.418116462	0.020003647	2
1 4 4 0 23 e 	11044.331711232	0.020003608	2
0 1 5 1 49 e 	11047.201464839	0.021137256	2
0 1 5 1 49 f 	11047.787638640	0.021140592	2
1 0 5 0 25 e 	11048.281727162	0.020003701	2
1 4 4 0 24 e 	11053.846693088	0.020003647	1
0 0 5 0 70 e 	11058.355199050	0.020718797	2
1 0 5 0 26 e 	11058.536237688	0.020003834	2
0 1 5 1 50 e 	11066.908670983	0.021374194	1
0 1 5 1 50 f 	11067.513435681	0.021454862	1
0 2 5 0 6 e 	11067.719251719	0.020000627	2
1 0 5 0 27 e 	11069.178043914	0.020003771	2
1 4 4 0 26 e 	11074.056539837	0.020003722	1
0 2 5 0 9 e 	11077.233715764	0.045202038	1
1 0 5 0 28 e 	11080.225505250	0.020003915	1
0 2 5 0 10 e 	11081.154332970	0.024602048	1
1 4 4 0 27 e 	11084.765038238	0.020003771	1
0 2 5 0 11 e 	11085.510525476	0.020002038	2
0 0 5 0 71 e 	11086.239643643	0.020796796	3
0 1 5 1 51 e 	11086.986707640	0.022337256	1
0 1 5 1 51 f 	11087.630428074	0.024340592	1
0 2 5 0 12 e 	11090.262332970	0.020002048	1
1 0 5 0 29 e 	11091.650220938	0.020003946	1
0 2 5 0 13 e 	11095.405594723	0.020002055	1
1 4 4 0 28 e 	11095.864884195	0.020003834	1
0 2 5 0 14 e 	11100.946302829	0.020003389	2
1 0 5 0 30 e 	11103.481165385	0.020003986	1
0 2 5 0 15 e 	11106.895732701	0.033803427	2
0 1 5 1 52 e 	11107.471459261	0.022574194	1
0 1 5 1 52 f 	11108.140610755	0.020254862	1
0 2 5 0 16 e 	11113.242117080	0.073403414	1
0 0 5 0 72 e 	11114.513131305	0.020972306	2
1 0 5 0 31 e 	11115.704306311	0.020003993	1
1 4 4 0 30 e 	11119.266165385	0.020003986	1
0 2 5 0 17 e 	11119.925782404	0.020003490	2
0 2 5 0 18 e 	11127.052097656	0.020003437	1
1 0 5 0 32 e 	11128.316596888	0.020004001	2
0 1 5 1 53 e 	11128.342905704	0.021555262	1
0 1 5 1 53 f 	11129.033891118	0.025540592	1
1 4 4 0 31 e 	11131.558911921	0.020003946	2
0 2 5 0 19 e 	11134.563604315	0.020003539	2
1 0 5 0 33 e 	11141.326043029	0.020004008	1
0 2 5 0 20 e 	11142.478920483	0.020003517	2
0 0 5 0 73 e 	11143.186091772	0.021050305	2
1 4 4 0 32 e 	11144.246995152	0.020003986	3
0 1 5 1 54 e 	11149.623147311	0.023774194	1
0 1 5 1 54 f 	11150.331425501	0.020254862	2
0 2 5 0 21 e 	11150.775968671	0.036803539	2
1 0 5 0 34 e 	11154.738569010	0.036404023	1
1 4 4 0 33 e 	11157.331306311	0.020003993	1
0 2 5 0 22 e 	11159.464548205	0.029403573	1
1 0 5 0 35 e 	11168.510597408	0.020004008	2
0 2 5 0 23 e 	11168.576325018	0.028403701	3
1 4 4 0 34 e 	11170.818089661	0.020004001	2
0 1 5 1 55 e 	11171.266308653	0.020355262	2
0 1 5 1 55 f 	11172.013725420	0.025216863	2
0 0 5 0 74 e 	11172.223750007	0.021479324	1
0 2 5 0 24 e 	11178.071371044	0.020003647	2
1 0 5 0 36 e 	11182.692753806	0.020004079	1
1 4 4 0 35 e 	11184.697151786	0.020004070	1
0 2 5 0 25 e 	11187.951727162	0.020003701	2
0 1 5 1 56 e 	11193.322565159	0.022755395	1
1 0 5 0 37 e 	11197.268336556	0.020004105	1
0 2 5 0 26 e 	11198.234216212	0.022403722	2
0 0 5 0 75 e 	11201.652703277	0.021557322	1
0 2 5 0 27 e 	11208.908043914	0.020003771	2
1 4 4 0 37 e 	11213.656151786	0.020004070	1
0 1 5 1 57 e 	11215.771138375	0.021555262	1
0 1 5 1 57 f 	11216.565508381	0.020416863	2
0 2 5 0 28 e 	11219.978420111	0.020003915	2
1 0 5 0 39 e 	11227.597284600	0.020004134	1
1 4 4 0 38 e 	11228.740069243	0.020004079	2
0 2 5 0 29 e 	11231.474049589	0.046403889	1
0 0 5 0 76 e 	11231.511319205	0.021746175	2
0 1 5 1 58 e 	11238.604565159	0.022755395	1
1 0 5 0 40 e 	11243.346896466	0.020004170	2
0 2 5 0 30 e 	11243.347505250	0.068803915	1
0 2 5 0 31 e 	11255.580306311	0.020003993	1
1 0 5 0 41 e 	11259.493666624	0.020004242	1
0 1 5 1 59 e 	11261.835862168	0.021555262	2
0 1 5 1 59 f 	11262.717006118	0.020417083	1
0 2 5 0 32 e 	11268.219128669	0.020003986	3
1 0 5 0 42 e 	11276.024537822	0.020004320	1
0 2 5 0 33 e 	11281.269603254	0.020004008	2
0 2 5 2 34 e 	11283.830403068	0.070017342	1
0 1 5 1 60 e 	11285.467249157	0.021555635	2
0 1 5 1 60 f 	11286.347930771	0.020417183	2
1 0 5 0 43 e 	11292.952140256	0.020072242	1
0 2 5 0 34 e 	11294.718000740	0.020004023	2
0 2 5 2 35 e 	11297.690461291	0.070018023	1
0 2 5 0 35 e 	11308.552614493	0.020004070	3
0 1 5 1 61 e 	11309.463585961	0.021555528	1
1 0 5 0 44 e 	11310.269077736	0.020074244	2
0 2 5 0 36 e 	11322.725450210	0.100006008	1
0 0 5 0 79 e 	11323.373326451	0.022117710	1
0 1 5 1 62 e 	11333.872249157	0.021555635	1
0 2 5 0 37 e 	11337.407336556	0.020004105	1
0 2 5 0 38 e 	11352.445860348	0.030204118	1
0 0 5 0 80 e 	11354.774774778	0.021962858	2
0 1 5 1 63 e 	11358.678120072	0.021555728	1
0 2 5 0 39 e 	11367.846336556	0.020004105	1
0 2 5 0 40 e 	11383.657860348	0.020004118	2
0 1 5 1 64 e 	11383.863632566	0.021555835	2
1 4 4 0 48 e 	11401.364846058	0.020119257	2
0 2 5 0 42 e 	11416.431537822	0.056404320	1
0 2 5 0 44 e 	11450.848420018	0.040074244	1
0 2 5 0 45 e 	11468.629344315	0.020117256	1
2 4 4 0 1 e 	11741.444159084	0.010800133	2
2 4 4 0 2 e 	11742.230043412	0.010000160	2
2 4 4 0 3 e 	11743.423293887	0.011000294	2
2 4 4 0 4 e 	11745.006862522	0.018400627	2
2 4 4 0 5 e 	11747.006117431	0.010000294	1
2 4 4 0 6 e 	11749.382280622	0.017000627	3
2 4 4 0 7 e 	11752.175389204	0.010001961	2
2 4 4 0 8 e 	11755.333754560	0.041602026	1
2 0 5 0 1 e 	11762.384138857	0.020000133	1
2 4 4 0 10 e 	11762.910181058	0.029202026	2
2 0 5 0 2 e 	11763.175493963	0.020000067	2
2 0 5 0 3 e 	11764.337895755	0.020000294	2
2 0 5 0 4 e 	11765.904528842	0.020000627	2
2 4 4 0 11 e 	11767.282003212	0.010002038	2
2 0 5 0 5 e 	11767.861011700	0.020000294	2
2 0 5 0 6 e 	11770.215706723	0.020000627	3
2 4 4 0 12 e 	11772.050674813	0.010002048	2
2 0 5 0 7 e 	11772.953465492	0.020001961	2
2 0 5 0 8 e 	11776.093297687	0.020001997	2
2 4 4 0 13 e 	11777.212232806	0.010002055	2
2 0 5 0 9 e 	11779.620321124	0.020002038	2
2 4 4 0 14 e 	11782.774488577	0.013603389	1
2 0 5 0 10 e 	11783.542543765	0.020002026	2
2 0 5 0 11 e 	11787.855448435	0.020002038	3
2 4 4 0 15 e 	11788.742986316	0.010003427	2
2 0 5 0 12 e 	11792.559410773	0.020002048	2
2 4 4 0 16 e 	11795.101107368	0.010003414	2
2 0 5 0 13 e 	11797.652297795	0.020002055	2
2 4 4 0 17 e 	11801.855499710	0.019203427	2
2 0 5 0 14 e 	11803.137848651	0.020003414	2
2 4 4 0 18 e 	11809.003292762	0.020603517	1
2 0 5 0 15 e 	11809.024911214	0.020003400	2
2 0 5 0 16 e 	11815.297112273	0.020003414	3
2 4 4 0 19 e 	11816.565550431	0.010003490	2
2 0 5 0 17 e 	11821.959115485	0.020003427	3
2 4 4 0 20 e 	11824.520043952	0.010603517	2
2 0 5 0 18 e 	11829.019695209	0.020003437	2
2 4 4 0 21 e 	11832.858395796	0.010003608	1
2 0 5 0 19 e 	11836.461550431	0.020003490	2
2 4 4 0 22 e 	11841.608322185	0.010003573	2
2 0 5 0 20 e 	11844.312420483	0.020003517	2
2 4 4 0 23 e 	11850.743851512	0.010003608	3
2 0 5 0 21 e 	11852.535284515	0.020003539	2
2 4 4 0 24 e 	11860.291856230	0.011403647	2
2 0 5 0 22 e 	11861.158356787	0.020003573	3
2 0 5 0 23 e 	11870.173613764	0.020003701	3
2 4 4 0 25 e 	11870.219038238	0.010003771	1
2 0 5 0 24 e 	11879.579332109	0.020003722	2
2 4 4 0 26 e 	11880.557869309	0.031603722	2
1 2 5 0 0 e 	11886.106713308	0.026000067	1
1 2 5 0 1 e 	11886.516138857	0.020000133	1
1 2 5 0 2 e 	11887.302274617	0.020000160	1
1 2 5 0 3 e 	11888.492117431	0.020000294	1
2 0 5 0 25 e 	11889.375038238	0.020003771	1
1 2 5 0 4 e 	11890.072662626	0.020000627	1
2 4 4 0 27 e 	11891.288101454	0.010003889	2
1 2 5 0 5 e 	11892.040905968	0.020001961	1
1 2 5 0 6 e 	11894.410734647	0.014000627	2
1 2 5 0 7 e 	11897.181000665	0.020001961	2
2 0 5 0 26 e 	11899.577884195	0.020003834	1
1 2 5 0 8 e 	11900.336797687	0.020001997	2
2 4 4 0 28 e 	11902.418848232	0.013003915	2
1 2 5 0 9 e 	11903.896587769	0.020002015	2
1 2 5 0 10 e 	11907.848449940	0.020002048	2
2 0 5 0 27 e 	11910.159049589	0.020003889	1
1 2 5 0 11 e 	11912.190155243	0.020002038	2
2 4 4 0 29 e 	11913.928220938	0.014003946	1
1 2 5 0 12 e 	11916.928910773	0.020002048	2
2 0 5 0 28 e 	11921.118505250	0.033203915	1
1 2 5 0 13 e 	11922.063297795	0.020002055	2
2 4 4 0 30 e 	11925.855326659	0.010003915	2
1 2 5 0 14 e 	11927.600264877	0.020003389	2
2 0 5 0 29 e 	11932.500635264	0.020003889	2
1 2 5 0 15 e 	11933.530382453	0.022003400	2
2 4 4 0 31 e 	11938.174264005	0.010403993	2
1 2 5 0 16 e 	11939.849559835	0.020403437	2
2 0 5 0 30 e 	11944.259335317	0.020003915	2
1 2 5 0 17 e 	11946.557374594	0.020003427	2
2 4 4 0 32 e 	11950.885313693	0.010003986	3
1 2 5 0 18 e 	11953.661695209	0.020003437	2
2 0 5 0 31 e 	11956.408306311	0.020003993	1
1 2 5 0 19 e 	11961.167050431	0.020003490	2
2 4 4 0 33 e 	11963.976043029	0.050804008	1
2 0 5 0 32 e 	11968.955939170	0.020004001	2
1 2 5 0 20 e 	11969.074692787	0.020003517	2
1 2 5 0 21 e 	11977.365284514	0.020003539	2
2 0 5 0 33 e 	11981.895043029	0.020004008	1
1 2 5 0 22 e 	11986.055620647	0.020003573	2
2 4 4 0 35 e 	11991.416151786	0.010004070	1
1 2 5 0 23 e 	11995.137638337	0.020003608	3
2 0 5 0 34 e 	11995.211569010	0.020004023	1
1 2 5 0 24 e 	12004.618442824	0.020003722	2
2 4 4 0 36 e 	12005.722753806	0.010204079	1
2 0 5 0 35 e 	12008.941097408	0.020004008	2
1 2 5 0 25 e 	12014.490227162	0.020003701	2
2 4 4 0 37 e 	12020.426080503	0.018004105	2
2 0 5 0 36 e 	12023.054935347	0.020004023	3
1 2 5 0 26 e 	12024.754212016	0.020003722	2
0 0 6 0 1 e 	12028.290138857	0.020000133	1
0 0 6 0 2 e 	12029.097713308	0.020000067	1
0 0 6 0 3 e 	12030.277628144	0.020000133	2
0 0 6 0 4 e 	12031.835968622	0.020000160	2
0 0 6 0 5 e 	12033.801511700	0.020000294	2
1 2 5 0 27 e 	12035.412543914	0.020003771	2
2 4 4 0 38 e 	12035.505697555	0.010004079	2
0 0 6 0 6 e 	12036.154762626	0.010000627	1
2 0 5 0 37 e 	12037.567744171	0.020004070	2
0 0 6 0 7 e 	12038.886682871	0.020001961	2
0 0 6 0 8 e 	12042.020797687	0.020001997	2
0 0 6 0 9 e 	12045.546587769	0.020002015	2
1 2 5 0 28 e 	12046.480657400	0.020203834	2
0 0 6 0 10 e 	12049.459043765	0.020002026	2
2 4 4 0 39 e 	12050.995336555	0.015804105	1
2 0 5 0 38 e 	12052.467449950	0.020004079	3
0 0 6 0 11 e 	12053.772155243	0.020002038	2
1 2 5 0 29 e 	12057.926007552	0.020003889	2
0 0 6 0 12 e 	12058.477910773	0.020002048	2
0 0 6 0 13 e 	12063.583297795	0.020002055	2
2 4 4 0 40 e 	12066.887767607	0.010004170	2
2 0 5 0 39 e 	12067.794284600	0.020004134	2
0 0 6 0 14 e 	12069.067302829	0.020003389	2
1 2 5 0 30 e 	12069.770835317	0.020003915	2
0 4 5 0 6 e 	12070.169962626	0.010000627	1
0 0 6 0 15 e 	12074.943911214	0.020003400	2
0 0 6 0 16 e 	12081.217180509	0.020003414	3
1 2 5 0 31 e 	12082.011763624	0.020003946	2
2 4 4 0 41 e 	12083.174168482	0.010004242	2
2 0 5 0 40 e 	12083.323567607	0.020004170	2
0 0 6 0 17 e 	12087.875874594	0.020003427	2
1 2 5 0 32 e 	12094.648408476	0.026004001	2
0 0 6 0 18 e 	12094.928695209	0.020003437	2
2 0 5 0 41 e 	12099.436324608	0.020004134	3
2 4 4 0 42 e 	12099.840332563	0.029204170	2
0 0 6 0 19 e 	12102.367550431	0.020003490	2
1 2 5 0 33 e 	12107.672174670	0.020003993	2
0 0 6 0 20 e 	12110.203920483	0.020003517	2
2 0 5 0 42 e 	12115.911552714	0.020004170	2
0 4 5 0 16 e 	12115.923517080	0.010003414	1
2 4 4 0 43 e 	12116.931807436	0.010072242	2
0 0 6 0 21 e 	12118.425784515	0.020003539	2
1 2 5 0 34 e 	12121.094569010	0.020004023	1
0 0 6 0 22 e 	12127.054120647	0.020003573	2
2 0 5 0 43 e 	12132.772096596	0.020072242	2
2 4 4 0 44 e 	12134.427537822	0.044404320	1
1 2 5 0 35 e 	12134.919151786	0.020004070	1
0 0 6 0 23 e 	12136.065112704	0.020003608	3
0 0 6 0 24 e 	12145.464616463	0.020003647	2
1 2 5 0 36 e 	12149.129753806	0.020004079	1
2 0 5 0 44 e 	12150.016484785	0.020074244	2
2 4 4 0 45 e 	12152.274572449	0.010117256	2
0 0 6 0 25 e 	12155.257227162	0.020003701	2
1 2 5 0 37 e 	12163.741744171	0.020004070	2
0 0 6 0 26 e 	12165.440884195	0.020003834	1
2 0 5 0 45 e 	12167.666898959	0.022717256	2
2 4 4 0 46 e 	12170.538846058	0.010119257	1
0 4 5 0 23 e 	12171.648716086	0.010003701	1
0 0 6 0 27 e 	12176.019049589	0.020003889	1
1 2 5 0 38 e 	12178.741259446	0.020004118	2
2 0 5 0 46 e 	12185.703846058	0.020119257	2
0 0 6 0 28 e 	12186.985505250	0.020003915	1
2 4 4 0 47 e 	12189.195285943	0.010121259	2
1 2 5 0 39 e 	12194.136284600	0.020004134	1
0 0 6 0 29 e 	12198.349220938	0.020003946	1
2 0 5 0 47 e 	12204.067200775	0.020117256	3
2 4 4 0 48 e 	12208.248732575	0.010123260	2
1 2 5 0 40 e 	12209.922869620	0.020004170	2
0 0 6 0 30 e 	12210.088165385	0.020003986	1
0 0 6 0 31 e 	12222.226306311	0.020003993	1
2 0 5 0 48 e 	12222.920629521	0.020119257	2
1 2 5 0 41 e 	12226.106666624	0.020004242	1
0 0 6 0 32 e 	12234.757890311	0.020004001	2
2 0 5 0 49 e 	12242.127823498	0.020121259	2
1 2 5 0 42 e 	12242.683102432	0.020004320	2
0 0 6 0 33 e 	12247.670043029	0.020004008	1
1 2 5 0 43 e 	12259.642140256	0.020072242	1
0 0 6 0 34 e 	12260.984569010	0.020004023	1
2 0 5 0 50 e 	12261.732014674	0.020203260	3
0 4 5 0 32 e 	12272.049810311	0.010004001	1
0 0 6 0 35 e 	12274.685151786	0.020004070	1
1 2 5 0 44 e 	12277.023420018	0.021674244	1
2 0 5 0 51 e 	12281.730904031	0.020125262	2
1 2 5 0 45 e 	12294.775344315	0.020117256	1
2 0 5 0 52 e 	12302.105744625	0.020203260	1
0 0 6 0 37 e 	12303.264336556	0.020004105	1
1 2 5 0 46 e 	12312.928846058	0.020119257	1
0 0 6 0 38 e 	12318.136860348	0.020004118	1
2 0 5 0 53 e 	12322.880929234	0.020285262	2
1 2 5 0 47 e 	12331.472885943	0.020121259	2
0 0 6 0 39 e 	12333.396284600	0.020004134	1
2 0 5 0 54 e 	12344.066887243	0.020287263	1
0 0 6 0 40 e 	12349.057767607	0.020004170	2
1 2 5 0 48 e 	12350.404412983	0.020123260	1
0 0 6 0 41 e 	12365.088666624	0.020004242	1
2 0 5 0 55 e 	12365.627856876	0.020285262	3
1 2 5 0 49 e 	12369.746376050	0.020125262	1
1 3 5 1 5 e 	12380.085399220	0.023605094	1
1 3 5 1 5 f 	12380.094311114	0.023605087	1
0 0 6 0 42 e 	12381.523537822	0.020004320	1
1 3 5 1 6 e 	12382.449677589	0.016805822	2
1 3 5 1 6 f 	12382.459527948	0.016805756	2
1 3 5 1 7 e 	12385.219466298	0.010006471	2
1 3 5 1 7 f 	12385.233853315	0.010006457	2
2 0 5 0 56 e 	12387.578090438	0.020367263	1
1 3 5 1 8 e 	12388.370792508	0.029205822	1
1 3 5 1 8 f 	12388.382674921	0.029205756	1
0 4 5 0 40 e 	12388.596967607	0.010004170	1
1 2 5 0 50 e 	12389.573380333	0.020203260	3
1 3 5 1 9 e 	12391.941603127	0.026206471	2
1 3 5 1 9 f 	12391.959048399	0.026206457	2
1 3 5 1 10 e 	12395.923103789	0.040006488	1
1 3 5 1 10 f 	12395.942200082	0.040006475	1
1 3 5 1 11 e 	12400.232844032	0.038805856	2
1 3 5 1 11 f 	12400.293317143	0.038805842	2
1 3 5 1 12 e 	12404.994783410	0.026810632	2
1 3 5 1 12 f 	12405.030844884	0.026806515	2
1 2 5 0 51 e 	12409.593432013	0.010205262	1
2 0 5 0 57 e 	12409.920449209	0.018689264	2
1 3 5 1 13 e 	12410.142241576	0.010006515	1
1 3 5 1 13 f 	12410.175340340	0.010006508	1
0 0 6 0 44 e 	12415.560420018	0.020074244	1
1 3 5 1 15 e 	12421.592098495	0.028413849	1
1 3 5 1 16 e 	12427.889497747	0.025214632	1
2 0 5 0 58 e 	12432.667001288	0.017771266	1
0 0 6 0 45 e 	12433.182344315	0.020117256	1
1 3 5 1 18 e 	12441.727762993	0.016217414	1
1 3 5 1 19 f 	12449.451026825	0.000607897	1
0 0 6 0 46 e 	12451.180726058	0.020119257	2
2 0 5 0 59 e 	12455.799580892	0.031969264	1
1 3 5 1 20 f 	12457.379822635	0.004810619	1
1 3 5 1 21 e 	12465.455132962	0.014624825	2
1 3 5 1 21 f 	12465.696651997	0.007411897	2
0 0 6 0 47 e 	12469.559885943	0.020121259	1
1 3 5 1 22 e 	12474.135682418	0.018620771	1
1 3 5 1 22 f 	12474.416022078	0.008814619	2
2 0 5 0 60 e 	12479.342002534	0.017371266	2
1 3 5 1 23 e 	12483.250372392	0.031024825	1
1 3 5 1 23 f 	12483.512708068	0.039615173	1
0 0 6 0 48 e 	12488.331412983	0.020123260	1
1 3 5 1 24 e 	12492.746005673	0.052623541	1
1 3 5 1 24 f 	12493.065093397	0.044215208	1
1 2 5 0 55 e 	12494.012337753	0.020289264	1
1 3 5 1 25 e 	12502.612553057	0.025825543	1
1 3 5 1 25 f 	12502.971819286	0.044615247	1
2 0 5 0 61 e 	12503.283288416	0.010447456	1
0 4 5 0 47 e 	12511.854285943	0.010121259	1
0 1 6 1 6 e 	12512.315292508	0.010005822	1
0 1 6 1 6 f 	12512.327174921	0.010005756	1
1 3 5 1 26 e 	12512.846991582	0.055019541	1
1 3 5 1 26 f 	12513.235857613	0.032419208	1
1 2 5 0 56 e 	12516.099090438	0.010367263	1
1 3 5 1 27 e 	12523.551981827	0.022221543	2
1 3 5 1 27 f 	12523.936184937	0.028619247	1
1 3 5 1 28 e 	12534.620433065	0.023223541	1
1 3 5 1 28 f 	12535.054770442	0.019815371	1
1 2 5 0 57 e 	12538.566337753	0.029889264	1
1 3 5 1 29 e 	12546.054378296	0.027821946	1
1 3 5 1 30 e 	12557.897104734	0.050821320	1
1 2 5 0 58 e 	12561.471001288	0.030371266	1
0 1 6 1 17 e 	12564.086473414	0.010016825	1
0 1 6 1 17 f 	12564.169026825	0.010007897	1
1 3 5 1 31 e 	12570.163574901	0.016017946	1
1 3 5 1 32 e 	12582.808765943	0.013217986	1
1 2 5 0 59 e 	12584.717934654	0.020369264	2
1 2 5 0 60 e 	12608.374259324	0.020371266	3
1 3 5 1 34 e 	12609.286158690	0.001821986	1
1 3 5 1 35 f 	12623.790601337	0.004822255	1
0 0 6 0 55 e 	12630.679737753	0.010289264	1
1 2 5 0 61 e 	12632.417288416	0.030247456	1
1 3 5 1 37 e 	12651.945259117	0.050021342	2
0 1 6 1 27 e 	12652.297378296	0.020021946	1
0 1 6 1 27 f 	12652.501587510	0.020018920	1
1 3 5 1 37 f 	12652.712650049	0.016424678	1
1 2 5 0 63 e 	12681.738223048	0.046047730	1
1 3 5 1 39 f 	12683.207400170	0.050027440	2
2 2 5 0 1 e 	12707.334138857	0.021200133	1
2 2 5 0 2 e 	12708.141853414	0.020000067	2
2 2 5 0 5 e 	12712.871011700	0.020000294	2
2 2 5 0 6 e 	12715.248723004	0.020001997	2
2 2 5 0 7 e 	12718.005682871	0.020001961	2
2 2 5 0 8 e 	12721.154840813	0.020001997	1
2 2 5 0 9 e 	12724.706459774	0.020002015	1
2 2 5 0 10 e 	12728.651754560	0.020002026	1
2 2 5 0 11 e 	12733.002283903	0.020002038	2
3 0 5 0 27 e 	12736.561038238	0.020003771	1
0 1 6 1 34 e 	12737.364008435	0.040018023	1
0 1 6 1 34 f 	12737.685146083	0.040019670	1
2 2 5 0 12 e 	12737.734910773	0.020002048	2
2 2 5 0 13 e 	12742.863297795	0.020002055	2
0 0 6 0 60 e 	12744.026088342	0.010447583	1
2 2 5 0 14 e 	12748.388302829	0.020003389	2
2 2 5 0 15 e 	12754.307911214	0.020003400	2
2 2 5 0 16 e 	12760.604117080	0.024803414	1
2 2 5 0 17 e 	12767.323301899	0.034203490	3
2 2 5 0 18 e 	12774.433195209	0.020003437	2
2 2 5 0 19 e 	12781.926927630	0.020003490	1
2 2 5 0 20 e 	12789.811420483	0.020003517	2
2 2 5 0 21 e 	12798.100158190	0.020003539	2
2 2 5 0 22 e 	12806.786888964	0.020003573	2
2 2 5 0 23 e 	12815.849742656	0.020003608	3
2 2 5 0 24 e 	12825.320616463	0.020003647	2
2 2 5 0 25 e 	12835.182227162	0.020003701	2
2 2 5 0 26 e 	12845.423539837	0.024603722	1
2 2 5 0 27 e 	12856.082543914	0.020003771	2
2 2 5 0 28 e 	12867.135325228	0.020003834	2
1 0 6 0 5 e 	12867.936217431	0.020000294	1
2 2 5 0 29 e 	12878.571049589	0.020003889	1
1 4 5 0 5 e 	12884.611117431	0.020000294	1
2 2 5 0 30 e 	12890.395505250	0.020003915	1
2 2 5 0 31 e 	12902.623220938	0.020003946	1
1 0 6 0 17 e 	12922.182127630	0.020003490	1
2 2 5 0 33 e 	12928.268306311	0.020003993	1
1 4 5 0 17 e 	12938.918927630	0.020003490	1
0 0 6 0 68 e 	12945.604920250	0.010465289	1
2 2 5 0 35 e 	12955.457043029	0.020004008	2
2 2 5 0 36 e 	12969.649569010	0.020004023	2
1 0 6 0 23 e 	12970.511016086	0.020003701	1
1 4 5 0 23 e 	12987.343416086	0.020003701	1
0 2 6 0 5 e 	12999.410503890	0.025200294	2
0 2 6 0 8 e 	13007.672840813	0.021601997	1
0 2 6 0 9 e 	13011.205459774	0.020002015	1
0 2 6 0 11 e 	13019.464715764	0.020002038	1
0 2 6 0 12 e 	13024.180332970	0.020002048	1
0 2 6 0 13 e 	13029.310594723	0.020002055	1
0 2 6 0 14 e 	13034.817488577	0.020003389	1
0 2 6 0 15 e 	13040.718000868	0.020003400	1
0 2 6 0 16 e 	13047.021117080	0.020003414	1
0 2 6 0 18 e 	13060.773097656	0.020003437	1
0 2 6 0 19 e 	13068.238927630	0.036403490	1
1 0 6 0 32 e 	13069.453710311	0.020004001	1
0 2 6 0 20 e 	13076.134292762	0.020003517	1
0 2 6 0 21 e 	13084.381173233	0.020003539	1
1 4 5 0 32 e 	13086.584610311	0.020004001	1
0 2 6 0 22 e 	13093.038548205	0.020003573	1
1 0 6 0 40 e 	13184.001360348	0.020004118	1
0 2 6 0 32 e 	13201.225165385	0.020003986	1
0 2 6 0 33 e 	13214.202306311	0.050003993	2
1 4 5 0 42 e 	13234.366537822	0.040004320	1
1 0 6 0 47 e 	13304.679944315	0.020117256	1
0 2 6 0 40 e 	13316.041567607	0.040004170	1
1 1 6 1 2 e 	13333.395871534	0.010011095	2
1 1 6 1 2 f 	13333.398103947	0.010011088	2
1 1 6 1 3 e 	13334.574332600	0.010009094	2
1 1 6 1 3 f 	13334.578248734	0.010009087	2
1 1 6 1 4 e 	13336.151355540	0.010011095	1
1 1 6 1 4 f 	13336.153901846	0.010011088	1
1 1 6 1 5 e 	13338.106545458	0.010009094	3
1 1 6 1 5 f 	13338.111567289	0.010009087	3
1 1 6 1 6 e 	13340.470792508	0.011805822	1
1 1 6 1 6 f 	13340.482674921	0.011805756	1
1 1 6 1 7 e 	13343.209082679	0.010006471	2
1 1 6 1 7 f 	13343.222506066	0.010006457	2
1 1 6 1 8 e 	13346.352792508	0.010005822	1
1 1 6 1 8 f 	13346.364674920	0.010005756	1
1 1 6 1 9 e 	13349.883119030	0.010005856	2
1 1 6 1 9 f 	13349.903884105	0.010005842	2
1 1 6 1 10 e 	13353.815079055	0.010006488	2
1 1 6 1 10 f 	13353.838630758	0.010006475	2
1 1 6 1 11 e 	13358.121923563	0.019606515	2
1 1 6 1 11 f 	13358.150659888	0.019606508	2
1 1 6 1 12 e 	13362.844380615	0.010006632	2
1 1 6 1 12 f 	13362.876408184	0.010006498	2
0 2 6 0 43 e 	13365.609666624	0.020004242	1
1 1 6 1 13 e 	13367.944879317	0.010009849	2
1 1 6 1 13 f 	13367.986685422	0.010007515	2
1 1 6 1 14 e 	13373.441206044	0.010014632	2
1 1 6 1 14 f 	13373.490049463	0.010007860	2
1 1 6 1 15 e 	13379.320775658	0.010013849	2
1 1 6 1 15 f 	13379.376479974	0.010007874	2
1 1 6 1 16 e 	13385.612669227	0.020414632	2
1 1 6 1 16 f 	13385.666571489	0.020407860	2
1 1 6 1 17 e 	13392.293473414	0.037816825	1
1 1 6 1 17 f 	13392.366026825	0.037807897	1
1 1 6 1 18 e 	13399.340211369	0.010017437	1
1 1 6 1 18 f 	13399.420822635	0.010010619	1
1 1 6 1 19 e 	13406.800047188	0.010020825	2
1 1 6 1 19 f 	13406.883339963	0.010011897	2
1 1 6 1 20 e 	13414.651548611	0.010017437	3
1 1 6 1 20 f 	13414.747245661	0.010010619	3
0 2 6 0 47 e 	13437.170344315	0.020117256	1
1 1 6 1 23 e 	13440.455372392	0.035224825	1
1 1 6 1 23 f 	13440.662708068	0.000615173	1
1 1 6 1 24 e 	13449.896005673	0.017823541	1
1 1 6 1 24 f 	13450.113093397	0.021815208	1
1 1 6 1 26 e 	13469.894991582	0.021819541	1
1 1 6 1 28 e 	13491.442433065	0.020023541	1
1 1 6 1 28 f 	13491.744770442	0.020015371	1
1 1 6 1 29 e 	13502.812378296	0.050021946	1
1 1 6 1 29 f 	13503.126587510	0.050018920	2
1 0 6 0 57 e 	13510.125780892	0.020369264	1
1 0 6 0 62 e 	13627.407749944	0.020447850	1
0 0 7 0 2 e 	13953.005274617	0.020000160	1
0 0 7 0 3 e 	13954.173117431	0.020000294	1
0 0 7 0 4 e 	13955.707662626	0.045000627	1
0 0 7 0 5 e 	13957.675011700	0.020000294	2
0 0 7 0 6 e 	13960.043840813	0.045401997	1
0 0 7 0 7 e 	13962.757459774	0.020002015	1
0 0 7 0 8 e 	13965.863296317	0.020002026	2
0 0 7 0 9 e 	13969.380587769	0.020002015	2
0 0 7 0 10 e 	13973.285543765	0.020002026	2
0 0 7 0 11 e 	13977.584121487	0.020002038	2
0 0 7 0 12 e 	13982.252910774	0.020002048	2
0 0 7 0 13 e 	13987.322797795	0.020002055	2
0 0 7 0 14 e 	13992.783031412	0.020003389	3
0 0 7 0 15 e 	13998.639911214	0.020003400	2
0 0 7 0 16 e 	14004.870107368	0.020003414	2
0 0 7 0 17 e 	14011.498874594	0.020003427	2
0 0 7 0 18 e 	14018.525054376	0.020003517	2
0 0 7 0 19 e 	14025.931966425	0.020003490	2
0 0 7 0 20 e 	14033.731386822	0.032203517	3
0 0 7 0 25 e 	14078.552416086	0.050003701	1
0 0 7 0 46 e 	14372.947420018	0.035474244	1
0 0 7 0 48 e 	14409.895846058	0.020119257	1
0 0 7 0 51 e 	14468.256957265	0.040925262	2
0 0 7 0 53 e 	14509.102432013	0.059205262	1
0 0 7 0 54 e 	14530.111366676	0.020283260	1
0 0 7 0 55 e 	14551.473744791	0.040285262	2

