0 0 0 0 0 e 	0.000000000	0.000000000	34
0 0 0 0 1 e 	0.405713308	0.000000067	87
0 0 0 0 2 e 	1.217138857	0.000000133	111
0 0 0 0 3 e 	2.434274617	0.000000160	108
0 0 0 0 4 e 	4.057117431	0.000000294	124
0 0 0 0 5 e 	6.085662626	0.000000627	132
0 0 0 0 6 e 	8.519905969	0.000001961	121
0 0 0 0 7 e 	11.359840813	0.000001997	127
0 0 0 0 8 e 	14.605459774	0.000002015	135
0 0 0 0 9 e 	18.256754560	0.000002026	142
0 0 0 0 10 e 	22.313715764	0.000002038	142
0 0 0 0 11 e 	26.776332970	0.000002048	139
0 0 0 0 12 e 	31.644594723	0.000002055	146
0 0 0 0 13 e 	36.918488579	0.000003389	144
0 0 0 0 14 e 	42.598000869	0.000003400	141
0 0 0 0 15 e 	48.683117081	0.000003414	149
0 0 0 0 16 e 	55.173821560	0.000003427	149
0 0 0 0 17 e 	62.070097657	0.000003437	138
0 0 0 0 18 e 	69.371927631	0.000003490	141
0 0 0 0 19 e 	77.079292763	0.000003517	145
0 0 0 0 20 e 	85.192173234	0.000003539	146
0 0 0 0 21 e 	93.710548206	0.000003573	138
0 0 0 0 22 e 	102.634395797	0.000003608	145
0 0 0 0 23 e 	111.963693090	0.000003647	137
0 0 0 0 24 e 	121.698416087	0.000003701	143
0 0 0 0 25 e 	131.838539838	0.000003722	129
0 0 0 0 26 e 	142.384038240	0.000003771	125
0 0 0 0 27 e 	153.334884197	0.000003834	123
0 0 0 0 28 e 	164.691049591	0.000003889	124
0 0 0 0 29 e 	176.452505252	0.000003915	121
0 0 0 0 30 e 	188.619220940	0.000003946	123
0 0 0 0 31 e 	201.191165387	0.000003986	121
0 0 0 0 32 e 	214.168306313	0.000003993	114
0 0 0 0 33 e 	227.550610313	0.000004001	126
0 0 0 0 34 e 	241.338043031	0.000004008	112
0 0 0 0 35 e 	255.530569013	0.000004023	109
0 0 0 0 36 e 	270.128151788	0.000004070	108
0 0 0 0 37 e 	285.130753809	0.000004079	106
0 0 0 0 38 e 	300.538336558	0.000004105	106
0 0 0 0 39 e 	316.350860350	0.000004118	116
0 0 0 0 40 e 	332.568284603	0.000004134	94
0 0 0 0 41 e 	349.190567609	0.000004170	102
0 0 0 0 42 e 	366.217666626	0.000004242	91
0 0 0 0 43 e 	383.649537824	0.000004320	94
0 0 0 0 44 e 	401.486140475	0.000072242	75
0 0 0 0 45 e 	419.727420238	0.000074244	75
0 0 0 0 46 e 	438.373344784	0.000117256	78
0 0 0 0 47 e 	457.423846529	0.000119257	77
0 0 0 0 48 e 	476.878886415	0.000121259	86
0 0 0 0 49 e 	496.738413456	0.000123260	70
0 0 0 0 50 e 	517.002376524	0.000125262	72
0 1 0 1 1 e 	520.828323458	0.000015095	25
0 1 0 1 1 f 	520.828747848	0.000015088	22
0 1 0 1 2 e 	521.640737124	0.000011122	41
0 1 0 1 2 f 	521.642010284	0.000011115	34
0 1 0 1 3 e 	522.859355345	0.000011095	39
0 1 0 1 3 f 	522.861901651	0.000011088	35
0 1 0 1 4 e 	524.484174540	0.000009094	40
0 1 0 1 4 f 	524.488418359	0.000009087	31
0 1 0 1 5 e 	526.515191267	0.000009762	39
0 1 0 1 5 f 	526.521556954	0.000009756	26
0 1 0 1 6 e 	528.952399082	0.000005094	41
0 1 0 1 6 f 	528.961310976	0.000005087	32
0 1 0 1 7 e 	531.795792389	0.000005822	43
0 1 0 1 7 f 	531.807674802	0.000005756	37
0 1 0 1 8 e 	535.045363403	0.000006471	54
0 1 0 1 8 f 	535.060640625	0.000006457	40
0 0 0 0 51 e 	537.670745704	0.000203260	70
0 1 0 1 9 e 	538.701103723	0.000006488	45
0 1 0 1 9 f 	538.720200016	0.000006475	39
0 1 0 1 10 e 	542.763004266	0.000005856	45
0 1 0 1 10 f 	542.786343865	0.000005842	39
0 1 0 1 11 e 	547.231054264	0.000006632	46
0 1 0 1 11 f 	547.259061377	0.000006498	42
0 1 0 1 12 e 	552.105241520	0.000006515	58
0 1 0 1 12 f 	552.138340285	0.000006508	46
0 1 0 1 13 e 	557.385553556	0.000010632	45
0 1 0 1 13 f 	557.424168263	0.000006515	40
0 0 0 0 52 e 	558.743433100	0.000205262	69
0 1 0 1 14 e 	563.071977521	0.000009849	47
0 1 0 1 14 f 	563.116531832	0.000007515	39
0 1 0 1 15 e 	569.164497685	0.000014632	46
0 1 0 1 15 f 	569.215416598	0.000007860	44
0 1 0 1 16 e 	575.663098432	0.000013849	44
0 1 0 1 16 f 	575.720804724	0.000007874	42
0 0 0 0 53 e 	580.220368595	0.000283260	65
0 1 0 1 17 e 	582.567762933	0.000017414	52
0 1 0 1 17 f 	582.632681123	0.000007285	41
0 1 0 1 18 e 	589.878473354	0.000016825	49
0 1 0 1 18 f 	589.951026792	0.000007897	44
0 1 0 1 19 e 	597.595211309	0.000017437	51
0 1 0 1 19 f 	597.675822594	0.000010619	49
0 0 0 0 54 e 	602.101546711	0.000285262	70
0 1 0 1 20 e 	605.717950770	0.000020825	52
0 1 0 1 20 f 	605.807049877	0.000011897	46
0 1 0 1 21 e 	614.246682360	0.000020771	49
0 1 0 1 21 f 	614.344685027	0.000014619	44
0 1 0 1 22 e 	623.181372341	0.000024825	46
0 1 0 1 22 f 	623.288708022	0.000015173	38
0 0 0 0 55 e 	624.386889166	0.000287263	65
0 1 0 1 23 e 	632.522005626	0.000023541	41
0 1 0 1 23 f 	632.639093357	0.000015208	38
0 1 0 1 24 e 	642.268553016	0.000025543	46
0 1 0 1 24 f 	642.395819246	0.000015247	42
0 0 0 0 56 e 	647.076339676	0.000289264	58
0 1 0 1 25 e 	652.420991543	0.000019541	49
0 1 0 1 25 f 	652.558857575	0.000019208	42
0 1 0 1 26 e 	662.979293739	0.000021543	44
0 1 0 1 26 f 	663.128184902	0.000019247	36
0 0 0 0 57 e 	670.170093032	0.000367263	57
0 1 0 1 27 e 	673.943433028	0.000023541	44
0 1 0 1 27 f 	674.103770413	0.000015371	36
0 1 0 1 28 e 	685.313378269	0.000021946	46
0 1 0 1 28 f 	685.485587485	0.000018920	39
0 0 0 0 58 e 	693.667583486	0.000369264	60
0 1 0 1 29 e 	697.089104697	0.000021320	35
0 1 0 1 29 f 	697.273605699	0.000018706	37
0 1 0 1 30 e 	709.270574881	0.000017946	38
0 1 0 1 30 f 	709.467793897	0.000014920	32
0 0 0 0 59 e 	717.569003883	0.000371266	46
0 1 0 1 31 e 	721.857765909	0.000017986	33
0 1 0 1 31 f 	722.068122230	0.000022706	32
0 1 0 1 32 e 	734.850634189	0.000017342	34
0 1 0 1 32 f 	735.074554076	0.000018920	32
0 0 0 0 60 e 	741.874291192	0.000447456	49
0 1 0 1 33 e 	748.249158661	0.000021986	32
0 1 0 1 33 f 	748.487060675	0.000023670	32
0 1 0 1 34 e 	762.053289757	0.000018008	36
0 1 0 1 34 f 	762.305601325	0.000022255	34
0 0 0 0 61 e 	766.583391130	0.000447583	53
0 1 0 1 35 e 	776.263008412	0.000018023	38
0 1 0 1 35 f 	776.530146064	0.000019670	29
0 1 0 1 36 e 	790.878259107	0.000021342	38
0 1 0 1 36 f 	791.160650039	0.000024678	33
0 0 0 0 62 e 	791.696225841	0.000447730	41
0 1 0 1 37 e 	805.899021098	0.000019006	37
0 1 0 1 37 f 	806.197084809	0.000015670	30
0 0 0 0 63 e 	817.212752755	0.000447850	42
0 1 0 1 38 e 	821.325241505	0.000024105	36
0 1 0 1 38 f 	821.639400162	0.000027440	32
0 1 0 1 39 e 	837.156891738	0.000023006	40
0 1 0 1 39 f 	837.487566719	0.000019670	30
0 0 0 0 64 e 	843.132847513	0.000447943	40
0 1 0 1 40 e 	853.393918117	0.000020105	34
0 1 0 1 40 f 	853.741533732	0.000023440	26
1 0 0 0 0 e 	858.966915054	0.000086793	4
1 0 0 0 1 e 	859.371418459	0.000086727	19
1 0 0 0 2 e 	860.180424368	0.000086793	16
1 0 0 0 3 e 	861.393930613	0.000086860	13
1 0 0 0 4 e 	863.011931800	0.000086887	19
1 0 0 0 5 e 	865.034430705	0.000087020	17
1 0 0 0 6 e 	867.461413814	0.000087354	16
0 0 0 0 65 e 	869.456514460	0.000461286	47
0 1 0 1 41 e 	870.036288380	0.000543006	33
1 0 0 0 7 e 	870.292878908	0.000088354	11
0 1 0 1 41 f 	870.401264447	0.000539670	29
1 0 0 0 8 e 	873.528817453	0.000088724	13
1 0 0 0 9 e 	877.169222030	0.000088741	15
1 0 0 0 10 e 	881.214081355	0.000088753	21
1 0 0 0 11 e 	885.663385712	0.000088765	23
0 1 0 1 42 e 	887.083937226	0.000044242	33
0 1 0 1 42 f 	887.466697283	0.000047578	29
1 0 0 0 12 e 	890.517123743	0.000088775	19
1 0 0 0 13 e 	895.775282508	0.000088781	22
0 0 0 0 66 e 	896.183663865	0.000463287	44
1 0 0 0 14 e 	901.437848209	0.000089782	18
0 1 0 1 43 e 	904.536873527	0.000056320	25
0 1 0 1 43 f 	904.937835105	0.000059656	27
1 0 0 0 15 e 	907.504805305	0.000090127	21
1 0 0 0 16 e 	913.976137583	0.000083469	14
1 0 0 0 17 e 	920.851833276	0.000083482	17
0 1 0 1 44 e 	922.395000493	0.000057256	34
0 1 0 1 44 f 	922.814588075	0.000053920	25
0 0 0 0 67 e 	923.314223075	0.000465289	40
1 0 0 0 18 e 	928.131864513	0.000083492	20
1 0 0 0 19 e 	935.816218020	0.000083546	17
0 1 0 1 45 e 	940.658279856	0.000064320	34
0 1 0 1 45 f 	941.096915392	0.000067656	20
1 0 0 0 20 e 	943.904866338	0.000436992	26
0 0 0 0 68 e 	950.848117499	0.000543287	36
1 0 0 0 21 e 	952.397947810	0.000437026	19
0 1 0 1 46 e 	959.326676030	0.000097256	28
0 1 0 1 46 f 	959.784776142	0.000100592	26
1 0 0 0 22 e 	961.294997802	0.000083629	11
1 0 0 0 23 e 	970.596422403	0.000083663	18
0 1 0 1 47 e 	978.400174599	0.000170192	29
0 0 0 0 69 e 	978.785281922	0.000718797	33
0 1 0 1 47 f 	978.878162120	0.000166856	19
1 0 0 0 24 e 	980.302059302	0.000083703	15
1 0 0 0 25 e 	990.411885566	0.000083827	17
0 1 0 1 48 e 	997.878640975	0.000617256	33
0 1 0 1 48 f 	998.376939118	0.000620592	30
1 0 0 0 26 e 	1000.925859068	0.000083889	19
0 0 0 0 70 e 	1007.125641154	0.000796796	30
1 0 0 0 27 e 	1011.843979620	0.000083944	15
0 1 0 1 49 e 	1017.762088788	0.000174194	33
0 1 0 1 49 f 	1018.281114049	0.000170859	25
1 0 0 0 28 e 	1023.166176364	0.000083970	18
1 0 0 0 29 e 	1034.892457435	0.000083944	18
0 0 0 0 71 e 	1035.869121826	0.001212472	33
0 1 0 1 50 e 	1038.050465483	0.001137256	33
0 1 0 1 50 f 	1038.590639282	0.001140592	19
0 2 0 2 2 e 	1042.657004111	0.013216990	5
0 2 0 2 2 f 	1042.657006840	0.013216983	4
0 2 0 2 3 e 	1043.878357884	0.013216857	9
0 2 0 2 3 f 	1043.878360613	0.013216850	8
0 2 0 2 4 e 	1045.506821740	0.013213521	10
0 2 0 2 4 f 	1045.506824469	0.013213514	9
1 0 0 0 30 e 	1047.022777014	0.000083970	13
0 2 0 0 0 e 	1047.042051193	0.000002067	7
0 2 0 0 1 e 	1047.449011992	0.000002000	21
0 2 0 2 5 e 	1047.542394553	0.013210185	6
0 2 0 2 5 f 	1047.542400921	0.013210179	5
0 2 0 0 2 e 	1048.262932093	0.000002067	19
0 2 0 0 3 e 	1049.483810566	0.000001628	22
0 2 0 2 6 e 	1049.987402257	0.013206850	8
0 2 0 2 6 f 	1049.987414989	0.013206843	8
0 2 0 0 4 e 	1051.111644853	0.000002160	22
0 2 0 2 7 e 	1052.837168469	0.013205849	6
0 2 0 2 7 f 	1052.837191385	0.013205842	4
0 2 0 0 5 e 	1053.146431531	0.000002294	19
0 2 0 0 6 e 	1055.588165036	0.000002627	22
0 2 0 2 8 e 	1056.084757343	0.010005822	10
0 2 0 2 8 f 	1056.084795543	0.010005829	7
0 2 0 0 7 e 	1058.436841450	0.000003296	19
0 1 0 1 51 e 	1058.743672480	0.001374194	25
0 1 0 1 51 f 	1059.305436352	0.001454862	21
1 0 0 0 31 e 	1059.557111817	0.000084001	16
0 2 0 2 9 e 	1059.748681573	0.010005849	14
0 2 0 2 9 f 	1059.748741611	0.010005842	10
0 2 0 0 8 e 	1061.692453762	0.000003997	21
0 2 0 2 10 e 	1063.819669149	0.010006481	12
0 2 0 2 10 f 	1063.819759228	0.010006475	9
0 0 0 0 72 e 	1065.015649120	0.001290471	26
0 2 0 0 9 e 	1065.354995509	0.000004015	30
0 2 0 2 11 e 	1068.297707012	0.010005849	11
0 2 0 2 11 f 	1068.297837163	0.010005842	10
0 2 0 0 10 e 	1069.424458355	0.000003382	27
1 0 0 0 32 e 	1072.495422069	0.000084041	12
0 2 0 2 12 e 	1073.182780914	0.010006505	14
0 2 0 2 12 f 	1073.182963177	0.010006498	11
0 2 0 0 11 e 	1073.900833227	0.000004038	28
0 2 0 2 13 e 	1078.474875854	0.010006515	14
0 2 0 2 13 f 	1078.475124476	0.010006521	11
0 2 0 0 12 e 	1078.784113611	0.000004048	30
0 1 0 1 52 e 	1079.841709132	0.002337256	26
0 1 0 1 52 f 	1080.425429571	0.004340592	16
0 2 0 0 13 e 	1084.074282227	0.000004055	27
0 2 0 2 14 e 	1084.173976489	0.010007515	12
0 2 0 2 14 f 	1084.174308105	0.010007522	9
1 0 0 0 33 e 	1085.837669850	0.000084049	18
0 2 0 0 14 e 	1089.771333777	0.000005055	29
0 2 0 2 15 e 	1090.280064571	0.010008516	10
0 2 0 2 15 f 	1090.280498385	0.010008523	7
0 0 0 0 73 e 	1094.565146426	0.001706147	30
0 2 0 0 15 e 	1095.875254138	0.000005400	28
0 2 0 2 16 e 	1096.790415780	0.010007291	11
0 2 0 2 16 f 	1096.790973763	0.010007285	10
1 0 0 0 34 e 	1099.583820066	0.000084057	13
0 1 0 1 53 e 	1101.344461130	0.002574194	22
0 1 0 1 53 f 	1101.950612248	0.000254862	15
0 2 0 0 16 e 	1102.386029209	0.000005414	24
0 2 0 2 17 e 	1103.710503474	0.010007880	10
0 2 0 2 17 f 	1103.711210553	0.010007874	7
0 2 0 0 17 e 	1109.303646229	0.000004825	26
0 2 0 2 18 e 	1111.036515391	0.010007291	11
0 2 0 2 18 f 	1111.037399630	0.010007285	10
1 0 0 0 35 e 	1113.733846060	0.000077392	18
0 2 0 0 18 e 	1116.628089881	0.000005437	29
0 2 0 2 19 e 	1118.770350124	0.010007904	12
0 2 0 2 19 f 	1118.771442923	0.010007897	9
0 1 0 1 54 e 	1123.251907723	0.001555262	22
0 1 0 1 54 f 	1123.880893037	0.005540592	17
0 2 0 0 19 e 	1124.359343208	0.000005490	25
0 0 0 0 74 e 	1124.517540065	0.001543980	26
0 2 0 2 20 e 	1126.913069424	0.010010626	10
0 2 0 2 20 f 	1126.914405718	0.010010619	8
1 0 0 0 36 e 	1128.287704872	0.000077408	15
0 2 0 0 20 e 	1132.497392232	0.000005517	22
0 2 0 2 21 e 	1135.368651290	0.010024825	7
0 2 0 2 21 f 	1135.417627558	0.010011897	6
0 2 0 0 21 e 	1141.042217044	0.000005539	31
1 0 0 0 37 e 	1143.245353024	0.000077489	17
0 2 0 2 22 f 	1144.282785897	0.010014619	8
0 2 0 2 22 e 	1144.311339075	0.010023541	6
0 1 0 1 55 e 	1145.564149572	0.003774194	19
0 1 0 1 55 f 	1146.216242265	0.001454862	18
0 2 0 0 22 e 	1149.993800558	0.000005573	26
0 2 0 2 23 e 	1153.682778833	0.010024825	11
0 2 0 2 23 f 	1153.734193004	0.010015173	9
0 0 0 0 75 e 	1154.872752826	0.001959656	24
1 0 0 0 38 e 	1158.606766878	0.000077502	15
0 2 0 0 23 e 	1159.352121658	0.000005608	24
0 2 0 2 24 f 	1163.412899489	0.010015208	9
0 2 0 2 24 e 	1163.429584319	0.010019541	11
0 1 0 1 56 e 	1168.280810785	0.000355262	22
0 1 0 1 56 f 	1168.956727679	0.005216863	16
0 2 0 0 24 e 	1169.117162944	0.000005647	29
0 2 0 2 25 f 	1173.588109075	0.010015247	6
0 2 0 2 25 e 	1173.625285689	0.010021543	9
1 0 0 0 39 e 	1174.371893131	0.000077518	15
0 2 0 0 25 e 	1179.288902908	0.000005106	27
0 2 0 2 26 f 	1184.169480141	0.010015371	12
0 2 0 2 26 e 	1184.185232757	0.010023541	11
0 0 0 0 76 e 	1185.630706096	0.001797488	22
0 2 0 0 26 e 	1189.867317698	0.000005722	25
1 0 0 0 40 e 	1190.540684815	0.000077554	13
0 1 0 1 57 e 	1191.401615257	0.002755395	21
0 1 0 1 57 f 	1192.102006358	0.004654862	18
0 2 0 2 27 f 	1195.158434751	0.010018920	9
0 2 0 2 27 e 	1195.160123398	0.010021543	9
0 2 0 0 27 e 	1200.852386619	0.000005771	25
0 2 0 2 28 f 	1206.553549756	0.010015371	10
0 2 0 2 28 e 	1206.567971802	0.010021320	12
1 0 0 0 41 e 	1207.113116233	0.000457637	14
0 2 0 0 28 e 	1212.244085508	0.000005834	28
0 1 0 1 58 e 	1214.929186773	0.001555262	16
0 1 0 1 58 f 	1215.652294118	0.000416863	12
0 0 0 0 77 e 	1216.791322024	0.002226507	20
0 2 0 2 29 e 	1218.349140992	0.010021946	10
0 2 0 2 29 f 	1218.356575166	0.010014920	8
0 2 0 0 29 e 	1224.042389045	0.000005889	30
1 0 0 0 42 e 	1224.089130047	0.000457601	14
0 2 0 2 30 f 	1230.564371586	0.010018706	7
0 2 0 2 30 e 	1230.574290330	0.010017986	9
0 2 0 0 30 e 	1236.247273597	0.000005320	24
0 1 0 1 59 e 	1238.859242832	0.001555395	17
0 1 0 1 59 f 	1239.607274469	0.000416970	10
1 0 0 0 43 e 	1241.468686235	0.000145626	12
0 2 0 2 31 e 	1243.171995922	0.010017342	12
0 2 0 2 31 f 	1243.178961664	0.010014920	8
0 0 0 0 78 e 	1248.354518668	0.002064340	16
0 2 0 0 31 e 	1248.858711357	0.000005946	30
0 2 0 2 32 f 	1256.202234290	0.010022706	6
0 2 0 2 32 e 	1256.210012082	0.010017986	6
1 0 0 0 44 e 	1259.251745347	0.000517256	14
0 2 0 0 32 e 	1261.876676326	0.000005986	25
0 1 0 1 60 e 	1263.193634359	0.001555528	16
0 1 0 1 60 f 	1263.967008894	0.000417083	12
0 2 0 2 33 e 	1269.621337319	0.010017342	7
0 2 0 2 33 f 	1269.630205572	0.010018920	8
0 2 0 0 33 e 	1275.301140278	0.000005342	32
1 0 0 0 45 e 	1277.438252678	0.000190640	10
0 0 0 0 79 e 	1280.320214098	0.002439988	14
0 2 0 2 34 f 	1283.465431431	0.010023670	7
0 2 0 2 34 e 	1283.468334591	0.010018023	11
0 1 0 1 61 e 	1287.932297555	0.001555635	19
0 1 0 1 61 f 	1288.731433547	0.000417183	15
0 2 0 0 34 e 	1289.132075415	0.000006001	30
1 0 0 0 46 e 	1296.028159110	0.000199313	11
0 2 0 2 35 e 	1297.694881931	0.010018008	10
0 2 0 2 35 f 	1297.707222810	0.010022255	7
0 2 0 0 35 e 	1303.369450212	0.000006008	30
0 2 0 2 36 f 	1312.354849815	0.010015670	8
0 2 0 2 36 e 	1312.355186019	0.010018023	8
0 0 0 0 80 e 	1312.688329272	0.002558014	15
0 1 0 1 62 e 	1313.075168471	0.001555728	19
0 1 0 1 62 f 	1313.900483074	0.000417310	14
1 0 0 0 47 e 	1315.021423924	0.002117256	13
0 2 0 0 36 e 	1318.013235818	0.000006023	27
0 2 0 2 37 e 	1327.394431001	0.010021342	8
0 2 0 2 37 f 	1327.409915378	0.011227440	6
0 2 0 0 37 e 	1333.063399950	0.000006070	25
1 0 0 0 48 e 	1334.418011625	0.000199313	16
0 1 0 1 63 e 	1338.622180964	0.001555835	14
0 1 0 1 63 f 	1339.474093041	0.000417390	10
0 2 0 2 38 e 	1342.854403865	0.010019006	5
0 2 0 2 38 f 	1342.869849672	0.010015670	5
0 0 0 0 81 e 	1345.458777597	0.002443190	16
0 2 0 0 38 e 	1348.519911204	0.000006079	20
1 0 0 0 49 e 	1354.217803174	0.000201314	12
0 2 0 2 39 e 	1358.717784473	0.010024105	5
0 2 0 2 39 f 	1358.737615378	0.010027440	5
0 2 0 0 39 e 	1364.382735872	0.000006105	27
0 1 0 1 64 e 	1364.573862839	0.002449561	13
0 1 0 1 64 f 	1365.452205728	0.000497450	8
1 1 0 1 1 e 	1372.864329791	0.000813472	7
1 1 0 1 1 f 	1372.864716477	0.003885106	7
1 1 0 1 2 e 	1373.674517276	0.000546620	11
1 1 0 1 2 f 	1373.675813703	0.003618255	11
1 0 0 0 50 e 	1374.420829330	0.000209987	14
1 1 0 1 3 e 	1374.889771005	0.000279769	9
1 1 0 1 3 f 	1374.892437705	0.003351403	6
0 2 0 2 40 e 	1374.989819698	0.010023006	9
0 2 0 2 40 f 	1375.010353143	0.010019670	4
1 1 0 1 4 e 	1376.510102958	0.000276434	8
1 1 0 1 4 f 	1376.514597660	0.003348068	8
1 1 0 1 5 e 	1378.535510481	0.000273098	7
1 1 0 1 5 f 	1378.542288680	0.003344732	6
0 0 0 0 82 e 	1378.631482381	0.003051689	19
0 2 0 0 40 e 	1380.651840437	0.000006118	27
1 1 0 1 6 e 	1380.965987460	0.000269762	4
1 1 0 1 6 f 	1380.975506930	0.003341397	3
1 1 0 1 7 e 	1383.801639902	0.000265094	4
1 1 0 1 7 f 	1383.813749054	0.004809780	2
1 1 0 1 8 e 	1387.040103723	0.008806488	1
1 1 0 1 8 f 	1387.058649970	0.000265756	3
1 1 0 1 9 e 	1390.687750411	0.000266471	4
1 1 0 1 9 f 	1390.709294565	0.000265842	4
0 1 0 1 65 e 	1390.928957084	0.002462904	11
0 2 0 2 41 e 	1391.687786270	0.010020105	8
0 2 0 2 41 f 	1391.689297889	0.011247578	5
0 1 0 1 65 f 	1391.834709497	0.000497543	7
1 1 0 1 10 e 	1394.738427017	0.000266632	9
1 1 0 1 10 f 	1394.763340640	0.000266498	7
1 0 0 0 51 e 	1395.026999244	0.000211988	12
0 2 0 0 41 e 	1397.327189469	0.000006134	25
1 1 0 1 11 e 	1399.194129672	0.000265856	6
1 1 0 1 11 f 	1399.224069351	0.000265842	6
1 1 0 1 12 e 	1404.054846553	0.000268516	8
1 1 0 1 12 f 	1404.090269137	0.000268509	5
0 2 0 2 42 e 	1408.748596395	0.010543006	5
0 2 0 2 42 f 	1408.776233264	0.022021055	3
1 1 0 1 13 e 	1409.320563605	0.000266515	7
1 1 0 1 13 f 	1409.361924831	0.000266508	4
0 0 0 0 83 e 	1412.206352979	0.002836796	15
0 2 0 0 42 e 	1414.408734153	0.000032170	24
1 1 0 1 14 e 	1414.991295249	0.000270632	3
1 1 0 1 14 f 	1415.039299309	0.000267860	2
1 0 0 0 52 e 	1416.036255714	0.000289987	10
0 1 0 1 66 e 	1417.688694350	0.003649561	9
0 1 0 1 66 f 	1418.621592305	0.000510886	9
1 1 0 1 15 e 	1421.067073602	0.000269849	3
1 1 0 1 15 f 	1421.121796788	0.000267515	3
0 2 0 2 43 e 	1426.258586270	0.011220105	2
0 2 0 2 43 f 	1426.267002066	0.010047578	4
1 1 0 1 16 e 	1427.547494675	0.000274632	3
1 1 0 1 16 f 	1427.609847330	0.000267285	3
0 2 0 0 43 e 	1431.896476714	0.000032242	23
1 1 0 1 17 e 	1434.433144975	0.000273849	6
1 1 0 1 17 f 	1434.503142936	0.000267874	5
1 0 0 0 53 e 	1437.448555784	0.000298659	13
1 1 0 1 18 e 	1441.723710057	0.000277414	8
1 1 0 1 18 f 	1441.801749459	0.000267285	6
0 2 0 2 44 e 	1444.131696395	0.011743006	2
0 2 0 2 44 f 	1444.165461217	0.010059656	4
0 1 0 1 67 e 	1444.848307165	0.010463287	8
0 1 0 1 67 f 	1445.812719204	0.000512887	5
0 0 0 0 84 e 	1446.183308132	0.003585392	13
1 1 0 1 19 e 	1449.419054258	0.000276825	6
1 1 0 1 19 f 	1449.505814116	0.000267897	6
0 2 0 0 44 e 	1449.790350158	0.000044320	21
1 1 0 1 20 e 	1457.519294523	0.000277437	8
1 1 0 1 20 f 	1457.615195710	0.000270619	5
1 0 0 0 54 e 	1459.263818209	0.000376658	13
0 2 0 2 45 e 	1462.439258912	0.010097256	4
0 2 0 2 45 f 	1462.469363075	0.010053920	2
1 1 0 1 21 e 	1466.024415269	0.008824825	6
1 1 0 1 21 f 	1466.130006710	0.008815173	6
0 2 0 0 45 e 	1468.090311111	0.000077256	22
0 1 0 1 68 e 	1472.418015370	0.004849561	10
0 1 0 1 68 f 	1473.408196886	0.010543287	6
1 1 0 1 22 e 	1474.934384960	0.001477437	8
1 1 0 1 22 f 	1475.049960873	0.008815208	6
0 0 0 0 85 e 	1480.562237161	0.003784118	16
0 2 0 2 46 e 	1481.143527228	0.010064320	4
0 2 0 2 46 f 	1481.179759281	0.010067656	4
1 0 0 0 55 e 	1481.481509967	0.000385331	11
1 1 0 1 23 e 	1484.249193370	0.000284825	7
1 1 0 1 23 f 	1484.375181471	0.000275173	5
0 2 0 0 46 e 	1486.796317431	0.000114244	17
1 1 0 1 24 e 	1493.968672981	0.000283541	5
1 1 0 1 24 f 	1494.105644428	0.000275208	5
0 2 0 2 47 e 	1500.254879561	0.010097256	5
0 2 0 2 47 f 	1500.295461142	0.010100592	3
0 1 0 1 69 e 	1500.386298435	0.010543287	10
0 1 0 1 69 f 	1501.407767460	0.010718797	5
1 1 0 1 25 e 	1504.093032853	0.000285543	4
1 0 0 0 56 e 	1504.103196961	0.000387332	8
1 1 0 1 25 f 	1504.241361965	0.000275247	4
0 2 0 0 47 e 	1505.908386625	0.000157256	22
1 1 0 1 26 e 	1514.622107320	0.000279541	7
1 1 0 1 26 f 	1514.782376773	0.000279208	3
0 0 0 0 86 e 	1515.343065198	0.004199150	17
0 2 0 2 48 e 	1519.774913788	0.010174194	4
0 2 0 0 48 e 	1525.426391674	0.000159257	17
1 1 0 1 27 e 	1525.555838615	0.000281543	5
1 1 0 1 27 f 	1525.728341173	0.000279247	3
1 0 0 0 57 e 	1527.127076741	0.000396005	8
0 1 0 1 70 e 	1528.763237279	0.005649561	9
0 1 0 1 70 f 	1529.811349561	0.010796796	7
1 1 0 1 28 e 	1536.894182133	0.000283541	3
1 1 0 1 28 f 	1537.079681455	0.000275371	3
0 2 0 2 49 e 	1539.698905975	0.010617256	1
0 2 0 0 49 e 	1545.350341671	0.000161259	18
1 1 0 1 29 e 	1548.637276494	0.000281946	4
1 1 0 1 29 f 	1548.835933897	0.010014920	1
0 0 0 0 87 e 	1550.525704011	0.004464589	16
1 0 0 0 58 e 	1550.553800509	0.000474003	7
0 1 0 1 71 e 	1557.976181985	0.012490471	4
0 1 0 1 71 f 	1558.619092603	0.008218072	7
0 2 0 2 50 e 	1560.028633788	0.010174194	2
0 2 0 2 50 f 	1560.078665537	0.010170859	2
1 1 0 1 30 e 	1560.785030412	0.000281320	5
1 1 0 1 30 f 	1560.997200272	0.000278706	3
0 2 0 0 50 e 	1565.680203152	0.000163260	17
1 1 0 1 31 e 	1573.337301873	0.000277946	4
1 1 0 1 31 f 	1573.563618977	0.000274920	3
0 3 0 1 1 e 	1573.773609072	0.000013122	9
0 3 0 1 1 f 	1573.774435558	0.000013115	9
1 0 0 0 59 e 	1574.383093909	0.000482676	7
0 3 0 1 2 e 	1574.587833428	0.000013095	12
0 3 0 1 2 f 	1574.590310113	0.000013088	13
0 3 0 1 3 e 	1575.809166932	0.000011094	6
0 3 0 1 3 f 	1575.814121215	0.000011087	5
0 3 0 1 4 e 	1577.437607486	0.000009095	6
0 3 0 1 4 f 	1577.445864512	0.000009088	6
0 3 0 1 5 e 	1579.473150640	0.000007094	5
0 3 0 1 5 f 	1579.485535471	0.000007087	5
0 2 0 2 51 e 	1580.763710483	0.011137256	4
0 2 0 2 51 f 	1580.818074318	0.011140592	2
0 3 0 1 6 e 	1581.915791621	0.000007822	7
0 3 0 1 6 f 	1581.933131341	0.000007756	5
0 3 0 1 7 e 	1584.765524243	0.000007094	5
0 3 0 1 7 f 	1584.788643297	0.000007087	6
0 0 0 0 88 e 	1586.110062574	0.005179828	16
1 1 0 1 32 e 	1586.294147221	0.000277986	4
0 2 0 0 51 e 	1586.415904357	0.000165262	15
1 1 0 1 32 f 	1586.535009278	0.000282706	4
0 1 0 1 72 e 	1587.157022826	0.008220472	3
0 1 0 1 72 f 	1587.830426119	0.008296071	4
0 3 0 1 8 e 	1588.022341080	0.000007822	8
0 3 0 1 8 f 	1588.052065915	0.000007756	6
0 3 0 1 9 e 	1591.686235307	0.000007856	11
0 3 0 1 9 f 	1591.723390791	0.000007842	9
0 3 0 1 10 e 	1595.757196995	0.000008488	10
0 3 0 1 10 f 	1595.802609132	0.000008475	12
1 0 0 0 60 e 	1598.615014156	0.000484677	10
1 1 0 1 33 e 	1599.655480848	0.000277342	3
1 1 0 1 33 f 	1599.911423194	0.000278920	3
0 3 0 1 11 e 	1600.235216435	0.000007849	10
0 3 0 1 11 f 	1600.289711112	0.000007842	11
0 2 0 2 52 e 	1601.908592064	0.011374194	4
0 2 0 2 52 f 	1601.963564864	0.011370859	3
0 3 0 1 12 e 	1605.120281942	0.000008632	11
0 3 0 1 12 f 	1605.184684887	0.000008498	11
0 2 0 0 52 e 	1607.557381567	0.000243260	14
0 3 0 1 13 e 	1610.412383737	0.000008515	10
0 3 0 1 13 f 	1610.487519695	0.000008508	12
1 1 0 1 34 e 	1613.421263662	0.000281986	2
1 1 0 1 34 f 	1613.692664884	0.000279670	3
0 3 0 1 14 e 	1616.111506609	0.000012632	12
0 3 0 1 14 f 	1616.198202426	0.000008515	9
0 1 0 1 73 e 	1616.742081962	0.011290471	6
0 1 0 1 73 f 	1617.445595507	0.008711747	6
0 0 0 0 89 e 	1622.096051491	0.005345198	16
0 3 0 1 15 e 	1622.217637475	0.000011849	10
0 3 0 1 15 f 	1622.316717277	0.000009515	9
1 0 0 0 61 e 	1623.249484731	0.000560868	9
0 2 0 2 53 e 	1623.450184132	0.012337256	1
0 2 0 2 53 f 	1623.513774534	0.012340592	3
1 1 0 1 35 e 	1627.591478081	0.000278008	3
1 1 0 1 35 f 	1627.878824681	0.000282255	3
0 3 0 1 16 e 	1628.730761809	0.000016632	9
0 3 0 1 16 f 	1628.843051361	0.000009285	9
0 2 0 0 53 e 	1629.104636230	0.000245262	17
0 3 0 1 17 e 	1635.650863393	0.000015849	9
0 3 0 1 17 f 	1635.777187755	0.000009874	7
1 1 0 1 36 e 	1642.166078451	0.000278023	2
1 1 0 1 36 f 	1642.469896434	0.000275670	4
0 3 0 1 18 e 	1642.977925618	0.000019414	9
0 3 0 1 18 f 	1643.119109346	0.000009285	12
0 2 0 2 54 e 	1645.397721545	0.012574194	3
0 1 0 1 74 e 	1646.730413707	0.011706147	8
0 1 0 1 74 f 	1647.464888065	0.008549580	3
1 0 0 0 62 e 	1648.286446334	0.000567666	8
0 3 0 1 19 e 	1650.711928058	0.000018825	12
0 3 0 1 19 f 	1650.868798709	0.000009897	12
0 2 0 0 54 e 	1651.057587032	0.000323260	16
1 1 0 1 37 e 	1657.145097106	0.010021342	4
1 1 0 1 37 f 	1657.465692556	0.000287440	5
0 0 0 0 90 e 	1658.483573484	0.006087123	14
0 3 0 1 20 e 	1658.852857443	0.000019437	12
0 3 0 1 20 f 	1659.026236307	0.000012619	10
0 3 0 1 21 e 	1667.400686052	0.000022825	8
0 3 0 1 21 f 	1667.591403446	0.000013897	10
0 2 0 2 55 e 	1667.758369445	0.011555262	3
1 1 0 1 38 e 	1672.528418783	0.000279006	5
1 1 0 1 38 f 	1672.866312170	0.000275670	4
0 2 0 0 55 e 	1673.416213277	0.000325262	19
1 0 0 0 63 e 	1673.725833992	0.000567813	9
0 3 0 1 22 e 	1676.355402488	0.000022771	6
0 3 0 1 22 f 	1676.564276688	0.000016619	12
0 1 0 1 75 e 	1677.121891754	0.011543980	6
0 1 0 1 75 f 	1677.887765741	0.011959656	5
0 3 0 1 23 e 	1685.716976176	0.000026825	10
0 3 0 1 23 f 	1685.944836515	0.000016581	12
1 1 0 1 39 e 	1688.316015334	0.000280105	4
1 1 0 1 39 f 	1688.671642939	0.000283440	3
0 2 0 2 56 e 	1690.519814572	0.013774194	1
0 0 0 0 91 e 	1695.272535013	0.006100465	12
0 3 0 1 24 e 	1695.485391081	0.000021541	10
0 3 0 1 24 f 	1695.733057963	0.000017208	9
0 2 0 0 56 e 	1696.180594684	0.000327263	18
1 0 0 0 64 e 	1699.567580458	0.000574604	6
1 1 0 1 40 e 	1704.507966738	0.000283006	5
1 1 0 1 40 f 	1704.881667831	0.000279670	5
0 3 0 1 25 e 	1705.660618873	0.000023543	7
0 3 0 1 25 f 	1705.928919070	0.000017247	10
0 1 0 1 76 e 	1707.916482445	0.011959656	6
0 1 0 1 76 f 	1708.714079095	0.008803088	4
2 0 0 0 0 e 	1710.976307121	0.000253809	5
2 0 0 0 1 e 	1711.379577686	0.000253509	12
2 0 0 0 2 e 	1712.186117689	0.000253575	10
2 0 0 0 3 e 	1713.395923727	0.000253642	6
0 2 0 2 57 e 	1713.686869062	0.010355262	2
2 0 0 0 4 e 	1715.008995751	0.000253669	6
0 3 0 1 26 e 	1716.242637282	0.000021541	10
0 3 0 1 26 f 	1716.532393489	0.000017371	9
2 0 0 0 5 e 	1717.025325678	0.000247131	4
0 2 0 0 57 e 	1719.350396197	0.000329264	15
2 0 0 0 6 e 	1719.444909319	0.000247465	6
1 1 0 1 41 e 	1721.103872697	0.000304242	6
1 1 0 1 41 f 	1721.496317554	0.000307578	5
2 0 0 0 7 e 	1722.267702089	0.000242128	7
2 0 0 0 8 e 	1725.493790880	0.000242164	6
1 0 0 0 65 e 	1725.811605630	0.000574698	7
0 3 0 1 27 e 	1727.231419001	0.000023543	10
0 3 0 1 27 f 	1727.543455689	0.000020920	8
2 0 0 0 9 e 	1729.123117070	0.000235510	6
0 0 0 0 92 e 	1732.462966833	0.007234583	8
2 0 0 0 10 e 	1733.155607068	0.000235521	7
0 2 0 2 58 e 	1737.260458420	0.011555668	3
0 2 0 2 58 f 	1737.346812304	0.010416996	3
2 0 0 0 11 e 	1737.591369958	0.000228862	6
1 1 0 1 42 e 	1738.104180685	0.000316320	7
1 1 0 1 42 f 	1738.515762318	0.010539670	4
0 3 0 1 28 e 	1738.626939859	0.000023320	12
0 3 0 1 28 f 	1738.962078233	0.000017371	12
0 1 0 1 77 e 	1739.114547096	0.008809488	3
2 0 0 0 12 e 	1742.430295001	0.000222200	6
0 2 0 0 58 e 	1742.925852914	0.000407263	12
2 0 0 0 13 e 	1747.672407330	0.000215536	8
0 3 0 1 29 e 	1750.429166563	0.000019946	10
0 3 0 1 29 f 	1750.788233191	0.000016920	8
1 0 0 0 66 e 	1752.457864075	0.000588040	7
2 0 0 0 14 e 	1753.317679313	0.000216870	8
1 1 0 1 43 e 	1755.508442508	0.000304242	8
1 1 0 1 43 f 	1755.939540087	0.000307578	6
2 0 0 0 15 e 	1759.366077715	0.000210210	7
0 2 0 2 59 e 	1761.237253847	0.011555475	3
0 2 0 2 59 f 	1761.330041389	0.010416863	4
0 3 0 1 30 e 	1762.638079494	0.000019320	10
0 3 0 1 30 f 	1763.021892459	0.000020706	10
2 0 0 0 16 e 	1765.817725542	0.000203552	7
0 2 0 0 59 e 	1766.906641012	0.000407456	14
0 0 0 0 93 e 	1770.054526156	0.007247926	11
2 0 0 0 17 e 	1772.672412242	0.000196894	5
1 1 0 1 44 e 	1773.316802181	0.000316320	5
1 1 0 1 44 f 	1773.767884678	0.000319656	5
0 3 0 1 31 e 	1775.253638530	0.000019342	11
0 3 0 1 31 f 	1775.663023487	0.000016920	10
1 0 0 0 67 e 	1779.506280425	0.000590042	4
2 0 0 0 18 e 	1779.930280051	0.000190233	7
0 2 0 2 60 e 	1785.618932127	0.011555395	3
0 2 0 2 60 f 	1785.718485097	0.010416970	3
2 0 0 0 19 e 	1787.591173414	0.000190286	8
0 3 0 1 32 e 	1788.275823784	0.000019986	11
0 3 0 1 32 f 	1788.711598953	0.000024706	9
0 2 0 0 60 e 	1791.292842755	0.000407583	14
1 1 0 1 45 e 	1791.529042791	0.000317256	4
1 1 0 1 45 f 	1792.000660412	0.000313920	5
2 0 0 0 20 e 	1795.655120421	0.000183642	5
0 3 0 1 33 e 	1801.704592473	0.000019342	9
0 3 0 1 33 f 	1802.167582564	0.000020920	8
2 0 0 0 21 e 	1804.122157630	0.000176992	9
1 0 0 0 68 e 	1806.956774318	0.000592043	7
0 0 0 0 94 e 	1808.047251046	0.007468078	10
1 1 0 1 46 e 	1810.145355609	0.000324320	6
0 2 0 2 61 e 	1810.405417864	0.011555482	3
0 2 0 2 61 f 	1810.512078797	0.010417076	4
1 1 0 1 46 f 	1810.637790235	0.000327656	5
2 0 0 0 22 e 	1812.992170778	0.000177026	8
0 3 0 1 34 e 	1815.539925536	0.000020023	8
0 3 0 1 34 f 	1816.030946370	0.000021670	7
0 2 0 0 61 e 	1816.084403821	0.000407730	12
2 0 0 0 23 e 	1822.265176286	0.000170390	8
1 1 0 1 47 e 	1829.165732298	0.000357256	7
1 1 0 1 47 f 	1829.679365974	0.000360592	5
0 3 0 1 35 e 	1829.781773695	0.000020008	10
0 3 0 1 35 f 	1830.301649682	0.000024255	8
2 0 0 0 24 e 	1831.941143711	0.000170429	9
1 0 0 0 69 e 	1834.809275037	0.000670042	5
0 2 0 2 62 e 	1835.596634428	0.011555602	3
0 2 0 2 62 f 	1835.710756640	0.010417183	4
0 2 0 0 62 e 	1841.281269983	0.000407850	11
2 0 0 0 25 e 	1842.020110354	0.000163811	9
0 3 0 1 36 e 	1844.430119755	0.000020023	9
0 3 0 1 36 f 	1844.979665936	0.000017670	6
0 0 0 0 95 e 	1846.441100591	0.009222625	7
1 1 0 1 48 e 	1848.589824105	0.000430192	6
1 1 0 1 48 f 	1849.125397073	0.000426856	3
2 0 0 0 26 e 	1852.501945659	0.000163833	7
0 3 0 1 37 e 	1859.484911306	0.000023342	9
0 3 0 1 37 f 	1860.064948600	0.000026678	6
0 2 0 2 63 e 	1861.192505209	0.011555728	4
0 2 0 2 63 f 	1861.317787285	0.010417283	2
1 0 0 0 70 e 	1863.063712065	0.000845552	4
2 0 0 0 27 e 	1863.386676584	0.000163882	8
0 2 0 0 63 e 	1866.883385835	0.000407943	9
1 1 0 1 49 e 	1868.417889688	0.000877256	5
1 1 0 1 49 f 	1868.975452849	0.000880592	3
2 0 0 0 28 e 	1874.674440350	0.000164025	9
0 3 0 1 38 e 	1874.946126418	0.000021006	8
0 3 0 1 38 f 	1875.557472264	0.000017670	7
0 0 0 0 96 e 	1885.235547312	0.011468078	3
2 0 0 0 29 e 	1886.364714580	0.000163999	8
0 2 0 2 64 e 	1887.192375964	0.011555835	2
0 2 0 2 64 f 	1887.326058041	0.010417390	3
1 2 0 2 2 f 	1888.308981548	0.013863701	2
1 2 0 2 2 e 	1888.308985181	0.013863708	2
1 1 0 1 50 e 	1888.649403091	0.000434194	4
1 1 0 1 50 f 	1889.229829956	0.000430859	3
1 2 0 2 3 f 	1889.527270369	0.013596850	3
1 2 0 2 3 e 	1889.527274002	0.013596857	4
0 3 0 1 39 e 	1890.813716311	0.000022105	10
1 2 0 2 4 f 	1891.151640919	0.013590179	5
1 2 0 2 4 e 	1891.151644552	0.013590185	4
0 3 0 1 39 f 	1891.457186947	0.000025440	8
1 0 0 0 71 e 	1891.719998550	0.000923550	5
1 2 0 0 0 e 	1892.230535726	0.000801221	2
1 2 0 0 1 e 	1892.636442455	0.000800921	5
0 2 0 0 64 e 	1892.890719743	0.000487850	9
1 2 0 2 5 f 	1893.182100675	0.013596850	3
1 2 0 2 5 e 	1893.182104569	0.013596857	3
1 2 0 0 2 e 	1893.448254073	0.000534069	6
1 2 0 0 3 e 	1894.666024326	0.000267218	4
1 2 0 2 6 f 	1895.618640323	0.013603521	1
1 2 0 2 6 e 	1895.618644216	0.013603528	1
1 2 0 0 4 e 	1896.289642689	0.000273889	4
1 2 0 0 5 e 	1898.319159977	0.000280561	5
2 0 0 0 30 e 	1898.457929753	0.000164025	8
1 2 0 0 6 e 	1900.754570176	0.000287232	3
1 2 0 0 7 e 	1903.589459774	0.200002015	1
1 2 0 0 8 e 	1906.842754560	0.200002026	1
0 3 0 1 40 e 	1907.087654738	0.000025006	7
0 3 0 1 40 f 	1907.764064719	0.000021670	5
1 1 0 1 51 e 	1909.284874572	0.001397256	4
1 1 0 1 51 f 	1909.888149571	0.020340592	1
1 2 0 0 9 e 	1910.495886120	0.000669400	5
2 0 0 0 31 e 	1910.953911014	0.000170728	8
0 2 0 2 65 e 	1913.598105210	0.012755728	2
0 2 0 2 65 f 	1913.739470726	0.010497450	3
1 2 0 0 10 e 	1914.554810339	0.000676071	6
1 2 0 0 11 e 	1919.019593542	0.000682742	6
0 2 0 0 65 e 	1919.303148619	0.000487943	10
1 0 0 0 72 e 	1920.778085151	0.001339227	4
0 3 0 1 41 e 	1923.767888111	0.000022105	7
2 0 0 0 32 e 	1923.852612151	0.000170768	8
1 2 0 0 12 e 	1923.890227715	0.000689414	5
0 0 0 0 97 e 	1924.434547306	0.019468078	3
0 3 0 1 41 f 	1924.478055732	0.000025440	5
1 2 0 0 13 e 	1929.118297796	0.200002055	2
1 1 0 1 52 e 	1930.323304566	0.001634194	3
1 1 0 1 52 f 	1930.950838530	0.001714862	3
1 2 0 0 14 e 	1934.848651951	0.002006785	3
2 0 0 0 33 e 	1937.154052407	0.000170790	6
0 2 0 2 66 e 	1940.407461468	0.012769071	1
0 2 0 2 66 f 	1940.557807564	0.010510793	1
0 3 0 1 42 e 	1940.854212727	0.001656320	4
1 2 0 0 15 e 	1940.937275798	0.000005995	5
0 3 0 1 42 f 	1941.598987959	0.001659656	4
0 2 0 0 66 e 	1946.120677168	0.000501286	8
1 2 0 0 16 e 	1947.431824706	0.002006209	3
1 0 0 0 73 e 	1950.237868656	0.001417225	2
2 0 0 0 34 e 	1950.858149926	0.000177455	8
1 1 0 1 53 e 	1951.766518427	0.017555262	2
1 1 0 1 53 f 	1952.417293037	0.021540592	1
1 2 0 0 17 e 	1954.267821560	0.200003427	1
0 3 0 1 43 e 	1958.347047588	0.001644242	4
0 3 0 1 43 f 	1959.127245012	0.001647578	4
1 2 0 0 18 e 	1961.636382611	0.001357316	3
0 0 0 0 98 e 	1964.030891284	0.027468078	4
2 0 0 0 35 e 	1964.964828625	0.000177523	7
1 2 0 0 19 e 	1969.347622466	0.001355315	5
0 2 0 0 67 e 	1973.343186204	0.000503287	9
1 1 0 1 54 e 	1973.611573949	0.013774194	3
1 1 0 1 54 f 	1974.288077437	0.011454862	3
0 3 0 1 44 e 	1976.246039581	0.001656320	5
0 3 0 1 44 f 	1977.062271858	0.001659656	3
1 2 0 0 20 e 	1977.464605658	0.002006875	6
2 0 0 0 36 e 	1979.474106699	0.000184148	7
1 0 0 0 74 e 	1980.099282443	0.001832901	2
1 2 0 0 21 e 	1985.988211886	0.002438377	3
2 0 0 0 37 e 	1994.385916370	0.000184229	6
0 3 0 1 45 e 	1994.550901133	0.001657256	3
1 2 0 0 22 e 	1994.917463789	0.002438411	3
0 3 0 1 45 f 	1995.404438699	0.001653920	2
1 1 0 1 55 e 	1995.861839254	0.016355262	2
1 1 0 1 55 f 	1996.562500358	0.021216863	2
0 2 0 0 68 e 	2000.970740941	0.000758797	5
0 0 0 0 99 e 	2004.027884026	0.035468078	3
1 2 0 0 23 e 	2004.250083003	0.000604257	2
2 0 0 0 38 e 	2009.700266314	0.000190875	8
1 0 0 0 75 e 	2010.362245439	0.001670734	2
0 3 0 1 46 e 	2013.262219453	0.001664320	4
1 2 0 0 24 e 	2013.986539838	0.200003722	1
0 3 0 1 46 f 	2014.153302120	0.001766856	1
1 1 0 1 56 e 	2018.515071816	0.000621060	5
1 1 0 1 56 f 	2019.241384312	0.017454862	2
1 2 0 0 25 e 	2024.133801832	0.002007106	3
2 0 0 0 39 e 	2025.417064404	0.000190929	7
0 2 0 0 69 e 	2029.003057830	0.002143287	4
0 3 0 1 47 e 	2032.379466638	0.002217256	2
0 3 0 1 47 f 	2033.309113202	0.001700592	3
1 2 0 0 26 e 	2034.686618705	0.002085211	3
1 0 0 0 76 e 	2041.026681781	0.002093081	4
2 0 0 0 40 e 	2041.536342250	0.000197637	11
1 1 0 1 57 e 	2041.572363779	0.016355262	2
1 1 0 1 57 f 	2042.323600898	0.016416863	2
0 0 0 0 100 e 	2044.427884026	0.043468078	2
1 2 0 0 27 e 	2045.642781428	0.000404399	4
0 3 0 1 48 e 	2051.902493433	0.001770192	5
0 3 0 1 48 f 	2052.871564679	0.001766856	3
1 2 0 0 28 e 	2057.011194724	0.200003834	2
0 2 0 0 70 e 	2057.440330202	0.002318797	6
2 0 0 0 41 e 	2058.057878778	0.000197601	7
0 0 1 0 0 e 	2062.200895958	0.000608117	2
0 0 1 0 1 e 	2062.604178835	0.000607816	6
0 0 1 0 2 e 	2063.410743455	0.000607750	7
0 0 1 0 3 e 	2064.620582294	0.000340899	5
1 1 0 1 58 e 	2065.031247685	0.001821060	4
1 1 0 1 58 f 	2065.809295946	0.002287110	3
0 0 1 0 4 e 	2066.233704762	0.000338230	7
0 0 1 0 5 e 	2068.250098308	0.000336896	8
1 2 0 0 29 e 	2068.768192382	0.100003946	3
0 0 1 0 6 e 	2070.669759001	0.000335561	8
0 3 0 1 49 e 	2071.831540166	0.002737256	5
1 0 0 0 77 e 	2072.092506189	0.001930914	3
0 3 0 1 49 f 	2072.841062442	0.002220592	5
0 0 1 0 7 e 	2073.492679900	0.007129961	5
2 0 0 0 42 e 	2074.981793947	0.000197787	7
1 2 0 2 30 e 	2075.734305922	0.010377342	1
1 2 0 2 30 f 	2075.742021664	0.010374920	1
0 0 1 0 8 e 	2076.718855565	0.007129997	4
0 0 1 0 9 e 	2080.348642594	0.007130038	3
1 2 0 0 30 e 	2080.938365387	0.100003986	2
0 0 1 0 10 e 	2084.381301648	0.007130026	6
0 2 0 0 71 e 	2086.282359546	0.002396796	3
0 0 1 0 11 e 	2088.817184488	0.007130038	6
1 1 0 1 59 e 	2088.894139089	0.001821241	3
1 1 0 1 59 f 	2089.698859542	0.002286883	2
0 3 0 1 50 e 	2092.166598509	0.001774194	4
2 0 0 0 43 e 	2092.308048628	0.000204381	5
0 3 0 1 50 f 	2093.217145613	0.001770859	4
1 2 0 0 31 e 	2093.527458751	0.100003993	3
0 0 1 0 12 e 	2093.656277171	0.007130048	6
0 0 1 0 13 e 	2098.898574794	0.007130055	4
0 4 0 2 2 e 	2100.891279529	0.013680372	3
0 4 0 2 2 f 	2100.891281971	0.013680366	3
0 4 0 2 3 e 	2102.115585515	0.013413521	5
0 4 0 2 3 f 	2102.115587957	0.013413514	5
1 0 0 0 78 e 	2103.559654012	0.002299891	3
0 4 0 2 4 e 	2103.749488680	0.013416857	4
0 4 0 2 4 f 	2103.749491122	0.013416850	4
0 0 1 0 14 e 	2104.544022830	0.007131389	2
0 4 0 0 0 e 	2104.827662143	0.000200205	4
0 4 0 0 1 e 	2105.235598156	0.000200505	4
0 4 0 2 5 e 	2105.789975807	0.013419525	6
0 4 0 2 5 f 	2105.789993415	0.013419518	6
0 4 0 0 2 e 	2106.051549224	0.001601628	4
1 2 0 0 32 e 	2106.509377101	0.000284140	3
0 4 0 0 3 e 	2107.274291460	0.003202160	2
0 4 0 2 6 e 	2108.238546978	0.013422194	1
0 4 0 2 6 f 	2108.241585809	0.013422187	1
0 4 0 0 4 e 	2108.906031440	0.003202294	4
2 0 0 0 44 e 	2110.036511472	0.000204459	6
0 0 1 0 15 e 	2110.592730869	0.007131400	1
0 4 0 0 5 e 	2110.946482218	0.001602627	5
0 4 0 2 7 e 	2111.096002257	0.014806850	1
0 4 0 2 7 f 	2111.096014989	0.014806843	1
0 3 0 1 51 e 	2112.907598256	0.002737256	6
1 1 0 1 60 e 	2113.160194228	0.001821374	3
0 4 0 0 6 e 	2113.394578327	0.001603296	3
1 1 0 1 60 f 	2113.992029359	0.002286730	2
0 3 0 1 51 f 	2114.000033188	0.002740592	4
0 4 0 2 8 f 	2114.350735850	0.011605842	4
0 4 0 2 8 e 	2114.352635113	0.011605849	4
0 2 0 0 72 e 	2115.528989722	0.003306147	3
0 4 0 0 7 e 	2116.249826429	0.000182627	4
0 0 1 0 16 e 	2117.044482369	0.007131414	2
0 4 0 2 9 f 	2118.023552970	0.011605829	6
0 4 0 2 9 e 	2118.025384522	0.011605822	6
0 4 0 0 8 e 	2119.513275607	0.000183296	5
1 2 0 0 33 e 	2119.924674672	0.200003993	2
0 4 0 2 10 f 	2122.104428125	0.011605842	6
0 4 0 2 10 e 	2122.106167115	0.011605849	6
0 4 0 0 9 e 	2123.184641984	0.000183997	8
0 0 1 0 17 e 	2123.899404595	0.007131427	2
0 4 0 2 11 e 	2126.594968180	0.011606481	6
0 4 0 2 11 f 	2126.597689374	0.011606475	6
0 4 0 0 10 e 	2127.263923449	0.000184015	10
2 0 0 0 45 e 	2128.167174776	0.000279052	5
0 0 1 0 18 e 	2131.157487657	0.007131437	1
0 4 0 2 12 e 	2131.491772050	0.011605849	6
0 4 0 2 12 f 	2131.494649961	0.011605842	6
0 4 0 0 11 e 	2131.751115099	0.000183382	8
1 2 0 0 34 e 	2133.694079928	0.000404512	3
0 3 0 1 52 e 	2134.054332796	0.002974194	5
0 3 0 1 52 f 	2135.189195284	0.003054862	3
1 0 0 0 79 e 	2135.428002177	0.002211108	4
0 4 0 0 12 e 	2136.646208680	0.000184038	8
0 4 0 2 13 e 	2136.795651128	0.011606505	4
0 4 0 2 13 f 	2136.795908067	0.011606498	4
1 1 0 1 61 e 	2137.829348103	0.001821547	2
1 1 0 1 61 f 	2138.688740105	0.002286596	2
0 0 1 0 19 e 	2138.818655433	0.007131490	2
0 4 0 0 13 e 	2141.949204701	0.000184048	7
0 4 0 2 14 e 	2142.508327662	0.011606515	4
0 4 0 2 14 f 	2142.508668880	0.011606521	4
0 2 0 0 73 e 	2145.180349593	0.002890471	3
2 0 0 0 46 e 	2146.699976225	0.000281053	5
0 0 1 0 20 e 	2146.882885485	0.007131517	2
0 4 0 0 14 e 	2147.660085985	0.000184055	8
1 2 0 0 35 e 	2147.907597410	0.200004008	2
0 4 0 2 15 e 	2148.627756782	0.011607291	4
0 4 0 2 15 f 	2148.628201581	0.011607285	4
0 4 0 0 15 e 	2153.778856730	0.000185055	7
0 4 0 2 16 e 	2155.156578958	0.013207880	3
0 4 0 2 16 f 	2155.157874736	0.011608523	3
0 0 1 0 21 e 	2155.350234516	0.007131539	2
0 3 0 1 53 e 	2155.606991481	0.003937256	5
0 3 0 1 53 f 	2156.784969395	0.005940592	3
0 4 0 0 16 e 	2160.305499889	0.000185400	4
0 4 0 2 17 e 	2162.091238541	0.013207291	2
0 4 0 2 17 f 	2162.092122779	0.013207285	2
1 2 0 0 36 e 	2162.500538987	0.002007393	3
1 1 0 1 62 e 	2162.901534278	0.001821974	2
1 1 0 1 62 f 	2163.788923659	0.002285682	2
0 0 1 0 22 e 	2164.220535648	0.007131573	2
2 0 0 0 47 e 	2165.634912681	0.000128164	7
0 4 0 0 17 e 	2167.240024683	0.000185414	5
1 0 0 0 80 e 	2167.697504308	0.002600099	3
0 4 0 2 18 e 	2169.436023521	0.013207880	3
0 4 0 2 18 f 	2169.437284276	0.011607874	3
0 0 1 0 23 e 	2173.493876443	0.007131608	3
0 4 0 0 18 e 	2174.582415027	0.000184825	5
0 2 0 0 74 e 	2175.236096426	0.004906147	1
0 4 0 2 19 e 	2177.188765375	0.013207291	3
0 4 0 2 19 f 	2177.188965307	0.011607285	3
1 2 0 0 37 e 	2177.512188884	0.002007408	4
0 3 0 1 54 e 	2177.564977543	0.004174194	4
0 3 0 1 54 f 	2178.787478370	0.001854862	3
0 4 0 0 19 e 	2182.332655633	0.000185437	6
0 0 1 0 24 e 	2183.170235279	0.007131647	3
2 0 0 0 48 e 	2184.971819179	0.000326067	6
0 4 0 2 20 e 	2185.303125525	0.013207904	4
0 4 0 2 20 f 	2185.340467658	0.011607897	4
1 1 0 1 63 e 	2188.376686085	0.001822075	2
1 1 0 1 63 f 	2189.292513993	0.002285556	3
0 4 0 0 20 e 	2190.491010246	0.001605539	5
1 2 0 0 38 e 	2192.928194649	0.002007455	2
0 0 1 0 25 e 	2193.249546087	0.007131701	1
0 4 0 2 21 e 	2193.917792936	0.013210626	2
0 4 0 2 21 f 	2193.919258292	0.011610619	2
0 4 0 0 21 e 	2199.056619557	0.001605517	6
0 3 0 1 55 e 	2199.928535289	0.004755262	4
1 0 0 0 81 e 	2200.368067430	0.002738139	3
0 3 0 1 55 f 	2201.196386751	0.006816863	2
0 4 0 2 22 e 	2202.799992915	0.011624825	4
0 4 0 2 22 f 	2202.858591639	0.011611897	4
0 0 1 0 26 e 	2203.731822018	0.007131722	2
2 0 0 0 49 e 	2204.710750089	0.000328068	5
0 2 0 0 75 e 	2205.696542393	0.003143980	3
0 4 0 0 22 e 	2208.030401539	0.001605539	4
1 2 0 0 39 e 	2208.750357887	0.000404644	3
0 4 0 2 23 f 	2212.148237171	0.011614619	3
0 4 0 2 23 e 	2212.165987536	0.011619541	3
1 1 0 1 64 e 	2214.255992871	0.002356389	3
0 0 1 0 27 e 	2214.617008916	0.007131771	2
1 1 0 1 64 f 	2215.199441588	0.002285349	3
0 4 0 0 23 e 	2217.411935941	0.001605573	6
2 1 0 1 1 e 	2218.432538170	0.008077946	2
2 1 0 1 1 f 	2218.434032687	0.008077940	2
2 1 0 1 2 e 	2219.240415065	0.007811095	5
2 1 0 1 2 f 	2219.242881587	0.007811088	5
2 1 0 1 3 e 	2220.453685789	0.007811122	2
2 1 0 1 3 f 	2220.454696600	0.007811115	2
0 4 0 2 24 e 	2221.972865440	0.011621543	3
0 4 0 2 24 f 	2222.030173004	0.011615173	1
2 1 0 1 4 e 	2222.068391498	0.007809762	2
2 1 0 1 4 f 	2222.073256590	0.007809756	2
0 3 0 1 56 e 	2222.698160437	0.004355395	5
0 3 0 1 56 f 	2224.011704312	0.003054862	2
2 1 0 1 5 e 	2224.088060318	0.007813765	1
2 1 0 1 5 f 	2224.095373504	0.007813758	1
2 0 0 0 50 e 	2224.851633320	0.000330070	5
1 2 0 0 40 e 	2224.977713980	0.200004118	2
0 0 1 0 28 e 	2225.905034724	0.007131834	2
2 1 0 1 6 e 	2226.512041828	0.007805822	2
2 1 0 1 6 f 	2226.522265878	0.007805756	2
0 4 0 0 24 e 	2227.201185883	0.001605106	5
2 1 0 1 7 e 	2229.339731243	0.007805094	2
2 1 0 1 7 f 	2229.353375801	0.007805087	2
0 2 0 2 76 e 	2230.723662826	0.002159656	1
0 4 0 2 25 f 	2232.140745118	0.011615208	4
0 4 0 2 25 e 	2232.150262332	0.011619541	4
1 0 0 0 82 e 	2233.439602275	0.002636658	4
2 1 0 1 9 e 	2236.206604266	0.007805856	1
2 1 0 1 9 f 	2236.228543865	0.007805842	1
0 4 0 0 25 e 	2237.398497040	0.001605647	6
0 0 1 0 29 e 	2237.596050266	0.007131889	2
2 1 0 1 10 e 	2240.244728993	0.007806488	2
2 1 0 1 10 f 	2240.271630696	0.007806475	2
1 1 0 1 65 e 	2240.535960318	0.001115305	2
1 1 0 1 65 f 	2241.509501339	0.001831706	1
1 2 0 0 41 e 	2241.612475614	0.200004134	2
0 4 0 2 26 e 	2242.743604519	0.011621543	3
0 4 0 2 26 f 	2242.747909784	0.011615247	4
2 1 0 1 11 e 	2244.687474352	0.000406792	2
2 1 0 1 11 f 	2244.720571015	0.000406785	2
2 0 0 0 51 e 	2245.394388240	0.000338743	7
0 3 0 1 57 e 	2245.874173779	0.001955262	3
0 3 0 1 57 f 	2247.233348830	0.002016863	2
0 4 0 0 26 e 	2248.003442430	0.001605106	6
2 1 0 1 12 e 	2249.535653556	0.007810632	1
2 1 0 1 12 f 	2249.573768263	0.007806515	1
0 0 1 0 30 e 	2249.689755387	0.007131986	1
0 4 0 2 27 f 	2253.763142484	0.011615371	4
0 4 0 2 27 e 	2253.769923264	0.013221320	3
2 1 0 1 13 e 	2254.786059521	0.007806515	2
2 1 0 1 13 f 	2254.830536058	0.007806508	2
1 2 0 0 42 e 	2258.655537824	0.200004320	1
0 4 0 0 27 e 	2259.016114052	0.001605834	5
2 1 0 1 14 e 	2260.440325620	0.007810632	2
2 1 0 1 14 f 	2260.490492430	0.007806515	2
0 0 1 0 31 e 	2262.185915582	0.000009005	3
0 4 0 2 28 e 	2265.170577017	0.011621946	3
0 4 0 2 28 f 	2265.186879178	0.011614920	4
2 0 0 0 52 e 	2266.338974278	0.000416741	5
2 1 0 1 15 e 	2266.498487977	0.007809849	2
2 1 0 1 15 f 	2266.557018278	0.007807515	2
1 0 0 0 83 e 	2266.912027590	0.003805544	3
1 1 0 1 66 e 	2267.221278442	0.003556389	2
0 2 0 0 77 e 	2267.830706096	0.003397488	1
1 1 0 1 66 f 	2268.223024235	0.001831800	2
0 3 0 1 58 e 	2269.455424314	0.003155395	4
0 4 0 0 28 e 	2270.436576622	0.001605771	6
0 3 0 1 58 f 	2270.861154862	0.002017183	3
2 1 0 1 16 e 	2272.961480563	0.001018106	3
2 1 0 1 16 f 	2273.026454536	0.001007977	3
0 0 1 0 32 e 	2275.085202394	0.000005669	4
1 2 0 0 43 e 	2276.090318066	0.002033554	2
0 4 0 2 29 f 	2277.017227384	0.011615371	5
0 4 0 2 29 e 	2277.018809879	0.011617986	4
2 1 0 1 17 e 	2279.826807331	0.000280700	3
2 1 0 1 17 f 	2279.901791730	0.000341438	3
0 4 0 0 29 e 	2282.264941324	0.001605320	5
2 1 0 1 18 e 	2287.099837121	0.007817414	2
2 1 0 1 18 f 	2287.183401859	0.007807285	2
2 0 0 0 53 e 	2287.685328357	0.000498743	6
0 0 1 0 33 e 	2288.387186198	0.000671136	3
0 4 0 2 30 e 	2289.235042715	0.011617342	3
0 4 0 2 30 f 	2289.254736338	0.011614920	2
0 3 0 1 59 e 	2293.441368453	0.003155262	5
1 2 0 0 44 e 	2293.937401064	0.000471544	2
1 1 0 1 67 e 	2294.308479095	0.005984510	1
0 4 0 0 30 e 	2294.500763015	0.001605889	8
2 1 0 1 19 e 	2294.770073354	0.007816825	1
2 1 0 1 19 f 	2294.863226792	0.007807897	1
0 3 0 1 59 f 	2294.895227240	0.002016863	4
1 1 0 1 67 f 	2295.339539724	0.001845142	2
0 2 0 0 78 e 	2299.504452024	0.005426507	1
1 0 0 0 84 e 	2300.785242091	0.004030955	4
0 4 0 2 31 e 	2301.895478680	0.011617986	2
0 4 0 2 31 f 	2301.902454290	0.011622706	1
0 0 1 0 34 e 	2302.091913795	0.000006358	3
2 1 0 1 20 e 	2302.847411309	0.007617437	1
2 1 0 1 20 f 	2302.949522594	0.007810619	1
0 4 0 0 31 e 	2307.144410873	0.001605986	4
2 0 0 0 54 e 	2309.433391901	0.000496741	5
2 1 0 1 21 e 	2311.328750770	0.007620825	1
1 2 0 0 45 e 	2312.190604027	0.002518641	3
0 4 0 2 32 e 	2314.929485922	0.011617342	1
0 4 0 2 32 f 	2314.955885572	0.011618920	1
0 0 1 0 35 e 	2316.199613031	0.007132008	1
0 3 0 1 60 e 	2317.832698648	0.003155395	4
0 3 0 1 60 f 	2319.335459329	0.002016970	4
0 4 0 0 32 e 	2320.195953912	0.001605342	5
2 1 0 1 22 e 	2320.213582360	0.007620771	1
2 1 0 1 22 f 	2320.337885027	0.007614619	1
1 1 0 1 68 e 	2321.794217525	0.011263841	1
0 4 0 2 33 e 	2328.403041883	0.011617986	3
0 4 0 2 33 f 	2328.417793817	0.011622706	3
2 1 0 1 23 e 	2329.502353016	0.007625543	1
2 1 0 1 23 f 	2329.637119246	0.007615247	1
0 0 1 0 36 e 	2330.709621411	0.007132023	2
1 2 0 0 46 e 	2330.825133383	0.200074244	2
2 0 0 0 55 e 	2331.583117477	0.000498743	5
0 4 0 0 33 e 	2333.654840026	0.001606001	5
1 0 0 0 85 e 	2335.059164744	0.004479344	4
2 1 0 1 24 e 	2339.193408613	0.000353105	1
2 1 0 1 24 f 	2339.339900612	0.000352772	1
0 4 0 2 34 e 	2342.253178426	0.011617342	4
0 4 0 2 34 f 	2342.286129148	0.011618920	5
0 3 0 1 61 e 	2342.629357772	0.003155528	4
0 3 0 1 61 f 	2344.181789870	0.002017083	4
1 2 0 2 47 e 	2344.741183788	0.011134194	1
0 0 1 0 37 e 	2345.622109173	0.007132070	2
0 4 0 0 34 e 	2347.521577361	0.001605342	6
2 1 0 1 25 f 	2349.449619246	0.007615247	1
1 1 0 1 69 e 	2349.688717090	0.006183818	1
1 2 0 0 47 e 	2349.910556298	0.000399451	4
1 1 0 1 69 f 	2350.781903198	0.011343841	1
2 0 0 0 56 e 	2354.134564457	0.000500744	4
0 4 0 2 35 e 	2356.539030061	0.011618023	3
0 4 0 2 35 f 	2356.563009660	0.011615670	3
2 1 0 1 26 e 	2359.772242286	0.007619541	2
2 1 0 1 26 f 	2359.958963994	0.007615371	2
0 0 1 0 38 e 	2360.937237079	0.007132079	2
0 4 0 0 35 e 	2361.796097092	0.001606001	4
0 3 0 1 62 e 	2367.831287952	0.003155635	3
1 2 0 0 48 e 	2369.378492106	0.001504681	3
0 3 0 1 62 f 	2369.434157349	0.002017183	3
1 0 0 0 86 e 	2369.733695734	0.004104340	3
2 1 0 1 27 e 	2370.690786004	0.007621543	2
2 1 0 1 27 f 	2370.875333272	0.000419524	3
0 4 0 2 36 e 	2371.204241931	0.011618008	1
0 4 0 2 36 f 	2371.246902810	0.011622255	1
0 4 0 0 36 e 	2376.478066511	0.001606008	4
0 0 1 0 39 e 	2376.654765580	0.007132105	2
2 0 0 0 57 e 	2377.087420782	0.000502745	3
1 1 0 1 70 e 	2377.980690753	0.012010969	1
1 1 0 1 70 f 	2379.106565339	0.011519351	1
2 1 0 1 28 e 	2381.996783952	0.000557244	3
2 1 0 1 28 f 	2382.196205699	0.007618706	1
1 2 0 0 49 e 	2389.251461505	0.100125262	3
0 4 0 0 37 e 	2391.567826408	0.001606023	3
0 0 1 0 40 e 	2392.774870904	0.007132118	3
0 3 0 1 63 e 	2393.438430547	0.003155795	2
2 1 0 1 29 e 	2393.708526575	0.007617946	2
2 1 0 1 29 f 	2393.920790691	0.007814920	2
0 3 0 1 63 f 	2395.092498764	0.002017310	3
2 0 0 0 58 e 	2400.441884992	0.000580744	4
0 4 0 2 38 e 	2401.784521001	0.011621342	1
0 4 0 2 38 f 	2401.837725378	0.012827440	1
1 0 0 0 87 e 	2404.808752051	0.004559399	3
2 1 0 1 30 e 	2405.819804697	0.007621320	1
2 1 0 1 30 f 	2406.048205699	0.007818706	1
0 4 0 0 38 e 	2407.065041546	0.001606070	3
0 0 1 0 41 e 	2409.297343261	0.007132134	3
1 2 0 0 50 e 	2409.525690329	0.100203260	3
1 3 0 1 1 e 	2412.528459185	0.057011122	3
1 3 0 1 1 f 	2412.529410425	0.057011115	3
1 3 0 1 2 e 	2413.340627711	0.057015095	6
1 3 0 1 2 f 	2413.343313484	0.057015088	6
1 3 0 1 3 e 	2414.558877368	0.057016434	6
1 3 0 1 3 f 	2414.564166321	0.057016427	6
1 3 0 1 4 e 	2416.183193715	0.057009762	5
1 3 0 1 4 f 	2416.191972583	0.057009756	6
0 4 0 2 39 e 	2417.686599870	0.011619006	3
0 4 0 2 39 f 	2417.742789060	0.011615670	4
1 3 0 1 5 e 	2418.213581651	0.057016434	8
1 3 0 1 5 f 	2418.226724020	0.057016427	9
2 1 0 1 31 e 	2418.336754535	0.007617342	2
2 1 0 1 31 f 	2418.579123987	0.007814920	2
1 3 0 1 6 e 	2420.650035473	0.057009762	4
1 3 0 1 6 f 	2420.668416532	0.057009756	4
0 3 0 1 64 f 	2421.157103041	0.003617390	1
0 4 0 0 39 e 	2422.970087160	0.001606079	5
1 3 0 1 7 e 	2423.492410499	0.057005094	4
1 3 0 1 7 f 	2423.516651890	0.057005087	4
2 0 0 0 59 e 	2424.197621909	0.000581291	6
0 0 1 0 42 e 	2426.221807663	0.000537872	3
1 3 0 1 8 e 	2426.746443465	0.057005822	3
1 3 0 1 8 f 	2426.764672847	0.057005756	3
1 2 0 0 51 e 	2430.210700210	0.002211371	3
0 2 0 0 82 e 	2430.239726290	0.002643329	1
1 3 0 1 9 e 	2430.395614325	0.000079198	4
1 3 0 1 9 f 	2430.420074710	0.057006457	4
2 1 0 1 32 e 	2431.254665909	0.007817986	1
2 1 0 1 32 f 	2431.513922230	0.007822706	1
0 4 0 2 40 e 	2434.014061319	0.011620105	4
0 4 0 2 40 f 	2434.056823698	0.011627440	4
1 3 0 1 10 e 	2434.456261474	0.000072527	4
1 3 0 1 10 f 	2434.489453999	0.057013129	4
1 3 0 1 11 e 	2438.922934281	0.000065856	5
1 3 0 1 11 f 	2438.965732085	0.057019800	4
0 4 0 0 40 e 	2439.282128323	0.001606105	5
1 0 0 0 88 e 	2440.284238292	0.004871537	3
0 0 1 0 43 e 	2443.549320475	0.007200242	1
1 3 0 1 12 e 	2443.795622273	0.000072527	3
1 3 0 1 12 f 	2443.848898392	0.057026471	3
0 3 0 1 65 e 	2445.868667256	0.004076247	1
0 3 0 1 65 f 	2447.626715728	0.003697450	2
2 0 0 0 60 e 	2448.354705113	0.000581705	6
1 3 0 1 13 e 	2449.074282559	0.002268516	4
1 3 0 1 13 f 	2449.126152935	0.100007515	2
0 4 0 2 41 e 	2450.706541460	0.010223006	4
0 4 0 2 41 f 	2450.779353143	0.020019670	3
1 2 0 0 52 e 	2451.297553598	0.000286996	2
1 3 0 1 14 e 	2454.769497685	0.057014632	1
1 3 0 1 14 f 	2454.820416598	0.057007860	1
0 4 0 0 41 e 	2456.002221296	0.001606118	5
2 1 0 1 34 e 	2458.306308412	0.007818023	1
2 1 0 1 34 f 	2458.596203370	0.007819670	2
1 3 0 1 15 e 	2460.849540415	0.000477072	4
1 3 0 1 15 f 	2460.954735475	0.001342005	4
0 0 1 0 44 e 	2461.278940238	0.007202244	1
1 3 0 1 16 e 	2467.360934795	0.100017414	2
1 3 0 1 16 f 	2467.438849966	0.100007285	2
0 4 0 2 42 f 	2467.904580554	0.012048962	1
2 1 0 1 35 e 	2472.435789757	0.007818008	1
0 3 0 1 66 e 	2472.691087085	0.004062904	3
1 2 0 0 53 e 	2472.789144244	0.000952623	2
2 0 0 0 61 e 	2472.913069217	0.000581978	6
0 4 0 0 42 e 	2473.129189779	0.001606134	5
1 3 0 1 17 e 	2474.248948760	0.100016825	3
1 3 0 1 17 f 	2474.383393297	0.100007897	3
0 3 0 1 66 f 	2474.502590237	0.003710793	2
1 0 0 0 89 e 	2476.160057978	0.005633475	2
0 0 1 0 45 e 	2479.410597630	0.007200242	2
1 3 0 1 18 e 	2481.600007293	0.100017437	2
1 3 0 1 18 f 	2481.697539176	0.100010619	2
0 4 0 2 43 e 	2485.403696395	0.021743006	1
0 4 0 2 43 f 	2485.438422755	0.012059656	2
2 1 0 1 36 e 	2486.968208412	0.007818023	1
1 3 0 1 19 e 	2489.325616103	0.100020825	2
1 3 0 1 19 f 	2489.434333295	0.100011897	2
0 4 0 0 43 e 	2490.664214398	0.001632170	4
1 2 0 0 54 e 	2494.685712859	0.000498798	2
1 3 0 1 20 e 	2497.455612015	0.100020771	2
1 3 0 1 20 f 	2497.574213671	0.100014619	2
2 0 0 0 62 e 	2497.872647716	0.000582412	6
0 0 1 0 46 e 	2497.944583383	0.007202244	2
0 2 0 0 84 e 	2498.031080431	0.003036934	1
2 1 0 1 37 e 	2501.907600306	0.007821342	2
2 1 0 1 37 f 	2502.249300162	0.007827440	1
0 4 0 2 44 e 	2503.356258912	0.020097256	1
0 4 0 2 44 f 	2503.386363075	0.020053920	1
1 3 0 1 21 e 	2505.988811544	0.100024825	2
1 3 0 1 21 f 	2506.118462796	0.100015173	2
0 4 0 0 44 e 	2508.606929205	0.000271172	6
1 0 0 0 90 e 	2512.436124460	0.005858887	2
1 3 0 1 22 e 	2514.850141779	0.100023541	3
1 3 0 1 22 f 	2515.070996297	0.100015208	3
0 0 1 0 47 e 	2516.880495600	0.007245256	2
1 2 0 0 55 e 	2516.986620710	0.000819198	2
0 4 0 2 45 e 	2521.698527227	0.020064320	1
0 4 0 2 45 f 	2521.734759281	0.020067656	1
2 0 0 0 63 e 	2523.233373732	0.000582652	4
1 3 0 1 23 e 	2524.269918855	0.100025543	2
1 3 0 1 23 f 	2524.427838342	0.100015247	2
0 4 0 0 45 e 	2526.956720964	0.001644320	3
2 1 0 1 39 e 	2532.987191557	0.000424382	3
2 1 0 1 39 f 	2533.367338295	0.000427717	1
1 3 0 1 24 e 	2534.023112156	0.100019541	2
1 3 0 1 24 f 	2534.191386219	0.100019208	2
0 0 1 0 48 e 	2536.218756529	0.007247257	1
1 2 0 0 56 e 	2539.736889166	0.200287263	1
0 4 0 2 46 e 	2540.450879561	0.020097256	1
0 4 0 2 46 f 	2540.491461142	0.020100592	1
1 3 0 1 25 e 	2544.080895853	0.001026469	3
1 3 0 1 25 f 	2544.358203998	0.100019247	2
0 4 0 0 46 e 	2545.713941743	0.001677256	4
2 0 0 0 64 e 	2548.995187371	0.000674674	4
1 0 0 0 91 e 	2549.112401734	0.006660853	2
2 1 0 1 40 e 	2549.134390059	0.007823006	2
2 1 0 1 40 f 	2549.534864447	0.008539670	1
1 3 0 1 26 e 	2554.733572736	0.100023541	2
1 3 0 1 26 f 	2554.930694030	0.100015371	2
0 0 1 0 49 e 	2555.958533319	0.000126729	3
3 0 0 0 0 e 	2555.990684854	0.008087094	1
3 0 0 0 1 e 	2556.392697059	0.008086793	3
3 0 0 0 2 e 	2557.196720321	0.008086727	2
3 0 0 0 3 e 	2558.402974615	0.008000294	2
0 4 0 2 47 e 	2559.612913788	0.020174194	1
3 0 0 0 4 e 	2560.011999640	0.008000160	4
3 0 0 0 5 e 	2562.021567253	0.008000294	4
1 2 0 0 57 e 	2562.912623426	0.200289264	2
3 0 0 0 6 e 	2564.433811381	0.008000627	3
0 4 0 0 47 e 	2564.878757714	0.001714244	4
1 3 0 1 27 e 	2565.597308646	0.100021946	3
2 1 0 1 41 e 	2565.681518117	0.007820105	1
1 3 0 1 27 f 	2565.927574062	0.100018920	3
3 0 0 0 7 e 	2567.250013814	0.008087354	1
0 2 0 0 86 e 	2567.437481368	0.003984256	1
3 0 0 0 8 e 	2570.463540813	0.008001997	1
3 0 0 0 9 e 	2574.081454998	0.000288891	3
2 0 0 0 65 e 	2575.157992857	0.000674767	4
0 1 1 1 1 e 	2575.711502848	0.000055088	1
0 1 1 1 1 f 	2575.711933458	0.000055095	1
0 0 1 0 50 e 	2576.100715148	0.000130065	3
0 1 1 1 2 e 	2576.519609852	0.008615095	3
0 1 1 1 2 f 	2576.520378585	0.008877966	2
1 3 0 1 28 e 	2577.071546919	0.100021320	2
1 3 0 1 28 f 	2577.296755446	0.100018706	2
0 1 1 1 3 e 	2577.731050603	0.008611122	3
0 1 1 1 3 f 	2577.733110228	0.008611115	3
3 0 0 0 10 e 	2578.102064133	0.007888741	4
0 1 1 1 4 e 	2579.346171747	0.008606428	2
0 1 1 1 4 f 	2579.349821573	0.008606421	3
0 1 1 1 5 e 	2581.365226467	0.008605094	4
0 1 1 1 5 f 	2581.371032656	0.008605087	4
3 0 0 0 11 e 	2582.522868104	0.007888753	4
2 1 0 1 42 e 	2582.633873527	0.008056320	1
2 1 0 1 42 f 	2583.074064447	0.008539670	1
0 1 1 1 6 e 	2583.788080314	0.008605822	2
0 1 1 1 6 f 	2583.796473759	0.008605756	2
0 4 0 0 48 e 	2584.450984148	0.001757256	2
0 3 0 1 70 f 	2586.062779028	0.010918936	1
1 0 0 0 92 e 	2586.188698564	0.006740908	3
1 2 0 0 58 e 	2586.427251812	0.200290332	3
0 1 1 1 7 e 	2586.614375518	0.000007938	4
0 1 1 1 7 f 	2586.626449532	0.000007992	4
3 0 0 0 12 e 	2587.347326534	0.007888765	4
1 3 0 1 29 e 	2588.730574881	0.100017946	1
1 3 0 1 29 f 	2589.100793897	0.100014920	1
0 1 1 1 8 e 	2589.844806761	0.000011274	4
0 1 1 1 8 f 	2589.860330402	0.000011327	4
3 0 0 0 13 e 	2592.572924666	0.007888775	3
0 1 1 1 9 e 	2593.479016393	0.008002038	3
0 1 1 1 9 f 	2593.498419630	0.008606457	2
0 0 1 0 51 e 	2596.645059812	0.007253262	2
0 1 1 1 10 e 	2597.517529695	0.008002048	2
0 1 1 1 10 f 	2597.541900016	0.008606475	1
3 0 0 0 14 e 	2598.200187028	0.007890127	2
2 1 0 1 43 e 	2599.990118859	0.008044242	2
2 1 0 1 43 f 	2600.451397283	0.008047578	1
1 3 0 1 30 e 	2600.905765909	0.100017986	1
1 3 0 1 30 f 	2601.319122230	0.100022706	1
2 0 0 0 66 e 	2601.721752735	0.000694781	4
0 1 1 1 11 e 	2601.958242467	0.008002055	2
0 1 1 1 11 f 	2601.986743865	0.008605842	1
3 0 0 0 15 e 	2604.230292896	0.007883469	2
0 4 0 0 49 e 	2604.430283715	0.001759257	4
0 1 1 1 12 e 	2606.804845921	0.008002048	2
0 1 1 1 12 f 	2606.839161377	0.008606498	1
1 2 0 0 59 e 	2610.346313806	0.200291806	3
3 0 0 0 16 e 	2610.661539423	0.007890127	3
0 1 1 1 13 e 	2612.053741520	0.008606515	1
0 1 1 1 13 f 	2612.092940285	0.008606508	1
1 3 0 1 31 e 	2613.650608073	0.100017342	2
1 3 0 1 31 f 	2613.925044528	0.100018920	2
3 0 0 0 17 e 	2617.494501048	0.007883469	2
0 0 1 0 52 e 	2617.591207149	0.007331260	2
0 1 1 1 14 e 	2617.706425620	0.008610632	2
2 1 0 1 44 e 	2617.746776692	0.008056320	2
0 1 1 1 14 f 	2617.751992430	0.008606515	2
2 1 0 1 44 f 	2618.228075249	0.008059656	2
1 0 0 0 93 e 	2623.664915555	0.006754251	3
0 1 1 1 15 e 	2623.763475617	0.008003427	3
0 1 1 1 15 f 	2623.815318278	0.008607515	2
3 0 0 0 18 e 	2624.730395306	0.007883482	4
0 4 0 0 50 e 	2624.817037429	0.001761259	3
1 3 0 1 32 e 	2626.642170737	0.100021986	2
1 3 0 1 32 f 	2626.934022484	0.100023670	2
2 0 0 0 67 e 	2628.686373525	0.000696782	5
0 1 1 1 16 e 	2630.223730309	0.008614632	2
0 1 1 1 16 f 	2630.282198860	0.008607285	2
3 0 0 0 19 e 	2632.366740966	0.001084185	5
1 2 0 0 60 e 	2634.669753717	0.200292046	2
2 1 0 1 45 e 	2635.905332599	0.000324107	3
0 5 0 1 1 e 	2635.999497346	0.010277946	1
0 5 0 1 1 f 	2635.999651034	0.010277940	1
2 1 0 1 45 f 	2636.409439957	0.000320772	3
0 5 0 1 2 e 	2636.815079238	0.010011095	4
0 5 0 1 2 f 	2636.817656602	0.010011088	4
0 1 1 1 17 e 	2637.087885893	0.008613849	2
0 1 1 1 17 f 	2637.153715758	0.008607874	2
0 5 0 1 3 e 	2638.038450571	0.010009094	3
0 5 0 1 3 f 	2638.044663450	0.010009087	3
0 0 1 0 53 e 	2638.939057539	0.007333262	3
0 5 0 1 4 e 	2639.667794394	0.010009097	2
0 5 0 1 4 f 	2639.681075307	0.010009090	3
1 3 0 1 33 e 	2640.048378217	0.100018008	2
1 3 0 1 33 f 	2640.359789264	0.100022255	2
3 0 0 0 20 e 	2640.406058890	0.007883546	3
0 5 0 1 5 e 	2641.712795906	0.010005094	3
0 5 0 1 5 f 	2641.720018562	0.010005087	4
0 3 0 1 72 e 	2642.564163848	0.012690609	1
0 5 0 1 6 e 	2644.159517064	0.010009097	1
0 5 0 1 6 f 	2644.174010384	0.010009090	1
0 3 0 1 72 f 	2644.275687073	0.008418211	1
0 1 1 1 18 e 	2644.354837121	0.008617414	2
0 1 1 1 18 f 	2644.429122594	0.008610619	1
0 4 0 0 51 e 	2645.615376524	0.010125262	1
3 0 0 0 21 e 	2648.847037290	0.007683629	3
0 1 1 1 19 e 	2652.026502968	0.008003490	3
0 1 1 1 19 f 	2652.108488335	0.008607897	2
1 3 0 1 34 e 	2653.860456672	0.100018023	2
0 5 0 1 9 e 	2653.940352241	0.010006471	2
0 5 0 1 9 f 	2653.994640625	0.010006457	1
1 3 0 1 34 f 	2654.200654534	0.000691032	3
2 1 0 1 46 e 	2654.469277227	0.008064320	2
2 1 0 1 46 f 	2654.993815392	0.008067656	1
2 0 0 0 68 e 	2656.051797483	0.000705455	3
3 0 0 0 22 e 	2657.688539180	0.007683663	3
0 5 0 1 10 e 	2658.018103723	0.010006488	1
0 5 0 1 10 f 	2658.083630696	0.010006475	2
1 2 0 0 61 e 	2659.397520978	0.200292293	1
0 1 1 1 20 e 	2660.101222101	0.008003517	3
0 1 1 1 20 f 	2660.191953810	0.008610619	2
0 0 1 0 54 e 	2660.688676403	0.007336597	3
1 0 0 0 94 e 	2661.541095460	0.009247926	4
0 5 0 1 11 e 	2662.503824659	0.010005856	3
0 5 0 1 11 f 	2662.583842075	0.010005842	2
0 4 0 0 52 e 	2666.816557149	0.010203260	2
3 0 0 0 23 e 	2666.932488032	0.001417959	3
0 5 0 1 12 e 	2667.394068875	0.010006632	5
0 5 0 1 12 f 	2667.491114820	0.010006498	2
1 3 0 1 35 e 	2668.077990785	0.100021342	2
1 3 0 1 35 f 	2668.425611847	0.100024678	2
0 1 1 1 21 e 	2668.579748374	0.008003539	2
0 1 1 1 21 f 	2668.679549877	0.008611897	1
0 5 0 1 13 e 	2672.697634773	0.000212632	6
0 5 0 1 13 f 	2672.807848821	0.010006508	4
2 1 0 1 47 f 	2673.983657630	0.008100592	2
3 0 0 0 24 e 	2676.578903985	0.007683663	2
0 1 1 1 22 e 	2677.461620648	0.008003573	2
0 1 1 1 22 f 	2677.570562444	0.002014619	2
0 5 0 1 14 e 	2678.406400454	0.010010632	3
0 5 0 1 14 f 	2678.532702999	0.010006515	4
1 3 0 1 36 e 	2682.498227345	0.000685385	3
0 0 1 0 55 e 	2682.840058194	0.007413262	2
0 4 0 2 53 e 	2682.977959805	0.014575579	1
1 3 0 1 36 f 	2683.062272747	0.100015670	2
2 0 0 0 69 e 	2683.817929136	0.001036962	5
1 2 0 0 62 e 	2684.419583465	0.000715382	1
0 5 0 1 15 e 	2684.523269703	0.010013849	2
0 5 0 1 15 f 	2684.668688126	0.009007874	2
3 0 0 0 25 e 	2686.627093261	0.007683889	3
0 1 1 1 23 e 	2686.747511560	0.008003701	2
0 1 1 1 23 f 	2686.866319246	0.008615247	1
0 4 0 0 53 e 	2688.427433100	0.010205262	1
0 5 0 1 16 e 	2691.047832403	0.010011849	4
0 5 0 1 16 f 	2691.211471847	0.010007860	2
2 1 0 1 48 e 	2692.803988788	0.008174194	1
2 1 0 1 48 f 	2693.377314049	0.008170859	1
0 1 1 1 24 f 	2696.564293357	0.008615208	1
3 0 0 0 26 e 	2697.074550499	0.007683944	2
1 3 0 1 37 e 	2697.715332984	0.100024105	2
0 5 0 1 17 e 	2697.979111198	0.010013849	3
1 3 0 1 37 f 	2698.105266492	0.100027440	2
0 5 0 1 17 f 	2698.164729166	0.010007897	3
1 0 0 0 95 e 	2699.816947313	0.009468078	3
0 5 0 1 18 e 	2705.318141320	0.010015849	3
0 0 1 0 56 e 	2705.393196099	0.007415263	2
0 5 0 1 18 f 	2705.525563824	0.010007285	3
0 1 1 1 25 e 	2706.528273378	0.008621543	2
0 1 1 1 25 f 	2706.668684902	0.008619247	1
3 0 0 0 27 e 	2707.925705038	0.007683970	3
1 2 0 0 63 e 	2709.955838177	0.000715028	3
2 0 0 0 70 e 	2711.984729072	0.000965635	4
2 1 0 1 49 e 	2712.575065483	0.009137256	1
0 5 0 1 19 e 	2713.064651220	0.010016825	5
1 3 0 1 38 e 	2713.156059600	0.100023006	2
2 1 0 1 49 f 	2713.169289823	0.008620592	2
0 5 0 1 19 f 	2713.295818503	0.010007897	4
1 3 0 1 38 f 	2713.564716466	0.100019670	2
0 1 1 1 26 e 	2717.025093149	0.000553244	4
0 1 1 1 26 f 	2717.176250318	0.000552910	1
3 0 0 0 28 e 	2719.177684197	0.008003834	1
0 5 0 1 20 e 	2721.220196223	0.010017437	5
0 5 0 1 20 f 	2721.475095904	0.010009897	6
0 0 1 0 57 e 	2728.347205539	0.000689541	2
1 3 0 1 39 e 	2728.760918117	0.100020105	1
1 3 0 1 39 f 	2729.431533732	0.100023440	1
0 5 0 1 21 e 	2729.783016817	0.010020825	3
0 5 0 1 21 f 	2730.062794209	0.010011897	5
3 0 0 0 29 e 	2730.832156210	0.007683970	3
2 2 0 0 1 e 	2731.803938857	0.008000133	1
2 2 0 0 2 e 	2732.613643963	0.008000067	2
2 1 0 1 50 e 	2732.749788788	0.008174194	1
0 4 0 0 55 e 	2732.862546711	0.010285262	1
2 1 0 1 50 f 	2733.367875200	0.008370859	2
2 2 0 0 3 e 	2733.828128144	0.008000133	2
2 2 0 0 4 e 	2735.447418622	0.008000160	2
1 2 0 0 64 e 	2735.896252465	0.000715689	1
2 2 0 0 5 e 	2737.471561794	0.000146887	3
1 0 0 0 96 e 	2738.492514463	0.011222625	2
0 5 0 1 22 e 	2738.752485837	0.010020771	3
0 5 0 1 22 f 	2739.059204966	0.010014619	3
0 1 1 1 28 e 	2739.227405252	0.008003915	1
2 2 0 0 6 e 	2739.900501719	0.008000627	2
2 0 0 0 71 e 	2740.552086762	0.001043633	2
2 2 0 0 7 e 	2742.734259774	0.008002015	1
3 0 0 0 30 e 	2742.886768063	0.000284083	5
1 3 0 1 40 e 	2744.997288380	0.100543006	1
1 3 0 1 40 f 	2745.707264447	0.100539670	1
2 2 0 0 8 e 	2745.972854560	0.008002026	1
0 5 0 1 23 e 	2748.129117456	0.010021541	3
0 5 0 1 23 f 	2748.465992355	0.010015173	2
2 2 0 0 9 e 	2749.616215764	0.008002038	1
0 0 1 0 58 e 	2751.703711860	0.000649983	3
2 2 0 0 10 e 	2753.664055044	0.000756126	3
3 0 0 0 31 e 	2755.343664923	0.007683970	3
0 4 0 0 56 e 	2755.694889166	0.010287263	1
0 5 0 1 24 e 	2757.914540763	0.010019541	5
2 2 0 0 11 e 	2758.117215764	0.008002038	1
0 5 0 1 24 f 	2758.277636109	0.010015208	6
1 3 0 1 41 e 	2761.637937226	0.100044242	1
1 2 0 0 65 e 	2762.192897018	0.200447943	2
1 3 0 1 41 f 	2762.383697283	0.100047578	1
2 2 0 0 12 e 	2762.974932970	0.008002048	1
0 1 1 1 30 e 	2763.043198062	0.008003986	2
0 1 1 1 30 f 	2763.243605699	0.008618706	1
0 3 0 1 76 f 	2765.564315741	0.012159656	1
0 5 0 1 25 e 	2768.106423378	0.010021543	2
3 0 0 0 32 e 	2768.202722730	0.007684001	4
2 2 0 0 13 e 	2768.237394723	0.008002055	1
0 5 0 1 25 f 	2768.501132546	0.010015247	3
2 0 0 0 72 e 	2769.519934927	0.001459310	4
2 2 0 0 14 e 	2773.904652830	0.008003389	2
2 1 0 1 52 e 	2774.302966805	0.009374194	2
0 0 1 0 59 e 	2775.461357928	0.000648629	5
0 1 1 1 31 e 	2775.557474881	0.008617946	1
0 1 1 1 31 f 	2775.771093897	0.008614920	2
1 3 0 1 42 e 	2778.675873527	0.100056320	1
0 5 0 1 26 e 	2778.708614524	0.010019541	3
0 4 0 0 57 e 	2778.928339676	0.010289264	1
0 5 0 1 26 f 	2779.132992017	0.010015371	3
1 3 0 1 42 f 	2779.463835105	0.100059656	1
2 2 0 0 15 e 	2779.976611215	0.008003400	2
3 0 0 0 33 e 	2781.462244693	0.007684041	3
2 2 0 0 16 e 	2786.453307369	0.008003414	2
0 1 1 1 32 e 	2788.472465909	0.008617986	1
0 1 1 1 32 f 	2788.700022230	0.008622706	1
1 2 0 0 66 e 	2788.941457083	0.200461286	2
0 5 0 1 27 e 	2789.716528770	0.009021946	4
0 5 0 1 27 f 	2790.173867476	0.010017371	4
2 2 0 0 17 e 	2793.334724595	0.008003427	2
3 0 0 0 34 e 	2795.124032797	0.007677392	3
2 1 0 1 53 e 	2795.684807723	0.009755262	1
1 3 0 1 43 e 	2796.120000493	0.100057256	1
1 3 0 1 43 f 	2796.953588075	0.100053920	1
2 0 0 0 73 e 	2798.888197489	0.001537308	3
0 0 1 0 60 e 	2799.620429409	0.000647722	4
2 2 0 0 18 e 	2800.620795210	0.008003437	2
0 5 0 1 28 e 	2801.132051920	0.010019946	4
0 5 0 1 28 f 	2801.622442715	0.009015371	3
0 1 1 1 33 e 	2801.792434189	0.008617342	1
0 1 1 1 33 f 	2802.033854076	0.008618920	1
2 2 0 0 19 e 	2808.311600433	0.008003490	2
3 0 0 0 35 e 	2809.185944850	0.007677408	3
0 5 0 1 29 e 	2812.953501988	0.009021946	3
0 5 0 1 29 f 	2813.480160236	0.010017371	4
1 3 0 1 44 e 	2813.975279856	0.100064320	1
1 3 0 1 44 f 	2814.835915392	0.100067656	1
0 1 1 1 34 e 	2815.514983536	0.008618023	2
0 1 1 1 34 f 	2815.770803370	0.008619670	2
1 2 0 0 67 e 	2816.126663865	0.200463287	1
2 2 0 0 20 e 	2816.407128062	0.000904250	3
2 1 0 1 54 e 	2817.467305351	0.010774194	2
2 1 0 1 54 f 	2818.186542265	0.009654862	1
3 0 0 0 36 e 	2823.648834361	0.007677392	2
0 0 1 0 61 e 	2824.180861650	0.000648362	4
2 2 0 0 21 e 	2824.907184516	0.008003539	2
0 5 0 1 30 f 	2825.747479401	0.010016920	4
0 4 0 0 59 e 	2826.624583486	0.010369264	1
2 0 0 0 74 e 	2828.656793999	0.001952985	3
0 1 1 1 35 e 	2829.640753770	0.000354906	5
0 1 1 1 35 f 	2829.911683076	0.000358242	3
1 3 0 1 45 e 	2832.240676030	0.100097256	1
1 3 0 1 45 f 	2833.141776142	0.100100592	1
2 2 0 0 22 e 	2833.811893090	0.008003647	1
0 5 0 1 31 e 	2837.821300727	0.010017342	4
0 5 0 1 31 f 	2838.421970693	0.010014920	2
3 0 0 0 37 e 	2838.515687539	0.007877502	2
2 1 0 1 55 e 	2839.654310785	0.008555262	1
2 1 0 1 55 f 	2840.399493037	0.013740592	1
2 2 0 0 23 e 	2843.121216087	0.008003701	1
1 2 0 0 68 e 	2843.744223075	0.200465289	1
0 1 1 1 36 e 	2844.169779397	0.000020407	2
0 1 1 1 36 f 	2844.456218065	0.000017138	1
0 0 1 0 62 e 	2849.142592458	0.000649723	4
0 5 0 1 32 e 	2850.864088208	0.000359342	6
1 3 0 1 46 e 	2850.897174599	0.100170192	1
0 4 0 0 60 e 	2851.081003883	0.010371266	1
0 5 0 1 32 f 	2851.504237614	0.000216920	4
1 3 0 1 46 f 	2851.846162120	0.100166856	1
2 2 0 0 24 e 	2852.835216464	0.008003647	2
3 0 0 0 38 e 	2853.780336084	0.000411082	5
2 0 0 0 75 e 	2858.825645674	0.001790817	3
0 1 1 1 37 e 	2859.102036558	0.008004105	1
2 2 0 0 25 e 	2862.953727164	0.008003701	2
2 1 0 1 56 f 	2863.017106358	0.012854862	1
0 5 0 1 33 e 	2864.318556771	0.010018008	2
0 5 0 1 33 f 	2864.997715549	0.010021670	3
3 0 0 0 39 e 	2869.448096570	0.007877502	4
1 3 0 1 47 e 	2869.969124427	0.000564479	2
1 3 0 1 47 f 	2870.953939118	0.100620592	1
1 2 0 0 69 e 	2871.690117499	0.200543287	1
2 2 0 0 26 e 	2873.476784197	0.008003834	1
0 1 1 1 38 e 	2874.437350416	0.000356570	3
0 0 1 0 63 e 	2874.505555729	0.000650163	3
0 1 1 1 38 f 	2874.755752847	0.000286521	2
0 4 0 0 61 e 	2875.949291192	0.010447456	1
0 5 0 1 34 e 	2878.177791526	0.010018023	3
0 5 0 1 34 f 	2878.898397873	0.010019670	2
2 2 0 0 27 e 	2884.404449591	0.008003889	1
2 1 0 1 57 e 	2885.228310785	0.008555262	1
3 0 0 0 40 e 	2885.516401688	0.007877518	3
2 1 0 1 57 f 	2886.033727679	0.013416863	1
2 0 0 0 76 e 	2889.394668410	0.002206493	2
0 1 1 1 39 e 	2890.175281178	0.000557807	4
1 3 0 1 48 f 	2890.466103821	0.100170859	2
0 1 1 1 39 f 	2890.510586458	0.000561143	3
0 5 0 1 35 e 	2892.445689431	0.010020023	2
0 5 0 1 35 f 	2893.207665936	0.010017670	1
2 2 0 0 28 e 	2895.736605252	0.008003915	1
0 0 1 0 64 e 	2900.270102755	0.007575850	1
0 4 0 0 62 e 	2901.217391130	0.010447583	1
3 0 0 0 41 e 	2901.986742459	0.008004134	3
0 1 1 1 40 e 	2906.316790059	0.008623006	2
0 1 1 1 40 f 	2906.669715583	0.008619670	2
0 5 0 1 36 e 	2907.118959859	0.010018023	2
2 2 0 0 29 e 	2907.472943583	0.000617906	2
0 5 0 1 36 f 	2907.925146064	0.010019670	1
2 1 0 1 58 e 	2908.621415257	0.010955395	1
1 0 1 0 0 e 	2918.105099955	0.000200067	2
1 0 1 0 1 e 	2918.507306134	0.000200000	4
3 0 0 0 42 e 	2918.856952969	0.000857914	4
1 0 1 0 2 e 	2919.311683027	0.000146727	3
2 2 0 0 30 e 	2919.614265387	0.008003986	1
2 0 0 0 77 e 	2920.363785168	0.002044326	3
1 0 1 0 3 e 	2920.518298182	0.000200133	3
1 0 1 0 4 e 	2922.127161452	0.000200160	4
0 1 1 1 41 e 	2922.860668199	0.008004134	2
0 5 0 1 37 f 	2923.050507488	0.010017670	3
0 1 1 1 41 f 	2923.230233732	0.008623440	1
1 0 1 0 5 e 	2924.138168308	0.000200294	4
0 0 1 0 65 e 	2926.435265689	0.007575943	2
1 0 1 0 6 e 	2926.551362372	0.000200627	6
0 4 0 0 63 e 	2926.898225841	0.010447730	1
1 0 1 0 7 e 	2929.366697972	0.000201961	5
2 2 0 0 31 e 	2932.159806313	0.008003993	1
1 0 1 0 8 e 	2932.584207813	0.000201997	5
1 4 0 2 3 e 	2934.802190111	0.013336990	1
3 0 0 0 43 e 	2936.129970816	0.008072242	2
1 0 1 0 9 e 	2936.203917898	0.000202015	5
0 5 0 1 38 e 	2937.686876382	0.010019006	3
1 4 0 0 2 e 	2938.367513308	0.008000067	1
1 4 0 2 5 e 	2938.467431998	0.014007637	1
1 4 0 2 5 f 	2938.467444730	0.014007630	1
0 5 0 1 38 f 	2938.580876833	0.010019670	2
1 4 0 0 3 e 	2939.588138857	0.008000133	1
0 1 1 1 42 e 	2939.808023635	0.008004170	2
0 1 1 1 42 f 	2940.196264447	0.009139670	1
1 0 1 0 10 e 	2940.225838835	0.000202026	4
1 4 0 0 5 e 	2943.249917431	0.008000294	1
1 4 0 2 7 e 	2943.761467780	0.013740786	1
1 4 0 2 7 f 	2943.761480513	0.013740779	1
1 0 1 0 11 e 	2944.649815349	0.000202038	5
1 4 0 0 7 e 	2948.485453762	0.021003997	1
1 0 1 0 12 e 	2949.476005845	0.000202048	5
2 0 0 0 78 e 	2951.732907361	0.002473345	2
1 4 0 0 8 e 	2951.794255732	0.001337785	2
0 0 1 0 66 e 	2953.001179376	0.000466756	1
0 5 0 1 39 e 	2953.585448122	0.010024105	2
3 0 0 0 44 e 	2953.802329943	0.007990640	3
0 5 0 1 39 f 	2954.527966947	0.010023440	2
1 0 1 0 13 e 	2954.704202877	0.000202055	5
1 4 0 0 9 e 	2955.455987740	0.000537933	3
0 1 1 1 43 e 	2957.157818309	0.000059057	3
0 1 1 1 43 f 	2957.564243452	0.000055922	2
2 2 0 0 33 e 	2958.464075592	0.000751419	2
1 4 0 0 10 e 	2959.517706906	0.008002026	2
1 0 1 0 14 e 	2960.334522934	0.000203389	6
1 4 0 0 11 e 	2963.993105788	0.008002038	2
1 0 1 0 15 e 	2966.366916323	0.000203400	6
1 4 0 0 12 e 	2968.876125153	0.008002048	2
1 4 0 2 13 e 	2969.399991748	0.010541451	1
1 4 0 2 13 f 	2969.400323364	0.010541458	1
0 5 0 1 40 e 	2969.885889924	0.010022105	2
0 5 0 1 40 f 	2970.876566719	0.010019670	1
3 0 0 0 45 e 	2971.875140475	0.008072242	1
2 2 0 0 34 e 	2972.222669013	0.008004023	1
1 0 1 0 16 e 	2972.801307514	0.000203414	6
1 4 0 0 13 e 	2974.171994607	0.000672417	3
0 1 1 1 44 e 	2974.911373527	0.008656320	1
0 1 1 1 44 f 	2975.335735105	0.008659656	1
1 0 1 0 17 e 	2979.637854036	0.000084893	5
1 4 0 0 14 e 	2979.862699461	0.008003389	2
0 0 1 0 67 e 	2979.968723865	0.007591287	1
1 4 0 2 15 e 	2981.203098370	0.012008909	1
1 4 0 2 15 f 	2982.016989022	0.010541221	1
2 1 0 1 61 f 	2982.128108894	0.008617083	1
2 0 0 0 79 e 	2983.501953920	0.002311177	2
1 4 0 0 15 e 	2985.966861689	0.008003400	2
2 2 0 0 35 e 	2986.385647410	0.008004008	2
0 5 0 1 41 e 	2986.594565422	0.010020105	2
1 0 1 0 18 e 	2986.876418123	0.000203437	7
0 5 0 1 41 f 	2987.640115508	0.010023440	2
1 4 0 2 16 e 	2987.718805342	0.010675878	1
1 4 0 2 16 f 	2987.719239155	0.010675884	1
3 0 0 0 46 e 	2990.351898947	0.008074244	3
1 4 0 0 16 e 	2992.476692062	0.008003414	2
0 1 1 1 45 e 	2993.066400493	0.008657256	1
0 1 1 1 45 f 	2993.509888075	0.008653920	1
1 3 0 1 53 f 	2994.126155845	0.005543927	1
1 0 1 0 19 e 	2994.516905498	0.000203490	4
1 4 0 2 17 e 	2994.635941300	0.012676038	1
1 4 0 2 17 f 	2994.636499283	0.012676031	1
1 4 0 0 17 e 	2999.392895961	0.008003427	2
2 2 0 0 36 e 	3000.952961411	0.008004023	2
1 0 1 0 20 e 	3002.559440581	0.000203517	6
0 5 0 1 42 e 	3003.710667984	0.010543006	2
0 5 0 1 42 f 	3004.803264447	0.010539670	1
2 1 0 1 62 e 	3006.207597555	0.009755635	1
1 4 0 0 18 e 	3006.718438838	0.008003437	3
0 0 1 0 68 e 	3007.336631922	0.007846797	1
3 0 0 0 47 e 	3009.225750484	0.008117256	4
1 0 1 0 21 e 	3011.003854568	0.000203539	5
0 1 1 1 46 e 	3011.624315955	0.000503756	2
0 1 1 1 46 f 	3012.088497251	0.000500420	1
1 4 0 0 19 e 	3014.450602654	0.001339927	2
2 0 0 0 80 e 	3015.670837999	0.002686826	2
2 2 0 0 37 e 	3015.924551788	0.008004070	1
1 0 1 0 22 e 	3019.850325701	0.000203573	6
0 5 0 1 43 e 	3021.234937226	0.010044242	1
0 5 0 1 43 f 	3022.375697283	0.010047578	1
1 4 0 0 20 e 	3022.581557821	0.008003517	2
3 0 0 0 48 e 	3028.501321771	0.008119257	4
1 0 1 0 23 e 	3029.098496102	0.000203608	6
0 1 1 1 47 e 	3030.585619787	0.008117256	4
0 1 1 1 47 f 	3031.070175696	0.008700592	4
1 4 0 0 21 e 	3031.131873234	0.008003539	1
2 2 0 0 38 e 	3031.300357079	0.008004079	2
2 1 0 1 63 f 	3032.588683074	0.008617310	1
0 0 1 0 69 e 	3035.105731154	0.007924796	1
1 3 0 1 55 f 	3038.429106922	0.006207953	1
1 0 1 0 24 e 	3038.748586631	0.000203647	6
1 4 0 0 22 e 	3040.082648206	0.008003573	1
1 4 0 2 23 f 	3044.570985897	0.012014619	1
1 4 0 2 23 e 	3044.593339075	0.012023541	1
2 2 0 0 39 e 	3047.080336558	0.008004105	1
3 0 0 0 49 e 	3048.178364089	0.008121259	3
2 0 0 0 81 e 	3048.239475056	0.002804852	2
1 0 1 0 25 e 	3048.800689996	0.000203701	6
1 4 0 0 23 e 	3049.440355666	0.001006573	2
0 1 1 1 48 e 	3049.948844124	0.002197256	3
0 1 1 1 48 f 	3050.453636518	0.008766856	3
1 4 0 2 24 e 	3054.371278833	0.012024825	1
1 4 0 2 24 f 	3054.429993004	0.012015173	1
1 4 0 0 24 e 	3059.204393090	0.008003647	1
1 0 1 0 26 e 	3059.254475856	0.000085679	7
0 4 0 0 68 e 	3061.392613293	0.001465981	1
2 2 0 0 40 e 	3063.264563980	0.008004118	2
1 4 0 2 25 f 	3064.517828341	0.011016297	2
1 4 0 2 25 e 	3064.525370716	0.012019541	2
3 0 0 0 50 e 	3068.255772474	0.008203260	2
1 4 0 0 25 e 	3069.375438240	0.008003771	1
0 1 1 1 49 e 	3069.715056423	0.008121259	3
1 0 1 0 27 e 	3070.110097851	0.000005490	6
0 1 1 1 49 f 	3070.240914183	0.009220592	2
1 4 0 2 26 f 	3075.098909075	0.012015247	1
1 4 0 2 26 e 	3075.125385689	0.012021543	1
2 2 0 0 41 e 	3079.853009096	0.000878341	2
1 4 0 0 26 e 	3079.953384197	0.008003834	1
2 0 0 0 82 e 	3081.207776475	0.002696699	2
1 0 1 0 28 e 	3081.367409102	0.000085879	5
1 3 0 1 57 e 	3082.920421730	0.001022623	2
2 1 0 1 65 f 	3084.658005728	0.008697450	1
1 4 0 2 27 f 	3086.087180141	0.012015371	1
1 4 0 2 27 e 	3086.091632757	0.012023541	1
3 0 0 0 51 e 	3088.732481215	0.008205262	2
0 1 1 1 50 e 	3089.883546905	0.008774194	2
0 1 1 1 50 f 	3090.430795138	0.008770859	2
0 2 1 2 3 e 	3091.479526218	0.015810185	1
1 0 1 0 29 e 	3093.026409912	0.000203889	5
0 5 0 1 47 e 	3095.396493433	0.011770192	1
0 2 1 0 0 e 	3095.554410992	0.000122000	1
2 2 0 0 42 e 	3096.845367609	0.008004170	1
1 4 0 2 28 e 	3097.477023398	0.012021543	1
1 4 0 2 28 f 	3097.488134751	0.012018920	1
0 2 1 0 3 e 	3097.982128144	0.008000133	2
0 2 1 0 4 e 	3099.599830720	0.002800294	3
0 2 1 0 5 e 	3101.623638545	0.008000294	2
0 2 1 0 6 e 	3104.051341379	0.008000627	3
1 0 1 0 30 e 	3105.087145588	0.000203915	5
0 2 1 0 7 e 	3106.883659774	0.008002015	1
1 4 0 2 29 e 	3109.284771802	0.012021320	1
1 4 0 2 29 f 	3109.286949756	0.012015371	1
3 0 0 0 52 e 	3109.611315520	0.008283260	3
0 2 1 0 8 e 	3110.120554560	0.008002026	1
0 1 1 1 51 e 	3110.454258431	0.002338790	4
0 1 1 1 51 f 	3111.023135935	0.004341993	3
2 1 0 1 66 f 	3111.296925615	0.000846451	1
0 2 1 0 9 e 	3113.762015764	0.008002038	1
1 4 0 0 29 e 	3114.127657160	0.000673196	2
2 2 0 0 43 e 	3114.241866626	0.008004242	1
2 0 0 0 83 e 	3114.575658275	0.003318541	2
0 5 0 1 48 e 	3114.960540166	0.012737256	1
1 0 1 0 31 e 	3117.549711114	0.000203946	5
0 2 1 0 10 e 	3117.808132970	0.008002048	1
1 4 0 2 30 e 	3121.471840992	0.012021946	1
1 4 0 2 30 f 	3121.496475166	0.012014920	1
0 2 1 0 11 e 	3122.258794723	0.008002055	1
1 4 0 0 30 e 	3126.332505252	0.008003915	1
0 2 1 0 12 e 	3127.113988579	0.008003389	1
1 0 1 0 32 e 	3130.413713674	0.000005603	6
3 0 0 0 53 e 	3130.893236962	0.008489987	2
0 1 1 1 52 e 	3131.428351136	0.009974194	2
0 1 1 1 52 f 	3132.019195292	0.009254862	2
2 2 0 0 44 e 	3132.042420238	0.008074244	1
0 2 1 0 13 e 	3132.373700869	0.008003400	1
1 4 0 2 31 e 	3134.102090330	0.012017986	1
1 4 0 2 31 f 	3134.111871586	0.012018706	1
0 5 0 1 49 e 	3134.924598509	0.011774194	1
2 1 0 1 67 e 	3137.235994350	0.011849561	1
0 2 1 0 14 e 	3138.038017081	0.008003414	1
1 4 0 0 31 e 	3138.944120940	0.008003946	1
1 0 1 0 33 e 	3143.679451429	0.008003993	4
0 2 1 0 15 e 	3144.106821560	0.008003427	1
1 4 0 2 32 e 	3147.102695922	0.012017342	1
1 4 0 2 32 f 	3147.135461664	0.012014920	1
2 0 0 0 84 e 	3148.343034963	0.003116990	3
2 2 0 0 45 e 	3150.247040475	0.008072242	1
0 2 1 0 16 e 	3150.580197657	0.008003437	1
1 4 0 0 32 e 	3151.962565387	0.008003986	1
3 0 0 0 54 e 	3152.570289166	0.008287263	1
0 1 1 1 53 e 	3152.803415052	0.002870959	2
1 0 1 0 34 e 	3157.346469598	0.000005625	4
0 2 1 0 17 e 	3157.458027631	0.008003490	1
0 2 1 0 18 e 	3164.740292763	0.008003517	1
1 4 0 0 33 e 	3165.387970839	0.000406512	2
0 2 1 2 19 e 	3165.940327741	0.010012093	1
0 2 1 2 19 f 	3165.941299450	0.010012153	1
2 2 0 0 46 e 	3168.855533383	0.008074244	2
1 0 1 0 35 e 	3171.415283911	0.008004008	4
0 2 1 0 19 e 	3172.427073234	0.008003539	1
3 0 0 0 55 e 	3174.647996961	0.008587332	1
0 5 0 1 51 e 	3176.076332796	0.012974194	1
1 4 0 0 34 e 	3179.219510313	0.008004001	1
0 0 1 0 74 e 	3179.959947537	0.002239850	2
0 2 1 0 20 e 	3180.518348206	0.008003573	1
0 2 1 2 21 f 	3182.399373206	0.010016020	2
0 2 1 2 21 e 	3182.428430738	0.010024942	2
2 0 0 0 85 e 	3182.509772965	0.003892271	2
1 0 1 0 36 e 	3185.885535017	0.008004023	3
2 2 0 0 47 e 	3187.867965600	0.008117256	2
1 4 0 2 35 f 	3188.644682964	0.010416181	1
0 2 1 0 21 e 	3189.014054029	0.000006974	1
1 4 0 0 35 e 	3193.457943031	0.008004008	1
0 1 1 1 55 e 	3196.762307723	0.010155262	1
0 1 1 1 55 f 	3197.421993037	0.014140592	1
0 2 1 2 23 e 	3200.697480004	0.010035173	1
1 0 1 0 37 e 	3200.756876761	0.008004070	4
0 2 1 0 23 e 	3207.218578091	0.000007048	2
2 2 0 0 48 e 	3207.284264639	0.004117256	4
1 4 0 0 36 e 	3208.103169013	0.008004023	1
1 0 1 0 38 e 	3216.029793102	0.008004079	4
2 0 0 0 86 e 	3217.075821664	0.004124353	2
0 1 1 1 56 e 	3219.343824053	0.011355395	3
3 0 0 0 57 e 	3220.009796961	0.008587332	1
0 1 1 1 56 f 	3220.027869438	0.010054862	3
2 1 0 1 70 f 	3221.867767460	0.019118797	1
1 4 0 0 37 e 	3223.155051788	0.008004070	1
2 2 0 0 49 e 	3227.104481469	0.008121259	2
1 0 1 0 39 e 	3231.703948316	0.000005868	5
0 2 1 0 26 e 	3237.557984197	0.008003834	1
1 4 0 0 38 e 	3238.613653809	0.008004079	1
0 0 1 0 76 e 	3240.704906096	0.004397488	1
0 5 0 1 54 e 	3240.845535289	0.014755262	1
0 1 1 1 57 e 	3242.327710785	0.008955262	1
0 1 1 1 57 f 	3243.036727679	0.013816863	1
3 0 0 0 58 e 	3243.288076741	0.008596005	1
2 2 0 0 50 e 	3247.328413456	0.008123260	1
1 0 1 0 40 e 	3247.779596168	0.008004118	4
0 2 1 0 27 e 	3248.479703935	0.002803834	1
2 3 0 1 4 e 	3249.311051005	0.000399769	1
2 1 0 1 71 f 	3250.515249561	0.019196796	1
2 0 0 0 87 e 	3252.041079315	0.004799565	3
0 2 1 2 28 e 	3253.207534594	0.010023947	1
0 2 1 2 28 f 	3253.213653858	0.010018656	1
1 4 0 0 39 e 	3254.478836558	0.008004105	1
0 2 1 0 28 e 	3259.805905252	0.008003915	1
0 5 0 1 55 e 	3263.253160437	0.014355395	1
1 0 1 0 41 e 	3264.256343873	0.008004134	3
0 1 1 1 58 e 	3265.715515257	0.011355395	1
0 1 1 1 58 f 	3266.448606358	0.013254862	1
2 2 0 0 51 e 	3267.956327450	0.001210913	2
1 4 0 0 40 e 	3270.750699516	0.001340595	2
0 2 1 0 29 e 	3271.536220940	0.008003946	1
0 2 1 2 30 e 	3277.078495998	0.010021012	1
0 2 1 2 30 f 	3277.083799590	0.010017455	1
2 1 0 1 72 e 	3278.731884251	0.011624035	2
2 1 0 1 72 f 	3279.564292603	0.016818072	1
1 0 1 0 42 e 	3281.134381459	0.008004170	2
1 3 0 1 65 e 	3282.255992871	0.709356389	1
0 2 1 0 30 e 	3283.670833282	0.000008414	2
1 3 0 1 65 f 	3284.109441588	0.709285349	1
2 0 0 0 88 e 	3287.405444646	0.004904893	2
1 4 0 0 41 e 	3287.429084603	0.008004134	1
2 2 0 0 52 e 	3288.987645704	0.008203260	1
0 1 1 1 59 e 	3289.505766300	0.010155262	2
0 2 1 2 31 e 	3289.617918457	0.012617342	1
0 1 1 1 59 f 	3290.263594118	0.009016863	1
3 0 0 0 60 e 	3291.052465285	0.001161284	1
0 2 1 0 31 e 	3296.209513626	0.008003946	2
1 0 1 0 43 e 	3298.413718419	0.008004242	3
2 1 0 1 73 e 	3308.147522826	0.016820472	1
2 1 0 1 73 f 	3309.013626119	0.016896071	1
0 2 1 0 32 e 	3309.152497206	0.000009078	2
2 2 0 0 53 e 	3310.422833100	0.008205262	1
0 1 1 1 60 e 	3313.696742832	0.010155395	1
0 1 1 1 60 f 	3314.479074469	0.009016970	1
3 0 0 0 61 e 	3315.529814156	0.008684677	1
1 0 1 0 44 e 	3316.094004941	0.008004320	3
1 4 0 0 43 e 	3322.005727972	0.000378118	2
0 2 1 0 33 e 	3322.499443031	0.008004008	1
2 0 0 0 89 e 	3323.168829293	0.005680174	2
2 2 0 0 54 e 	3332.261277878	0.001052692	3
1 0 1 0 45 e 	3334.175024366	0.000200714	4
0 2 1 0 34 e 	3336.250639663	0.008004001	2
2 1 0 1 74 e 	3337.963681962	0.020090471	1
0 1 1 1 61 e 	3338.288705192	0.001889293	2
2 1 0 1 74 f 	3338.864227841	0.009112024	2
0 1 1 1 61 f 	3339.097061274	0.000750874	2
1 4 0 0 44 e 	3339.903937824	0.008004320	1
0 2 1 0 35 e 	3350.405897410	0.008004008	2
1 0 1 0 46 e 	3352.657576420	0.008074244	3
1 4 0 2 45 f 	3353.419877476	0.010468166	1
2 2 0 0 55 e 	3354.503843194	0.008285262	2
2 0 0 0 90 e 	3359.331137076	0.005918928	2
0 1 1 1 62 e 	3363.283597555	0.010155635	1
0 1 1 1 62 f 	3364.118033547	0.009017183	1
0 2 1 0 36 e 	3364.965211411	0.008004023	2
0 0 1 0 80 e 	3366.996927739	0.002441656	2
2 1 0 1 75 e 	3368.180745302	0.012239850	3
2 1 0 1 75 f 	3369.117488065	0.017349580	1
1 0 1 0 47 e 	3371.540679391	0.000122993	6
0 2 1 2 37 e 	3373.356641182	0.010020540	1
0 2 1 2 37 f 	3373.368645609	0.010017271	1
0 2 1 0 37 e 	3379.928544173	0.008004070	2
0 1 1 1 63 e 	3388.679268471	0.010155728	1
0 1 1 1 63 f 	3389.540783074	0.009017310	1
1 0 1 0 48 e 	3390.824895553	0.008119257	3
0 2 1 0 38 e 	3395.295757080	0.008004079	2
2 0 0 0 91 e 	3395.892329733	0.006747579	2
0 0 1 0 81 e 	3399.569857688	0.003385253	1
2 1 0 1 76 f 	3399.771565741	0.020959656	1
2 2 0 0 57 e 	3400.199161581	0.008289264	2
1 0 1 0 49 e 	3410.510012613	0.008121259	2
0 2 1 0 39 e 	3411.067036558	0.008004105	1
0 1 1 1 64 e 	3414.477380964	0.010155835	1
0 1 1 1 64 f 	3415.366893041	0.009017390	1
2 2 0 0 58 e 	3423.652098457	0.008367263	2
1 1 1 1 1 f 	3424.542806703	0.003678255	1
1 1 1 1 2 e 	3425.347412674	0.002011095	2
1 1 1 1 2 f 	3425.349961138	0.000171088	2
0 2 1 0 40 e 	3427.242160350	0.008004118	1
2 1 0 1 77 e 	3429.816982445	0.021159656	1
1 0 1 0 50 e 	3430.595729580	0.008123260	2
2 1 0 1 77 f 	3430.825679095	0.018003088	1
2 0 0 0 92 e 	3432.852184096	0.006860991	2
1 4 0 0 49 e 	3435.492786415	0.008121259	1
0 1 1 1 65 e 	3440.679062839	0.011049561	1
0 2 1 0 41 e 	3443.821184603	0.008004134	1
2 2 0 0 59 e 	3447.508287339	0.008369264	2
1 1 1 1 11 e 	3450.722401402	0.000286515	2
1 1 1 1 11 f 	3450.755500167	0.000286508	2
1 0 1 0 51 e 	3451.082484725	0.008125262	3
1 4 0 0 50 e 	3455.829252291	0.000561769	2
2 1 0 1 78 e 	3461.236547096	0.018209488	1
0 1 1 1 66 e 	3467.279057084	0.011062904	1
0 1 1 1 66 f 	3468.222909497	0.009097543	2
2 0 0 0 93 e 	3470.210732906	0.008101850	2
2 2 0 0 60 e 	3471.767791130	0.008447583	1
1 0 1 0 52 e 	3471.969673375	0.000284928	4
1 1 1 1 15 f 	3472.529320995	0.000012419	1
1 4 0 0 51 e 	3476.573576524	0.008125262	1
0 2 1 0 43 e 	3478.190666626	0.008004242	1
1 3 0 1 72 f 	3480.421889590	0.010218072	2
1 1 1 1 18 e 	3493.012013288	0.000019238	1
1 1 1 1 18 f 	3493.093252675	0.000012420	1
1 0 1 0 53 e 	3493.257655328	0.008205262	3
0 1 1 1 67 e 	3494.281058900	0.012249561	2
0 1 1 1 67 f 	3495.253292305	0.009110886	1
0 2 1 0 44 e 	3495.981037824	0.008004320	1
2 2 0 0 61 e 	3496.431045939	0.003153424	1
0 0 1 0 84 e 	3499.687608132	0.006185392	1
2 0 0 0 94 e 	3507.967779311	0.008235275	2
0 2 1 0 45 e 	3514.175240475	0.008072242	1
1 4 0 0 53 e 	3519.279828967	0.000857196	1
0 1 1 1 68 e 	3521.681419208	0.010544955	2
0 1 1 1 68 f 	3522.685719204	0.009112887	1
0 2 1 0 46 e 	3532.773020238	0.008074244	1
1 0 1 0 55 e 	3537.035046711	0.008285262	1
1 4 0 0 54 e 	3541.242468595	0.008283260	1
2 0 0 0 95 e 	3546.123256948	0.008588853	1
0 1 1 1 69 e 	3549.489800814	0.013449561	2
0 1 1 1 69 f 	3550.520996886	0.019143287	1
1 1 1 1 25 e 	3555.028143609	0.000185543	2
1 1 1 1 25 f 	3555.182180185	0.000175247	2
1 0 1 0 56 e 	3559.524641099	0.008287263	2
0 2 1 0 48 e 	3571.207786415	0.202121259	1
0 1 1 1 70 e 	3577.694422882	0.007049561	2
1 0 1 0 57 e 	3582.414561581	0.008289264	2
2 0 0 0 96 e 	3584.677093839	0.010490169	1
1 4 0 0 56 e 	3586.386589166	0.008287263	1
0 0 1 0 87 e 	3603.400572574	0.012779828	1
0 1 1 1 71 e 	3606.303737279	0.014249561	1
0 1 1 1 71 f 	3607.392449561	0.019396796	2
1 4 0 0 57 e 	3609.568039676	0.008289264	1
0 3 1 1 1 e 	3615.750310428	0.000073095	1
0 3 1 1 1 f 	3615.751151113	0.000073088	1
0 3 1 1 2 e 	3616.559939072	0.000073122	1
0 3 1 1 2 f 	3616.562461558	0.000073115	1
0 2 1 2 51 e 	3625.261110483	0.013737256	1
1 0 1 0 59 e 	3629.395283486	0.008369264	1
0 2 1 0 51 e 	3631.815754812	0.008125262	2
0 2 1 0 52 e 	3652.834707149	0.008203260	2
1 0 1 0 60 e 	3653.486003883	0.008371266	1
0 0 1 0 89 e 	3674.539303484	0.013687123	1
1 0 1 0 61 e 	3677.976803321	0.000569067	2
0 2 1 0 54 e 	3696.082689166	0.008287263	1
1 0 1 0 62 e 	3702.867691130	0.008447583	1
0 0 1 0 90 e 	3710.707355013	0.013700465	1
0 2 1 0 55 e 	3718.311593194	0.008285262	2
1 0 1 0 63 e 	3728.158625841	0.008447730	1
0 2 1 0 56 e 	3740.943891099	0.008287263	2
1 0 1 0 64 e 	3753.849452755	0.008447850	1
3 0 0 0 77 e 	3761.561581781	0.010693081	1
0 2 1 0 57 e 	3763.979283486	0.008369264	1
2 4 0 0 2 e 	3764.041183308	0.000100067	1
2 0 1 0 0 e 	3768.495713308	0.200000067	1
2 0 1 0 1 e 	3768.897069429	0.200000000	2
2 0 1 0 2 e 	3769.702263310	0.200000067	3
2 0 1 0 3 e 	3770.922628144	0.200000133	2
2 0 1 0 4 e 	3772.552662626	0.200000627	1
2 4 0 0 7 e 	3774.170755969	0.000101961	1
2 0 1 0 5 e 	3774.548511700	0.200000294	2
2 0 1 0 6 e 	3776.932962627	0.200000627	2
2 0 1 0 7 e 	3779.744965979	0.200001961	3
2 0 1 0 8 e 	3782.975297687	0.200001997	2
2 0 1 0 9 e 	3786.600087769	0.200002015	2
2 0 1 0 10 e 	3790.591704572	0.200002026	3
3 0 0 0 78 e 	3792.831006189	0.010530914	1
2 4 0 0 12 e 	3794.427442970	0.000102048	1
2 0 1 0 11 e 	3795.040155243	0.200002038	2
2 0 1 0 12 e 	3799.869910774	0.200002048	2
2 0 1 0 13 e 	3805.055134740	0.200002055	3
2 0 1 0 14 e 	3810.712302830	0.200003389	2
2 0 1 0 15 e 	3816.738411215	0.200003400	2
2 4 0 0 16 e 	3817.920747081	0.000103414	1
2 0 1 0 16 e 	3823.136427096	0.200003414	3
3 0 0 0 79 e 	3824.498654012	0.011099891	1
2 0 1 0 17 e 	3829.985874595	0.200003427	2
0 2 1 0 60 e 	3835.638127928	0.000848629	1
2 0 1 0 18 e 	3837.221695210	0.200003437	2
2 4 0 0 19 e 	3839.789117631	0.000103490	1
2 0 1 0 19 e 	3844.837107638	0.200003490	2
2 0 1 0 20 e 	3852.893420485	0.200003517	2
2 4 0 0 21 e 	3856.389563234	0.000103539	1
3 0 0 0 80 e 	3856.564702177	0.011011108	1
2 0 1 0 21 e 	3861.347284516	0.200003539	2
2 0 1 0 22 e 	3870.159643104	0.200003573	3
2 0 1 0 23 e 	3879.427405942	0.200003608	2
2 4 0 0 24 e 	3884.319819838	0.000103722	1
2 0 1 0 24 e 	3889.055079852	0.200003647	3
2 0 1 0 25 e 	3899.134416087	0.200003701	1
2 0 1 0 26 e 	3909.604212018	0.200003722	2
2 4 0 0 27 e 	3915.881158240	0.000103771	1
2 0 1 0 27 e 	3920.422048261	0.200003771	3
2 0 1 0 28 e 	3931.725694724	0.200003834	2
1 2 1 2 2 e 	3932.655322002	0.013836857	1
1 2 1 2 3 f 	3933.866778919	0.013710179	1
1 2 1 0 0 e 	3937.427412771	0.000600067	2
1 2 1 0 1 e 	3937.831038642	0.000600133	2
1 2 1 0 2 e 	3938.638413415	0.000600067	2
1 2 1 0 3 e 	3939.849439536	0.000600133	3
1 2 1 0 4 e 	3941.464063263	0.000600627	3
2 0 1 0 29 e 	3943.351780952	0.200003889	3
1 2 1 0 5 e 	3943.482406726	0.000601961	3
1 2 1 0 6 e 	3945.904402029	0.000600627	4
2 4 0 2 30 e 	3948.439145387	0.000203986	1
1 2 1 0 7 e 	3948.730060415	0.000602015	3
2 4 0 0 30 e 	3951.067355252	0.000103915	1
1 2 1 0 8 e 	3951.959355126	0.000602026	3
3 0 0 0 83 e 	3955.154002275	0.011836658	1
2 0 1 0 30 e 	3955.438335319	0.200003915	2
1 2 1 0 9 e 	3955.592287996	0.000602015	4
1 2 1 0 10 e 	3959.641043765	0.200002026	2
1 2 1 0 11 e 	3964.069094723	0.000602055	1
2 0 1 0 31 e 	3967.933763626	0.200003946	2
1 2 1 0 12 e 	3968.912710817	0.000602048	3
2 4 0 2 32 e 	3974.003325387	0.000203986	1
1 2 1 0 13 e 	3974.160097841	0.000602055	3
2 4 0 0 32 e 	3976.534655387	0.000103986	1
1 2 1 0 14 e 	3979.811117129	0.000603414	3
2 0 1 0 32 e 	3980.779385393	0.000103986	2
1 2 1 0 15 e 	3985.865561366	0.000603400	4
2 4 0 2 33 e 	3987.392806313	0.000203993	1
1 6 0 0 1 e 	3990.514638857	0.000600133	1
1 2 1 0 16 e 	3992.323617819	0.000603414	3
2 0 1 0 33 e 	3994.092674672	0.200003993	2
1 6 0 0 4 e 	3994.184374617	0.000600160	1
1 6 0 0 5 e 	3996.223117431	0.000600294	1
1 2 1 0 17 e 	3999.185324911	0.000603427	4
1 6 0 0 7 e 	4001.523732871	0.000601961	2
2 4 0 0 34 e 	4003.606550313	0.000104001	1
1 2 1 0 18 e 	4006.468695210	0.200003437	2
2 0 1 0 34 e 	4007.757090313	0.200004001	2
1 6 0 0 9 e 	4008.455615764	0.000602038	1
1 6 0 0 10 e 	4012.532854560	0.000602026	1
1 2 1 0 19 e 	4014.119100531	0.000603490	4
2 4 0 0 35 e 	4017.743253031	0.000104008	1
2 0 1 0 35 e 	4021.872043031	0.200004008	1
1 2 1 0 20 e 	4022.191270603	0.000603517	4
3 0 0 0 85 e 	4022.869642091	0.013630955	1
1 6 0 0 13 e 	4027.212200869	0.000603400	1
2 4 0 2 36 e 	4029.989033809	0.000204079	1
1 2 1 0 21 e 	4030.666884623	0.000603539	4
1 6 0 0 14 e 	4032.920788579	0.000603389	1
2 0 1 0 36 e 	4036.370661411	0.200004023	2
1 6 0 0 15 e 	4039.036721560	0.000603427	1
1 2 1 0 22 e 	4039.545970771	0.000603573	4
1 6 0 0 16 e 	4045.560757369	0.000603414	2
2 4 0 0 37 e 	4047.216146558	0.000104105	1
1 2 1 0 23 e 	4048.828516346	0.000603701	3
2 0 1 0 37 e 	4051.270361808	0.200004070	3
3 0 0 0 86 e 	4057.320764744	0.014279344	1
1 2 1 0 24 e 	4058.514393436	0.000603647	3
1 6 0 0 18 e 	4059.832697657	0.000603437	1
2 4 0 2 38 e 	4060.408640350	0.000204118	1
2 0 1 0 38 e 	4066.648307079	0.200004079	2
1 6 0 0 19 e 	4067.580400433	0.000603490	2
1 2 1 0 25 e 	4068.603727371	0.000603701	4
1 6 0 0 20 e 	4075.735570485	0.000603517	2
1 2 1 0 26 e 	4079.096440221	0.000603722	3
2 0 1 0 39 e 	4082.354336558	0.200004105	1
1 2 1 0 27 e 	4089.992538416	0.000603771	2
2 4 0 2 40 e 	4092.444217609	0.000204170	1
1 6 0 0 22 e 	4093.269993090	0.000603647	1
2 4 0 0 40 e 	4094.418500350	0.000104118	1
2 0 1 0 40 e 	4098.449920350	0.000104118	1
1 2 1 0 28 e 	4101.291905599	0.000603915	3
0 0 2 0 0 e 	4101.408836065	0.200000067	2
0 0 2 0 1 e 	4101.809704608	0.200000133	4
0 0 2 0 2 e 	4102.611440554	0.200000160	3
1 6 0 0 23 e 	4102.648555942	0.000603608	2
0 0 2 0 3 e 	4103.761121716	0.200000294	2
0 0 2 0 4 e 	4105.395170824	0.000602295	3
0 0 2 0 5 e 	4107.399491626	0.000600294	5
0 0 2 0 6 e 	4109.804664574	0.000600627	5
1 6 0 0 24 e 	4112.435466464	0.000603647	2
0 0 2 0 7 e 	4112.610637254	0.000601961	5
1 2 1 0 29 e 	4112.994449991	0.000603889	3
2 0 1 0 41 e 	4115.026284603	0.200004134	1
0 0 2 0 8 e 	4115.817493579	0.000601997	5
0 0 2 0 9 e 	4119.425188078	0.000602015	4
1 6 0 0 25 e 	4122.629877164	0.000603701	2
0 0 2 0 10 e 	4123.433655062	0.000602026	3
1 2 1 0 30 e 	4125.100335639	0.000603915	4
0 0 2 0 11 e 	4127.842905479	0.000602038	4
2 4 0 0 42 e 	4127.878677609	0.000104170	1
2 0 1 0 42 e 	4131.945177831	0.000104320	2
0 0 2 0 12 e 	4132.653110769	0.000602048	3
1 6 0 0 26 e 	4133.232339838	0.000603722	1
1 2 1 0 31 e 	4137.609521691	0.000603946	3
0 0 2 0 13 e 	4137.863997949	0.000602055	3
0 4 1 0 0 e 	4141.222713308	0.200000067	1
0 4 1 0 1 e 	4141.658111086	0.200000133	2
0 4 1 0 2 e 	4142.400962356	0.200000160	2
0 0 2 0 14 e 	4143.475652966	0.000603389	4
2 4 0 2 43 e 	4143.522736626	0.000204242	1
0 4 1 0 3 e 	4143.667721716	0.200000294	2
1 6 0 0 27 e 	4144.242638240	0.000603771	1
1 2 1 2 32 e 	4144.469810313	0.000604001	1
0 4 1 0 4 e 	4145.317952219	0.200000160	2
0 4 1 0 5 e 	4147.360511700	0.200000294	2
2 0 1 0 43 e 	4149.326666626	0.200004242	1
0 0 2 0 15 e 	4149.488101640	0.000603400	3
0 4 1 0 6 e 	4149.730862698	0.000600627	2
1 2 1 0 32 e 	4150.521965826	0.000603986	3
0 4 1 0 7 e 	4152.570306061	0.000601961	2
0 4 1 0 8 e 	4155.815554637	0.000602026	3
0 0 2 0 16 e 	4155.901217808	0.000603414	3
0 4 1 0 9 e 	4159.466316902	0.000602038	3
0 0 2 0 17 e 	4162.715124771	0.000603427	4
0 4 1 0 10 e 	4163.522694348	0.000602026	4
1 2 1 0 33 e 	4163.837424787	0.000603993	4
2 0 1 0 44 e 	4167.095537824	0.200004320	1
1 6 0 0 29 e 	4167.486949591	0.000603889	1
0 4 1 0 11 e 	4167.984795420	0.000602055	3
0 0 2 0 18 e 	4169.929695705	0.000603437	4
1 2 1 2 34 e 	4171.510769013	0.000604023	1
0 4 1 0 12 e 	4172.852411400	0.000602048	4
0 0 2 0 19 e 	4177.544950947	0.000603490	4
1 2 1 0 34 e 	4177.556139581	0.000604001	4
0 4 1 0 13 e 	4178.125601656	0.000603400	2
2 4 0 2 45 e 	4179.586490475	0.000172242	1
1 6 0 0 30 e 	4179.720965387	0.000603986	1
2 4 0 0 45 e 	4181.056180475	0.000172242	1
0 4 1 0 14 e 	4183.804518517	0.000603414	3
2 0 1 0 45 e 	4185.257694790	0.000217256	2
0 0 2 0 20 e 	4185.560820747	0.000603517	4
1 2 1 2 35 e 	4185.636451788	0.000604070	1
0 4 1 0 15 e 	4189.888922991	0.000603427	3
1 2 1 0 35 e 	4191.677943232	0.000604008	3
1 6 0 0 31 e 	4192.363006313	0.000603993	1
0 0 2 0 21 e 	4193.977384614	0.000603539	4
0 4 1 0 16 e 	4196.378999234	0.000603437	3
0 0 2 0 22 e 	4202.794548392	0.000603573	3
0 4 1 0 17 e 	4203.274629039	0.000603490	3
2 0 1 0 46 e 	4203.879420238	0.200074244	1
1 6 0 0 32 e 	4205.413110313	0.000604001	1
1 2 1 0 36 e 	4206.202811607	0.000604023	4
0 4 1 0 18 e 	4210.575894263	0.000603517	3
0 0 2 0 23 e 	4212.012306384	0.000603608	4
1 2 1 2 37 e 	4215.095236558	0.000604105	1
0 4 1 0 19 e 	4218.282651134	0.000603490	4
1 6 0 0 33 e 	4218.870724672	0.000603993	2
1 2 1 0 37 e 	4221.130794195	0.000604070	4
0 0 2 0 24 e 	4221.630616829	0.000603647	4
0 4 1 0 20 e 	4226.394871093	0.000603517	4
0 0 2 0 25 e 	4231.649527539	0.000603701	4
0 4 1 0 21 e 	4234.912685142	0.000603539	4
1 2 1 0 38 e 	4236.461753926	0.000604079	2
2 4 0 0 48 e 	4237.832966529	0.000219257	1
0 0 2 0 26 e 	4242.068862133	0.000603722	4
2 0 1 0 48 e 	4242.257636539	0.200119257	2
0 4 1 0 22 e 	4243.836071251	0.000603573	4
1 2 1 2 39 e 	4246.165836558	0.000604105	1
0 4 1 2 23 e 	4246.900595797	0.000603608	1
1 6 0 0 35 e 	4247.010147410	0.000604008	2
1 2 1 0 39 e 	4252.195737108	0.000604105	3
0 0 2 0 27 e 	4252.888743985	0.000603771	3
0 4 1 0 23 e 	4253.164956531	0.000603608	4
2 4 0 2 49 e 	4256.501786415	0.000221259	1
1 6 0 0 36 e 	4261.692453809	0.000604079	1
1 2 1 2 40 e 	4262.305160350	0.000604118	1
0 4 1 0 24 e 	4262.899417222	0.000603647	4
0 0 2 0 28 e 	4264.108994992	0.000603834	4
1 2 1 0 40 e 	4268.332564129	0.000604118	4
0 4 1 0 25 e 	4273.039217465	0.000603701	3
0 0 2 0 29 e 	4275.729785449	0.000603889	4
1 6 0 0 37 e 	4276.802436558	0.000604105	1
2 4 0 0 50 e 	4277.709093456	0.000223260	1
2 0 1 0 50 e 	4282.306363464	0.200123260	2
0 4 1 0 26 e 	4283.584562753	0.000603722	4
1 2 1 0 41 e 	4284.872384676	0.000604134	3
0 0 2 0 30 e 	4287.750935732	0.000603915	4
0 4 1 2 27 e 	4288.282049591	0.000603889	1
1 6 0 0 38 e 	4292.278857079	0.000604079	2
0 4 1 0 27 e 	4294.535444596	0.000603771	4
0 4 1 2 28 e 	4299.640594724	0.000603834	2
0 0 2 0 31 e 	4300.172413729	0.000603946	4
1 2 1 0 42 e 	4301.815102864	0.000604170	4
2 0 1 0 51 e 	4302.974376524	0.200125262	1
0 4 1 0 28 e 	4305.891795394	0.000603834	4
0 4 1 2 29 e 	4311.403485266	0.000603889	2
0 0 2 0 32 e 	4312.994288044	0.000603986	4
0 4 1 0 29 e 	4317.653485974	0.000603889	4
1 2 1 0 43 e 	4319.160603684	0.000604242	4
2 4 0 2 52 e 	4319.240595704	0.000303260	1
0 4 1 2 30 e 	4323.572805252	0.000603915	1
2 0 1 0 52 e 	4323.993045704	0.000303260	1
0 0 2 0 33 e 	4326.216374868	0.000603993	4
0 4 1 0 30 e 	4329.820536132	0.000603915	4
0 4 1 2 31 e 	4336.146720940	0.000603946	1
1 2 1 0 44 e 	4336.908929191	0.000604320	3
2 4 0 0 53 e 	4339.648603100	0.000305262	1
0 0 2 0 34 e 	4339.838789859	0.000604001	4
1 6 0 0 41 e 	4341.220066626	0.000604242	1
0 4 1 0 31 e 	4342.393114343	0.000603946	4
1 2 1 2 45 e 	4349.043442630	0.000672242	2
0 4 1 2 32 e 	4349.125787850	0.000603986	2
0 0 2 0 35 e 	4353.861343783	0.000604008	3
1 2 1 0 45 e 	4355.059940958	0.000672242	3
0 4 1 0 32 e 	4355.370988574	0.000603986	4
1 6 0 0 42 e 	4358.349337824	0.000604320	1
2 4 0 2 54 e 	4362.452758595	0.000383260	1
0 4 1 2 33 e 	4362.509906313	0.000603993	1
2 0 1 0 54 e 	4367.316059166	0.000387263	1
1 2 1 2 46 e 	4367.597846529	0.000719257	1
0 0 2 0 36 e 	4368.284211739	0.000604023	4
0 4 1 0 33 e 	4368.754225037	0.000603993	3
1 2 1 0 46 e 	4373.613820558	0.000674244	3
0 4 1 2 34 e 	4376.299310313	0.000604001	1
0 4 1 0 34 e 	4382.542990352	0.000604001	4
0 0 2 0 37 e 	4383.107044319	0.000604070	4
0 4 1 2 35 e 	4390.493243031	0.000604008	1
1 2 1 0 47 e 	4392.570245394	0.000717256	3
1 6 0 0 44 e 	4393.832329031	0.000604320	2
0 4 1 0 35 e 	4396.736898136	0.000604008	4
0 0 2 0 38 e 	4398.330057401	0.000604079	4
2 4 0 0 56 e 	4406.003729166	0.000387263	1
2 4 0 2 56 e 	4407.338209166	0.000387263	1
0 4 1 0 36 e 	4411.336262197	0.000604023	4
1 2 1 0 48 e 	4411.929330274	0.000719257	4
1 6 0 0 45 e 	4412.185044784	0.000717256	1
2 0 1 0 56 e 	4412.273759166	0.000387263	1
0 0 2 0 39 e 	4413.953161032	0.000604105	4
0 4 1 2 37 e 	4420.096551788	0.000604070	1
1 2 1 2 49 e 	4425.677486415	0.000721259	1
0 4 1 0 37 e 	4426.340794915	0.000604070	4
0 0 2 0 40 e 	4429.976314154	0.000604118	4
1 6 0 0 46 e 	4430.946933383	0.000674244	2
1 2 1 0 49 e 	4431.690981718	0.000721259	4
0 4 1 2 38 e 	4435.504953809	0.000604079	1
0 4 1 0 38 e 	4441.750757759	0.000604079	4
0 0 2 0 41 e 	4446.399375917	0.000604134	4
0 4 1 2 39 e 	4451.318436558	0.000604105	1
1 2 1 0 50 e 	4451.855229876	0.000723260	4
1 3 1 1 2 e 	4451.971255345	0.000611095	1
1 3 1 1 3 e 	4453.183374540	0.000609094	1
2 4 0 2 58 e 	4453.873903032	0.000467263	1
1 3 1 1 4 e 	4454.798673306	0.000609762	2
1 3 1 1 5 e 	4456.817686811	0.000605094	2
0 4 1 0 39 e 	4457.565811006	0.000604105	3
2 0 1 0 58 e 	4458.864433032	0.000467263	1
1 3 1 1 6 e 	4459.240891267	0.000609762	1
1 3 1 1 7 e 	4462.067963403	0.000606471	1
1 3 1 1 7 f 	4462.093010976	0.000605087	1
0 0 2 0 42 e 	4463.222453055	0.000604170	4
1 3 1 1 8 f 	4465.331074802	0.000605756	1
0 4 1 2 40 e 	4467.535760350	0.000604118	1
1 3 1 1 9 e 	4468.933563403	0.000606471	1
1 3 1 1 9 f 	4468.973840625	0.000606457	1
1 6 0 0 48 e 	4469.693013456	0.000723260	1
1 2 1 0 51 e 	4472.421955063	0.000725262	4
1 3 1 1 10 e 	4472.971903723	0.000606488	1
1 3 1 1 10 f 	4473.021500016	0.000606475	1
0 4 1 0 40 e 	4473.786214695	0.000604118	4
1 3 1 1 11 e 	4477.414304266	0.000605856	1
1 3 1 1 11 f 	4477.473692075	0.000605842	2
2 4 0 2 59 e 	4477.754561192	0.000547456	1
0 0 2 0 43 e 	4480.445354015	0.000604242	4
1 3 1 1 12 e 	4482.260453910	0.000606632	2
1 3 1 1 12 f 	4482.330564820	0.000606498	2
2 0 1 0 59 e 	4482.771283486	0.000469264	1
0 4 1 2 41 e 	4484.158584603	0.000604134	1
1 2 1 2 52 e 	4487.376657149	0.000803260	2
1 3 1 1 13 e 	4487.510459521	0.000606515	2
1 3 1 1 13 f 	4487.592386058	0.000606508	2
1 6 0 0 49 e 	4489.678486415	0.000721259	1
0 4 1 0 41 e 	4490.411776300	0.000604134	4
1 3 1 1 14 e 	4493.164225620	0.000610632	2
1 3 1 1 14 f 	4493.258592430	0.000606515	2
1 2 1 0 52 e 	4493.391207310	0.000803260	4
0 0 2 0 44 e 	4498.068129394	0.000604320	4
1 3 1 1 15 e 	4499.221687977	0.000609849	2
1 3 1 1 15 f 	4499.329504724	0.000607874	1
2 4 0 0 60 e 	4499.905423883	0.000471266	1
0 4 1 2 42 e 	4501.185667609	0.000604170	1
1 3 1 1 16 e 	4505.682980309	0.000614632	2
1 3 1 1 16 f 	4505.805148860	0.000607285	2
2 0 1 0 60 e 	4507.085653883	0.000471266	1
0 4 1 0 42 e 	4507.442569264	0.000604170	3
1 2 1 2 53 e 	4508.747046711	0.000885262	1
1 6 0 0 50 e 	4510.070829580	0.000723260	2
1 3 1 1 17 e 	4512.547773354	0.000616825	1
1 3 1 1 17 f 	4512.685365758	0.000607874	2
1 2 1 0 53 e 	4514.762690129	0.000805262	4
0 0 2 0 45 e 	4516.090642732	0.000672242	3
0 4 1 2 43 e 	4518.617566626	0.000604242	1
1 3 1 1 18 e 	4519.816537121	0.000617414	2
1 3 1 1 18 f 	4519.970251859	0.000607285	2
0 4 1 0 43 e 	4524.878453972	0.000604242	3
2 4 0 2 61 e 	4526.735201192	0.000547456	1
1 3 1 1 19 e 	4527.488962062	0.000616825	2
1 3 1 1 19 f 	4527.659738335	0.000607897	2
1 2 1 2 54 e 	4530.519568595	0.000883260	1
0 0 2 0 46 e 	4534.553846529	0.200119257	1
1 3 1 1 20 e 	4535.564946835	0.000617437	2
1 3 1 1 20 f 	4535.753685027	0.000614619	1
0 4 1 2 44 e 	4536.453437824	0.000604320	1
1 2 1 0 54 e 	4536.536569244	0.000883260	3
0 4 1 0 44 e 	4542.719529310	0.000604320	3
1 3 1 1 21 e 	4544.044650770	0.000620825	1
2 4 0 0 62 e 	4549.215401130	0.000547583	1
2 4 0 2 62 e 	4551.833472755	0.000647850	1
1 6 0 0 52 e 	4552.079968595	0.000883260	1
1 3 1 1 22 e 	4552.927943993	0.000620771	2
0 0 2 0 47 e 	4553.335065662	0.000717256	3
0 4 1 2 45 e 	4554.693640475	0.000672242	1
2 0 1 0 62 e 	4556.935821130	0.000647583	1
1 2 1 0 55 e 	4558.712843559	0.000885262	4
0 4 1 0 45 e 	4560.965746071	0.000717256	3
1 3 1 1 23 e 	4562.214853016	0.000625543	1
1 3 1 1 23 f 	4562.462808022	0.000615173	1
1 3 1 1 24 e 	4571.905448585	0.000619541	2
1 3 1 1 24 f 	4572.174893357	0.000615208	1
0 0 2 0 48 e 	4572.556730270	0.000719257	3
0 4 1 2 46 e 	4573.338420238	0.000674244	1
1 6 0 0 53 e 	4573.697446711	0.000885262	1
0 4 1 0 46 e 	4579.617034077	0.000674244	4
1 2 1 0 56 e 	4581.291441405	0.000887263	4
1 3 1 1 25 e 	4581.999473378	0.000621543	2
1 3 1 1 25 f 	4582.291402074	0.000615247	2
2 0 1 0 63 e 	4582.471445841	0.000647730	1
0 0 2 0 49 e 	4592.177931534	0.000721259	3
0 4 1 2 47 e 	4592.387244784	0.000717256	1
1 3 1 1 26 e 	4592.497112286	0.000619541	2
1 3 1 1 26 f 	4592.812263994	0.000615371	2
1 6 0 0 54 e 	4595.721468595	0.000883260	1
1 2 1 2 57 e 	4598.248239676	0.000889264	1
0 4 1 0 47 e 	4598.673366308	0.000717256	4
2 4 0 0 64 e 	4600.106732755	0.000547850	1
2 4 0 2 64 e 	4603.242698608	0.000647850	2
1 3 1 1 27 e 	4603.398236004	0.000621543	2
1 2 1 0 57 e 	4604.271940091	0.000889264	3
2 0 1 0 64 e 	4608.413614460	0.000661286	1
0 1 2 1 3 e 	4609.517405832	0.000609094	2
3 0 1 0 1 e 	4610.245214368	0.000186793	1
3 0 1 0 2 e 	4611.044758459	0.000186727	1
0 1 2 1 4 e 	4611.122923306	0.000609762	2
0 4 1 2 48 e 	4611.840546529	0.000719257	1
0 0 2 0 50 e 	4612.198814013	0.000723260	2
0 1 2 1 5 f 	4613.136921573	0.010606421	1
3 0 1 0 4 e 	4613.842830705	0.000187020	1
1 3 1 1 28 e 	4614.702804697	0.000621320	1
1 3 1 1 28 f 	4615.067288056	0.000615371	2
0 4 1 0 48 e 	4618.134780684	0.000719257	4
0 1 2 1 7 e 	4618.348781243	0.000605094	2
3 0 1 0 7 e 	4621.037863814	0.000187354	1
0 1 2 1 9 e 	4625.173363403	0.000606471	1
1 3 1 1 29 e 	4626.410826575	0.000617946	2
1 3 1 1 29 f 	4626.801240691	0.000614920	2
1 2 1 0 58 e 	4627.654998705	0.000967263	4
0 1 2 1 10 e 	4629.183454264	0.000606632	1
0 4 1 2 49 e 	4631.698286415	0.000721259	1
0 0 2 0 51 e 	4632.619154812	0.000725262	2
2 0 1 0 65 e 	4634.762157513	0.000647943	1
0 4 1 0 49 e 	4638.001182157	0.000721259	4
1 3 1 1 30 e 	4638.522304697	0.000621320	1
1 3 1 1 30 f 	4638.939522230	0.000622706	1
3 0 1 0 12 e 	4641.023452508	0.000188781	1
0 1 2 1 13 e 	4643.633877521	0.000609849	1
1 2 1 2 59 e 	4645.408083486	0.000969264	1
1 2 1 0 59 e 	4651.439987496	0.000969264	4
1 3 1 1 31 f 	4651.482073987	0.000614920	2
3 0 1 0 14 e 	4651.815305305	0.000190127	1
2 4 0 0 66 e 	4652.582334460	0.000561286	1
0 0 2 0 52 e 	4653.438857149	0.000803260	2
0 1 2 1 15 e 	4655.278537977	0.000609849	2
2 4 0 2 66 e 	4656.267014460	0.000661286	1
0 4 1 0 50 e 	4658.272530233	0.000723260	4
0 1 2 1 16 e 	4661.698830309	0.000614632	2
1 3 1 1 32 e 	4663.955265909	0.000617986	1
1 3 1 1 32 f 	4664.428991453	0.000622706	2
3 0 1 0 17 e 	4671.000094513	0.000183492	1
0 5 1 1 5 e 	4672.175899082	0.000605094	1
0 5 1 1 6 e 	4674.609292389	0.000605822	1
0 0 2 0 53 e 	4674.658039906	0.000805262	2
1 2 1 0 60 e 	4675.626904339	0.000971266	3
0 1 2 1 18 e 	4675.747037121	0.000617414	2
1 3 1 1 33 e 	4677.276911973	0.000617342	2
0 5 1 1 7 e 	4677.448263403	0.000606471	1
1 3 1 1 33 f 	4677.779927700	0.000618920	2
0 4 1 0 51 e 	4678.948905500	0.000725262	4
0 5 1 1 8 e 	4680.692703723	0.000606488	1
0 1 2 1 19 e 	4683.372750770	0.000620825	1
2 4 0 2 67 e 	4683.384063865	0.000663287	1
0 5 1 1 9 e 	4684.342563403	0.000606471	1
1 6 0 0 58 e 	4687.895493032	0.000967263	1
0 5 1 1 10 e 	4688.397728993	0.000606488	2
1 3 1 1 34 e 	4691.001633536	0.000618023	2
0 1 2 1 20 e 	4691.396682360	0.000620771	1
1 3 1 1 34 f 	4691.535153370	0.000619670	2
0 5 1 1 11 e 	4692.858572893	0.000605856	2
0 4 1 2 52 e 	4693.691945704	0.000803260	1
3 0 1 0 20 e 	4693.781008020	0.000183546	1
1 2 1 2 61 e 	4694.175125841	0.001047730	1
0 0 2 0 54 e 	4696.276468595	0.000883260	1
0 5 1 1 12 e 	4697.724903910	0.000606632	2
0 1 2 1 21 e 	4699.828661556	0.000620825	2
0 4 1 0 52 e 	4700.030107797	0.000803260	4
1 2 1 0 61 e 	4700.215925991	0.001047730	3
0 5 1 1 13 e 	4702.996541520	0.000606515	1
1 3 1 1 35 e 	4705.129674432	0.000618008	2
1 3 1 1 35 f 	4705.694550039	0.000624678	1
2 4 0 0 68 e 	4706.644021922	0.000818797	1
0 1 2 1 22 e 	4708.660582360	0.000620771	1
0 5 1 1 14 e 	4708.673953556	0.000610632	1
2 4 0 2 68 e 	4710.904203075	0.000665289	1
3 0 1 0 22 e 	4710.966007810	0.000537026	1
0 4 1 2 53 e 	4715.164933100	0.000805262	1
2 0 1 0 68 e 	4716.245093075	0.000865289	1
0 1 2 1 23 e 	4717.888962679	0.000624825	2
0 0 2 0 55 e 	4718.294246711	0.000885262	1
1 2 1 2 62 e 	4719.159491130	0.001047583	1
1 3 1 1 36 e 	4719.661021098	0.000619006	1
1 3 1 1 36 f 	4720.257884809	0.000615670	1
0 5 1 1 16 e 	4721.245162933	0.000617414	1
0 4 1 0 53 e 	4721.516234760	0.000805262	3
1 2 1 0 62 e 	4725.228071943	0.200447583	2
0 1 2 1 24 e 	4727.520648585	0.000619541	2
0 5 1 1 17 e 	4728.138573354	0.000616825	1
1 3 1 1 37 e 	4734.595441505	0.000624105	1
1 3 1 1 37 f 	4735.225375100	0.000624678	2
0 5 1 1 18 e 	4735.437537121	0.000617414	2
0 4 1 2 54 e 	4737.041568595	0.000883260	1
0 1 2 1 25 e 	4737.554623378	0.000621543	2
3 0 1 0 25 e 	4739.738869302	0.000183703	1
0 0 2 0 56 e 	4740.711341099	0.000887263	2
0 5 1 1 19 e 	4743.141912062	0.000616825	2
0 4 1 0 54 e 	4743.407179327	0.000883260	3
1 2 1 2 63 e 	4744.545825841	0.001047730	1
0 1 2 1 26 e 	4747.990591543	0.000619541	1
1 3 1 1 38 e 	4749.932956418	0.000619006	2
1 3 1 1 38 f 	4750.596984809	0.000615670	1
1 2 1 0 63 e 	4750.599526543	0.001047730	3
0 5 1 1 20 e 	4751.251796835	0.000617437	2
0 1 2 1 27 e 	4758.822486004	0.000621543	2
0 1 2 1 27 f 	4758.992284902	0.000619247	1
0 4 1 2 55 e 	4759.321646711	0.000885262	1
0 5 1 1 21 e 	4759.766961556	0.000620825	2
2 4 0 0 70 e 	4762.292761826	0.001312472	1
0 0 2 0 57 e 	4763.527411581	0.000889264	2
0 4 1 0 55 e 	4765.702943516	0.000885262	3
0 5 1 1 22 e 	4768.687543993	0.000620771	2
0 1 2 1 28 e 	4770.058918862	0.000621320	2
0 1 2 1 28 f 	4770.240770413	0.000615371	1
3 0 1 0 28 e 	4772.106297435	0.000183944	1
2 2 1 0 1 e 	4773.563569429	0.400000000	2
2 2 1 0 2 e 	4774.426918127	0.000686727	3
2 2 1 0 3 e 	4775.617138857	0.200000133	1
1 2 1 0 64 e 	4776.394033802	0.001047850	4
2 2 1 0 4 e 	4777.246229872	0.000687020	3
0 5 1 1 23 e 	4778.013572341	0.000624825	1
2 2 1 0 5 e 	4779.259731238	0.000686887	3
2 2 1 0 6 e 	4781.676278305	0.000688354	3
0 1 2 1 29 e 	4781.696376575	0.000617946	2
0 1 2 1 29 f 	4781.890687485	0.000618920	1
0 4 1 2 56 e 	4782.004589166	0.000887263	1
1 3 1 1 40 f 	4782.551766719	0.000619670	1
2 2 1 0 7 e 	4784.495516502	0.000688724	3
0 0 2 0 58 e 	4786.742748457	0.000967263	2
2 2 1 0 8 e 	4787.678297687	0.200001997	2
0 5 1 1 24 e 	4787.744691543	0.000619541	1
0 4 1 0 56 e 	4788.403590006	0.000887263	2
2 2 1 0 9 e 	4791.289587769	0.200002015	2
0 1 2 1 30 f 	4793.943293897	0.010614920	1
2 2 1 0 10 e 	4795.331543765	0.200002026	2
3 0 1 0 30 e 	4795.681091817	0.000184001	1
1 2 1 2 65 e 	4796.521855689	0.001047943	2
0 5 1 1 25 e 	4797.881293739	0.000621543	1
1 3 1 1 41 e 	4798.364237226	0.000644242	1
1 3 1 1 41 f 	4799.135115508	0.000623440	2
2 2 1 0 11 e 	4799.779155243	0.200002038	2
1 2 1 0 65 e 	4802.590405689	0.001047943	2
2 2 1 0 12 e 	4804.631485009	0.000688765	3
0 1 2 1 31 e 	4806.176354535	0.000617342	2
0 1 2 1 31 f 	4806.394793897	0.000614920	1
0 5 1 1 26 e 	4808.423012286	0.000619541	2
2 2 1 0 13 e 	4809.826297796	0.200002055	2
0 0 2 0 59 e 	4810.356983486	0.000969264	1
0 4 1 0 57 e 	4811.508940211	0.000889264	2
1 3 1 1 42 e 	4815.313988380	0.001143006	1
2 2 1 0 14 e 	4815.470802830	0.200003389	2
1 3 1 1 42 f 	4816.122199776	0.000659656	2
0 1 2 1 32 e 	4819.011158661	0.000621986	1
0 1 2 1 32 f 	4819.248922230	0.000622706	1
0 5 1 1 27 e 	4819.369993739	0.000621543	1
2 4 0 0 72 e 	4819.529171826	0.001312472	1
3 0 1 0 32 e 	4820.852711817	0.000184001	1
2 2 1 0 15 e 	4821.544937150	0.000683469	3
1 2 1 2 66 e 	4823.111314460	0.001061286	1
2 2 1 0 16 e 	4827.988032441	0.000683482	3
0 4 1 2 58 e 	4828.582593032	0.000967263	1
1 2 1 0 66 e 	4829.188323257	0.001065289	2
0 5 1 1 28 e 	4830.722268862	0.000621320	2
0 1 2 1 33 e 	4832.252589757	0.000618008	1
0 1 2 1 33 f 	4832.504054076	0.000618920	1
1 3 1 1 43 e 	4832.666618859	0.000644242	2
1 3 1 1 43 f 	4833.513142679	0.000647578	2
0 0 2 0 60 e 	4834.370191130	0.001047583	1
2 2 1 0 17 e 	4834.833664049	0.000683492	3
0 4 1 0 58 e 	4835.065093032	0.200367263	1
2 2 1 0 18 e 	4842.054695210	0.200003437	2
0 5 1 1 29 e 	4842.479726575	0.000617946	2
3 0 1 0 34 e 	4847.621009850	0.000184049	1
2 4 0 0 73 e 	4848.742840065	0.001743980	1
2 2 1 0 19 e 	4849.732963957	0.000683492	3
1 2 1 2 67 e 	4850.102217499	0.001143287	1
1 3 1 1 44 e 	4850.422276692	0.000656320	2
1 3 1 1 44 f 	4851.308035105	0.000659656	1
0 4 1 2 59 e 	4852.475083486	0.000969264	1
0 5 1 1 30 e 	4854.642285303	0.000617986	2
1 2 1 0 67 e 	4856.187940682	0.001063287	2
2 2 1 0 20 e 	4857.786546881	0.001037026	3
0 0 2 0 61 e 	4858.782391192	0.001047456	1
0 4 1 0 59 e 	4858.933783486	0.000969264	1
0 1 2 1 35 e 	4859.941489757	0.000618008	1
0 1 2 1 35 f 	4860.218501325	0.000622255	1
2 2 1 0 21 e 	4866.242265727	0.001036992	3
1 3 1 1 45 e 	4868.580676030	0.000697256	1
0 1 2 1 36 f 	4874.677446064	0.000619670	1
2 2 1 0 22 e 	4875.100747385	0.001037026	3
0 4 1 2 60 e 	4876.773203883	0.000971266	1
0 5 1 1 32 e 	4880.182962285	0.000617986	2
0 4 1 0 60 e 	4883.253247507	0.000971266	2
1 2 1 0 68 e 	4883.589223084	0.001065289	2
0 0 2 0 62 e 	4883.593291130	0.001047583	1
2 2 1 0 23 e 	4884.301405942	0.200003608	2
1 3 1 1 46 e 	4887.141879856	0.000664320	1
1 3 1 1 46 f 	4888.108338756	0.000667656	2
0 1 2 1 37 e 	4889.228341505	0.000624105	1
0 1 2 1 37 f 	4889.537650039	0.000624678	1
0 5 1 1 33 e 	4893.560911973	0.000617342	2
2 2 1 0 24 e 	4894.025153588	0.000683663	4
2 2 1 0 25 e 	4904.090858264	0.000683889	3
0 1 2 1 38 e 	4904.471306418	0.000619006	2
0 1 2 1 38 f 	4904.798884809	0.000615670	1
3 0 1 0 38 e 	4905.946303024	0.000177489	1
1 3 1 1 47 e 	4906.105958503	0.000697256	2
1 3 1 1 47 f 	4907.113976142	0.000700592	1
0 5 1 1 34 e 	4907.343933536	0.000618023	2
0 4 1 0 61 e 	4907.976991654	0.001047456	2
0 0 2 0 63 e 	4908.803025841	0.001047730	1
1 2 1 0 69 e 	4911.391917753	0.001143287	2
2 2 1 0 26 e 	4914.558884897	0.000683827	3
0 1 2 1 39 e 	4920.118541505	0.000624105	1
0 1 2 1 39 f 	4920.461200162	0.000627440	1
2 2 1 0 27 e 	4925.429858486	0.000683889	3
1 3 1 1 48 e 	4925.472588788	0.000774194	1
1 3 1 1 48 f 	4926.523214049	0.000770859	1
0 4 1 2 62 e 	4926.575591130	0.001047583	1
0 4 1 0 62 e 	4933.105391130	0.001047583	1
0 0 2 0 64 e 	4934.411533608	0.001047850	2
0 5 1 1 36 e 	4936.125208412	0.000618023	1
0 1 2 1 40 e 	4936.161990059	0.000623006	2
2 2 1 0 28 e 	4936.663694724	0.200003834	2
3 0 1 0 40 e 	4937.502656233	0.000557637	1
2 4 0 0 76 e 	4938.765872826	0.002159656	1
1 2 1 0 70 e 	4939.596101888	0.001318797	3
1 3 1 1 49 e 	4945.242065483	0.001737256	1
2 2 1 0 29 e 	4948.340135266	0.200003889	2
0 5 1 1 37 e 	4951.123400306	0.000621342	2
0 4 1 2 63 e 	4952.081625841	0.001047730	1
0 1 2 1 41 e 	4952.608427671	0.000620105	2
0 1 2 1 41 f 	4952.988833732	0.000623440	1
1 0 2 0 0 e 	4953.879118338	0.000686727	2
1 0 2 0 1 e 	4954.278957108	0.000800000	3
1 0 2 0 2 e 	4955.114993963	0.200000067	2
1 0 2 0 3 e 	4956.279481661	0.000800133	4
1 0 2 0 4 e 	4957.879560768	0.000800160	4
0 4 1 0 63 e 	4958.638325841	0.001047730	1
1 0 2 0 5 e 	4959.879616603	0.000687354	5
0 0 2 0 65 e 	4960.418547513	0.001047943	1
2 2 1 0 30 e 	4960.426835319	0.200003915	2
1 0 2 0 6 e 	4962.279744088	0.000800627	4
1 0 2 0 7 e 	4965.079844699	0.000801961	3
1 3 1 1 50 e 	4965.413972480	0.001974194	1
0 5 1 1 38 e 	4966.526406418	0.000619006	2
1 2 1 0 71 e 	4968.201641370	0.001396796	2
1 0 2 0 8 e 	4968.279979555	0.000688741	5
2 4 0 0 77 e 	4969.567558668	0.002264340	1
3 0 1 0 42 e 	4970.654396233	0.000557637	1
1 4 1 0 1 e 	4970.834522857	0.000800133	1
1 4 1 0 2 e 	4971.643247193	0.000601628	2
1 0 2 0 9 e 	4971.879995482	0.000802015	4
1 4 1 0 3 e 	4972.856505364	0.000686887	3
2 2 1 0 31 e 	4972.935424379	0.000684041	3
1 4 1 0 4 e 	4974.474907190	0.000687020	3
1 0 2 0 10 e 	4975.880144320	0.000688765	5
1 4 1 0 5 e 	4976.496863507	0.000686887	2
1 4 1 0 6 e 	4978.924019686	0.000688354	2
1 4 1 2 8 e 	4978.989881573	0.010605849	1
1 0 2 0 11 e 	4980.280170100	0.000688753	5
1 4 1 0 7 e 	4981.755674439	0.000688724	2
0 5 1 1 39 e 	4982.334618117	0.000620105	1
1 4 1 2 9 e 	4982.634669149	0.010606481	1
0 4 1 0 64 e 	4984.575553585	0.001047850	2
1 4 1 0 8 e 	4984.991454525	0.000688741	3
1 0 2 0 12 e 	4985.079987142	0.000688781	5
2 2 1 0 32 e 	4985.817472071	0.000684049	3
1 3 1 1 51 e 	4985.988609132	0.002937256	1
1 4 1 2 10 e 	4986.684507012	0.010605849	1
0 1 2 1 43 e 	4986.705037226	0.000644242	1
0 0 2 0 66 e 	4986.824314460	0.001061286	1
0 1 2 1 43 f 	4987.120097283	0.000647578	1
1 4 1 0 9 e 	4988.631960662	0.000688753	3
1 0 2 0 13 e 	4990.279825890	0.000802055	3
1 4 1 2 11 e 	4991.138680914	0.010606505	1
1 4 1 0 10 e 	4992.676698240	0.000688765	3
1 0 2 0 14 e 	4995.879708942	0.000688781	5
1 4 1 2 12 e 	4995.996575854	0.010606515	1
1 4 1 0 11 e 	4997.126053940	0.000604048	3
0 5 1 1 40 e 	4998.547090059	0.000623006	2
2 2 1 0 33 e 	4999.218174672	0.200003993	2
1 0 2 0 15 e 	5001.879297963	0.000689782	5
1 4 1 0 12 e 	5001.980042987	0.000604055	3
0 1 2 1 44 e 	5004.352773527	0.000656320	1
0 1 2 1 44 f 	5004.787035105	0.000659656	1
1 3 1 1 52 e 	5006.965472480	0.001974194	1
1 4 1 0 13 e 	5007.238174234	0.000689782	2
1 3 1 1 52 f 	5008.194924300	0.000854862	2
1 0 2 0 16 e 	5008.278640929	0.000690127	5
0 4 1 0 65 e 	5010.917448318	0.001047943	2
2 2 1 0 34 e 	5012.788458829	0.000677392	4
1 4 1 0 14 e 	5012.901141323	0.000690127	2
0 0 2 0 67 e 	5013.628490682	0.001063287	2
1 0 2 0 17 e 	5015.077848357	0.000683492	5
0 5 1 1 41 e 	5015.164777671	0.000620105	2
1 4 1 0 15 e 	5018.968698086	0.000683469	2
1 0 2 0 18 e 	5022.276984813	0.000803437	4
0 1 2 1 45 e 	5022.400919952	0.000657256	2
3 0 1 0 45 e 	5023.372640066	0.000317256	2
1 4 1 0 16 e 	5025.440398654	0.000604825	3
1 4 1 2 17 e 	5026.363715391	0.010607291	1
1 2 1 0 73 e 	5026.616449120	0.001890471	1
2 2 1 0 35 e 	5026.877222061	0.000684057	3
1 3 1 1 53 e 	5028.345158427	0.002155262	2
1 3 1 1 53 f 	5029.621111304	0.004940592	2
1 0 2 0 19 e 	5029.875749532	0.000803490	5
1 4 1 0 17 e 	5032.316874454	0.000605414	3
2 4 0 0 79 e 	5032.361968668	0.002264340	1
1 4 1 2 18 e 	5033.652526799	0.010607880	2
0 4 1 0 66 e 	5037.663314460	0.001061286	1
1 0 2 0 20 e 	5037.874332214	0.000803517	4
1 4 1 0 18 e 	5039.597704289	0.000683546	2
0 0 2 0 68 e 	5040.831152498	0.001065289	2
0 1 2 1 46 e 	5040.847677227	0.000664320	2
0 1 2 1 46 f 	5041.325475696	0.010700592	1
1 4 1 2 19 e 	5041.346669424	0.010610626	1
2 2 1 0 36 e 	5041.367950646	0.000677392	4
3 0 1 0 46 e 	5041.742603924	0.002317256	1
1 0 2 0 21 e 	5046.272363138	0.000683629	6
1 4 1 0 19 e 	5047.283016817	0.000605437	3
1 4 1 2 20 e 	5049.353251290	0.010624825	1
1 3 1 1 54 e 	5050.126955351	0.003174194	2
1 3 1 1 54 f 	5051.450627256	0.000854862	2
1 0 2 0 22 e 	5055.070350565	0.000683663	6
1 4 1 0 20 e 	5055.372802217	0.000605490	3
2 2 1 0 37 e 	5056.260886796	0.000677408	4
0 1 2 1 47 e 	5059.698075951	0.000197256	2
0 1 2 1 47 f 	5060.192376142	0.000700592	1
3 0 1 0 47 e 	5060.511326415	0.000321259	1
1 4 1 0 21 e 	5063.866972713	0.000605517	2
1 0 2 0 23 e 	5064.267665402	0.000803608	4
2 4 0 0 80 e 	5064.354614098	0.002639988	1
0 4 1 0 67 e 	5064.813863865	0.001063287	1
1 4 1 2 22 e 	5066.760165061	0.010624825	2
0 5 1 1 44 e 	5067.446776692	0.000656320	2
0 0 2 0 69 e 	5068.432179327	0.001143287	2
2 2 1 0 38 e 	5071.555695023	0.000677518	3
1 4 1 0 22 e 	5072.765829135	0.000605608	2
1 3 1 1 55 f 	5073.683527679	0.005816863	1
1 0 2 0 24 e 	5073.864958232	0.000683663	4
1 4 1 2 23 e 	5076.060539075	0.010623541	1
0 1 2 1 48 e 	5078.944588788	0.000774194	1
3 0 1 0 48 e 	5079.678353924	0.002317256	1
1 2 1 2 75 e 	5080.447906096	0.002397488	1
1 4 1 0 23 e 	5082.069003797	0.000803608	1
1 0 2 0 25 e 	5083.861638739	0.000683889	5
0 5 1 1 45 e 	5085.683388261	0.000657256	2
1 2 1 0 75 e 	5086.636006096	0.002397488	1
2 2 1 0 39 e 	5087.343310580	0.200004105	2
1 4 1 0 24 e 	5091.776684333	0.000605106	2
0 4 1 0 68 e 	5092.368523075	0.001065289	1
1 0 2 0 26 e 	5094.257816021	0.000683827	5
1 3 1 1 56 e 	5094.897515257	0.003355395	1
1 3 1 1 56 f 	5096.319042265	0.002054862	1
0 0 2 0 70 e 	5096.431451874	0.001318797	2
2 4 0 0 81 e 	5096.744582381	0.003251689	1
0 1 2 1 49 e 	5098.595968988	0.001217256	3
0 1 2 1 49 f 	5099.132539118	0.001220592	1
3 0 1 0 49 e 	5099.244024074	0.000325262	2
1 4 1 0 25 e 	5101.888797685	0.000605647	3
2 2 1 0 40 e 	5103.435713980	0.200004118	2
0 5 1 1 46 e 	5104.324927227	0.000664320	2
1 0 2 0 27 e 	5105.053453630	0.000683889	5
1 4 1 2 26 e 	5106.430785689	0.010621543	1
1 4 1 0 26 e 	5112.405413598	0.000605771	3
0 4 1 2 69 e 	5113.574917499	0.001143287	1
1 0 2 0 28 e 	5116.248705061	0.000683944	5
1 2 1 0 76 e 	5117.247452826	0.002559656	1
0 2 2 2 4 e 	5117.558326218	0.013810185	3
1 3 1 1 57 e 	5117.886610785	0.000955262	1
0 1 2 1 50 e 	5118.643730634	0.000774194	2
0 1 2 1 50 f 	5119.203514049	0.000770859	1
3 0 1 0 50 e 	5119.208135704	0.000403260	1
1 3 1 1 57 f 	5119.358194118	0.001016863	1
2 2 1 0 41 e 	5119.852608559	0.000677554	4
0 4 1 0 69 e 	5120.327417499	0.001143287	1
0 2 2 0 0 e 	5120.983578662	0.000800067	2
0 2 2 0 1 e 	5121.385515546	0.000800000	2
0 2 2 2 6 e 	5121.987268469	0.013805849	1
0 2 2 0 2 e 	5122.190132647	0.000602000	4
1 4 1 0 27 e 	5123.326488570	0.000683889	2
0 5 1 1 47 e 	5123.371158503	0.000697256	2
0 2 2 0 3 e 	5123.396896088	0.000800133	4
0 2 2 2 7 e 	5124.794957343	0.010605822	1
0 0 2 0 71 e 	5124.828995137	0.001396796	2
0 2 2 0 4 e 	5125.006213602	0.000800160	4
0 2 2 0 5 e 	5127.017644733	0.000800294	5
1 0 2 0 29 e 	5127.843177770	0.000683970	3
0 2 2 2 8 e 	5128.014181573	0.010605849	1
0 2 2 0 6 e 	5129.431391141	0.000800627	4
2 4 0 0 82 e 	5129.532142979	0.003236796	1
0 2 2 2 9 e 	5131.635857343	0.010605822	1
0 2 2 0 7 e 	5132.247520014	0.000801961	4
1 4 1 0 28 e 	5134.652124088	0.000605771	3
0 2 2 0 8 e 	5135.465870767	0.000604015	5
2 2 1 0 42 e 	5136.755318478	0.001057637	3
0 2 2 0 9 e 	5139.086664076	0.000603997	5
0 1 2 1 51 e 	5139.094529790	0.001737256	3
3 0 1 0 51 e 	5139.570543100	0.000405262	1
0 1 2 1 51 f 	5139.674939282	0.001740592	1
1 0 2 0 30 e 	5139.836984985	0.000683944	4
0 2 2 2 11 e 	5140.086225032	0.010606481	2
1 4 1 2 29 e 	5140.406290330	0.010617986	1
1 3 1 1 58 e 	5141.278079045	0.002155395	2
1 3 1 1 58 f 	5142.800006358	0.005254862	1
0 5 1 1 48 e 	5142.821831693	0.000770192	2
0 2 2 0 10 e 	5143.109732594	0.000802026	4
0 2 2 2 12 e 	5144.915041433	0.010605849	2
1 4 1 0 29 e 	5146.382138566	0.000683970	2
0 2 2 0 11 e 	5147.534601496	0.000603382	6
0 4 1 0 70 e 	5148.690351874	0.001318797	2
0 2 2 2 13 e 	5150.146076489	0.010607515	1
1 0 2 0 31 e 	5152.230322671	0.000684041	3
0 2 2 0 12 e 	5152.362032405	0.000604038	6
1 4 1 2 30 e 	5152.531540992	0.010621946	1
0 0 2 0 72 e 	5153.624634126	0.001812472	2
2 2 1 0 43 e 	5154.059831705	0.001057601	3
0 2 2 2 14 e 	5155.779464571	0.010608516	1
0 2 2 0 13 e 	5157.591713419	0.000604048	5
1 4 1 0 30 e 	5158.516572237	0.000605889	3
0 1 2 1 52 e 	5159.943714101	0.001974194	2
3 0 1 0 52 e 	5160.331233919	0.000411988	2
0 1 2 1 52 f 	5160.546836352	0.002054862	1
0 5 1 1 49 e 	5162.677003229	0.001217256	2
2 4 0 0 83 e 	5162.721298132	0.003985392	1
0 2 2 0 14 e 	5163.223336840	0.000803414	3
1 0 2 0 32 e 	5165.022712324	0.000684001	3
1 3 1 1 59 e 	5165.072134359	0.002155528	1
1 4 1 2 31 f 	5165.101234290	0.010622706	1
0 2 2 2 16 e 	5168.250303474	0.010607880	1
0 2 2 0 15 e 	5169.257484722	0.000605055	5
1 4 1 0 31 e 	5171.055464372	0.000605320	3
2 2 1 0 44 e 	5171.766353797	0.000790640	3
1 2 1 2 78 e 	5173.430622024	0.002826507	1
0 2 2 2 17 e 	5175.090115586	0.010607291	2
0 2 2 0 16 e 	5175.693688756	0.000803414	4
0 4 1 0 71 e 	5177.457441154	0.001396796	1
1 4 1 2 32 e 	5178.028595922	0.010617342	1
1 0 2 0 33 e 	5178.214522495	0.000684041	3
1 2 1 0 78 e 	5179.672722024	0.002826507	1
0 1 2 1 53 e 	5181.192983305	0.002155262	3
3 0 1 0 53 e 	5181.490301213	0.000485262	2
0 1 2 1 53 f 	5181.818929571	0.004940592	1
0 2 2 2 18 e 	5182.331950123	0.010607904	1
0 2 2 0 17 e 	5182.531986499	0.000803490	3
0 0 2 0 73 e 	5182.818394593	0.001890471	2
0 5 1 1 50 e 	5182.936688788	0.000774194	1
1 4 1 0 32 e 	5183.998700277	0.000605342	2
0 2 2 0 18 e 	5189.772546272	0.000803517	3
2 2 1 0 45 e 	5189.874746337	0.001117256	3
1 3 1 1 60 f 	5190.892533547	0.001017183	1
1 4 1 2 33 e 	5191.400012082	0.010617986	1
1 4 1 2 33 f 	5191.412432861	0.010622706	2
1 0 2 0 34 e 	5191.805558225	0.000677392	4
2 4 0 0 84 e 	5196.267027161	0.004184118	1
1 4 1 0 33 e 	5197.346544121	0.000605986	2
0 2 2 0 19 e 	5197.415274411	0.000803539	3
0 2 2 2 20 e 	5198.023650124	0.010607904	1
0 6 1 0 5 e 	5202.111654944	0.000602160	2
0 1 2 1 54 e 	5202.841961130	0.003174194	2
3 0 1 0 54 e 	5203.047697475	0.000487263	2
0 1 2 1 54 f 	5203.491512248	0.000854862	1
0 5 1 1 51 e 	5203.601037308	0.001737256	2
0 6 1 0 6 e 	5204.551618626	0.000800627	1
1 4 1 2 34 e 	5205.142181931	0.010618008	1
1 4 1 2 34 f 	5205.174205572	0.010618920	1
0 2 2 0 20 e 	5205.460330572	0.000605490	4
1 0 2 0 35 e 	5205.808097410	0.200004008	2
0 4 1 0 72 e 	5206.628321826	0.001812472	1
0 6 1 0 7 e 	5207.397365036	0.000602627	1
2 2 1 0 46 e 	5208.505633383	0.200074244	2
0 6 1 0 8 e 	5210.650395509	0.000604015	1
1 4 1 0 34 e 	5211.098697968	0.000606008	2
0 0 2 0 74 e 	5212.410149626	0.002306147	2
1 3 1 1 61 e 	5213.864568471	0.002155728	1
0 2 2 0 21 e 	5213.968284516	0.200003539	2
0 6 1 0 9 e 	5214.308390825	0.000603382	2
0 2 2 2 22 f 	5215.193573206	0.012016020	1
0 2 2 2 22 e 	5215.232420043	0.010624825	3
1 3 1 1 61 f 	5215.543008894	0.001017083	1
1 4 1 2 35 e 	5219.318560305	0.010618023	2
1 4 1 2 35 f 	5219.341131431	0.010623670	1
1 0 2 0 36 e 	5220.184952946	0.000677489	3
0 2 2 0 22 e 	5222.756251567	0.000605539	5
0 2 2 2 23 e 	5224.463984319	0.010619541	1
0 5 1 1 52 e 	5224.669866805	0.001974194	2
0 1 2 1 55 e 	5224.890408910	0.000955262	3
3 0 1 0 55 e 	5225.003290503	0.000576658	2
1 4 1 0 35 e 	5225.255597740	0.000606001	2
0 1 2 1 55 f 	5225.564393037	0.006140592	1
2 2 1 0 47 e 	5227.406115600	0.200117256	2
0 4 1 2 73 e 	5229.284349120	0.001890471	1
2 4 0 0 85 e 	5230.259235198	0.004599150	1
0 2 2 0 23 e 	5232.007269962	0.000605647	4
0 6 1 0 13 e 	5233.009813611	0.000604048	1
1 4 1 2 36 e 	5233.871706466	0.010618008	2
1 4 1 2 36 f 	5233.912915378	0.011827440	1
0 2 2 2 24 e 	5234.140582261	0.010621543	2
1 0 2 0 37 e 	5234.973235678	0.000677408	4
0 6 1 0 14 e 	5238.701465974	0.000604055	2
1 3 1 1 62 e 	5238.863589260	0.002155635	2
1 4 1 0 36 e 	5239.816550212	0.000606008	1
1 3 1 1 62 f 	5240.596333547	0.001017183	1
0 2 2 0 24 e 	5241.660475210	0.000605106	5
0 0 2 0 75 e 	5242.399906096	0.002397488	2
1 2 1 0 80 e 	5243.701514098	0.003039988	1
0 2 2 2 25 e 	5244.176658538	0.010619541	2
0 6 1 0 15 e 	5244.799733777	0.000605055	1
0 5 1 1 53 e 	5246.143009132	0.002937256	1
2 2 1 0 48 e 	5246.609402895	0.000801314	2
3 0 1 0 56 e 	5247.343866877	0.000567263	3
0 1 2 1 56 f 	5248.037142265	0.002054862	1
1 4 1 2 37 e 	5248.843003865	0.010619006	1
1 4 1 2 37 f 	5248.887149744	0.010615670	2
1 0 2 0 38 e 	5250.160392798	0.000677518	3
0 6 1 0 16 e 	5251.304756245	0.000605400	2
0 2 2 0 25 e 	5251.715678783	0.000605722	4
0 2 2 2 26 e 	5254.622123398	0.010621543	1
1 4 1 0 37 e 	5254.782204872	0.000677408	1
0 6 1 0 17 e 	5258.215429209	0.000605414	1
0 4 1 2 74 e 	5259.217146426	0.002306147	1
0 2 2 0 26 e 	5262.172403935	0.000803834	4
1 4 1 2 38 e 	5264.215931001	0.010621342	1
1 3 1 1 63 e 	5264.264568471	0.002155728	1
1 4 1 2 38 f 	5264.267215378	0.010627440	2
2 4 0 0 86 e 	5264.634364011	0.004864589	1
0 2 2 2 27 e 	5265.496902279	0.010621320	2
1 0 2 0 39 e 	5265.746666581	0.000677502	3
1 3 1 1 63 f 	5266.052383074	0.001017310	1
0 4 1 0 74 e 	5266.182146426	0.002306147	1
2 2 1 0 49 e 	5266.324212149	0.000799313	2
0 5 1 1 54 e 	5268.020661130	0.003174194	1
3 0 1 0 57 e 	5270.106558891	0.000569264	2
1 4 1 0 38 e 	5270.151829615	0.000606070	3
0 1 2 1 57 e 	5270.188298779	0.000955262	2
0 1 2 1 57 f 	5270.910327679	0.005816863	1
0 0 2 0 76 e 	5272.787522024	0.002826507	1
0 2 2 0 27 e 	5273.031778756	0.000605834	4
0 6 1 0 19 e 	5273.257268234	0.000803539	1
1 2 1 0 81 e 	5276.316805826	0.003158014	2
0 2 2 2 28 e 	5276.747323398	0.010621543	1
2 3 1 1 1 e 	5280.943062124	0.000811122	1
0 6 1 0 20 e 	5281.388186206	0.000803573	1
1 0 2 0 40 e 	5281.716626157	0.200004170	2
2 3 1 1 2 e 	5281.749704902	0.000811095	2
2 3 1 1 2 f 	5281.751557651	0.000811088	1
2 3 1 1 3 e 	5282.959217832	0.000809094	2
2 3 1 1 3 f 	5282.962601359	0.000809087	1
0 2 2 0 28 e 	5284.292042745	0.000803915	3
2 3 1 1 4 e 	5284.568605806	0.000809762	2
2 3 1 1 4 f 	5284.573156802	0.000809756	2
1 4 1 0 39 e 	5285.926066878	0.000677502	1
2 2 1 0 50 e 	5286.330745704	0.200203260	1
2 3 1 1 5 e 	5286.589063311	0.000805094	2
2 3 1 1 5 f 	5286.596205168	0.000805087	2
0 2 2 2 29 e 	5288.425671802	0.010621320	1
2 3 1 1 6 e 	5289.002450328	0.000805822	2
2 3 1 1 6 f 	5289.015385378	0.000805756	2
0 4 1 2 75 e 	5289.553040065	0.002143980	1
1 3 1 1 64 e 	5290.067957084	0.003062904	1
0 5 1 1 55 e 	5290.302610785	0.000955262	1
2 3 1 1 7 e 	5291.825577743	0.000805094	2
2 3 1 1 7 f 	5291.848646801	0.000805087	2
3 0 1 0 58 e 	5293.256738455	0.000571266	2
0 1 2 1 58 e 	5293.436640492	0.002155395	3
0 1 2 1 58 f 	5294.183406358	0.005254862	1
2 3 1 1 8 e 	5295.045539556	0.000805822	2
2 3 1 1 8 f 	5295.078645909	0.000805756	2
0 2 2 0 29 e 	5295.955874483	0.000605320	3
1 4 1 2 40 e 	5296.174784473	0.010624105	1
0 4 1 0 75 e 	5296.564740065	0.002143980	1
1 0 2 0 41 e 	5298.115985211	0.000677554	3
2 3 1 1 9 e 	5298.671994835	0.000805856	2
2 3 1 1 9 f 	5298.713877745	0.000805842	2
0 6 1 0 22 e 	5298.869982090	0.000803647	1
0 2 2 2 30 e 	5300.472418457	0.010617342	3
2 3 1 1 10 e 	5302.700432993	0.000806488	2
2 3 1 1 10 f 	5302.753689196	0.000806475	2
2 2 1 0 51 e 	5306.883433100	0.200205262	1
2 3 1 1 11 e 	5307.131971393	0.000805856	2
2 3 1 1 11 f 	5307.195614575	0.000805842	2
0 2 2 0 30 e 	5308.020655487	0.000605889	5
2 3 1 1 12 e 	5311.966675910	0.000806632	2
2 3 1 1 12 f 	5312.041494820	0.000806498	2
1 4 1 2 41 e 	5312.760719698	0.010623006	1
0 2 2 2 31 e 	5312.958451206	0.010617986	2
0 5 1 1 56 e 	5312.988349572	0.004374194	1
1 0 2 0 42 e 	5314.898716797	0.001057637	3
1 3 1 1 65 e 	5316.272562839	0.003049561	1
3 0 1 0 59 e 	5316.804375055	0.000647456	2
0 1 2 1 59 e 	5317.086225692	0.002155262	2
2 3 1 1 13 e 	5317.204049021	0.000806515	2
2 3 1 1 13 f 	5317.291849285	0.000806508	1
0 1 2 1 59 f 	5317.856694118	0.001016863	1
0 6 1 0 24 e 	5317.977224090	0.000803647	1
1 3 1 1 65 f 	5318.171949017	0.001097450	2
1 4 1 0 41 e 	5318.687512626	0.000606118	2
0 2 2 0 31 e 	5320.563763626	0.200003946	2
2 3 1 1 14 e 	5322.846005620	0.000810632	2
2 3 1 1 14 f 	5322.945779263	0.000806515	1
0 2 2 2 32 e 	5325.812616620	0.010617342	2
0 4 1 0 76 e 	5327.351852826	0.002559656	1
2 2 1 0 52 e 	5327.877955265	0.000898659	2
2 3 1 1 15 e 	5328.887728477	0.000809849	2
2 3 1 1 15 f 	5329.003368778	0.000807515	2
1 4 1 2 42 f 	5329.825199977	0.010647578	2
1 0 2 0 43 e 	5332.080430524	0.001057601	3
0 2 2 0 32 e 	5333.355868177	0.000605342	5
2 4 0 0 88 e 	5334.570224011	0.004864589	1
2 3 1 1 16 e 	5335.334192309	0.000814632	2
2 3 1 1 16 f 	5335.464368360	0.000807285	2
1 4 1 0 42 e 	5335.674692163	0.000606134	4
0 6 1 0 26 e 	5338.711203838	0.000803722	1
0 2 2 2 33 e 	5339.098134591	0.010618023	1
3 0 1 0 60 e 	5340.749785686	0.000647583	2
0 1 2 1 60 e 	5341.133279009	0.002155395	3
0 1 2 1 60 f 	5341.929774469	0.001016970	1
2 3 1 1 17 e 	5342.183059393	0.000813849	2
2 3 1 1 17 f 	5342.329739258	0.000807874	2
1 2 1 0 83 e 	5342.749182381	0.003651689	1
1 3 1 1 66 e 	5342.876307165	0.011063287	1
1 3 1 1 66 f 	5344.835409497	0.001097543	1
0 2 2 0 33 e 	5346.626255613	0.000605986	4
1 4 1 2 43 e 	5347.139696395	0.011143006	1
2 2 1 0 53 e 	5349.151546711	0.200285262	1
2 3 1 1 18 e 	5349.434434933	0.000817414	1
2 3 1 1 18 f 	5349.598565858	0.000807285	2
1 0 2 0 44 e 	5349.687420238	0.200074244	1
0 2 2 2 34 e 	5352.758681931	0.010618008	1
1 4 1 0 43 e 	5353.066471453	0.000632170	3
2 3 1 1 19 e 	5357.088918354	0.000816825	1
2 3 1 1 19 f 	5357.271187335	0.000807897	2
0 5 1 1 58 e 	5359.572915257	0.003355395	1
0 2 2 0 34 e 	5360.298304240	0.000605342	5
1 4 1 2 44 f 	5365.029402066	0.010647578	1
3 0 1 0 61 e 	5365.093133504	0.000647730	2
2 3 1 1 20 e 	5365.145604835	0.000817437	2
2 3 1 1 20 f 	5365.347065810	0.000810619	2
0 1 2 1 61 e 	5365.579890417	0.001655528	2
0 0 2 0 79 e 	5366.336129272	0.003158014	1
0 1 2 1 61 f 	5366.403008894	0.001017083	1
0 2 2 2 35 e 	5366.849434591	0.010618023	1
1 0 2 0 45 e 	5367.639602425	0.000799313	3
1 3 1 1 67 e 	5369.887404860	0.004249561	2
2 4 0 0 89 e 	5370.132462574	0.005579828	1
1 4 1 0 44 e 	5370.862381474	0.000632242	2
2 2 1 0 54 e 	5370.920209488	0.000985331	2
1 3 1 1 67 f 	5371.901496886	0.011143287	1
2 3 1 1 21 e 	5373.605324770	0.000820825	1
2 3 1 1 21 f 	5373.827086877	0.000811897	1
0 2 2 0 35 e 	5374.372204690	0.000606001	5
1 2 1 0 84 e 	5376.565852979	0.003436796	1
0 2 2 2 36 e 	5381.313281931	0.010618008	1
2 3 1 1 22 e 	5382.467767360	0.000820771	1
2 3 1 1 22 f 	5382.710438192	0.000814619	2
1 4 1 2 45 f 	5383.237660249	0.010659656	2
0 5 1 1 59 e 	5383.474010566	0.002155262	2
1 0 2 0 46 e 	5386.017253188	0.000790640	2
0 2 2 0 36 e 	5388.847639195	0.000606070	4
1 4 1 0 45 e 	5389.062354634	0.000644320	2
3 0 1 0 62 e 	5389.834014731	0.000960868	1
0 1 2 1 62 e 	5390.426097555	0.002155635	1
0 1 2 1 62 f 	5391.275633547	0.001017183	1
2 3 1 1 23 e 	5391.732711179	0.000824825	2
2 3 1 1 23 f 	5391.997575634	0.000815173	2
2 2 1 0 55 e 	5393.044518136	0.000976658	2
0 2 2 2 37 e 	5396.206186019	0.010618023	1
1 3 1 1 68 e 	5397.294898435	0.011143287	1
0 6 1 0 31 e 	5397.661000573	0.000605986	3
0 0 2 0 80 e 	5398.314277597	0.003043190	1
2 3 1 1 24 e 	5401.400158585	0.000819541	2
2 3 1 1 24 f 	5401.688039575	0.000819208	1
1 4 1 2 46 e 	5401.737079561	0.010697256	1
0 2 2 0 37 e 	5403.724798428	0.000804105	3
1 0 2 0 47 e 	5404.793311676	0.000799313	2
2 4 0 0 90 e 	5406.090711491	0.005945198	1
1 4 1 0 46 e 	5407.666898868	0.000677256	2
0 5 1 1 60 e 	5407.776670193	0.002155395	2
0 6 1 0 32 e 	5410.670340278	0.000605342	1
2 3 1 1 25 e 	5411.470446878	0.000821543	2
0 2 2 2 38 e 	5411.473157737	0.010621342	2
2 3 1 1 25 f 	5411.782170574	0.000815247	2
3 0 1 0 63 e 	5414.972847513	0.000647943	1
2 2 1 0 56 e 	5415.530093032	0.200367263	1
0 1 2 1 63 e 	5415.671326744	0.002155728	3
0 1 2 1 63 f 	5416.548183074	0.001017310	1
0 2 2 0 38 e 	5419.003835808	0.000606105	4
2 3 1 1 26 e 	5421.943367786	0.000819541	2
2 3 1 1 26 f 	5422.279972575	0.000819208	1
1 0 2 0 48 e 	5423.967903449	0.000801314	2
0 6 1 0 33 e 	5424.086675871	0.000605986	2
1 3 1 1 69 e 	5425.108237279	0.006249561	1
1 4 1 0 47 e 	5426.675491674	0.000759257	1
0 2 2 2 39 e 	5427.156619698	0.010623006	1
1 3 1 1 69 f 	5427.240096886	0.011143287	1
0 0 2 0 81 e 	5430.690082381	0.003651689	1
0 5 1 1 61 e 	5432.483134359	0.002155528	1
2 3 1 1 27 e 	5432.818402004	0.000821543	2
2 3 1 1 27 f 	5433.181083694	0.000818920	2
0 2 2 0 39 e 	5434.684218604	0.000606118	4
0 6 1 0 34 e 	5437.909345245	0.000605342	2
2 2 1 0 57 e 	5438.467583486	0.200369264	1
3 0 1 0 64 e 	5440.509452694	0.000661286	2
0 1 2 1 64 e 	5441.315819024	0.002155835	2
0 1 2 1 64 f 	5442.220293041	0.001017390	1
2 4 0 0 91 e 	5442.445533484	0.007087123	1
0 2 2 2 40 e 	5443.260886270	0.010620105	1
1 0 2 0 49 e 	5443.541020709	0.000799313	3
2 3 1 1 28 e 	5444.096463362	0.000821320	2
2 3 1 1 28 f 	5444.485503556	0.000815371	2
1 2 1 0 86 e 	5445.400404011	0.005064589	1
1 4 1 0 48 e 	5446.088514148	0.000757256	2
4 0 1 0 3 e 	5447.351266431	0.000800294	1
0 2 2 0 40 e 	5450.766190361	0.000606134	3
4 0 1 0 5 e 	5450.937370200	0.000800294	2
0 6 1 0 35 e 	5452.138605617	0.000606001	2
4 0 1 0 6 e 	5453.328250813	0.000801997	1
1 1 2 1 2 e 	5453.663798287	0.000811095	2
1 1 2 1 2 f 	5453.665740848	0.000815088	1
0 4 1 0 80 e 	5454.533514098	0.003039988	1
1 1 2 1 3 e 	5454.865733540	0.000809094	1
1 1 2 1 3 f 	5454.868466284	0.000811115	1
1 3 1 1 70 f 	5455.513192603	0.008818072	1
2 3 1 1 29 e 	5455.776466575	0.000817946	2
4 0 1 0 7 e 	5456.117684969	0.000801961	1
2 3 1 1 29 f 	5456.193760897	0.000814920	1
0 5 1 1 62 e 	5457.594089260	0.002155635	2
1 1 2 1 5 e 	5458.470518082	0.000805094	1
4 0 1 0 8 e 	5459.305692813	0.000801997	1
1 4 1 2 49 e 	5459.963833788	0.010774194	1
1 1 2 1 6 e 	5460.875710481	0.000873098	1
1 1 2 1 6 f 	5460.883897802	0.000805756	1
2 2 1 0 58 e 	5461.829003883	0.200371266	1
4 0 1 0 9 e 	5462.891730269	0.000802015	2
0 0 2 0 82 e 	5463.462752979	0.003436796	1
1 0 2 0 50 e 	5463.512403339	0.000801314	2
1 1 2 1 7 e 	5463.677531403	0.000806471	1
1 4 1 0 49 e 	5465.905807389	0.000763260	2
3 0 1 0 65 e 	5466.443333907	0.000663287	2
0 6 1 0 36 e 	5466.774375081	0.000606008	2
4 0 1 0 10 e 	5466.876107765	0.000802026	2
1 1 2 1 8 e 	5466.881185603	0.000806488	2
0 2 2 0 41 e 	5467.249692811	0.000804242	3
0 1 2 1 65 e 	5467.360427353	0.003049561	3
2 3 1 1 30 e 	5467.859270303	0.000817986	2
0 1 2 1 65 f 	5468.294009497	0.011097543	1
2 3 1 1 30 f 	5468.304954464	0.000818706	2
1 1 2 1 9 e 	5470.485839027	0.000805856	2
4 0 1 0 11 e 	5471.259205243	0.000802038	2
1 1 2 1 10 e 	5474.491881264	0.000806632	1
0 2 2 2 42 e 	5476.630686270	0.010620105	2
1 1 2 1 11 e 	5478.897330520	0.000806515	1
2 4 0 0 92 e 	5479.195745013	0.007100465	1
1 4 1 2 50 e 	5480.178310483	0.011737256	1
2 3 1 1 31 e 	5480.344315535	0.000817342	2
1 2 1 0 87 e 	5480.390565198	0.004799150	1
2 3 1 1 31 f 	5480.819922487	0.000814920	2
0 6 1 0 37 e 	5481.816473511	0.000606023	2
1 3 1 1 71 e 	5481.934637279	0.006249561	1
0 5 1 1 63 e 	5483.108765655	0.002155728	2
1 1 2 1 12 e 	5483.702263604	0.000866515	1
1 1 2 1 12 f 	5483.742780320	0.000806498	2
1 0 2 0 51 e 	5483.882142797	0.000809987	3
0 2 2 0 42 e 	5484.134783544	0.000606134	4
1 3 1 1 71 f 	5484.188049561	0.011396796	1
2 2 1 0 59 e 	5485.550814818	0.001084677	2
1 4 1 0 50 e 	5486.127203174	0.000801314	1
4 0 1 0 14 e 	5486.799191081	0.000803414	1
1 1 2 1 13 f 	5488.945493285	0.000806508	1
3 0 1 0 66 e 	5492.775144460	0.000661286	1
4 0 1 0 15 e 	5492.775521215	0.000803400	2
2 3 1 1 32 e 	5493.232067661	0.000821986	1
2 3 1 1 32 f 	5493.737861675	0.000823670	1
0 1 2 1 66 e 	5493.799907165	0.011063287	1
0 2 2 2 43 e 	5493.895496395	0.011143006	2
1 1 2 1 14 e 	5494.516518603	0.000866515	2
1 1 2 1 14 f 	5494.569386930	0.000806515	2
0 1 2 1 66 f 	5494.763509497	0.000697543	1
0 0 2 0 83 e 	5496.632908132	0.004185392	2
0 6 1 0 38 e 	5497.265099950	0.000606070	1
4 0 1 0 16 e 	5499.150277657	0.000803437	1
1 4 1 2 51 e 	5500.799792064	0.011974194	1
1 4 1 2 51 f 	5500.963965200	0.010770859	2
0 2 2 0 43 e 	5501.421342611	0.000632170	4
1 0 2 0 52 e 	5504.650077515	0.000811988	3
4 0 1 0 17 e 	5505.923730595	0.000803427	2
2 3 1 1 33 e 	5506.521965757	0.000818008	1
1 1 2 1 16 e 	5506.931444975	0.000873849	1
2 3 1 1 33 f 	5507.059238325	0.000822255	1
2 2 1 0 60 e 	5509.679093909	0.001082676	1
1 3 1 1 72 e 	5511.385181974	0.011890471	2
0 2 2 2 44 e 	5511.604786270	0.011820105	1
4 0 1 0 18 e 	5513.095583710	0.000803437	2
0 6 1 0 39 e 	5513.120575821	0.000606079	2
1 3 1 1 72 f 	5513.264794055	0.008818072	2
1 1 2 1 17 e 	5513.740252366	0.000874632	2
1 1 2 1 17 f 	5513.817317724	0.000807874	1
0 2 2 0 44 e 	5519.168479031	0.200004320	2
3 0 1 0 67 e 	5519.504454318	0.000992043	1
2 3 1 1 34 e 	5520.214072412	0.000818023	1
0 1 2 1 67 e 	5520.645015370	0.005449561	1
4 0 1 0 19 e 	5520.665279933	0.000803490	2
2 3 1 1 34 f 	5520.783411675	0.000823670	1
1 1 2 1 18 e 	5520.949444975	0.000873849	1
0 1 2 1 67 f 	5521.634310305	0.001110886	2
1 4 1 2 52 f 	5521.997574426	0.011740592	2
1 0 2 0 53 e 	5525.816218797	0.000976658	2
1 1 2 1 19 e 	5528.557652290	0.000877414	2
4 0 1 0 20 e 	5528.633398763	0.000803517	1
0 6 1 0 40 e 	5529.382435872	0.000606105	1
0 2 2 2 45 e 	5529.678227228	0.010664320	1
0 0 2 0 84 e 	5530.200237161	0.004384118	1
2 3 1 1 35 e 	5534.308792757	0.000818008	1
2 3 1 1 35 f 	5534.911389325	0.000822255	1
1 1 2 1 20 e 	5536.567854258	0.000876825	1
4 0 1 0 21 e 	5536.999780516	0.000803539	2
0 2 2 0 45 e 	5537.198402431	0.000644320	3
1 3 1 1 73 f 	5542.744026119	0.008896071	1
1 4 1 2 53 f 	5543.435364864	0.011970859	1
1 1 2 1 21 e 	5544.976489741	0.000877437	2
1 1 2 1 21 f 	5545.091927877	0.000811897	1
4 0 1 0 22 e 	5545.764364206	0.000803573	1
0 6 1 0 41 e 	5546.051240437	0.000606118	1
3 0 1 0 68 e 	5546.631195037	0.001070042	1
1 0 2 0 54 e 	5547.416889166	0.200287263	1
0 1 2 1 68 e 	5547.884006292	0.010663287	2
0 2 2 2 46 e 	5548.168069237	0.010697256	2
0 2 2 2 46 f 	5548.198261142	0.010700592	1
2 3 1 1 36 e 	5548.805418755	0.000818023	2
0 1 2 1 68 f 	5548.904469204	0.000712887	1
2 3 1 1 36 f 	5549.442441936	0.000815670	2
1 1 2 1 22 e 	5553.786593370	0.000884825	1
1 1 2 1 22 f 	5553.912829027	0.000814619	1
4 0 1 0 23 e 	5554.927233087	0.000803701	1
0 2 2 0 46 e 	5555.688749026	0.000677256	3
2 2 1 0 62 e 	5559.141033992	0.001167813	1
0 5 1 1 66 e 	5562.076857084	0.003062904	1
1 1 2 1 23 e 	5562.996284960	0.002077437	1
0 6 1 0 42 e 	5563.125976714	0.000632242	1
1 1 2 1 23 f 	5563.134430022	0.000815173	1
2 3 1 1 37 e 	5563.704441505	0.000824105	1
0 0 2 0 85 e 	5564.164665198	0.004799150	1
2 3 1 1 37 f 	5564.376529100	0.000824678	2
4 0 1 0 24 e 	5564.488015090	0.000803647	1
0 2 2 2 47 e 	5567.062113788	0.010774194	1
1 0 2 0 55 e 	5569.343018689	0.000976658	2
1 3 1 1 74 e 	5570.619791754	0.012143980	1
1 4 1 0 54 e 	5571.053824754	0.000845262	2
1 3 1 1 74 f 	5572.624395507	0.009311747	1
4 0 1 0 25 e 	5574.447101164	0.000803701	2
0 2 2 0 47 e 	5574.608886415	0.200121259	2
0 1 2 1 69 e 	5575.526980938	0.005049561	3
2 3 1 1 38 e 	5579.005485418	0.000819006	2
2 3 1 1 38 f 	5579.713618764	0.000815670	2
1 1 2 1 25 e 	5582.617507320	0.000879541	1
4 0 1 0 26 e 	5584.804463018	0.000803722	2
0 5 1 1 67 e 	5589.208294350	0.004249561	1
1 0 2 0 56 e 	5591.730093032	0.200367263	1
1 1 2 1 26 e 	5593.028638615	0.000881543	1
1 1 2 1 26 f 	5593.202704575	0.000819208	1
0 2 2 0 48 e 	5593.873687027	0.000757256	2
2 3 1 1 39 e 	5594.708791505	0.000824105	1
2 3 1 1 39 f 	5595.453989947	0.000823440	2
4 0 1 0 27 e 	5595.559556416	0.000803771	2
0 6 1 0 44 e 	5598.495293912	0.000632242	2
0 0 2 0 86 e 	5598.526104011	0.005064589	1
3 0 1 0 70 e 	5602.076990188	0.001323550	2
1 3 1 1 75 f 	5602.907279095	0.009403088	1
1 1 2 1 27 e 	5603.838694727	0.000879541	2
1 1 2 1 27 f 	5604.027037902	0.000819247	1
0 1 2 1 70 f 	5604.643649561	0.021396796	1
3 2 1 0 4 e 	5606.488648626	0.001200627	1
4 0 1 0 28 e 	5606.712967724	0.000803834	2
3 2 1 0 5 e 	5608.499927969	0.001201961	1
2 3 1 1 40 e 	5610.813921059	0.000823006	2
3 2 1 0 6 e 	5610.911936626	0.001200627	1
2 3 1 1 40 f 	5611.597965083	0.000819670	2
0 2 2 0 49 e 	5613.602376524	0.200125262	1
3 2 1 0 7 e 	5613.726945871	0.001201961	2
1 1 2 1 28 e 	5615.048738615	0.000881543	1
1 1 2 1 28 f 	5615.251296413	0.000815371	1
1 4 1 0 56 e 	5615.941996197	0.000929264	1
0 6 1 0 45 e 	5616.789550158	0.000644320	1
3 2 1 0 8 e 	5616.943569187	0.001201997	2
4 0 1 0 29 e 	5618.264172266	0.000803889	2
3 2 1 0 9 e 	5620.562233764	0.001202038	1
0 2 2 2 50 e 	5626.144910483	0.011737256	2
1 1 2 1 29 e 	5626.661630412	0.000881320	1
1 1 2 1 29 f 	5626.876388485	0.000818920	1
2 3 1 1 41 e 	5627.321116117	0.000820105	1
2 3 1 1 41 f 	5628.143779732	0.000823440	1
3 2 1 0 11 e 	5629.006675743	0.001202038	2
4 0 1 0 30 e 	5630.213543387	0.000803986	1
3 0 1 0 71 e 	5630.396219120	0.001690471	1
1 3 1 1 76 e 	5631.458191754	0.012143980	1
0 1 2 1 71 e 	5632.438322826	0.008820472	1
0 1 2 1 71 f 	5633.110929561	0.010996796	1
1 4 1 2 57 f 	5633.215612304	0.011016996	1
0 0 2 0 87 e 	5633.284362574	0.005779828	1
0 2 2 0 50 e 	5633.663273228	0.000761259	3
3 2 1 0 12 e 	5633.831553274	0.001202048	2
0 3 2 1 2 e 	5635.452709072	0.000613122	1
0 6 1 0 46 e 	5635.492511111	0.000677256	1
0 3 2 1 3 e 	5636.650425540	0.000809094	1
1 4 1 0 57 e 	5638.991494684	0.000927263	1
3 2 1 0 13 e 	5639.058079296	0.001202055	2
0 3 2 1 5 e 	5640.270491621	0.000607822	1
4 0 1 0 31 e 	5642.560753126	0.000803946	2
0 3 2 1 6 e 	5642.688687389	0.000805822	1
2 3 1 1 42 e 	5644.230796454	0.000856320	2
3 2 1 0 14 e 	5644.687493830	0.001203389	2
2 3 1 1 42 f 	5645.092443447	0.001339670	1
0 2 2 2 51 e 	5646.645192064	0.011974194	1
0 3 2 1 8 e 	5648.725979537	0.000607856	2
0 3 2 1 8 f 	5648.757560802	0.000805756	1
3 2 1 0 15 e 	5650.718361215	0.001203400	2
1 1 2 1 31 f 	5651.328046897	0.000814920	1
0 3 2 1 9 e 	5652.349027403	0.000806471	1
0 3 2 1 9 f 	5652.388112625	0.000806457	1
0 2 2 0 51 e 	5654.159703365	0.000763260	2
4 0 1 0 32 e 	5655.306228850	0.000803986	2
0 3 2 1 10 e 	5656.374360137	0.000607856	2
0 3 2 1 10 f 	5656.421500377	0.000806498	1
1 4 1 2 58 f 	5656.669541389	0.011016863	1
3 2 1 0 16 e 	5657.150789869	0.001203414	2
3 0 1 0 72 e 	5659.112726426	0.002106147	1
0 3 2 1 11 e 	5660.802309740	0.000608632	3
0 3 2 1 11 f 	5660.858569387	0.000608475	2
2 3 1 1 43 e 	5661.541967359	0.000844242	2
1 4 1 0 58 e 	5662.445641012	0.001007456	1
2 2 1 0 66 e 	5662.873505630	0.001174698	1
1 1 2 1 32 e 	5663.891801873	0.000877946	1
3 2 1 0 17 e 	5663.985512560	0.001203427	1
1 1 2 1 32 f 	5664.154528230	0.000822706	1
0 3 2 1 12 e 	5665.632112910	0.000806632	2
0 3 2 1 12 f 	5665.698965320	0.000806498	2
0 2 2 2 52 e 	5667.530710483	0.011737256	1
0 2 2 2 52 f 	5667.584674534	0.012940592	1
4 0 1 0 33 e 	5668.449547313	0.000803993	1
0 3 2 1 13 e 	5670.864911824	0.000608632	4
3 2 1 0 18 e 	5671.222004210	0.001203437	2
0 2 2 0 52 e 	5675.057136530	0.000845262	2
0 3 2 1 14 e 	5676.499724376	0.000608515	3
0 3 2 1 14 f 	5676.589919695	0.000608508	1
1 1 2 1 33 f 	5677.381476076	0.000818920	1
3 2 1 0 19 e 	5678.860266433	0.001203490	2
2 3 1 1 44 e 	5679.255575856	0.000864320	1
2 3 1 1 44 f 	5680.199151249	0.000859656	2
1 4 1 2 59 f 	5680.526812304	0.011016996	1
4 0 1 0 34 e 	5681.990172663	0.000804001	2
0 3 2 1 15 e 	5682.537394793	0.000616632	2
0 3 2 1 15 f 	5682.640345832	0.000807515	1
3 2 1 0 20 e 	5686.900386763	0.001203517	1
0 2 2 2 53 e 	5688.831606805	0.011974194	2
0 3 2 1 16 e 	5688.977232809	0.000814632	2
0 3 2 1 16 f 	5689.094191380	0.000609515	3
0 1 2 1 73 e 	5690.510413707	0.012306147	1
1 1 2 1 34 e 	5690.713229464	0.000877342	2
1 1 2 1 34 f 	5691.008904675	0.000823670	1
0 1 2 1 73 f 	5691.244206119	0.008496071	1
3 2 1 0 21 e 	5695.342185016	0.001203539	2
4 0 1 0 35 e 	5695.928805410	0.000804008	2
0 3 2 1 17 f 	5695.950890792	0.000807897	1
2 3 1 1 45 f 	5698.356505609	0.000853920	2
0 5 1 1 71 e 	5701.766637279	0.006249561	1
0 3 2 1 18 e 	5703.064528058	0.000618825	1
0 3 2 1 18 f 	5703.211289508	0.000609897	2
3 2 1 0 22 e 	5704.185923148	0.001203573	2
1 1 2 1 35 f 	5705.036268325	0.000822255	1
4 0 1 0 36 e 	5710.265354911	0.000804023	2
0 2 2 2 54 e 	5710.533969445	0.012155262	1
0 3 2 1 19 f 	5710.874380792	0.000807897	1
3 2 1 0 23 e 	5713.431175942	0.001203608	2
2 3 1 1 46 e 	5715.887012599	0.000970192	1
2 3 1 1 46 f 	5716.917199392	0.000867656	1
0 2 2 0 54 e 	5718.055013277	0.000925262	1
0 3 2 1 20 f 	5718.941215310	0.000810619	2
1 1 2 1 36 e 	5719.133497106	0.010621342	1
1 1 2 1 36 f 	5719.464401064	0.000819670	1
0 1 2 1 74 e 	5720.144091942	0.011490471	2
0 1 2 1 74 f 	5720.909145507	0.008911747	1
3 2 1 0 24 e 	5723.077772464	0.001203647	2
4 0 1 0 37 e 	5724.999842558	0.000804105	1
0 3 2 1 21 e 	5727.212329966	0.000619437	2
0 3 2 1 21 f 	5727.410853949	0.000811897	2
0 5 1 1 72 e 	5731.350481985	0.013090471	1
3 2 1 0 25 e 	5733.125863087	0.001203701	1
1 1 2 1 37 e 	5733.943418783	0.000879006	1
1 0 2 0 62 e 	5734.220759361	0.001160868	2
1 1 2 1 37 f 	5734.292084039	0.000824678	1
2 3 1 1 47 e 	5734.805961503	0.000897256	2
1 4 1 0 61 e 	5735.230842755	0.001007583	1
2 3 1 1 47 f 	5735.879938130	0.000900592	2
0 0 2 0 90 e 	5739.940135013	0.006700465	1
4 0 1 0 38 e 	5740.131587079	0.000804079	2
0 2 2 0 55 e 	5740.155494684	0.000927263	1
0 3 2 1 23 f 	5745.559876688	0.000616619	1
3 0 1 0 75 e 	5747.646796096	0.002197488	1
1 1 2 1 38 e 	5749.152615334	0.000880105	1
1 1 2 1 38 f 	5749.520368809	0.000815670	1
0 1 2 1 75 e 	5750.176265580	0.011906147	2
0 1 2 1 75 f 	5750.973328065	0.008749580	1
2 3 1 1 48 e 	5754.126167599	0.000970192	1
0 3 2 1 24 e 	5754.981347525	0.000623543	2
0 2 2 2 56 e 	5755.132069253	0.010955262	2
0 3 2 1 24 f 	5755.239421466	0.000815208	2
1 0 2 0 63 e 	5759.365663396	0.001167666	2
1 4 1 0 62 e 	5760.300603821	0.001007730	1
0 3 2 1 25 e 	5765.041791081	0.000621541	1
0 3 2 1 25 f 	5765.321264246	0.000815247	1
4 0 1 0 40 e 	5771.588082350	0.000804118	1
2 3 1 1 49 e 	5773.848427483	0.001937256	1
1 2 1 0 95 e 	5774.951951046	0.008068078	1
2 3 1 1 49 f 	5775.013301700	0.001420592	2
0 3 2 1 26 f 	5775.806681575	0.000819208	1
0 2 2 2 57 e 	5778.033558420	0.012155668	1
0 1 2 1 76 e 	5780.607047096	0.009409488	1
1 1 2 1 40 e 	5780.771072697	0.000904242	1
1 1 2 1 40 f 	5781.177083719	0.000819670	1
0 1 2 1 76 f 	5781.436195741	0.012159656	1
1 0 2 0 64 e 	5784.907633992	0.001167813	1
0 2 2 0 57 e 	5785.558752914	0.001007263	1
0 3 2 1 27 e 	5786.370139859	0.000623320	1
0 3 2 1 27 f 	5786.695069694	0.000818920	2
4 0 1 0 41 e 	5787.912656603	0.000804134	1
0 5 1 1 74 e 	5790.857181962	0.011890471	1
2 4 1 0 2 e 	5793.206702277	0.000886727	2
2 3 1 1 50 e 	5793.971976134	0.000974194	2
2 4 1 0 3 e 	5794.417081510	0.000886887	2
1 1 2 1 41 e 	5797.179980685	0.000916320	1
0 3 2 1 28 f 	5797.986459699	0.000818706	1
2 4 1 0 5 e 	5798.047430700	0.001200294	2
2 4 1 0 6 e 	5800.468024219	0.001200627	2
0 2 2 2 58 e 	5801.333753847	0.012155475	1
2 2 1 0 71 e 	5801.552085151	0.001939227	1
2 0 2 0 0 e 	5801.906436308	0.001200067	1
2 0 2 0 1 e 	5802.305939103	0.000886793	3
2 0 2 0 2 e 	5803.104509536	0.000886727	2
2 4 1 0 7 e 	5803.291594073	0.000888724	2
2 0 2 0 3 e 	5804.301463962	0.000886887	3
4 0 1 0 42 e 	5804.634574824	0.000804320	1
2 0 2 0 4 e 	5805.897736617	0.000886860	3
2 4 1 0 8 e 	5806.519276813	0.001201997	1
2 0 2 0 5 e 	5807.893114966	0.000886887	4
3 0 1 0 77 e 	5808.656708668	0.002464340	1
0 3 2 1 29 f 	5809.680792191	0.000814920	2
2 4 1 0 9 e 	5810.149296609	0.000888753	3
2 0 2 0 6 e 	5810.287784164	0.000887020	4
0 1 2 1 77 f 	5812.297529095	0.009003088	1
2 0 2 0 7 e 	5813.081413836	0.000847465	3
1 1 2 1 42 e 	5813.987542508	0.000904242	1
2 4 1 0 10 e 	5814.182889560	0.001202026	1
2 3 1 1 51 e 	5814.497163483	0.001937256	1
2 3 1 1 51 f 	5815.757105571	0.005140592	1
2 0 2 0 8 e 	5816.274185036	0.000842128	4
2 4 1 0 11 e 	5818.620056743	0.001202038	2
2 0 2 0 9 e 	5819.866349215	0.000835521	3
0 5 1 1 75 e 	5821.216313707	0.012306147	1
2 4 1 0 12 e 	5823.460390579	0.001203389	1
2 0 2 0 10 e 	5823.857516265	0.001202026	2
0 2 2 2 59 f 	5825.106585097	0.011016970	1
2 0 2 0 11 e 	5828.247515147	0.000888753	4
2 4 1 0 13 e 	5828.705296796	0.001202055	2
1 1 2 1 43 e 	5831.194891433	0.000916320	2
1 1 2 1 43 f 	5831.662600283	0.000847578	1
0 2 2 0 59 e 	5832.564842755	0.001007583	1
2 0 2 0 12 e 	5833.036651633	0.000888781	3
0 3 2 1 31 e 	5833.852223784	0.000619986	1
2 4 1 0 14 e 	5834.351098189	0.000888781	3
2 3 1 1 52 e 	5835.423817480	0.002174194	1
2 0 2 0 13 e 	5838.225326228	0.000888775	4
4 0 1 0 44 e 	5839.271647238	0.000874244	1
2 4 1 0 15 e 	5840.400829715	0.001203400	2
2 0 2 0 14 e 	5843.812953037	0.000888781	4
2 4 1 0 16 e 	5846.854284864	0.000890127	3
1 1 2 1 44 e 	5848.801942508	0.000904242	1
0 2 2 2 60 e 	5849.134917864	0.012155482	1
0 2 2 2 60 f 	5849.212578797	0.011017076	1
2 0 2 0 15 e 	5849.799461215	0.001203400	2
0 5 1 1 76 e 	5851.978991754	0.012143980	1
2 4 1 0 17 e 	5853.710560059	0.000883469	3
2 0 2 0 16 e 	5856.186591987	0.000796894	4
2 3 1 1 53 e 	5856.752345723	0.002355262	1
4 0 1 0 45 e 	5857.185693475	0.000872242	1
0 3 2 1 33 f 	5860.487039076	0.000818920	1
2 4 1 0 18 e 	5860.970077316	0.000883482	2
2 0 2 0 17 e 	5862.970371631	0.001203490	1
1 0 2 0 67 e 	5863.918469197	0.001188040	2
1 1 2 1 45 e 	5866.808355609	0.000924320	1
2 4 1 0 19 e 	5868.632621652	0.000883492	3
2 0 2 0 18 e 	5870.155293010	0.000883482	3
3 0 1 0 79 e 	5871.257529272	0.003158014	1
0 3 2 1 34 e 	5873.685173695	0.000620008	1
0 2 2 2 61 f 	5873.718856640	0.011017183	1
0 3 2 1 34 f 	5874.195459064	0.000819670	1
4 0 1 0 46 e 	5875.497202529	0.000919257	1
2 4 1 0 20 e 	5876.698410763	0.001203517	1
2 0 2 0 19 e 	5877.738716652	0.000883492	3
2 3 1 1 54 e 	5878.481784572	0.004574194	1
0 2 2 0 61 e 	5881.173269983	0.001007850	1
2 4 1 0 21 e 	5885.167122245	0.001203539	3
1 1 2 1 46 e 	5885.213532298	0.000957256	1
2 0 2 0 20 e 	5885.721551474	0.000883546	3
2 0 2 0 21 e 	5894.103482016	0.001203539	2
4 0 1 0 47 e 	5894.206493100	0.000917256	2
0 2 2 2 62 e 	5898.536605209	0.012155728	1
0 2 2 2 62 f 	5898.625778797	0.011017076	1
2 3 1 1 55 e 	5900.613103785	0.001155262	1
2 0 2 0 22 e 	5902.884918470	0.000776992	3
2 4 1 0 23 e 	5903.313148087	0.001203701	1
1 1 2 1 47 e 	5904.018424105	0.001030192	1
0 2 2 0 62 e 	5906.078094828	0.001007730	2
2 0 2 0 23 e 	5912.065026942	0.001203608	2
2 4 1 0 24 e 	5912.989957403	0.000883663	1
4 0 1 0 48 e 	5913.312584456	0.000923260	1
0 3 2 1 37 e 	5917.134926418	0.000621006	1
0 3 2 1 37 f 	5917.737468039	0.000824678	1
1 0 2 0 69 e 	5918.578374318	0.001192043	1
2 0 2 0 24 e 	5921.645662012	0.000770390	3
2 4 1 0 25 e 	5923.070342302	0.000883703	1
1 1 2 1 48 e 	5923.222810993	0.000957256	2
0 2 2 2 63 f 	5923.935858041	0.011017390	1
2 3 1 1 56 f 	5924.654845358	0.005454862	1
0 0 2 0 95 e 	5925.629047312	0.012068078	1
2 0 2 0 25 e 	5931.626649217	0.000770429	2
0 3 2 1 38 e 	5932.422016311	0.000622105	1
4 0 1 0 49 e 	5932.816002969	0.000921259	2
0 3 2 1 38 f 	5933.056986264	0.000815670	2
3 0 1 0 81 e 	5935.451362381	0.003651689	1
2 0 2 0 26 e 	5942.005910354	0.000763811	1
1 1 2 1 49 e 	5942.825624105	0.001030192	1
1 0 2 0 70 e 	5946.504098550	0.001523550	1
0 3 2 1 39 f 	5948.779222732	0.000823440	1
0 2 2 2 64 e 	5949.538505209	0.012155728	2
0 2 2 2 64 f 	5949.642970726	0.011097450	1
4 0 1 0 50 e 	5952.715730456	0.000923260	1
1 2 2 2 3 e 	5954.821367740	0.014013521	1
1 2 2 0 1 e 	5959.730447857	0.001200133	1
1 2 2 0 2 e 	5960.533549963	0.001200067	2
1 2 2 2 6 e 	5960.846347469	0.014005849	1
1 2 2 0 3 e 	5961.737983387	0.001200133	2
1 1 2 1 50 e 	5962.828274572	0.001997256	1
1 2 2 0 4 e 	5963.344130921	0.000802294	3
1 2 2 2 7 e 	5963.647623343	0.010805822	1
0 3 2 1 40 e 	5964.200788111	0.000622105	1
0 3 2 1 40 f 	5964.903690447	0.001339670	1
1 2 2 0 5 e 	5965.351482092	0.000802627	4
1 2 2 2 8 e 	5966.860392573	0.010805849	1
1 2 2 2 8 f 	5966.860552611	0.010805842	1
1 2 2 0 6 e 	5967.759536975	0.001200627	4
1 2 2 2 9 f 	5970.475169543	0.010805829	1
1 2 2 0 7 e 	5970.569837474	0.001201961	4
4 0 1 0 51 e 	5973.014453524	0.000925262	1
1 2 2 0 8 e 	5973.781671745	0.001201997	4
1 2 2 2 10 e 	5974.490832573	0.010805849	1
1 2 2 2 10 f 	5974.490987611	0.010805842	1
0 2 2 2 65 e 	5975.638775964	0.012155835	1
0 2 2 2 65 f 	5975.750458041	0.011017390	1
1 2 2 0 9 e 	5977.394615728	0.001202015	4
1 2 2 2 11 e 	5978.908414914	0.010806505	1
1 2 2 0 10 e 	5981.409684015	0.000804015	6
0 3 2 1 41 f 	5981.431273283	0.000847578	1
0 2 2 0 65 e 	5983.195977168	0.001101286	1
1 1 2 1 51 e 	5983.229403829	0.001034194	2
1 2 2 2 12 e 	5983.727437854	0.010806515	1
1 2 2 0 11 e 	5985.825019812	0.001202038	4
1 2 2 2 13 e 	5988.947807914	0.010806505	1
1 2 2 2 13 f 	5988.948291177	0.010806498	1
1 2 2 0 12 e 	5990.642465502	0.001202048	4
2 3 1 1 59 e 	5993.148689359	0.002355528	1
1 2 2 2 14 e 	5994.570250854	0.010806515	1
1 2 2 2 14 f 	5994.570522476	0.010806521	1
1 2 2 0 13 e 	5995.861201929	0.000805055	5
0 3 2 1 42 f 	5998.360856447	0.001339670	1
1 2 2 2 15 f 	6000.591962763	0.010807285	1
1 2 2 2 15 e 	6000.592351135	0.010807291	2
1 2 2 0 14 e 	6001.481619320	0.000804055	5
1 2 2 2 16 e 	6007.016448474	0.010807880	1
1 2 2 2 16 f 	6007.017139553	0.010807874	1
1 2 2 0 15 e 	6007.502952714	0.000805055	6
0 2 2 0 66 e 	6009.702286204	0.001103287	1
1 2 2 2 17 e 	6013.842504086	0.010807291	2
1 2 2 2 17 f 	6013.842708630	0.010807285	1
1 2 2 0 16 e 	6013.926035809	0.000804825	5
0 3 2 1 43 f 	6015.692893283	0.000847578	1
2 3 1 1 60 f 	6019.016896547	0.001217183	1
1 2 2 0 17 e 	6020.749683616	0.000805414	6
1 2 2 2 18 e 	6021.070467799	0.010807880	2
2 0 2 0 33 e 	6025.849181038	0.000770768	2
1 2 2 0 18 e 	6027.975281423	0.000804825	6
1 2 2 2 19 f 	6028.700343630	0.010807285	1
1 2 2 2 19 e 	6028.700415407	0.010807291	2
1 6 1 0 9 e 	6030.310785764	0.001202038	1
0 3 2 1 44 f 	6033.427505249	0.000859656	2
1 2 2 0 19 e 	6035.601728104	0.000805437	6
1 2 2 2 20 f 	6036.731840923	0.010807897	1
1 2 2 0 20 e 	6043.629796573	0.000805539	5
1 6 1 0 13 e 	6048.967344723	0.001202055	1
0 3 2 1 45 e 	6050.677119453	0.002264320	1
1 2 2 0 21 e 	6052.058737540	0.001203539	4
1 2 2 2 22 e 	6053.903880833	0.010824825	1
1 6 1 0 15 e 	6060.729001560	0.001203427	1
1 2 2 0 22 e 	6060.889673777	0.000805539	6
1 2 2 2 23 f 	6063.099873897	0.010814619	1
1 2 2 2 23 e 	6063.128648075	0.010823541	1
3 0 1 0 85 e 	6068.636898132	0.004185392	1
1 1 2 1 55 e 	6068.824071816	0.001221060	1
0 3 2 1 46 f 	6070.103600120	0.000966856	1
1 2 2 0 23 e 	6070.121039825	0.000805647	5
1 2 2 2 24 e 	6072.774291689	0.010821543	1
1 2 2 2 24 f 	6072.818487004	0.010815173	1
1 2 2 0 24 e 	6079.753850893	0.001203647	3
0 0 2 0 99 e 	6081.316584026	0.044068078	1
1 2 2 2 25 f 	6082.773755815	0.010815208	2
1 2 2 2 25 e 	6082.790861319	0.010819541	1
1 6 1 0 19 e 	6089.119423234	0.001203539	1
1 2 2 0 25 e 	6089.788023730	0.000805647	5
1 0 2 0 75 e 	6092.085481781	0.002693081	1
1 2 2 2 26 f 	6093.213067751	0.010818920	1
1 2 2 2 26 e 	6093.215083398	0.010821543	1
1 2 2 0 26 e 	6100.223020105	0.000805771	5
1 2 2 2 27 f 	6104.052132141	0.010815371	1
1 2 2 2 27 e 	6104.067384779	0.010821320	2
1 6 1 0 21 e 	6105.748165797	0.001203608	1
0 3 2 1 48 e 	6107.380240166	0.003337256	1
0 3 2 1 48 f 	6108.388322120	0.000966856	1
1 2 2 0 27 e 	6111.059364196	0.000805722	6
1 1 2 1 57 e 	6114.014809751	0.001221060	2
1 2 2 2 28 e 	6115.289619992	0.010821946	1
1 2 2 2 28 f 	6115.294004751	0.010818920	1
0 0 3 0 0 e 	6117.576398741	0.001200067	3
0 0 3 0 1 e 	6117.974888819	0.001200000	5
0 0 3 0 2 e 	6118.771874534	0.000886860	5
0 0 3 0 3 e 	6119.967382295	0.001200133	4
0 0 3 0 4 e 	6121.561241016	0.001200160	4
1 2 2 0 28 e 	6122.297006476	0.000805771	6
0 0 3 0 5 e 	6123.553663565	0.000887354	5
1 6 1 0 23 e 	6123.999686087	0.001203701	1
0 0 3 0 6 e 	6125.944510856	0.001200627	4
1 2 2 2 29 f 	6126.936023586	0.010818706	1
0 3 2 1 49 f 	6128.134150118	0.001420592	1
0 0 3 0 7 e 	6128.733843349	0.001201961	4
2 0 2 0 40 e 	6129.306264404	0.000790929	1
0 0 3 0 8 e 	6131.921533770	0.001201997	4
1 6 1 0 24 e 	6133.733559838	0.001203722	1
1 2 2 0 29 e 	6133.935072048	0.001203889	4
0 0 3 0 9 e 	6135.507966908	0.000888724	6
1 1 2 1 58 e 	6137.207639089	0.002421241	1
3 0 1 0 87 e 	6137.651475198	0.004999150	1
1 2 2 2 30 f 	6138.979713664	0.010814920	1
0 0 3 0 10 e 	6139.492726761	0.000888741	5
0 0 3 0 11 e 	6143.875792239	0.000888753	5
2 0 2 0 41 e 	6145.692042250	0.000797637	1
1 2 2 0 30 e 	6145.974753354	0.000805889	6
0 3 2 1 50 e 	6147.190498256	0.003337256	1
0 0 3 0 12 e 	6148.657231753	0.000888781	3
0 0 3 0 13 e 	6153.837121106	0.001202055	4
0 4 2 0 2 e 	6155.910271963	0.001200067	2
0 4 2 0 3 e 	6157.120437644	0.001200133	2
1 2 2 0 31 e 	6158.414853222	0.001203946	3
0 4 2 0 4 e 	6158.733797575	0.001200160	3
0 0 3 0 14 e 	6159.415496709	0.000888781	6
0 4 2 0 5 e 	6160.750515828	0.001200294	4
0 4 2 0 6 e 	6163.170641525	0.001201997	3
1 2 2 2 32 e 	6164.261516922	0.010817342	1
1 2 2 2 32 f 	6164.269898572	0.010818920	1
0 0 3 0 15 e 	6165.392161188	0.000883469	5
0 4 2 0 7 e 	6165.994180277	0.001201961	4
0 4 2 0 8 e 	6169.220960311	0.001201997	4
1 2 2 0 32 e 	6171.256608130	0.000805342	5
0 0 3 0 16 e 	6171.767358682	0.001203414	4
3 0 1 0 88 e 	6172.777101491	0.006145198	1
0 4 2 0 9 e 	6172.851173932	0.001202015	4
0 4 2 0 10 e 	6176.884628794	0.001202026	4
0 2 2 0 72 e 	6177.143149593	0.003490471	1
1 2 2 2 33 e 	6177.519507591	0.010818023	1
0 0 3 0 17 e 	6178.540793409	0.000883469	6
0 4 2 0 11 e 	6181.321466719	0.001202038	3
1 2 2 0 33 e 	6184.499142388	0.000805986	5
0 0 3 0 18 e 	6185.712508222	0.000883482	4
0 4 2 0 12 e 	6186.161699176	0.001202048	3
0 4 2 0 13 e 	6191.405069980	0.001202055	4
0 0 3 0 19 e 	6193.282603979	0.000883492	5
0 4 2 0 14 e 	6197.052166241	0.001203389	4
1 2 2 0 34 e 	6198.142180044	0.000806008	5
0 0 3 0 20 e 	6201.250882115	0.000883546	5
0 4 2 0 15 e 	6203.102129411	0.001203400	4
1 1 2 1 61 e 	6209.177794228	0.002421374	1
0 4 2 0 16 e 	6209.555261557	0.001203414	4
0 0 3 0 21 e 	6209.618065931	0.001203539	5
1 2 2 0 35 e 	6212.186230458	0.000806001	6
0 4 2 0 17 e 	6216.412103723	0.001203427	4
0 0 3 0 22 e 	6218.382624500	0.001203573	5
1 2 2 2 36 e 	6219.647605001	0.010821342	1
0 4 2 0 18 e 	6223.672055945	0.001203437	4
1 6 1 0 32 e 	6226.210280313	0.001204001	1
1 2 2 0 36 e 	6226.631008978	0.001204023	4
0 0 3 0 23 e 	6227.546314486	0.000883629	6
0 4 2 0 19 e 	6231.335361653	0.001203490	4
0 3 2 1 54 e 	6231.625113385	0.004537256	2
0 2 2 0 74 e 	6236.156442393	0.003743980	1
0 0 3 0 24 e 	6237.107257888	0.001203647	3
0 4 2 0 20 e 	6239.402144045	0.001203517	4
1 2 2 0 37 e 	6241.477160072	0.001204070	4
0 0 3 0 25 e 	6247.067562435	0.001203771	4
0 4 2 0 21 e 	6247.871830528	0.001203539	4
0 3 2 1 55 e 	6253.736760437	0.004955395	1
1 10 0 0 26 e 	6256.178379838	0.000803722	1
1 2 2 0 38 e 	6256.723617618	0.001204079	4
0 4 2 0 22 e 	6256.744709410	0.001203573	3
0 0 3 0 26 e 	6257.491712018	0.200003722	2
1 2 2 2 39 e 	6265.394803698	0.010823006	1
0 4 2 0 23 e 	6266.020934099	0.001203608	4
0 0 3 0 27 e 	6268.183729821	0.200003889	2
1 2 2 0 39 e 	6272.370457648	0.001204134	3
5 0 1 0 1 e 	6273.512220000	0.002000000	1
5 0 1 0 3 e 	6275.499517431	0.002000294	1
0 4 2 0 24 e 	6275.700444488	0.001203647	4
0 3 2 1 56 e 	6276.249373779	0.002555262	1
5 0 1 0 5 e 	6279.075055969	0.002001961	1
0 0 3 0 28 e 	6279.341665588	0.200003834	3
1 0 2 0 81 e 	6279.869702275	0.003236658	1
0 4 2 0 25 e 	6285.782852285	0.001203701	4
5 0 1 0 8 e 	6287.415764560	0.002002026	1
1 2 2 0 40 e 	6288.418765793	0.000806105	5
1 10 0 0 29 e 	6290.540880266	0.000803889	2
0 0 3 0 29 e 	6290.950135266	0.200003889	2
2 1 2 1 2 f 	6292.114961651	0.001211088	1
2 1 2 1 3 e 	6293.313452819	0.001209094	2
0 4 2 0 26 e 	6296.268669627	0.001203722	4
2 1 2 1 5 e 	6296.912518082	0.001205094	1
2 1 2 1 6 e 	6299.311823206	0.001065094	2
2 1 2 1 6 f 	6299.324720954	0.001209756	1
2 1 2 1 7 e 	6302.111326403	0.001206471	1
1 10 0 0 30 e 	6302.743415387	0.000403986	1
0 0 3 0 30 e 	6302.932675958	0.000803986	3
1 2 2 0 41 e 	6304.867509691	0.000832170	5
0 4 2 0 27 e 	6307.157761128	0.001203771	4
5 0 1 0 13 e 	6309.261890869	0.002003400	1
1 1 2 1 65 e 	6310.716785656	0.002956389	2
1 10 0 0 31 e 	6315.153400940	0.000603946	1
0 0 3 0 31 e 	6315.561600940	0.000403946	1
0 4 2 0 28 e 	6318.450091354	0.001203834	4
1 2 2 0 42 e 	6321.716303665	0.000832242	5
2 1 2 1 12 f 	6322.151975377	0.001206498	1
5 0 1 0 16 e 	6327.134697657	0.002003437	1
2 1 2 1 13 e 	6327.302015520	0.001206515	1
2 1 2 1 13 f 	6327.358894285	0.001206508	1
1 10 0 0 32 e 	6327.909425387	0.000603986	1
0 0 3 0 32 e 	6328.030887850	0.200003986	2
0 4 2 0 29 e 	6330.145444758	0.001203946	3
2 1 2 1 14 e 	6332.899841556	0.001210632	1
2 1 2 1 14 f 	6332.964623263	0.001206515	1
2 1 2 1 15 e 	6338.898004521	0.001209849	1
1 2 2 0 43 e 	6338.966403182	0.000844320	5
0 0 3 0 33 e 	6341.098043031	0.200004008	1
0 4 2 0 30 e 	6342.243650674	0.001203915	4
2 1 2 1 16 e 	6345.295448685	0.001214632	1
2 1 2 1 16 f 	6345.378049598	0.001207860	1
0 3 2 1 59 e 	6346.190124314	0.003755395	1
5 0 1 0 19 e 	6348.580623234	0.002003539	1
2 1 2 1 17 e 	6352.091454432	0.001213849	1
2 1 2 1 17 f 	6352.184996724	0.001207874	1
1 10 0 0 34 e 	6354.599419013	0.000404023	1
0 0 3 0 34 e 	6354.670569013	0.200004023	1
0 4 2 0 31 e 	6354.745255853	0.001203946	4
1 2 2 0 44 e 	6356.616652835	0.000877256	3
2 1 2 1 18 e 	6359.287809933	0.001217414	1
2 1 2 1 19 e 	6366.884158354	0.001216825	1
2 1 2 1 19 f 	6366.999818792	0.001207897	1
0 4 2 0 32 e 	6367.649871967	0.001203986	4
0 0 3 0 35 e 	6368.618151788	0.200004070	1
5 0 1 0 22 e 	6373.600043090	0.002003647	1
1 2 2 0 45 e 	6374.653344784	0.200117256	1
2 1 2 1 20 e 	6374.879872309	0.001217437	1
0 4 2 0 33 e 	6380.957500822	0.001203993	3
1 10 0 0 36 e 	6382.876759013	0.000404023	1
0 0 3 0 36 e 	6382.930753809	0.200004079	1
2 1 2 1 21 e 	6383.274998770	0.001220825	1
2 1 2 1 21 f 	6383.414495877	0.001211897	1
2 1 2 1 22 f 	6392.222126027	0.001214619	1
1 2 2 0 46 e 	6393.118649156	0.001319257	2
0 4 2 0 34 e 	6394.668455220	0.001204001	4
0 0 3 0 37 e 	6397.658336558	0.200004105	1
2 1 2 1 23 e 	6401.263574341	0.001224825	1
5 0 1 0 25 e 	6402.191458240	0.002003771	1
0 4 2 0 35 e 	6408.782128065	0.001204008	4
2 1 2 1 24 f 	6411.037831590	0.001075173	2
1 2 2 0 47 e 	6411.970370801	0.001321259	2
1 10 0 0 38 e 	6412.743930350	0.000404118	1
0 0 3 0 38 e 	6412.830860350	0.200004118	1
2 1 2 1 25 e 	6420.850317685	0.001083541	2
2 1 2 1 25 f 	6421.045656428	0.001075208	1
4 6 0 0 4 e 	6422.709784617	0.002000160	1
0 4 2 0 36 e 	6423.298981791	0.001204023	4
1 10 0 0 39 e 	6428.274666558	0.000404105	1
0 0 3 0 39 e 	6428.348284603	0.200004134	1
4 2 1 0 1 e 	6429.488738857	0.002000133	1
1 2 2 0 48 e 	6431.168413456	0.200123260	1
2 1 2 1 26 e 	6431.242009853	0.001085543	1
4 2 1 0 4 e 	6433.096182626	0.002000627	1
0 4 2 0 37 e 	6438.218885710	0.001204070	4
4 2 1 0 7 e 	6440.312159774	0.002002015	1
4 6 0 0 10 e 	6440.909842970	0.002002048	1
2 1 2 1 27 f 	6442.259602902	0.001219247	1
0 0 3 0 40 e 	6443.964140350	0.000404118	1
1 10 0 0 40 e 	6444.204237609	0.000404170	1
5 0 1 0 29 e 	6445.868650940	0.002003946	1
1 2 2 0 49 e 	6450.874343960	0.000963260	2
2 1 2 1 28 f 	6453.464118413	0.001215371	1
0 4 2 0 38 e 	6453.541604601	0.001204079	4
4 2 1 0 11 e 	6455.545694723	0.002002055	1
0 0 3 0 41 e 	6460.519916857	0.200004242	2
1 10 0 0 41 e 	6460.699596626	0.000404242	1
4 6 0 0 14 e 	6461.133187081	0.002003414	1
0 4 2 0 39 e 	6469.267457875	0.001204105	3
5 0 1 0 31 e 	6470.087746313	0.002003993	1
1 3 2 1 4 f 	6470.172223651	0.001211088	1
1 2 2 0 50 e 	6470.940745704	0.200203260	1
4 2 1 0 14 e 	6471.180487081	0.002003414	1
1 3 2 1 5 e 	6472.171967811	0.001205094	2
0 0 3 0 42 e 	6477.245728079	0.200004320	2
1 3 2 1 8 e 	6480.607136389	0.001205822	1
1 3 2 1 8 f 	6480.639764802	0.001205756	1
1 3 2 1 9 e 	6484.221677403	0.001206471	1
1 3 2 1 9 f 	6484.263509625	0.001206457	1
0 4 2 0 40 e 	6485.396067701	0.001204118	3
1 3 2 1 10 e 	6488.238411723	0.001206488	1
1 3 2 1 10 f 	6488.289399016	0.001206475	1
1 2 2 0 51 e 	6491.380523577	0.001043260	2
1 3 2 1 11 e 	6492.657085520	0.001206515	1
1 3 2 1 11 f 	6492.718057285	0.001206508	1
0 0 3 0 43 e 	6494.386140475	0.200072242	1
4 6 0 0 19 e 	6495.512103234	0.002003539	1
0 3 2 1 65 e 	6496.890787085	0.004662904	1
1 3 2 1 12 e 	6497.476856264	0.001206632	1
1 3 2 1 12 f 	6497.549604377	0.001206498	1
4 2 1 0 18 e 	6497.639152763	0.002003517	1
0 3 2 1 65 f 	6498.712590237	0.004310793	1
0 4 2 0 41 e 	6501.927829614	0.001204134	2
1 3 2 1 13 e 	6502.697762521	0.001209849	1
1 3 2 1 14 f 	6508.419061263	0.001206515	1
0 0 3 0 44 e 	6511.883670373	0.200074244	2
1 2 2 0 52 e 	6512.232695230	0.001045262	1
1 3 2 1 15 e 	6514.346316477	0.001209849	2
0 4 2 0 42 e 	6518.862467716	0.001204170	2
1 3 2 1 16 e 	6520.772671933	0.001217414	1
1 3 2 1 16 f 	6520.898773598	0.001207860	1
4 6 0 0 22 e 	6520.993743090	0.002003647	1
4 2 1 0 21 e 	6521.693875797	0.002003608	1
1 3 2 1 17 f 	6527.742467258	0.001207874	2
0 0 3 0 45 e 	6529.798145085	0.200117256	2
1 2 2 0 53 e 	6533.486452032	0.001123260	1
1 3 2 1 18 e 	6534.829577309	0.001217437	1
1 3 2 1 18 f 	6534.988477594	0.001210619	1
0 4 2 0 43 e 	6536.199390051	0.001204242	2
5 0 1 0 36 e 	6537.575443809	0.002004079	1
0 0 3 0 46 e 	6548.143846529	0.200119257	1
4 2 1 0 24 e 	6549.356729838	0.002003722	1
1 3 2 1 20 e 	6550.493067835	0.001217437	2
1 3 2 1 20 f 	6550.687921027	0.001214619	1
0 4 2 0 44 e 	6553.940026824	0.001204320	1
1 2 2 0 54 e 	6555.139276277	0.001125262	1
1 3 2 1 21 f 	6559.141312949	0.001211897	2
4 6 0 0 26 e 	6560.631199838	0.002003722	1
0 0 3 0 47 e 	6566.819316693	0.200121259	2
1 3 2 1 22 e 	6567.761768993	0.001220771	2
1 3 2 1 22 f 	6567.996970357	0.001215208	1
1 3 2 1 23 e 	6576.998403341	0.001224825	1
1 3 2 1 23 f 	6577.254978022	0.001215173	1
4 2 1 0 27 e 	6580.631019591	0.002003889	1
0 0 3 0 48 e 	6585.978413456	0.200123260	1
1 3 2 1 24 e 	6586.636330085	0.001219541	2
1 3 2 1 24 f 	6586.914729575	0.001219208	1
0 4 2 0 46 e 	6590.629528238	0.001274244	1
4 6 0 0 29 e 	6594.603359591	0.002003889	1
1 3 2 1 25 e 	6596.675771378	0.001221543	2
1 3 2 1 25 f 	6596.977385246	0.001215247	1
5 0 1 0 40 e 	6598.700877609	0.002004170	1
0 0 3 0 49 e 	6605.428646898	0.200125262	2
1 3 2 1 26 e 	6607.116492286	0.001219541	2
1 3 2 1 26 f 	6607.442210413	0.001215371	1
3 4 1 0 4 e 	6615.129192626	0.002000627	1
4 2 1 0 30 e 	6615.515375387	0.002003986	1
0 1 3 1 1 e 	6616.252382124	0.001211122	1
0 1 3 1 1 f 	6616.252395284	0.001211115	1
0 1 3 1 2 e 	6617.050893458	0.001215095	1
0 1 3 1 2 f 	6617.051838249	0.001211088	2
1 3 2 1 27 e 	6617.958479739	0.001221543	1
0 1 3 1 3 e 	6618.249065124	0.001211122	1
0 1 3 1 3 f 	6618.250783321	0.001209087	2
1 3 2 1 27 f 	6618.309562194	0.001218920	2
3 4 1 0 6 e 	6619.560452626	0.002000627	1
0 1 3 1 4 e 	6619.843469267	0.001209762	1
0 1 3 1 5 e 	6621.840259540	0.001209094	1
3 4 1 0 7 e 	6622.382949774	0.002002015	1
0 1 3 1 6 e 	6624.235381267	0.001209762	1
0 0 3 0 50 e 	6625.330745704	0.200203260	1
0 1 3 1 7 f 	6627.040617625	0.001206457	1
1 3 2 1 28 e 	6629.201598028	0.001223541	1
3 4 1 0 9 e 	6629.231329774	0.002002015	1
1 3 2 1 28 f 	6629.578602699	0.001218706	1
0 1 3 1 8 e 	6630.219299389	0.001205822	1
3 4 1 0 10 e 	6633.262702970	0.002002048	1
0 1 3 1 9 f 	6633.832243865	0.001205842	1
3 0 2 0 0 e 	6640.104823308	0.002000067	1
3 0 2 0 1 e 	6640.502160000	0.002000000	1
1 3 2 1 29 e 	6640.846196881	0.001217946	1
1 3 2 1 29 f 	6641.250178485	0.001218920	1
3 0 2 0 2 e 	6641.298202117	0.002000160	2
3 0 2 0 3 e 	6642.489163715	0.002000133	3
3 0 2 0 4 e 	6644.079109287	0.002000160	3
4 6 0 0 33 e 	6645.553966313	0.002003993	1
0 0 3 0 51 e 	6645.626733486	0.200205262	2
3 0 2 0 5 e 	6646.066048789	0.002000294	3
3 4 1 0 13 e 	6647.770960869	0.002003400	1
3 0 2 0 6 e 	6648.451590219	0.002000627	2
3 0 2 0 7 e 	6651.233319871	0.002001961	2
1 3 2 1 30 e 	6652.892240803	0.001217986	2
4 2 1 0 33 e 	6654.011596313	0.002003993	1
3 0 2 0 8 e 	6654.413074187	0.002001997	2
3 0 2 0 9 e 	6657.990123269	0.002002015	2
3 0 2 0 10 e 	6661.964712711	0.001288765	3
1 3 2 1 31 e 	6665.339473189	0.001217342	1
1 3 2 1 31 f 	6665.798882076	0.001218920	1
5 0 1 0 44 e 	6666.166690238	0.002074244	1
3 0 2 0 11 e 	6666.337596403	0.002002038	3
0 0 3 0 52 e 	6666.360368595	0.200283260	1
3 0 2 0 12 e 	6671.106820932	0.001288765	4
4 6 0 0 35 e 	6673.450543031	0.002004008	1
3 0 2 0 13 e 	6676.273780772	0.002002055	3
1 3 2 1 32 e 	6678.187748909	0.001217986	1
1 3 2 1 32 f 	6678.677610953	0.001222706	2
3 4 1 0 18 e 	6680.009417657	0.002003437	1
3 0 2 0 14 e 	6681.838420413	0.002003389	3
0 0 3 0 53 e 	6687.412577067	0.200285262	2
3 0 2 0 15 e 	6687.799676100	0.002003400	3
1 3 2 1 33 e 	6691.436294973	0.001217342	2
3 0 2 0 16 e 	6694.158421869	0.002003414	2
4 2 1 0 36 e 	6696.121753809	0.002004079	1
3 0 2 0 17 e 	6700.914843095	0.002003427	2
4 6 0 0 37 e 	6702.958646558	0.002004105	1
3 4 1 0 21 e 	6704.189825797	0.002003608	1
1 3 2 1 34 f 	6705.638341675	0.001223670	1
3 0 2 0 18 e 	6708.068244319	0.001283482	4
0 0 3 0 54 e 	6708.946889166	0.200287263	1
3 0 2 0 19 e 	6715.619048700	0.002003490	3
1 3 2 1 35 e 	6719.138828757	0.001218008	1
1 3 2 1 35 f 	6719.722662325	0.001222255	1
5 0 1 0 47 e 	6720.926176415	0.002121259	1
3 0 2 0 20 e 	6723.567367725	0.002003517	3
0 0 3 0 55 e 	6730.856339676	0.200289264	1
3 0 2 0 21 e 	6731.912448482	0.001636992	3
1 3 2 1 36 e 	6733.590484098	0.001219006	1
1 3 2 1 36 f 	6734.207844809	0.001215670	1
3 0 2 0 22 e 	6740.654728648	0.002003573	2
4 2 1 0 39 e 	6741.850424603	0.002004134	1
3 4 1 0 25 e 	6742.070496087	0.002003701	1
1 3 2 1 37 e 	6748.443606107	0.001221342	1
1 3 2 1 37 f 	6749.095139039	0.001224678	1
3 0 2 0 23 e 	6749.794724442	0.002003608	2
4 6 0 0 40 e 	6750.237617609	0.002004170	1
0 0 3 0 56 e 	6753.068043360	0.200367263	2
3 0 2 0 24 e 	6759.331772347	0.001283827	4
5 1 1 1 4 e 	6759.591431267	0.006009762	1
5 1 1 1 4 f 	6759.597796954	0.006009756	1
3 4 1 0 27 e 	6763.428009591	0.002003889	1
1 3 2 1 38 e 	6763.698846738	0.001223006	1
5 1 1 1 6 e 	6763.970541267	0.006009762	1
1 3 2 1 38 f 	6764.384271809	0.001215670	1
5 1 1 1 7 f 	6766.776160976	0.004005087	1
3 0 2 0 25 e 	6769.265601164	0.002003701	2
5 1 1 1 9 e 	6773.529684266	0.006005856	1
0 0 3 0 57 e 	6775.746683530	0.200369264	2
5 0 1 0 50 e 	6779.246825704	0.002203260	1
1 3 2 1 39 e 	6779.353133117	0.001220105	1
3 0 2 0 26 e 	6779.596721298	0.001283944	3
4 6 0 0 42 e 	6783.763797824	0.004004320	1
3 4 1 0 29 e 	6786.397420940	0.002003946	1
3 0 2 0 27 e 	6790.325463233	0.001283889	3
4 2 1 0 42 e 	6791.200947824	0.002004320	1
5 1 1 1 13 e 	6791.844391520	0.006006515	1
5 1 1 1 13 f 	6791.898431832	0.004007515	1
1 3 2 1 40 e 	6795.409351059	0.001223006	2
5 1 1 1 14 f 	6797.482716598	0.004007860	1
2 2 2 0 5 e 	6797.549526968	0.002001961	1
0 0 3 0 58 e 	6798.821933883	0.000771266	1
2 2 2 0 6 e 	6799.953004813	0.002001997	1
3 0 2 0 28 e 	6801.450575766	0.001283944	5
2 2 2 0 7 e 	6802.757908774	0.002002015	1
2 2 2 0 8 e 	6805.963144687	0.002001997	2
2 2 2 0 9 e 	6809.569710774	0.002002015	1
1 3 2 1 41 e 	6811.866102117	0.001220105	1
3 0 2 0 29 e 	6812.973018642	0.001283970	4
2 2 2 0 10 e 	6813.576903560	0.002002026	1
2 2 2 0 11 e 	6817.983250743	0.002002038	2
5 0 1 0 52 e 	6820.106728595	0.002283260	1
4 2 1 2 44 e 	6821.420967824	0.010004320	1
0 0 3 0 59 e 	6822.293241356	0.200447456	2
2 2 2 0 12 e 	6822.791643274	0.002002048	2
5 1 1 1 18 e 	6823.694492933	0.006017414	1
5 1 1 1 18 f 	6823.801461123	0.004007285	1
3 4 1 0 32 e 	6823.872490313	0.002004001	1
3 0 2 0 30 e 	6824.891606613	0.001283944	5
4 2 1 0 44 e 	6826.115190238	0.002074244	1
2 2 2 0 13 e 	6828.000775723	0.002002055	1
1 3 2 1 42 f 	6829.558509447	0.001739670	1
2 2 2 0 14 e 	6833.608636830	0.002003389	2
4 6 0 0 45 e 	6837.057094784	0.004117256	1
3 4 1 0 33 e 	6837.170093031	0.002004008	1
3 0 2 0 31 e 	6837.207625920	0.001283970	3
5 1 1 1 20 f 	6839.351712594	0.004010619	1
2 2 2 0 15 e 	6839.619449215	0.002003400	2
5 0 1 0 53 e 	6841.128336711	0.002285262	1
1 3 2 1 43 e 	6845.982173226	0.001244242	1
2 2 2 0 16 e 	6846.029082869	0.002003414	2
0 0 3 0 60 e 	6846.162001295	0.200447583	2
1 3 2 1 43 f 	6846.856576283	0.001247578	1
5 1 1 1 21 e 	6847.582562341	0.006024825	1
3 0 2 0 32 e 	6849.921584997	0.002003986	2
2 2 2 0 17 e 	6852.839722095	0.002003427	2
5 1 1 1 22 f 	6856.497013357	0.004015208	1
2 2 2 0 18 e 	6860.051598710	0.002003437	2
5 0 1 0 54 e 	6862.549418595	0.002283260	1
4 2 1 0 46 e 	6862.645726529	0.002119257	1
3 0 2 0 33 e 	6863.029043031	0.100004008	1
3 4 1 0 35 e 	6864.974511788	0.002004070	1
2 2 2 0 19 e 	6867.663379933	0.002003490	2
0 0 3 0 61 e 	6870.586225841	0.200447730	1
5 1 1 1 24 e 	6875.053815626	0.006023541	1
2 2 2 0 20 e 	6875.675536485	0.002003517	2
3 0 2 0 34 e 	6876.539424270	0.100004023	2
4 2 1 2 47 e 	6876.891286415	0.010121259	1
1 3 2 1 45 e 	6881.701033493	0.001257256	1
2 2 2 0 21 e 	6884.087896516	0.002003539	2
5 0 1 0 55 e 	6884.362106711	0.002285262	1
3 0 2 0 35 e 	6890.443196171	0.100004070	2
2 2 2 0 22 e 	6892.901761148	0.002003573	2
0 0 3 0 62 e 	6895.087262755	0.000847850	1
1 3 2 1 46 e 	6900.160600856	0.001264320	1
4 2 1 0 48 e 	6900.791273456	0.002123260	1
3 0 2 0 36 e 	6904.754753809	0.100004079	1
5 1 1 1 27 e 	6906.100898269	0.006021946	1
3 4 1 0 38 e 	6909.701920350	0.002004118	1
0 4 2 0 61 e 	6917.130641192	0.001247456	1
1 3 2 1 47 e 	6919.021901030	0.001297256	1
3 0 2 0 37 e 	6919.451336558	0.100004105	1
1 3 2 1 47 f 	6920.062364142	0.001300592	1
0 0 3 0 63 e 	6920.145057513	0.000847943	1
3 4 1 0 39 e 	6925.416406558	0.002004105	1
4 3 1 1 4 e 	6925.922791267	0.002009762	1
5 0 1 0 57 e 	6929.177333486	0.002369264	1
4 3 1 1 6 f 	6930.364664802	0.002005756	1
4 6 0 0 50 e 	6933.848075704	0.004203260	1
3 0 2 0 38 e 	6934.534342558	0.100004118	2
4 2 1 2 50 e 	6936.013385704	0.010203260	1
1 3 2 1 48 f 	6939.367480120	0.001366856	1
4 3 1 1 9 e 	6939.977563403	0.002006471	1
4 2 1 0 50 e 	6940.556783456	0.002123260	1
3 4 1 0 40 e 	6941.533437609	0.002004170	1
0 4 2 0 62 e 	6942.116591130	0.001247583	1
4 3 1 1 10 f 	6944.061250016	0.002006475	1
0 0 3 0 64 e 	6945.598604460	0.000861286	1
3 0 2 0 39 e 	6950.030284603	0.100004134	1
5 1 1 1 31 e 	6953.070374881	0.006017946	1
4 3 1 1 12 f 	6953.324818263	0.002006515	1
4 6 0 0 51 e 	6954.399123100	0.004205262	1
4 2 1 2 51 e 	6956.523143100	0.010205262	1
4 3 1 1 13 e 	6958.450291520	0.002006515	1
4 3 1 1 14 f 	6964.198716598	0.002007860	1
5 1 1 1 32 e 	6965.803398661	0.006021986	1
3 0 2 0 40 e 	6965.918567609	0.100004170	1
1 0 3 0 1 e 	6966.571323429	0.002000000	2
1 0 3 0 2 e 	6967.367363463	0.002000067	2
0 4 2 0 63 e 	6967.504335841	0.001247730	1
1 0 3 0 3 e 	6968.561645193	0.002000133	4
4 3 1 1 15 e 	6970.095257521	0.002009849	1
1 0 3 0 4 e 	6970.154968622	0.200000160	2
0 0 3 0 65 e 	6971.448313865	0.000863287	1
1 0 3 0 5 e 	6972.144579593	0.002000294	4
1 0 3 0 6 e 	6974.532556239	0.002000627	4
1 0 3 0 7 e 	6977.319148644	0.001287354	4
1 3 2 1 50 e 	6978.006724788	0.001374194	1
1 0 3 0 8 e 	6980.503981118	0.002001997	4
4 2 1 0 52 e 	6981.947168595	0.002283260	1
3 0 2 0 41 e 	6982.205666626	0.100004242	1
1 0 3 0 9 e 	6984.086244103	0.002002015	4
1 0 3 0 10 e 	6988.066830503	0.002002026	3
4 3 1 1 18 f 	6990.779262594	0.002010619	1
3 4 1 0 43 e 	6992.303596626	0.002004242	1
1 0 3 0 11 e 	6992.445314707	0.002002038	3
0 4 2 0 64 e 	6993.295762755	0.001247850	1
1 4 2 0 8 e 	6995.432206187	0.002001997	2
4 6 0 0 53 e 	6996.687446711	0.004285262	1
1 0 3 0 12 e 	6997.221666227	0.001288781	4
0 0 3 0 66 e 	6997.694103075	0.000865289	1
1 3 2 1 51 e 	6998.468954483	0.002337256	1
3 0 2 0 42 e 	6998.875742142	0.100004320	2
1 4 2 0 9 e 	6999.048307769	0.002002015	2
5 0 1 0 60 e 	6999.363091130	0.002447583	1
1 0 3 0 13 e 	7002.395977878	0.001288775	4
1 4 2 0 10 e 	7003.069047560	0.002002026	1
4 2 1 0 53 e 	7003.252676711	0.004285262	1
4 3 1 1 20 e 	7006.227761309	0.002017437	1
5 1 1 1 35 e 	7006.398249107	0.006021342	1
5 1 1 1 35 f 	7006.779331325	0.004022255	1
1 4 2 0 11 e 	7007.490930764	0.002002038	1
1 0 3 0 14 e 	7007.967964087	0.002003389	3
1 4 2 0 12 e 	7012.312961970	0.002002048	1
1 0 3 0 15 e 	7013.938016635	0.001289782	4
4 3 1 1 21 f 	7014.936999877	0.002011897	1
3 0 2 0 43 e 	7015.961140475	0.100072242	1
1 4 2 0 13 e 	7017.538037723	0.002002055	1
1 0 3 0 16 e 	7020.305656052	0.001290127	4
1 4 2 0 14 e 	7023.165090830	0.002003389	2
0 0 3 0 67 e 	7024.335907499	0.000943287	1
1 0 3 0 17 e 	7027.071067138	0.002003427	3
3 4 1 0 45 e 	7028.162824784	0.002117256	1
1 4 2 0 15 e 	7029.194681869	0.002003400	1
4 3 1 1 23 e 	7032.721653016	0.002025543	1
4 3 1 1 23 f 	7033.054619246	0.002015247	1
3 0 2 0 44 e 	7033.433420238	0.100074244	1
1 0 3 0 18 e 	7034.234086970	0.002003437	3
1 4 2 0 16 e 	7035.625244081	0.002003414	1
1 0 3 0 19 e 	7041.794911796	0.002003490	3
1 4 2 0 17 e 	7042.459135560	0.002003427	1
4 2 1 2 55 e 	7042.641266711	0.010285262	1
3 4 1 0 46 e 	7046.695416529	0.002119257	1
4 2 1 0 55 e 	7047.088116711	0.004285262	1
5 0 1 0 62 e 	7048.128942755	0.002447850	1
1 0 3 0 20 e 	7049.753461839	0.002003517	3
5 1 1 1 38 e 	7050.569091738	0.006023006	1
5 1 1 1 38 f 	7051.017436719	0.004019670	1
3 0 2 0 45 e 	7051.307344784	0.100117256	1
0 0 3 0 68 e 	7051.374151922	0.001118797	1
4 3 1 1 25 e 	7052.389363739	0.002021543	1
4 3 1 1 25 f 	7052.779144902	0.002019247	1
1 0 3 0 21 e 	7058.109496320	0.001636992	3
4 6 0 0 56 e 	7063.092299166	0.006287263	1
4 2 1 2 56 e 	7065.182239166	0.010287263	1
1 4 2 0 20 e 	7065.371410763	0.002003517	1
3 4 1 0 47 e 	7065.631034784	0.002117256	1
5 1 1 1 39 e 	7066.088898117	0.006020105	1
1 0 3 0 22 e 	7066.863131648	0.002003573	2
3 0 2 0 46 e 	7069.561120419	0.100119257	2
4 2 1 0 56 e 	7069.617379166	0.004287263	1
4 3 1 1 27 e 	7073.660948269	0.002021946	1
1 0 3 0 23 e 	7076.014229152	0.002003608	3
5 1 1 1 40 f 	7082.497724447	0.006539670	1
1 4 2 0 22 e 	7082.655646206	0.002003573	1
3 4 1 0 48 e 	7084.973716529	0.002119257	1
4 3 1 1 28 f 	7085.381775699	0.002018706	1
1 0 3 0 24 e 	7085.562888431	0.001283663	4
4 6 0 0 57 e 	7086.021523486	0.006369264	1
3 0 2 0 47 e 	7088.235886415	0.100121259	1
1 4 2 0 23 e 	7091.899918797	0.002003608	1
4 2 1 0 57 e 	7092.559699676	0.004289264	1
1 0 3 0 25 e 	7095.508858538	0.001283703	4
4 3 1 1 29 e 	7096.534804881	0.002017946	1
5 0 1 0 64 e 	7098.475574460	0.002461286	1
1 4 2 0 24 e 	7101.548713090	0.002003647	1
6 0 1 0 6 e 	7102.540160705	0.006087020	1
3 4 1 0 49 e 	7104.711866415	0.002121259	1
1 0 3 0 26 e 	7105.852075119	0.002003722	2
3 0 2 0 48 e 	7107.281256718	0.100123260	2
4 6 0 0 58 e 	7109.351103032	0.006367263	1
6 0 1 0 9 e 	7112.040961355	0.006088753	1
1 0 3 0 27 e 	7116.581049591	0.200003889	1
3 5 1 1 1 e 	7116.910787124	0.004011122	1
3 5 1 1 1 f 	7116.912060284	0.004011115	1
4 3 1 1 31 e 	7121.010944189	0.002017342	1
1 4 2 0 26 e 	7122.049334838	0.002003722	1
5 0 1 0 65 e 	7124.239317513	0.004447943	1
6 0 1 0 12 e 	7125.105995712	0.006088765	1
0 2 3 0 3 e 	7125.777246207	0.001202067	2
0 2 3 2 7 e 	7126.120298343	0.011205822	1
3 0 2 0 49 e 	7126.736868727	0.100125262	2
0 2 3 0 4 e 	7127.377125617	0.002000160	1
1 0 3 0 28 e 	7127.692505252	0.200003915	1
3 5 1 1 7 e 	7127.767879082	0.004005094	1
3 5 1 1 7 f 	7127.805080976	0.004005087	1
3 1 2 1 3 f 	7129.284778359	0.004009087	1
0 2 3 2 8 e 	7129.321781573	0.011205849	1
0 2 3 0 5 e 	7129.377197065	0.001202160	2
0 2 3 0 6 e 	7131.777138719	0.002000627	2
5 1 1 1 43 e 	7132.130880493	0.006057256	1
3 1 2 1 5 e 	7132.873769082	0.004005094	1
3 1 2 1 5 f 	7132.882948359	0.004009087	1
1 4 2 0 27 e 	7132.902217240	0.002003771	1
0 2 3 2 9 e 	7132.922081246	0.011205822	2
0 2 3 2 9 f 	7132.922259543	0.011205829	1
0 2 3 0 7 e 	7134.578357774	0.002002015	1
0 0 3 0 71 e 	7134.863309120	0.001690471	1
4 2 1 2 59 e 	7135.198741192	0.010447456	1
0 2 3 0 8 e 	7137.777227677	0.001204015	3
3 5 1 1 10 e 	7138.628314264	0.004006632	1
3 5 1 1 10 f 	7138.699771377	0.004006498	1
1 0 3 0 29 e 	7139.229220940	0.200003946	1
4 2 1 0 59 e 	7139.667603486	0.004369264	1
0 2 3 2 11 e 	7141.323896914	0.011206505	1
0 2 3 0 9 e 	7141.378204774	0.002002015	1
1 4 2 0 28 e 	7144.158189197	0.002003834	1
0 2 3 0 10 e 	7145.377488174	0.001204015	3
3 4 1 0 51 e 	7145.402006524	0.002125262	1
0 2 3 2 12 e 	7146.124821012	0.011205849	1
0 2 3 2 12 f 	7146.125280163	0.011205842	1
3 0 2 0 50 e 	7146.586229510	0.100203260	2
4 3 1 1 33 e 	7147.091259757	0.002018008	1
4 3 1 1 33 f 	7147.751591325	0.002022255	1
0 2 3 0 11 e 	7149.777209387	0.001204048	3
5 1 1 1 44 f 	7150.228145105	0.006059656	1
1 0 3 0 30 e 	7151.191165387	0.200003986	1
0 2 3 2 13 e 	7151.325279489	0.011207515	1
3 5 1 1 13 e 	7153.105487521	0.004009849	1
0 2 3 0 12 e 	7154.577781774	0.002002048	2
1 4 2 0 29 e 	7155.816779591	0.002003889	1
0 2 3 2 14 e 	7156.926551213	0.011206515	2
0 2 3 2 14 f 	7156.927194476	0.011206521	1
3 5 1 1 14 f 	7158.874058263	0.002006515	1
0 2 3 0 13 e 	7159.777223366	0.001205055	3
6 0 1 0 18 e 	7161.922033276	0.006083482	1
0 2 3 2 15 e 	7162.924738780	0.011207291	1
3 1 2 1 13 e 	7163.196071520	0.004006515	1
0 0 3 0 72 e 	7163.484096426	0.002106147	1
1 0 3 0 31 e 	7163.518306313	0.200003993	1
0 2 3 0 14 e 	7165.376676666	0.001205400	2
3 0 2 0 51 e 	7166.833096834	0.100205262	2
1 4 2 0 30 e 	7167.877427252	0.002003915	1
0 2 3 2 16 e 	7169.327863571	0.011208516	1
0 2 3 2 16 f 	7169.328342385	0.011208523	1
3 5 1 1 16 e 	7171.202182933	0.004017414	1
0 2 3 0 15 e 	7171.376662444	0.001205414	3
3 5 1 1 16 f 	7171.379746598	0.002007860	1
3 1 2 1 15 e 	7174.765568432	0.004013849	1
4 3 1 1 35 e 	7174.772239107	0.002021342	1
3 1 2 1 15 f 	7174.849774724	0.004007874	1
0 2 3 2 17 e 	7176.125543391	0.011207291	1
1 0 3 0 32 e 	7176.240610313	0.200004001	1
0 2 3 2 17 f 	7176.317204763	0.011207285	1
0 2 3 0 16 e 	7177.776680240	0.001205400	2
1 4 2 0 31 e 	7180.338573940	0.002003946	1
0 2 3 2 18 e 	7183.326657299	0.011207880	2
0 2 3 2 18 f 	7183.328042553	0.011207874	1
0 2 3 0 17 e 	7184.576371595	0.002003427	2
3 5 1 1 18 e 	7185.275641309	0.004017437	1
3 5 1 1 18 f 	7185.498831123	0.002007285	1
6 0 1 0 21 e 	7185.671996338	0.006436992	1
5 1 1 1 46 f 	7186.487372120	0.010166856	1
3 0 2 0 52 e 	7187.476211857	0.100283260	2
3 4 1 0 53 e 	7187.700293100	0.004205262	1
1 0 3 0 33 e 	7189.378043031	0.200004008	1
4 3 1 1 36 f 	7189.990154809	0.004015670	1
0 2 3 0 18 e 	7191.774740255	0.001205490	3
0 2 3 0 19 e 	7199.374229631	0.002003490	1
3 5 1 1 20 f 	7201.228645027	0.002014619	1
3 1 2 1 19 e 	7202.694940770	0.002020825	1
3 1 2 1 19 f 	7202.829136792	0.002007897	1
5 0 1 0 68 e 	7203.901653075	0.004465289	1
5 1 1 1 47 e 	7204.525390975	0.006617256	1
4 3 1 1 37 f 	7204.876020162	0.004027440	1
5 1 1 1 47 f 	7205.201359118	0.010620592	1
4 6 0 0 62 e 	7206.621461130	0.008447583	1
0 2 3 0 20 e 	7207.373269985	0.002003517	2
3 0 2 0 53 e 	7208.515179658	0.100285262	2
4 2 1 2 62 e 	7208.835812755	0.010447850	1
3 5 1 1 21 e 	7209.398712341	0.004024825	1
4 2 1 0 62 e 	7213.411331130	0.006447583	1
0 2 3 0 21 e 	7215.772001470	0.001205573	3
0 2 3 2 22 f 	7216.087754558	0.011211897	1
3 1 2 1 21 f 	7219.218049877	0.002011897	1
4 3 1 1 38 e 	7219.295301738	0.002023006	1
0 0 3 0 74 e 	7221.913282826	0.002359656	1
6 0 1 0 25 e 	7222.875029068	0.006083889	1
0 2 3 0 22 e 	7224.570622018	0.001205539	3
0 2 3 2 23 f 	7225.196298897	0.011214619	1
3 1 2 1 22 e 	7227.831475626	0.002023541	1
3 5 1 1 23 f 	7227.846649246	0.002015247	1
3 0 2 0 54 e 	7229.958889166	0.100287263	1
1 0 3 0 36 e 	7231.100753809	0.200004079	1
0 2 3 0 23 e 	7233.768705292	0.001205647	3
4 3 1 1 39 f 	7235.843313732	0.004023440	1
3 5 1 1 24 e 	7237.136991543	0.004019541	1
3 1 2 1 23 f 	7237.206918022	0.002015173	1
5 1 1 1 49 e 	7243.107250975	0.006617256	1
0 2 3 0 24 e 	7243.367061964	0.002003647	2
1 0 3 0 37 e 	7245.878336558	0.200004105	1
3 5 1 1 25 f 	7247.602664902	0.002019247	1
5 2 1 0 4 e 	7249.741870705	0.010087020	1
4 3 1 1 40 e 	7250.979998380	0.002543006	1
3 0 2 0 55 e 	7251.789339676	0.100289264	1
0 2 3 0 25 e 	7253.365204164	0.002003701	2
5 2 1 0 6 e 	7254.139108908	0.006088354	1
3 4 1 0 56 e 	7254.166279166	0.004287263	1
6 0 1 0 28 e 	7254.931039620	0.006083944	1
3 1 2 1 25 e 	7256.560863016	0.002025543	1
3 1 2 1 25 f 	7256.796644902	0.002019247	1
4 6 0 0 64 e 	7257.638334460	0.008461286	1
1 0 3 0 38 e 	7260.950860350	0.200004118	1
5 1 1 1 50 e 	7262.990698788	0.006174194	1
0 2 3 0 26 e 	7263.762723197	0.002003834	1
0 2 3 2 27 f 	7265.994271141	0.011215371	1
0 2 3 2 27 e 	7266.010529757	0.011223541	1
4 3 1 1 41 f 	7268.412553732	0.004023440	1
3 5 1 1 27 e 	7268.486658269	0.004021946	1
3 0 2 0 56 e 	7274.006176998	0.100367263	2
0 2 3 0 27 e 	7274.559592469	0.001205834	3
1 0 3 0 39 e 	7276.428284603	0.200004134	1
5 2 1 0 12 e 	7276.901572508	0.004088781	1
6 0 1 0 30 e 	7278.282411817	0.006084001	1
3 5 1 1 28 f 	7280.255410413	0.002015371	1
0 0 3 0 76 e 	7281.924132024	0.002626507	1
4 3 1 1 42 e 	7284.262788380	0.002543006	1
0 2 3 0 28 e 	7285.756420724	0.002003834	2
5 0 1 0 71 e 	7287.114311154	0.004796796	1
0 2 3 2 29 f 	7288.791210756	0.011215371	1
0 2 3 2 29 e 	7288.806009802	0.011221320	1
3 1 2 1 28 e 	7288.881474697	0.002021320	1
3 1 2 1 28 f 	7289.181485698	0.004018706	1
3 5 1 1 29 e 	7291.393564881	0.004017946	1
1 0 3 0 40 e 	7292.340567609	0.200004170	1
5 2 1 0 15 e 	7293.674027583	0.002083469	1
3 0 2 0 57 e 	7296.637583486	0.100369264	1
0 2 3 0 29 e 	7297.352789236	0.001205320	3
3 4 1 0 58 e 	7300.487613883	0.004371266	1
0 2 3 2 30 f 	7300.790417166	0.011214920	1
6 0 1 0 32 e 	7303.209479850	0.006084049	1
3 5 1 1 30 f 	7304.033295699	0.002018706	1
1 0 3 0 41 e 	7308.627666626	0.200004242	1
0 2 3 0 30 e 	7309.348596202	0.001205946	3
0 0 3 0 77 e 	7312.521998668	0.002464340	1
0 2 3 2 31 f 	7313.187304586	0.011218706	1
0 2 3 2 31 e 	7313.197991330	0.011217986	1
5 0 1 0 72 e 	7315.640586426	0.005706147	1
4 3 1 1 44 e 	7319.143463527	0.004056320	1
3 0 2 0 58 e 	7319.656003883	0.100371266	1
5 2 1 0 19 e 	7321.625794513	0.002083492	1
0 2 3 0 31 e 	7321.744257823	0.001205320	3
3 4 1 0 59 e 	7324.254791192	0.004447456	1
3 1 2 1 31 e 	7324.798424189	0.002017342	1
1 0 3 0 42 e 	7325.349537824	0.200004320	1
3 5 1 1 32 e 	7328.761538661	0.004021986	1
3 5 1 1 32 f 	7329.419360675	0.002023670	1
6 0 1 0 34 e 	7329.721136060	0.006077392	1
0 2 3 0 32 e 	7334.538931285	0.001205946	3
4 6 0 0 67 e 	7337.149663865	0.010463287	1
4 3 1 1 45 e 	7337.185446030	0.004097256	1
5 2 1 0 21 e 	7337.996446338	0.002436992	1
4 3 1 1 45 f 	7338.367346142	0.004100592	1
1 0 3 0 43 e 	7342.406140475	0.200072242	1
3 0 2 0 59 e 	7343.060354367	0.100447456	2
0 0 3 0 78 e 	7343.515524098	0.002839988	1
0 2 3 0 33 e 	7347.733649988	0.001206001	3
3 4 1 0 60 e 	7348.418341130	0.004447583	1
3 1 2 1 33 f 	7351.163684076	0.004018920	1
4 3 1 1 46 e 	7355.625649856	0.004064320	1
3 5 1 1 34 e 	7355.677558412	0.004018023	1
6 0 1 0 36 e 	7357.811436060	0.006077392	1
0 2 3 0 34 e 	7361.327598209	0.001206008	2
3 1 2 1 34 e 	7364.309798412	0.002018023	1
0 2 3 2 35 f 	7366.773049431	0.011223670	1
0 2 3 2 35 e 	7366.776594591	0.011218023	1
3 0 2 0 60 e 	7366.878391130	0.100447583	1
3 5 1 1 35 f 	7370.506140039	0.002024678	1
6 0 1 0 37 e 	7372.448064872	0.006077408	1
3 4 1 0 61 e 	7372.983815841	0.006447730	1
4 3 1 1 47 e 	7374.462450975	0.010617256	1
0 0 3 0 79 e 	7374.904639272	0.002958014	1
0 2 3 0 35 e 	7375.321836031	0.002004008	1
5 2 1 0 25 e 	7375.529359302	0.002083703	1
4 3 1 1 47 f 	7375.743109118	0.006620592	1
3 1 2 1 35 f 	7378.766221325	0.004022255	1
3 5 1 1 36 e 	7384.195201098	0.004019006	1
0 2 3 0 36 e 	7389.714264867	0.001206008	3
3 0 2 0 61 e 	7391.081225841	0.100447730	1
4 3 1 1 48 f 	7395.034204049	0.006170859	1
0 2 3 2 37 f 	7395.962265815	0.011215670	1
0 2 3 2 37 e 	7395.963500019	0.011218023	1
5 2 1 0 27 e 	7396.690316364	0.002083970	1
6 0 1 0 39 e 	7402.911610846	0.006077502	2
5 0 1 0 75 e 	7403.583940065	0.007543980	1
0 2 3 0 37 e 	7404.506145990	0.001206023	3
0 0 3 0 80 e 	7406.689247597	0.003643190	1
3 1 2 1 37 e 	7407.416621505	0.002024105	1
3 1 2 1 37 f 	7407.969290162	0.004027440	1
0 2 3 2 38 f 	7411.156079378	0.012427440	1
4 3 1 1 49 e 	7413.340495483	0.011137256	1
3 5 1 1 38 e 	7414.312591738	0.004023006	1
3 5 1 1 38 f 	7415.197584809	0.002015670	1
3 0 2 0 62 e 	7415.678752755	0.100447850	1
0 2 3 0 38 e 	7419.697922075	0.001206105	3
3 1 2 1 38 f 	7423.175876719	0.004019670	1
5 2 1 0 30 e 	7431.423497435	0.002083944	1
0 2 3 0 39 e 	7435.288190520	0.001206118	3
0 0 3 0 81 e 	7438.867812381	0.004251689	1
3 0 2 0 63 e 	7440.670272143	0.100447943	2
0 2 3 2 40 e 	7442.726450473	0.011224105	1
0 2 3 2 40 f 	7442.746268378	0.011227440	1
3 4 1 0 64 e 	7449.100744460	0.006461286	1
0 2 3 0 40 e 	7451.278310350	0.002004118	1
4 3 1 1 51 e 	7453.821135483	0.011137256	1
3 1 2 1 40 f 	7454.790064447	0.004539670	1
5 2 1 0 32 e 	7456.575679850	0.004084049	1
3 5 1 1 41 e 	7462.488487226	0.004044242	1
3 0 2 0 64 e 	7466.072514460	0.100461286	1
0 2 3 0 41 e 	7467.667596772	0.001232170	2
1 1 3 1 7 e 	7468.587320403	0.002006471	1
3 1 2 1 41 e 	7470.493197226	0.002044242	1
1 1 3 1 8 e 	7471.772203723	0.002006488	1
4 0 2 0 3 e 	7474.556621800	0.004086887	1
1 1 3 1 9 e 	7475.356939266	0.002005856	1
4 0 2 0 5 e 	7478.126021800	0.002086887	1
3 5 1 1 42 f 	7480.384165105	0.002059656	1
4 0 2 0 6 e 	7480.501860705	0.002087020	1
4 0 2 0 7 e 	7483.276703814	0.002087354	1
5 2 1 0 34 e 	7483.323946060	0.004077392	1
1 1 3 1 11 f 	7483.756302285	0.002006508	1
0 2 3 0 42 e 	7484.455695716	0.002004170	2
4 0 2 0 9 e 	7490.011561355	0.002088753	1
3 0 2 0 65 e 	7491.848336796	0.100463287	2
0 2 3 2 43 f 	7493.112220264	0.023221055	1
4 0 2 0 10 e 	7493.973145712	0.002088765	1
5 0 1 0 78 e 	7495.073682024	0.010226507	1
4 3 1 1 53 f 	7497.492329571	0.010340592	1
4 0 2 0 11 e 	7498.331453743	0.002088775	1
0 2 3 0 43 e 	7501.643415626	0.002004242	1
3 4 1 0 66 e 	7501.853634460	0.006461286	1
4 0 2 0 12 e 	7503.088395712	0.002088765	1
6 0 1 0 45 e 	7503.776525347	0.006517256	1
3 1 2 1 43 e 	7504.434230493	0.002057256	1
3 1 2 1 43 f 	7505.227308075	0.004053920	1
4 0 2 0 13 e 	7508.237433743	0.002088775	1
4 0 2 0 14 e 	7513.785365305	0.002090127	1
3 5 1 1 44 e 	7514.257039856	0.004064320	1
3 0 2 0 66 e 	7518.037223075	0.100465289	1
4 3 1 1 54 f 	7519.184317256	0.006254862	2
0 2 3 0 44 e 	7519.229068824	0.002004320	1
4 0 2 0 15 e 	7519.728157583	0.002083469	1
3 1 2 1 44 e 	7522.005769856	0.002064320	1
3 1 2 1 44 f 	7522.847495392	0.004067656	1
4 0 2 0 16 e 	7526.065595305	0.002090127	1
4 0 2 0 17 e 	7532.801877583	0.002083469	1
3 5 1 1 45 f 	7533.459706142	0.002100592	1
0 2 3 0 45 e 	7537.216652475	0.002072242	1
0 0 3 0 84 e 	7537.772197161	0.004984118	1
4 0 2 0 18 e 	7539.933153276	0.002083482	1
6 0 1 0 47 e 	7540.552939110	0.006199313	1
3 1 2 1 45 f 	7540.869206142	0.004100592	1
3 0 2 0 67 e 	7544.614117499	0.100543287	1
0 2 3 2 46 e 	7547.049245912	0.011297256	1
4 0 2 0 20 e 	7555.383837892	0.002003517	2
0 2 3 0 46 e 	7555.599289883	0.002074244	2
3 1 2 1 46 e 	7558.352999856	0.006064320	1
4 0 2 0 21 e 	7563.703992646	0.002003608	3
1 1 3 1 23 e 	7567.355257341	0.002024825	1
1 1 3 1 23 f 	7567.503254134	0.002015173	2
3 5 1 1 47 e 	7569.613440975	0.004617256	1
3 5 1 1 47 f 	7570.831189118	0.004620592	1
0 0 3 0 85 e 	7571.531055198	0.005399150	1
3 0 2 0 68 e 	7571.579231922	0.004718797	1
0 2 3 0 47 e 	7574.382985784	0.002117256	1
1 1 3 1 24 f 	7577.073045575	0.002019208	1
3 1 2 1 47 e 	7577.122816030	0.006097256	1
4 0 2 0 23 e 	7581.530059302	0.002083703	1
1 1 3 1 25 f 	7587.040913246	0.002015247	1
4 0 2 0 24 e 	7591.038802403	0.002083663	1
0 2 3 0 48 e 	7593.565938217	0.001357256	2
3 1 2 1 48 e 	7596.299868788	0.006174194	1
3 1 2 1 48 f 	7597.362604049	0.006170859	2
6 0 1 0 50 e 	7598.682219244	0.006211988	1
3 0 2 0 69 e 	7598.956641154	0.100796796	1
4 0 2 0 25 e 	7600.941089302	0.002083703	1
5 2 1 0 42 e 	7606.263396235	0.006145626	1
1 1 3 1 27 e 	7607.971374739	0.002021543	1
1 1 3 1 27 f 	7608.172907485	0.002018920	1
4 3 1 1 58 f 	7609.948036358	0.010654862	1
4 0 2 0 26 e 	7611.239565566	0.002083827	1
0 2 3 0 49 e 	7613.146610469	0.002121259	2
3 1 2 1 49 f 	7616.999249282	0.007140592	1
1 1 3 1 28 e 	7619.120027028	0.002023541	1
1 1 3 1 28 f 	7619.335140556	0.002015371	2
4 0 2 0 27 e 	7621.933014802	0.002003771	2
3 2 2 2 7 e 	7622.687862257	0.017206850	1
3 2 2 2 7 f 	7622.687874989	0.017206843	1
3 0 2 0 70 e 	7626.707841874	0.101212472	2
3 5 1 1 50 e 	7628.551712480	0.005374194	1
3 5 1 1 50 f 	7629.862946352	0.005454862	1
1 1 3 1 29 e 	7630.665622269	0.002021946	1
1 1 3 1 29 f 	7630.897104191	0.002014920	2
4 0 2 0 28 e 	7633.024779620	0.002083944	1
0 2 3 0 50 e 	7633.126710580	0.002123260	2
3 2 2 2 10 e 	7633.484501573	0.014005849	1
3 1 2 1 50 e 	7635.861128788	0.006174194	1
0 0 3 0 87 e 	7640.227742574	0.006779828	1
1 1 3 1 30 e 	7642.609465697	0.002021320	1
4 0 2 0 29 e 	7644.510516364	0.002083970	1
3 2 2 2 13 e 	7647.894170914	0.014006505	1
3 2 2 2 13 f 	7647.894353177	0.014006498	1
0 2 3 0 51 e 	7653.504593524	0.002125262	1
3 0 2 0 71 e 	7654.876649120	0.101290471	1
1 1 3 1 31 f 	7655.215027076	0.002018920	1
3 1 2 1 51 e 	7656.239669132	0.008337256	1
4 0 2 0 30 e 	7656.393111817	0.002084001	1
5 2 1 0 45 e 	7658.948605347	0.006517256	1
3 2 2 2 15 e 	7659.499325780	0.014007291	1
3 2 2 2 15 f 	7659.499883763	0.014007285	1
1 1 3 1 32 f 	7667.972379230	0.002022706	1
4 0 2 0 31 e 	7668.670042069	0.002084041	1
3 5 1 1 52 e 	7669.833031130	0.006574194	1
3 5 1 1 52 f 	7671.195066352	0.005454862	1
3 2 2 2 17 f 	7672.704889630	0.014007285	1
0 2 3 0 52 e 	7674.283914595	0.002283260	1
3 1 2 1 52 e 	7677.030721130	0.008574194	1
1 1 3 1 33 f 	7681.125227325	0.002022255	1
4 0 2 0 32 e 	7681.343569850	0.002084049	1
3 0 2 0 72 e 	7683.421707928	0.101706147	2
3 5 1 1 53 e 	7691.065817723	0.005555262	1
4 0 2 0 33 e 	7694.412212069	0.002084041	1
3 1 2 1 53 e 	7698.212917723	0.007555262	1
3 2 2 2 21 f 	7703.790395897	0.014014619	1
3 2 2 2 21 e 	7703.917459424	0.014010626	1
4 0 2 0 34 e 	7707.876746060	0.002077392	1
0 0 3 0 89 e 	7710.503103484	0.008087123	1
3 0 2 0 73 e 	7712.369517701	0.101543980	2
3 5 1 1 54 f 	7714.106462265	0.005454862	1
0 2 3 0 54 e 	7717.033762166	0.002287263	1
4 0 2 0 35 e 	7721.736414872	0.002077408	1
3 2 2 2 23 f 	7721.795229489	0.014015208	1
3 2 2 2 23 e 	7721.809914319	0.014019541	1
3 2 2 2 24 f 	7731.397899075	0.014015247	1
3 5 1 1 55 e 	7734.730220784	0.004355262	1
4 0 2 0 36 e 	7735.989453024	0.002077489	1
0 2 3 0 55 e 	7739.006798711	0.002285262	1
3 1 2 1 55 f 	7743.345603037	0.011540592	1
4 0 2 0 37 e 	7750.641236878	0.002077502	1
3 5 1 1 56 f 	7758.590522265	0.005454862	1
3 2 2 2 27 f 	7762.602240141	0.016015371	1
3 2 2 2 27 e 	7762.611992757	0.014023541	1
4 0 2 0 38 e 	7765.687103024	0.002077489	1
3 0 2 0 75 e 	7771.448206096	0.005797488	1
4 0 2 0 39 e 	7781.127804815	0.002077554	1
3 5 1 1 57 f 	7781.426244118	0.004416863	1
3 2 2 2 29 f 	7785.404711586	0.016018706	1
3 2 2 2 29 e 	7785.408630330	0.016017986	1
4 0 2 0 40 e 	7796.964843131	0.002077518	1
3 2 2 2 30 e 	7797.387885922	0.016017342	1
3 2 2 2 30 f 	7797.402851664	0.016014920	1
2 4 2 0 2 e 	7799.164614617	0.004000160	1
3 0 2 0 76 e 	7801.581322024	0.102226507	1
3 5 1 1 58 e 	7803.198992832	0.005555395	1
2 4 2 0 7 e 	7809.202949774	0.002002015	1
2 0 3 0 0 e 	7811.953333308	0.002000067	1
2 0 3 0 2 e 	7813.143834617	0.002000160	1
2 4 2 0 9 e 	7816.027785764	0.002002038	1
2 0 3 0 5 e 	7817.903405969	0.002001961	1
3 2 2 2 32 e 	7822.581167319	0.016017342	1
3 2 2 2 32 f 	7822.598035572	0.016018920	1
2 0 3 0 7 e 	7823.060226969	0.004001961	1
2 0 3 0 8 e 	7826.233884102	0.004001997	3
2 4 2 0 12 e 	7829.275348579	0.002003389	1
2 0 3 0 9 e 	7829.804164769	0.004002015	2
4 0 2 0 42 e 	7829.821006235	0.002145626	1
3 0 2 0 77 e 	7832.113518668	0.102064340	1
2 0 3 0 10 e 	7833.771404265	0.004002026	2
2 0 3 0 11 e 	7838.133288896	0.004002038	3
2 0 3 0 12 e 	7842.892554774	0.004002048	2
2 4 2 0 15 e 	7846.136591560	0.002003427	1
2 0 3 0 13 e 	7848.051680296	0.004002055	2
3 2 2 2 34 e 	7849.370811931	0.016018008	1
3 2 2 2 34 f 	7849.395152810	0.016022255	1
3 5 1 1 60 e 	7850.834207555	0.007555635	1
3 5 1 1 60 f 	7852.280693547	0.004417183	1
2 0 3 0 14 e 	7853.601934330	0.004003389	3
2 4 2 0 17 e 	7859.383221560	0.002003427	1
2 0 3 0 15 e 	7859.552309215	0.004003400	2
2 0 3 0 16 e 	7865.900009728	0.004003414	3
2 0 3 0 17 e 	7872.642989595	0.004003427	2
3 2 2 2 36 f 	7877.791315378	0.021227440	1
2 0 3 0 18 e 	7879.783269210	0.004003437	2
2 4 2 0 20 e 	7882.263258206	0.002003573	1
2 0 3 0 19 e 	7887.320111634	0.004003490	3
3 2 2 2 37 e 	7892.570896019	0.020018023	1
3 2 2 2 37 f 	7892.589549815	0.020015670	1
3 0 2 0 79 e 	7894.348509272	0.006558014	1
2 0 3 0 20 e 	7895.251441485	0.004003517	2
3 5 1 1 62 e 	7900.056460964	0.011555835	1
4 0 2 0 46 e 	7900.272163924	0.004117256	1
3 5 1 1 62 f 	7901.486033041	0.004417390	1
2 0 3 0 21 e 	7903.582236537	0.004003539	3
3 2 2 2 38 e 	7907.749391001	0.020021342	1
3 2 2 2 38 f 	7907.784875378	0.021227440	1
2 4 2 0 23 e 	7908.753925797	0.002003608	1
2 0 3 0 22 e 	7912.308782648	0.004003573	2
4 0 2 0 47 e 	7918.872441625	0.004199313	1
2 0 3 0 23 e 	7921.431901039	0.004003608	3
3 5 1 1 63 e 	7925.283602839	0.012449561	1
3 0 2 0 80 e 	7926.060687597	0.008443190	1
3 5 1 1 63 f 	7926.678595728	0.004497450	1
2 0 3 0 24 e 	7930.952654464	0.004003647	2
4 0 2 0 48 e 	7937.863213174	0.002201314	1
3 2 2 2 40 e 	7939.345996270	0.020020105	1
3 2 2 2 40 f 	7939.367507889	0.021247578	1
2 0 3 0 25 e 	7940.868136164	0.004003701	2
3 1 2 1 64 e 	7949.066207084	0.008462904	1
2 4 2 0 27 e 	7949.690519591	0.002003889	1
2 0 3 0 26 e 	7951.182707231	0.004003722	3
4 0 2 0 49 e 	7957.247679330	0.002209987	1
3 0 2 0 81 e 	7958.172412233	0.103051689	2
1 2 3 0 1 e 	7958.438648857	0.002000133	1
1 2 3 0 2 e 	7959.237074617	0.002000160	1
2 12 0 0 4 e 	7961.341232626	0.008000627	1
2 0 3 0 27 e 	7961.892206866	0.004003771	3
1 2 3 0 4 e 	7962.036424617	0.002000160	1
1 2 3 0 5 e 	7964.037047431	0.002000294	1
2 12 0 0 6 e 	7965.825560813	0.008001997	1
1 2 3 0 6 e 	7966.436482626	0.002000627	1
2 12 0 0 7 e 	7968.673527871	0.004001961	2
1 2 3 0 7 e 	7969.234899774	0.002002015	1
2 12 0 0 8 e 	7971.930954560	0.004002026	1
1 2 3 0 8 e 	7972.438162687	0.002001997	2
3 2 2 2 42 e 	7972.515336270	0.020020105	1
3 2 2 2 42 f 	7972.547947889	0.021247578	1
2 0 3 0 28 e 	7973.000084724	0.004003834	2
2 12 0 0 9 e 	7975.590289774	0.002002015	1
1 2 3 0 9 e 	7976.042295764	0.002002038	1
4 0 2 0 50 e 	7977.025929244	0.002211988	1
3 5 1 1 65 f 	7978.245962305	0.004510886	1
2 12 0 0 10 e 	7979.654082970	0.002002048	1
1 2 3 0 10 e 	7980.052428765	0.002002026	2
2 12 0 0 11 e 	7984.117674723	0.002002055	1
1 2 3 0 11 e 	7984.468220243	0.002002038	2
2 0 3 0 29 e 	7984.502591715	0.004003889	3
2 12 0 0 12 e 	7988.972885774	0.002002048	2
1 2 3 0 12 e 	7989.301900774	0.002002048	2
3 0 2 0 82 e 	7990.676750349	0.102836796	2
1 2 3 0 13 e 	7994.212937796	0.002002055	2
2 12 0 0 13 e 	7994.553600869	0.004003400	1
2 0 3 0 30 e 	7996.403353819	0.004003915	2
2 4 2 0 31 e 	7997.040350940	0.002003946	1
4 0 2 0 51 e 	7997.198605714	0.002289987	1
1 2 3 0 14 e 	7999.839237081	0.002003414	1
2 12 0 0 14 e 	8000.232912830	0.004003389	2
1 2 3 0 15 e 	8005.851331560	0.002003427	1
2 12 0 0 15 e 	8006.327740869	0.010003400	1
2 0 3 0 31 e 	8008.701046313	0.004003993	1
1 2 3 0 16 e 	8012.254267081	0.002003414	1
4 0 2 0 52 e 	8017.763425784	0.002298659	1
1 2 3 0 17 e 	8019.050681560	0.002003427	1
2 12 0 0 17 e 	8019.771901560	0.010003427	1
2 0 3 0 32 e 	8021.394505913	0.004004001	2
1 2 3 0 18 e 	8026.244627657	0.002003437	1
2 0 3 0 33 e 	8034.484734031	0.004004008	1
2 4 2 0 34 e 	8036.761719013	0.002004023	1
4 0 2 0 53 e 	8038.713678209	0.004376658	1
1 2 3 0 20 e 	8041.823968206	0.002003573	1
2 0 3 0 34 e 	8047.974052013	0.004004023	2
1 2 3 0 21 e 	8050.210403234	0.002003539	1
3 1 2 1 68 e 	8055.749498435	0.016543287	1
3 0 2 0 84 e 	8056.878237161	0.103784118	1
1 2 3 0 22 e 	8058.996518206	0.002003573	1
4 0 2 0 54 e 	8060.055309967	0.006385331	1
2 0 3 0 35 e 	8061.853027788	0.004004070	1
2 4 2 0 36 e 	8065.242153809	0.002004079	1
1 2 3 0 23 e 	8068.180385797	0.002003608	1
2 0 3 0 36 e 	8076.141439013	0.002004023	1
1 2 3 0 24 e 	8077.762691464	0.002003647	2
4 0 2 0 55 e 	8081.774686961	0.010387332	1
3 5 1 1 69 f 	8086.134289561	0.014796796	1
1 2 3 0 25 e 	8087.745322164	0.002003701	2
3 0 2 0 85 e 	8090.556855198	0.010199150	1
2 4 2 0 38 e 	8095.324753809	0.002004079	1
1 2 3 0 26 e 	8098.127962018	0.002003722	2
4 0 2 0 56 e 	8104.638799967	0.010385331	1
2 0 3 0 38 e 	8105.896870350	0.002004118	1
2 12 0 2 27 e 	8108.759413916	0.002003771	2
1 2 3 0 27 e 	8108.910663916	0.002003771	2
0 0 4 0 2 e 	8111.922324617	0.004000160	1
0 0 4 0 4 e 	8114.694814617	0.002000160	1
0 0 4 0 6 e 	8119.054232626	0.002000627	1
1 2 3 0 28 e 	8120.064369724	0.002003834	2
2 12 0 2 28 e 	8120.190292248	0.002003915	2
0 0 4 0 7 e 	8121.827789774	0.002002015	1
3 0 2 0 86 e 	8124.663704011	0.104464589	1
0 0 4 0 8 e 	8124.997354560	0.002002026	1
2 4 2 0 40 e 	8127.006010350	0.002004118	1
0 0 4 0 9 e 	8128.564255764	0.002002038	1
1 2 3 0 29 e 	8131.649631861	0.002003889	2
0 0 4 0 10 e 	8132.526408765	0.002002026	2
0 0 4 0 11 e 	8136.885105243	0.002002038	2
2 0 3 0 40 e 	8137.241917609	0.002004170	1
0 0 4 0 12 e 	8141.635965774	0.002002048	2
1 2 3 0 30 e 	8143.625380319	0.002003915	2
0 0 4 0 13 e 	8146.786947796	0.002002055	2
0 0 4 0 14 e 	8152.333377081	0.002003414	1
1 2 3 0 31 e 	8155.999088626	0.002003946	2
0 0 4 0 15 e 	8158.276921560	0.002003427	1
2 4 2 0 42 e 	8160.286867609	0.002004170	1
1 2 3 0 32 e 	8168.772357850	0.002003986	2
2 0 3 0 42 e 	8170.176577824	0.002004320	1
0 0 4 0 17 e 	8171.350181560	0.002003427	1
4 0 2 0 59 e 	8173.250434156	0.010484677	1
1 2 3 0 33 e 	8181.944854672	0.002003993	2
0 0 4 0 20 e 	8193.929392763	0.002003517	1
3 0 2 0 88 e 	8194.012711491	0.015345198	1
2 4 2 0 44 e 	8195.162780238	0.002074244	1
1 2 3 0 34 e 	8195.510919663	0.002004001	2
3 1 2 1 73 e 	8198.048623707	0.017706147	1
2 0 3 0 44 e 	8204.701580238	0.002074244	1
1 2 3 0 35 e 	8209.480501788	0.002004070	1
0 0 4 0 23 e 	8220.070855797	0.002003608	1
2 0 3 0 45 e 	8222.561884784	0.002117256	1
1 2 3 0 37 e 	8238.612211788	0.002004070	1
0 0 4 0 25 e 	8239.477396087	0.002003701	1
2 4 2 0 47 e 	8250.469856415	0.002121259	1
1 2 3 0 38 e 	8253.775650350	0.002004118	1
3 1 2 1 75 e 	8257.460362445	0.017959656	1
2 0 3 0 47 e 	8259.476666415	0.002121259	1
3 0 2 0 90 e 	8264.996535013	0.106100465	1
0 0 4 0 28 e 	8271.555975252	0.002003915	1
1 2 3 0 40 e 	8285.298480350	0.002004118	1
2 4 2 0 49 e 	8289.331486415	0.002121259	1
2 1 3 1 3 e 	8294.220097124	0.004011122	1
2 1 3 1 4 e 	8295.814571267	0.004009762	1
2 1 3 1 4 f 	8295.820936954	0.004009756	1
2 0 3 0 49 e 	8297.986756524	0.002125262	1
1 2 3 0 41 e 	8301.656046626	0.002004242	1
2 1 3 1 7 f 	8302.996660625	0.004006457	1
0 0 4 0 31 e 	8307.194376313	0.002003993	1
2 1 3 1 11 e 	8318.102224266	0.004005856	1
2 1 3 1 13 e 	8328.051127521	0.004009849	1
2 4 2 0 51 e 	8329.782906524	0.002125262	1
3 0 2 0 92 e 	8337.583526156	0.107247926	1
2 0 3 0 51 e 	8338.096433100	0.004205262	1
2 1 3 1 15 e 	8339.590587521	0.002009849	1
2 1 3 1 15 f 	8339.674361832	0.004007515	1
0 0 4 0 34 e 	8346.391259013	0.002004023	1
2 1 3 1 17 e 	8352.721423354	0.002016825	1
1 2 3 0 44 e 	8353.123697824	0.002004320	1
2 1 3 1 18 f 	8360.001311123	0.004007285	1
2 1 3 1 19 e 	8367.443353354	0.002016825	1
1 2 3 0 45 e 	8371.075244784	0.002117256	1
2 4 2 0 53 e 	8371.821256711	0.002285262	1
3 0 2 0 93 e 	8374.501251046	0.107468078	1
2 1 3 1 20 f 	8375.545332594	0.002010619	1
2 0 3 0 53 e 	8379.804726711	0.004285262	1
0 0 4 0 37 e 	8389.148226558	0.002004105	1
1 2 3 0 46 e 	8389.425396529	0.002119257	1
2 1 3 1 22 f 	8392.680913357	0.002015208	1
2 0 3 0 54 e 	8401.259349166	0.004287263	1
2 1 3 1 23 e 	8401.656792341	0.002024825	1
1 2 3 0 47 e 	8408.174264784	0.002117256	1
2 4 2 0 55 e 	8415.440929676	0.002289264	1
0 0 4 0 39 e 	8419.628524603	0.002004134	1
2 1 3 1 25 e 	8421.148093739	0.002021543	1
1 2 3 0 48 e 	8427.320964992	0.002119257	2
2 4 2 0 56 e 	8437.843763032	0.002367263	1
2 1 3 1 27 e 	8442.229038269	0.002021946	1
2 1 3 1 27 f 	8442.484297485	0.002018920	1
2 0 3 0 56 e 	8445.377433031	0.004367263	1
1 2 3 0 49 e 	8446.865516469	0.002121259	2
0 0 4 0 41 e 	8451.688456626	0.002004242	1
2 1 3 1 28 f 	8453.640435699	0.002018706	1
1 3 3 1 3 e 	8460.776854540	0.008009094	1
1 3 3 1 4 e 	8462.378201267	0.008009762	1
2 1 3 1 29 e 	8464.898824881	0.002017946	1
1 3 3 1 6 f 	8466.789724802	0.004005756	1
1 2 3 0 50 e 	8466.808449580	0.002123260	2
2 0 3 0 57 e 	8468.039183486	0.004369264	1
0 0 4 0 42 e 	8468.312927824	0.002004320	1
1 3 3 1 8 e 	8472.763852389	0.004005822	1
1 3 3 1 9 e 	8476.361193403	0.004006471	1
1 3 3 1 10 e 	8480.354293723	0.004006488	1
1 3 3 1 10 f 	8480.409970016	0.004006475	1
2 4 2 0 58 e 	8483.831233032	0.002367263	1
1 3 3 1 11 e 	8484.750021520	0.004006515	1
0 0 4 0 43 e 	8485.329720475	0.002072242	1
1 2 3 0 51 e 	8487.149406524	0.002125262	1
2 1 3 1 31 e 	8489.155424189	0.002017342	1
1 3 3 1 12 e 	8489.544634264	0.004006632	1
2 0 3 0 58 e 	8491.105163883	0.004371266	1
1 3 3 1 13 e 	8494.738231520	0.004006515	1
1 3 3 1 14 e 	8500.332413556	0.004010632	1
2 1 3 1 32 f 	8502.231460675	0.002023670	1
0 0 4 0 44 e 	8502.743290238	0.002074244	1
1 3 3 1 15 f 	8506.440324724	0.004007874	1
2 4 2 0 59 e 	8507.415351192	0.002447456	1
1 2 3 0 52 e 	8507.886875704	0.002203260	1
2 0 3 0 59 e 	8514.573101192	0.004447456	1
0 0 4 0 45 e 	8520.550114784	0.002117256	1
1 3 3 1 18 e 	8526.699232933	0.004017414	1
1 3 3 1 18 f 	8526.864072594	0.004010619	1
2 1 3 1 34 e 	8528.519848661	0.002021986	1
1 2 3 0 53 e 	8529.023163100	0.002205262	1
2 4 2 0 60 e 	8531.391221130	0.002447583	1
1 3 3 1 19 e 	8534.288350770	0.004020825	1
1 3 3 1 19 f 	8534.469809877	0.004011897	1
2 0 3 0 60 e 	8538.447191130	0.004447583	1
0 0 4 0 46 e 	8538.750766529	0.004119257	1
1 3 3 1 20 e 	8542.275911309	0.004017437	1
2 1 3 1 35 f 	8542.850431325	0.002022255	1
1 2 3 0 54 e 	8550.556388595	0.002283260	1
1 3 3 1 21 e 	8550.665372341	0.004024825	1
2 1 3 1 36 e 	8556.745181098	0.002019006	1
2 1 3 1 36 f 	8557.182634809	0.002015670	1
0 0 4 0 47 e 	8557.348996415	0.004121259	1
1 3 3 1 22 e 	8559.450962360	0.004020771	1
1 3 3 1 23 e 	8568.640502341	0.004024825	1
1 3 3 1 23 f 	8568.908068022	0.002015173	1
2 1 3 1 37 e 	8571.454001505	0.002024105	1
0 0 4 0 48 e 	8576.342163456	0.004123260	1
1 3 3 1 24 e 	8578.225301543	0.004019541	1
1 3 3 1 24 f 	8578.515607575	0.002019208	1
2 4 2 0 62 e 	8580.520812755	0.002447850	1
2 1 3 1 38 f 	8587.041396719	0.002019670	1
2 0 3 0 62 e 	8587.410762755	0.006447850	1
1 3 3 1 25 e 	8588.211293739	0.004021543	1
1 2 3 0 56 e 	8594.818233032	0.002367263	1
0 0 4 0 49 e 	8595.732126524	0.004125262	1
1 3 3 1 26 f 	8598.935700413	0.002015371	1
2 4 2 0 63 e 	8605.674227513	0.004447943	1
2 0 3 0 63 e 	8612.505707513	0.006447943	1
0 0 4 0 50 e 	8615.513355704	0.004203260	1
0 1 4 1 8 e 	8615.850663723	0.006006488	1
0 1 4 1 8 f 	8615.869760016	0.006006475	1
1 2 3 0 57 e 	8617.545433486	0.002369264	1
2 1 3 1 40 e 	8617.956575059	0.002023006	2
2 1 3 1 40 f 	8618.489104447	0.002539670	1
0 1 4 1 9 e 	8619.420593403	0.006006471	1
0 1 4 1 9 f 	8619.441933865	0.006005842	1
1 3 3 1 28 e 	8620.562874697	0.006021320	1
2 1 3 1 41 e 	8634.252227226	0.002044242	1
0 0 4 0 51 e 	8635.689543100	0.004205262	1
0 1 4 1 13 e 	8637.669861520	0.006006515	1
2 0 3 0 64 e 	8638.001404460	0.006461286	1
1 2 3 0 58 e 	8640.668703883	0.004371266	1
0 1 4 1 14 e 	8643.225647685	0.006014632	1
0 1 4 1 14 f 	8643.276566598	0.006007860	1
1 3 3 1 30 f 	8644.574752230	0.002022706	1
2 1 3 1 42 f 	8651.521485105	0.002059656	1
0 1 4 1 16 f 	8655.589731123	0.006007285	1
1 3 3 1 31 e 	8656.504694189	0.006017342	1
1 2 3 0 59 e 	8664.193831192	0.004447456	1
3 0 3 0 9 e 	8664.506731355	0.004088753	1
3 0 3 0 10 e 	8668.461782030	0.004088741	1
2 1 3 1 43 f 	8668.634048075	0.002053920	1
1 3 3 1 32 f 	8669.796362230	0.002022706	1
0 1 4 1 19 e 	8676.944110770	0.006020825	1
0 1 4 1 19 f 	8677.033209877	0.006011897	1
0 0 4 0 53 e 	8677.227326711	0.004285262	1
3 0 3 0 13 e 	8682.691688209	0.004089782	1
1 3 3 1 33 f 	8683.002371325	0.004022255	1
2 0 3 0 66 e 	8683.481063075	0.004465289	1
0 1 4 1 20 e 	8684.877862360	0.006020771	1
0 1 4 1 20 f 	8684.975865027	0.006014619	1
2 1 3 1 44 e 	8685.510589856	0.002064320	1
1 2 3 0 60 e 	8688.111421130	0.004447583	1
1 3 3 1 34 e 	8696.040708661	0.006021986	1
0 0 4 0 54 e 	8698.587219166	0.004287263	1
3 0 3 0 16 e 	8700.479775305	0.004090127	1
2 1 3 1 45 e 	8703.389386030	0.002097256	1
2 1 3 1 45 f 	8704.047596142	0.002100592	1
2 0 3 0 67 e 	8710.202047499	0.004543287	1
1 3 3 1 35 f 	8710.625840039	0.004024678	1
0 1 4 1 23 f 	8711.188019246	0.006015247	1
0 0 4 0 55 e 	8720.339979676	0.004289264	1
2 1 3 1 46 e 	8721.662294599	0.004170192	1
3 0 3 0 19 e 	8721.824766338	0.004436992	1
3 0 3 0 20 e 	8729.726438020	0.004083546	1
2 4 2 2 68 e 	8734.740473075	0.008465289	1
1 2 3 0 62 e 	8737.143332755	0.004447850	1
3 0 3 0 21 e 	8738.028936338	0.004436992	1
1 3 3 1 37 e 	8739.162969107	0.006021342	1
2 1 3 1 47 e 	8740.333000975	0.004617256	1
0 1 4 1 26 e 	8740.804853028	0.010023541	1
0 1 4 1 26 f 	8740.965190413	0.010015371	1
2 1 3 1 47 f 	8741.046389118	0.002620592	1
0 0 4 0 56 e 	8742.486853032	0.004367263	1
3 0 3 0 22 e 	8746.721652403	0.004083663	1
0 1 4 1 27 e 	8751.511313739	0.006021543	1
0 1 4 1 27 f 	8751.687137485	0.010018920	1
1 3 3 1 38 f 	8755.049306719	0.004019670	1
3 0 3 0 23 e 	8755.810549302	0.004083703	1
2 1 3 1 48 e 	8759.399998788	0.004174194	1
2 1 3 1 48 f 	8760.141044049	0.002170859	1
0 1 4 1 28 e 	8762.616423028	0.006023541	1
2 0 3 0 69 e 	8764.822981154	0.008796796	1
3 0 3 0 24 e 	8765.297045566	0.004083827	1
3 0 3 0 25 e 	8775.174609068	0.004083889	1
2 1 3 1 49 e 	8778.864685483	0.005137256	1
2 1 3 1 49 f 	8779.630779118	0.004620592	1
0 1 4 1 30 e 	8786.008105909	0.010017986	1
0 1 4 1 31 f 	8798.543343987	0.010014920	2
2 1 3 1 50 f 	8799.518036352	0.005454862	1
1 3 3 1 41 e 	8802.243057226	0.006044242	1
1 3 3 1 41 f 	8803.072637283	0.004047578	1
3 0 3 0 28 e 	8807.181897435	0.004083944	1
2 2 3 0 11 e 	8812.771611355	0.016088753	1
1 2 3 0 65 e 	8813.665223865	0.004463287	1
3 0 3 0 29 e 	8818.640307014	0.004083970	1
2 1 3 1 51 f 	8819.799059571	0.010340592	1
1 3 3 1 42 f 	8819.878615105	0.004059656	1
0 1 4 1 33 e 	8824.078479757	0.010018008	1
0 1 4 1 33 f 	8824.348334076	0.010018920	1
2 2 3 0 14 e 	8828.324592508	0.016088781	1
3 0 3 0 30 e 	8830.490237435	0.004083944	1
1 3 3 1 43 e 	8836.178677226	0.006044242	1
1 3 3 1 43 f 	8837.086798075	0.004053920	1
0 1 4 1 34 e 	8837.561818412	0.010018023	1
2 1 3 1 52 f 	8840.476266352	0.007454862	1
2 4 2 2 72 e 	8849.744266426	0.011706147	1
0 1 4 1 35 e 	8851.445559107	0.010021342	1
1 3 3 1 44 e 	8853.739639856	0.006064320	1
3 0 3 0 32 e 	8855.368739850	0.006084049	1
0 0 4 0 61 e 	8859.144675841	0.006447730	1
2 2 3 0 19 e 	8862.213486338	0.016436992	1
2 2 3 0 20 e 	8870.183437810	0.016437026	1
1 3 3 1 45 e 	8871.701810493	0.006057256	1
2 0 3 0 73 e 	8876.441899120	0.009290471	1
3 0 3 0 34 e 	8881.847779850	0.004084049	1
2 1 3 1 54 f 	8883.018772248	0.010254862	1
1 3 3 1 46 e 	8890.058904599	0.006170192	1
0 1 4 1 38 e 	8895.447751098	0.010019006	1
3 0 3 0 35 e 	8895.674990066	0.004084057	1
2 1 3 1 55 f 	8904.887123037	0.015540592	1
3 0 3 0 36 e 	8909.894749542	0.004077392	2
3 0 3 0 37 e 	8924.511954872	0.004077408	1
1 3 3 1 48 e 	8927.975814599	0.006170192	1
0 0 4 0 64 e 	8933.859404460	0.006461286	1
3 0 3 0 38 e 	8939.519623024	0.004077489	1
2 1 3 1 57 f 	8949.809467679	0.015216863	1
1 0 4 0 3 e 	8957.250117431	0.020000294	1
1 0 4 0 4 e 	8958.840662626	0.020000627	1
1 0 4 0 6 e 	8963.191840813	0.020001997	2
1 0 4 0 7 e 	8965.960682871	0.020001961	2
1 0 4 0 8 e 	8969.128754560	0.020002026	1
1 0 4 0 9 e 	8972.713459774	0.020002015	1
2 1 3 1 58 f 	8972.859056358	0.014654862	1
1 0 4 0 10 e 	8976.664332970	0.020002048	1
1 0 4 0 11 e 	8981.035594723	0.020002055	1
1 0 4 0 12 e 	8985.782410774	0.020002048	2
1 3 3 1 51 e 	8987.841345483	0.011137256	1
1 0 4 0 13 e 	8990.927594723	0.020002055	1
1 0 4 0 14 e 	8996.490302830	0.020003389	2
1 0 4 0 15 e 	9002.430411215	0.020003400	2
1 0 4 0 16 e 	9008.773607369	0.020003414	2
1 0 4 0 17 e 	9015.513874595	0.020003427	2
1 0 4 0 18 e 	9022.644097657	0.020003437	1
1 0 4 0 19 e 	9030.166927631	0.020003490	1
1 0 4 0 20 e 	9038.086420485	0.020003517	2
1 0 4 0 21 e 	9046.409673234	0.020003539	2
1 0 4 0 22 e 	9055.119548206	0.020003573	1
1 0 4 0 23 e 	9064.227395797	0.020003608	1
1 0 4 0 24 e 	9073.744693090	0.020003647	1
1 0 4 0 25 e 	9083.646416087	0.020003701	1
1 0 4 0 26 e 	9093.940539838	0.020003722	1
1 0 4 0 27 e 	9104.636038240	0.020003771	1
1 0 4 0 28 e 	9115.716884197	0.020003834	1
1 0 4 0 29 e 	9127.196049591	0.020003889	1
3 0 3 0 49 e 	9130.642261625	0.004199313	1
1 0 4 0 30 e 	9139.079505252	0.020003915	1
3 0 3 0 50 e 	9150.379643174	0.004201314	1
1 0 4 0 31 e 	9151.336220940	0.020003946	2
1 0 4 0 32 e 	9164.010165387	0.020003986	1
3 0 3 0 51 e 	9170.511999330	0.004209987	1
1 0 4 0 33 e 	9177.054306313	0.020003993	1
1 0 4 0 34 e 	9190.529610313	0.020004001	1
3 0 3 0 52 e 	9191.037109244	0.004211988	1
1 0 4 0 35 e 	9204.384043031	0.020004008	2
1 0 4 0 39 e 	9263.718336558	0.020004105	1
1 0 4 0 40 e 	9279.530860350	0.020004118	2
1 0 4 0 41 e 	9295.748284603	0.020004134	1
1 2 4 0 2 e 	9934.727274617	0.020000160	1
1 2 4 0 4 e 	9937.502662626	0.020000627	1
1 2 4 0 5 e 	9939.480905969	0.020001961	1
1 2 4 0 7 e 	9944.653682871	0.020001961	2
1 2 4 0 8 e 	9947.820297687	0.020001997	2
1 2 4 0 9 e 	9951.400087769	0.020002015	2
1 2 4 0 10 e 	9955.382754560	0.020002026	2
1 2 4 0 11 e 	9959.739715764	0.020002038	1
1 2 4 0 12 e 	9964.514410774	0.020002048	2
1 2 4 0 13 e 	9969.690297796	0.020002055	2
1 2 4 0 14 e 	9975.234302830	0.020003389	2
1 2 4 0 15 e 	9981.195911215	0.020003400	2
1 2 4 0 16 e 	9987.535607369	0.020003414	2
1 2 4 0 17 e 	9994.306374595	0.020003427	2
1 2 4 0 18 e 	10001.451195210	0.020003437	2
1 2 4 0 19 e 	10008.999050433	0.020003490	2
1 2 4 0 20 e 	10016.944420485	0.020003517	2
1 2 4 0 21 e 	10025.280284516	0.020003539	2
1 2 4 0 22 e 	10034.017120648	0.020003573	2
1 2 4 0 23 e 	10043.140405942	0.020003608	2
1 2 4 0 24 e 	10052.674616464	0.020003647	2
1 2 4 0 25 e 	10062.599416087	0.020003701	1
1 2 4 0 26 e 	10072.924712018	0.020003722	2
0 0 5 0 0 e 	10080.902713308	0.020000067	1
0 0 5 0 1 e 	10081.286069429	0.020000000	2
0 0 5 0 2 e 	10082.079493963	0.020000067	2
0 0 5 0 3 e 	10083.264628144	0.020000133	2
1 2 4 0 27 e 	10083.642543916	0.020003771	2
0 0 5 0 4 e 	10084.841968622	0.020000160	2
0 0 5 0 5 e 	10086.811511700	0.020000294	2
0 0 5 0 6 e 	10089.174251719	0.020000627	2
0 0 5 0 7 e 	10091.931682871	0.020001961	2
1 2 4 0 28 e 	10094.755091215	0.020003834	3
0 0 5 0 8 e 	10095.086297687	0.020001997	2
0 0 5 0 9 e 	10098.632087769	0.020002015	2
0 0 5 0 10 e 	10102.571473500	0.020002026	3
1 2 4 0 29 e 	10106.272135266	0.020003889	2
0 0 5 0 11 e 	10106.905655243	0.020002038	2
0 0 5 0 12 e 	10111.632910774	0.020002048	2
0 4 4 0 1 e 	10114.424138857	0.020000133	1
0 4 4 0 2 e 	10115.216993963	0.020000067	2
0 4 4 0 3 e 	10116.410128144	0.020000133	2
0 0 5 0 13 e 	10116.754297796	0.020002055	2
0 4 4 0 4 e 	10118.006968622	0.020000160	2
1 2 4 0 30 e 	10118.180835319	0.020003915	2
0 4 4 0 5 e 	10119.997511700	0.020000294	2
0 0 5 0 14 e 	10122.268802830	0.020003389	2
0 4 4 0 6 e 	10122.392251719	0.020000627	2
0 4 4 0 7 e 	10125.188182871	0.020001961	2
0 0 5 0 15 e 	10128.177411215	0.020003400	2
0 4 4 0 8 e 	10128.380297687	0.020001997	2
1 2 4 0 31 e 	10130.487263626	0.020003946	2
0 4 4 0 9 e 	10131.971087769	0.020002015	2
0 0 5 0 16 e 	10134.476607369	0.020003414	2
0 4 4 0 10 e 	10135.959806833	0.020002026	3
0 4 4 0 11 e 	10140.348155243	0.020002038	2
0 0 5 0 17 e 	10141.172374595	0.020003427	2
1 2 4 0 32 e 	10143.191387850	0.020003986	2
0 4 4 0 12 e 	10145.134910774	0.020002048	2
0 0 5 0 18 e 	10148.264195210	0.020003437	2
0 4 4 0 13 e 	10150.317797796	0.020002055	2
0 0 5 0 19 e 	10155.746550433	0.020003490	2
0 4 4 0 14 e 	10155.902302830	0.020003389	2
1 2 4 0 33 e 	10156.292674672	0.020003993	2
0 4 4 0 15 e 	10161.883911215	0.020003400	2
0 0 5 0 20 e 	10163.620920485	0.020003517	2
0 4 4 0 16 e 	10168.265607369	0.020003414	2
1 2 4 0 34 e 	10169.790089663	0.020004001	2
0 0 5 0 21 e 	10171.892284516	0.020003539	2
0 4 4 0 17 e 	10175.046874595	0.020003427	2
0 0 5 0 22 e 	10180.556620648	0.020003573	2
0 4 4 0 18 e 	10182.226695210	0.020003437	2
1 2 4 0 35 e 	10183.681597410	0.020004008	2
0 0 5 0 23 e 	10189.613405942	0.020003608	2
0 4 4 0 19 e 	10189.807550433	0.020003490	2
0 4 4 0 20 e 	10197.783920485	0.020003517	2
1 2 4 0 36 e 	10197.972569013	0.020004023	1
0 0 5 0 24 e 	10199.066116464	0.020003647	2
0 4 4 0 21 e 	10206.151284516	0.020003539	2
0 0 5 0 25 e 	10208.911727164	0.020003701	2
1 2 4 0 37 e 	10212.650213378	0.020004070	3
0 4 4 0 22 e 	10214.934120648	0.020003573	2
0 0 5 0 26 e 	10219.146712018	0.020003722	2
0 4 4 0 23 e 	10224.108405942	0.020003608	2
1 2 4 0 38 e 	10227.729753809	0.020004079	1
0 0 5 0 27 e 	10229.778543916	0.020003771	2
0 4 4 0 24 e 	10233.679116464	0.020003647	2
0 0 5 0 28 e 	10240.800631567	0.020003834	3
1 2 4 0 39 e 	10243.216336558	0.020004105	1
0 4 4 0 25 e 	10243.650727164	0.020003701	2
0 0 5 0 29 e 	10252.220635266	0.020003889	2
0 4 4 0 26 e 	10254.019212018	0.020003722	2
1 2 4 0 40 e 	10259.085860350	0.020004118	1
0 0 5 0 30 e 	10264.026165387	0.020003986	1
0 4 4 0 27 e 	10264.790543916	0.020003771	2
0 4 4 0 28 e 	10275.955964900	0.020003834	3
0 0 5 0 31 e 	10276.233306313	0.020003993	1
0 4 4 0 29 e 	10287.522635266	0.020003889	2
0 0 5 0 32 e 	10288.826610313	0.020004001	1
0 4 4 0 30 e 	10299.486335319	0.020003915	2
0 0 5 0 33 e 	10301.819464125	0.020003993	3
0 4 4 0 31 e 	10311.851263626	0.020003946	2
0 0 5 0 34 e 	10315.204582779	0.020004001	3
0 4 4 0 32 e 	10324.612387850	0.020003986	2
1 2 4 0 44 e 	10326.548537824	0.100004320	2
2 16 0 0 35 e 	10328.607151788	0.020004070	1
0 0 5 0 35 e 	10328.990151788	0.020004070	2
0 4 4 0 33 e 	10337.774174672	0.020003993	2
0 0 5 0 36 e 	10343.134753809	0.020004079	2
2 16 0 0 36 e 	10343.393753809	0.020004079	1
0 4 4 0 34 e 	10351.337089663	0.020004001	2
0 0 5 0 37 e 	10357.711336558	0.020004105	2
0 4 4 0 35 e 	10365.291097410	0.020004008	2
0 0 5 0 38 e 	10372.668860350	0.020004118	1
0 4 4 0 36 e 	10379.651661411	0.020004023	2
0 0 5 0 39 e 	10388.017284603	0.020004134	1
0 4 4 0 37 e 	10394.411880045	0.020004070	3
0 0 5 0 40 e 	10403.757567609	0.020004170	2
0 4 4 0 38 e 	10409.572807079	0.020004079	2
0 0 5 0 41 e 	10419.893666626	0.020004242	1
0 4 4 0 39 e 	10425.125810580	0.020004105	2
0 0 5 0 42 e 	10436.421537824	0.020004320	1
0 4 4 0 40 e 	10441.082429437	0.020004118	3
0 0 5 0 43 e 	10453.330140475	0.020072242	1
0 4 4 0 41 e 	10457.441975614	0.020004134	2
0 0 5 0 44 e 	10470.640420238	0.020074244	1
0 4 4 0 42 e 	10474.199052716	0.020004170	2
0 0 5 0 45 e 	10488.350344784	0.020117256	1
0 4 4 0 43 e 	10491.353903551	0.020004242	2
0 0 5 0 46 e 	10506.439846529	0.020119257	1
0 4 4 0 44 e 	10508.896420238	0.020074244	1
0 0 5 0 47 e 	10524.932886415	0.020121259	2
0 4 4 0 45 e 	10526.851640475	0.020072242	2
0 0 5 0 48 e 	10543.810413456	0.020123260	1
0 0 5 0 49 e 	10563.081376524	0.020125262	1
0 1 5 1 2 e 	10565.474339402	0.020011095	2
0 1 5 1 2 f 	10565.475824749	0.020011088	2
0 1 5 1 3 e 	10566.653955832	0.020009094	2
0 1 5 1 3 f 	10566.656714321	0.020009087	2
0 1 5 1 4 e 	10568.228273306	0.020009762	2
0 1 5 1 4 f 	10568.232729302	0.020009756	2
0 1 5 1 5 e 	10570.204286811	0.020005094	2
0 1 5 1 5 f 	10570.210864668	0.020005087	2
0 1 5 1 6 e 	10572.567792389	0.020005822	1
0 1 5 1 6 f 	10572.579674802	0.020005756	1
0 1 5 1 7 e 	10575.328381243	0.020005094	2
0 1 5 1 7 f 	10575.340475801	0.020005087	2
0 1 5 1 8 e 	10578.489448056	0.020005822	2
0 1 5 1 8 f 	10578.504937409	0.020005756	2
0 1 5 1 9 e 	10582.044123979	0.020005856	3
0 1 5 1 9 f 	10582.064776118	0.020005842	3
0 0 5 0 50 e 	10582.748745704	0.020203260	1
0 1 5 1 10 e 	10585.989078993	0.020006488	2
0 1 5 1 10 f 	10586.004572288	0.020006475	2
0 1 5 1 11 e 	10590.323622893	0.020005856	2
0 1 5 1 11 f 	10590.351842075	0.020005842	2
0 1 5 1 12 e 	10595.064303910	0.020006632	2
0 1 5 1 12 f 	10595.088882754	0.020006498	2
0 1 5 1 13 e 	10600.186977521	0.020009849	1
0 1 5 1 13 f 	10600.231531832	0.020007515	1
0 0 5 0 51 e 	10602.808433100	0.020205262	1
0 1 5 1 14 e 	10605.707025620	0.020010632	2
0 1 5 1 14 f 	10605.765416598	0.020007860	1
0 1 5 1 15 e 	10611.621537977	0.020009849	2
0 1 5 1 15 f 	10611.681804724	0.020007874	1
0 1 5 1 16 e 	10617.934130309	0.020014632	2
0 1 5 1 16 f 	10618.003681123	0.020007285	1
0 0 5 0 52 e 	10623.261368595	0.020283260	1
0 1 5 1 17 e 	10624.645785893	0.020013849	2
0 1 5 1 17 f 	10624.710915758	0.020007874	2
0 1 5 1 18 e 	10631.737987121	0.020017414	2
0 1 5 1 18 f 	10631.821822594	0.020010619	1
0 1 5 1 19 e 	10639.234712062	0.020016825	2
0 1 5 1 19 f 	10639.327049877	0.020011897	1
0 0 5 0 53 e 	10644.105546711	0.020285262	1
0 1 5 1 20 e 	10647.120446834	0.020017437	2
0 1 5 1 20 f 	10647.222685027	0.020014619	1
0 1 5 1 21 e 	10655.408661556	0.020020825	2
0 1 5 1 21 f 	10655.506878949	0.020011897	2
0 1 5 1 22 e 	10664.089343993	0.020020771	2
0 1 5 1 22 f 	10664.196889192	0.020014619	2
0 0 5 0 54 e 	10665.344889166	0.020287263	1
0 1 5 1 23 e 	10673.158553016	0.020025543	1
0 1 5 1 23 f 	10673.285819246	0.020015247	1
0 1 5 1 24 e 	10682.615996238	0.020019541	3
0 1 5 1 24 f 	10682.752857575	0.020019208	2
0 0 5 0 55 e 	10686.971339676	0.020289264	2
0 1 5 1 25 e 	10692.479923378	0.020021543	2
0 1 5 1 25 f 	10692.627184902	0.020019247	1
0 1 5 1 26 e 	10702.729433028	0.020023541	1
0 1 5 1 26 f 	10702.889770413	0.020015371	1
0 0 5 0 56 e 	10708.986093032	0.020367263	1
0 1 5 1 27 e 	10713.376378269	0.020021946	1
0 1 5 1 27 f 	10713.548587485	0.020018920	1
0 1 5 1 28 e 	10724.419104697	0.020021320	1
0 1 5 1 28 f 	10724.603605699	0.020018706	1
0 0 5 0 57 e 	10731.396583486	0.020369264	1
0 1 5 1 29 e 	10735.852574881	0.020017946	1
0 1 5 1 29 f 	10736.049793897	0.020014920	1
0 1 5 1 30 e 	10747.681765909	0.020017986	1
0 1 5 1 30 f 	10747.892122230	0.020022706	1
0 0 5 0 58 e 	10754.202003883	0.020371266	1
0 1 5 1 31 e 	10759.902634189	0.020017342	1
0 1 5 1 31 f 	10760.126554076	0.020018920	1
0 1 5 1 32 e 	10772.521158660	0.020021986	1
0 1 5 1 32 f 	10772.759060675	0.020023670	1
0 0 5 0 59 e 	10777.396291192	0.020447456	1
0 1 5 1 33 e 	10785.531289757	0.020018008	1
0 1 5 1 33 f 	10785.783601325	0.020022255	1
0 1 5 1 34 e 	10798.936008412	0.020018023	1
0 1 5 1 34 f 	10799.203146064	0.020019670	1
0 0 5 0 60 e 	10800.980391130	0.020447583	1
0 1 5 1 35 e 	10812.729259107	0.020021342	2
0 1 5 1 35 f 	10813.017150039	0.020024678	2
0 0 5 0 61 e 	10824.960225841	0.020447730	2
0 1 5 1 36 e 	10826.922021098	0.020019006	1
0 1 5 1 36 f 	10827.220084809	0.020015670	1
0 1 5 1 37 e 	10841.512241505	0.020024105	1
0 1 5 1 37 f 	10841.826400162	0.020027440	1
0 0 5 0 62 e 	10849.328752755	0.020447850	1
0 1 5 1 38 e 	10856.477891738	0.020023006	1
0 1 5 1 39 e 	10871.853918117	0.020020105	1
0 0 5 0 63 e 	10874.080847513	0.020447943	1
0 1 5 1 40 e 	10887.609288380	0.020543006	1
0 0 5 0 64 e 	10899.233514460	0.020461286	1
0 1 5 1 41 e 	10903.772937226	0.020044242	1
0 1 5 1 41 f 	10904.182697283	0.020047578	1
0 1 5 1 42 e 	10920.313873527	0.020056320	1
0 1 5 1 42 f 	10920.747835105	0.020059656	1
1 0 5 0 2 e 	10921.177713308	0.027600067	1
1 0 5 0 3 e 	10922.376128144	0.020000133	2
1 0 5 0 4 e 	10923.952274617	0.020000160	1
0 0 5 0 65 e 	10924.773663865	0.020463287	1
1 0 5 0 5 e 	10925.923667613	0.020000294	2
1 0 5 0 6 e 	10928.302023238	0.014000627	2
1 0 5 0 7 e 	10931.061459774	0.020002015	1
1 0 5 0 8 e 	10934.226754560	0.020002026	1
1 4 4 0 2 e 	10936.153274617	0.033600160	1
0 1 5 1 43 e 	10937.274500493	0.020057256	2
1 4 4 0 3 e 	10937.333117431	0.020000294	1
0 1 5 1 43 f 	10937.723088075	0.020053920	2
1 0 5 0 9 e 	10937.778587769	0.020002015	2
1 4 4 0 4 e 	10938.907662626	0.020000627	1
1 4 4 0 5 e 	10940.888511700	0.020000294	2
1 0 5 0 10 e 	10941.723543765	0.020002026	2
1 4 4 0 6 e 	10943.271459248	0.020000627	3
1 4 4 0 7 e 	10946.054171290	0.023401961	2
1 0 5 0 11 e 	10946.071155243	0.020002038	2
1 4 4 0 8 e 	10949.213797687	0.020001997	2
0 0 5 0 66 e 	10950.702223075	0.020465289	2
1 4 4 0 9 e 	10952.779087769	0.020002015	2
0 1 5 1 44 e 	10954.608279856	0.020064320	1
0 1 5 1 44 f 	10955.084915392	0.020067656	1
1 0 5 0 13 e 	10955.939797796	0.020002055	2
1 4 4 0 10 e 	10956.739043765	0.020002026	2
1 4 4 0 11 e 	10961.099155243	0.020002038	2
1 0 5 0 14 e 	10961.467802830	0.020003389	2
1 4 4 0 12 e 	10965.855910774	0.020002048	2
1 0 5 0 15 e 	10967.387911215	0.020003400	2
1 4 4 0 13 e 	10971.005594723	0.020002055	1
0 1 5 1 45 e 	10972.327676030	0.020097256	1
0 1 5 1 45 f 	10972.835776142	0.020100592	1
1 0 5 0 16 e 	10973.708107369	0.020003414	2
1 4 4 0 14 e 	10976.553802830	0.020003389	2
0 0 5 0 67 e 	10977.032890682	0.020463287	2
1 0 5 0 17 e 	10980.414374595	0.020003427	2
1 4 4 0 15 e 	10982.498911215	0.020003400	2
1 0 5 0 18 e 	10987.518695210	0.020003437	2
1 4 4 0 16 e 	10988.841117081	0.020003414	1
0 1 5 1 46 e 	10990.458174599	0.020170192	1
0 1 5 1 46 f 	10990.981162120	0.020166856	1
1 0 5 0 19 e 	10995.017550433	0.020003490	2
1 4 4 0 17 e 	10995.574726538	0.020003427	2
1 4 4 0 18 e 	11002.713177643	0.020003437	2
1 0 5 0 20 e 	11002.909920485	0.020003517	2
0 0 5 0 68 e 	11003.753252498	0.020465289	2
0 1 5 1 47 e 	11008.975640975	0.020617256	1
0 1 5 1 47 f 	11009.519939118	0.020620592	1
1 4 4 0 19 e 	11010.241927631	0.020003490	1
1 0 5 0 21 e 	11011.192395797	0.020003608	1
1 4 4 0 20 e 	11018.169292763	0.020003517	1
1 0 5 0 22 e 	11019.874693090	0.020003647	1
1 4 4 0 21 e 	11026.490173234	0.020003539	1
0 1 5 1 48 e 	11027.901088788	0.020174194	1
0 1 5 1 48 f 	11028.466114049	0.020170859	1
1 0 5 0 23 e 	11028.949380616	0.020003608	3
0 0 5 0 69 e 	11030.857379327	0.020543287	2
1 0 5 0 24 e 	11038.418116464	0.020003647	2
1 4 4 0 23 e 	11044.331711233	0.020003608	2
0 1 5 1 49 e 	11047.201465483	0.021137256	2
0 1 5 1 49 f 	11047.787639282	0.021140592	2
1 0 5 0 25 e 	11048.281727164	0.020003701	2
1 4 4 0 24 e 	11053.846693090	0.020003647	1
0 0 5 0 70 e 	11058.355201874	0.020718797	2
1 0 5 0 26 e 	11058.536237690	0.020003834	2
0 1 5 1 50 e 	11066.908672480	0.021374194	1
0 1 5 1 50 f 	11067.513436352	0.021454862	1
0 2 5 0 6 e 	11067.719251719	0.020000627	2
1 0 5 0 27 e 	11069.178043916	0.020003771	2
1 4 4 0 26 e 	11074.056539838	0.020003722	1
0 2 5 0 9 e 	11077.233715764	0.045202038	1
1 0 5 0 28 e 	11080.225505252	0.020003915	1
0 2 5 0 10 e 	11081.154332970	0.024602048	1
1 4 4 0 27 e 	11084.765038240	0.020003771	1
0 2 5 0 11 e 	11085.510525476	0.020002038	2
0 0 5 0 71 e 	11086.239646465	0.020796796	3
0 1 5 1 51 e 	11086.986709132	0.022337256	1
0 1 5 1 51 f 	11087.630429571	0.024340592	1
0 2 5 0 12 e 	11090.262332970	0.020002048	1
1 0 5 0 29 e 	11091.650220940	0.020003946	1
0 2 5 0 13 e 	11095.405594723	0.020002055	1
1 4 4 0 28 e 	11095.864884197	0.020003834	1
0 2 5 0 14 e 	11100.946302830	0.020003389	2
1 0 5 0 30 e 	11103.481165387	0.020003986	1
0 2 5 0 15 e 	11106.895732702	0.033803427	2
0 1 5 1 52 e 	11107.471461130	0.022574194	1
0 1 5 1 52 f 	11108.140612248	0.020254862	1
0 2 5 0 16 e 	11113.242117081	0.073403414	1
0 0 5 0 72 e 	11114.513134126	0.021212472	2
1 0 5 0 31 e 	11115.704306313	0.020003993	1
1 4 4 0 30 e 	11119.266165387	0.020003986	1
0 2 5 0 17 e 	11119.925782406	0.020003490	2
0 2 5 0 18 e 	11127.052097657	0.020003437	1
1 0 5 0 32 e 	11128.316596890	0.020004001	2
0 1 5 1 53 e 	11128.342907723	0.021555262	1
0 1 5 1 53 f 	11129.033893037	0.025540592	1
1 4 4 0 31 e 	11131.558911924	0.020003946	2
0 2 5 0 19 e 	11134.563604316	0.020003539	2
1 0 5 0 33 e 	11141.326043031	0.020004008	1
0 2 5 0 20 e 	11142.478920485	0.020003517	2
0 0 5 0 73 e 	11143.186094593	0.021290471	2
1 4 4 0 32 e 	11144.246995155	0.020003986	3
0 1 5 1 54 e 	11149.623149572	0.023774194	1
0 1 5 1 54 f 	11150.331427256	0.020254862	2
0 2 5 0 21 e 	11150.775968672	0.036803539	2
1 0 5 0 34 e 	11154.738569013	0.036404023	1
1 4 4 0 33 e 	11157.331306313	0.020003993	1
0 2 5 0 22 e 	11159.464548206	0.029403573	1
1 0 5 0 35 e 	11168.510597410	0.020004008	2
0 2 5 0 23 e 	11168.576325019	0.028403701	3
1 4 4 0 34 e 	11170.818089663	0.020004001	2
0 1 5 1 55 e 	11171.266310785	0.020355262	2
0 1 5 1 55 f 	11172.013727679	0.025216863	2
0 0 5 0 74 e 	11172.223752826	0.021959656	1
0 2 5 0 24 e 	11178.071371045	0.020003647	2
1 0 5 0 36 e 	11182.692753809	0.020004079	1
1 4 4 0 35 e 	11184.697151788	0.020004070	1
0 2 5 0 25 e 	11187.951727164	0.020003701	2
0 1 5 1 56 e 	11193.322615257	0.022755395	1
1 0 5 0 37 e 	11197.268336558	0.020004105	1
0 2 5 0 26 e 	11198.234216214	0.022403722	2
0 0 5 0 75 e 	11201.652706096	0.021797488	1
0 2 5 0 27 e 	11208.908043916	0.020003771	2
1 4 4 0 37 e 	11213.656151788	0.020004070	1
0 1 5 1 57 e 	11215.771186773	0.021555262	1
0 1 5 1 57 f 	11216.565510898	0.020416863	2
0 2 5 0 28 e 	11219.978420113	0.020003915	2
1 0 5 0 39 e 	11227.597284603	0.020004134	1
1 4 4 0 38 e 	11228.740069245	0.020004079	2
0 2 5 0 29 e 	11231.474049591	0.046403889	1
0 0 5 0 76 e 	11231.511322024	0.022226507	2
0 1 5 1 58 e 	11238.604615257	0.022755395	1
1 0 5 0 40 e 	11243.346896468	0.020004170	2
0 2 5 0 30 e 	11243.347505252	0.068803915	1
0 2 5 0 31 e 	11255.580306313	0.020003993	1
1 0 5 0 41 e 	11259.493666626	0.020004242	1
0 1 5 1 59 e 	11261.835910566	0.021555262	2
0 1 5 1 59 f 	11262.717008894	0.020417083	1
0 2 5 0 32 e 	11268.219128671	0.020003986	3
1 0 5 0 42 e 	11276.024537824	0.020004320	1
0 2 5 0 33 e 	11281.269603256	0.020004008	2
0 2 5 2 34 e 	11283.829337319	0.070017342	1
0 1 5 1 60 e 	11285.467297555	0.021555635	2
0 1 5 1 60 f 	11286.347933547	0.020417183	2
1 0 5 0 43 e 	11292.952140475	0.020072242	1
0 2 5 0 34 e 	11294.718000742	0.020004023	2
0 2 5 2 35 e 	11297.676334591	0.070018023	1
0 2 5 0 35 e 	11308.552614495	0.020004070	3
0 1 5 1 61 e 	11309.463634359	0.021555528	1
1 0 5 0 44 e 	11310.269077956	0.020074244	2
0 2 5 0 36 e 	11322.725450212	0.100006008	1
0 0 5 0 79 e 	11323.373329272	0.022558014	1
0 1 5 1 62 e 	11333.872297555	0.021555635	1
0 2 5 0 37 e 	11337.407336558	0.020004105	1
0 2 5 0 38 e 	11352.445860350	0.030204118	1
0 0 5 0 80 e 	11354.774777597	0.022443190	2
0 1 5 1 63 e 	11358.678168471	0.021555728	1
0 2 5 0 39 e 	11367.846336558	0.020004105	1
0 2 5 0 40 e 	11383.657860350	0.020004118	2
0 1 5 1 64 e 	11383.863680964	0.021555835	2
1 4 4 0 48 e 	11401.364846529	0.020119257	2
0 2 5 0 42 e 	11416.431537824	0.056404320	1
0 2 5 0 44 e 	11450.848420238	0.040074244	1
0 2 5 0 45 e 	11468.629344784	0.020117256	1
2 4 4 0 1 e 	11741.444159084	0.010800133	2
2 4 4 0 2 e 	11742.230043412	0.010000160	2
2 4 4 0 3 e 	11743.423293887	0.011000294	2
2 4 4 0 4 e 	11745.006862522	0.018400627	2
2 4 4 0 5 e 	11747.006117431	0.010000294	1
2 4 4 0 6 e 	11749.382280622	0.017000627	3
2 4 4 0 7 e 	11752.175389204	0.010001961	2
2 4 4 0 8 e 	11755.333754560	0.041602026	1
2 0 5 0 1 e 	11762.384138857	0.020000133	1
2 4 4 0 10 e 	11762.910181058	0.029202026	2
2 0 5 0 2 e 	11763.175493963	0.020000067	2
2 0 5 0 3 e 	11764.337895755	0.020000294	2
2 0 5 0 4 e 	11765.904528842	0.020000627	2
2 4 4 0 11 e 	11767.282003212	0.010002038	2
2 0 5 0 5 e 	11767.861011700	0.020000294	2
2 0 5 0 6 e 	11770.215706723	0.020000627	3
2 4 4 0 12 e 	11772.050674814	0.010002048	2
2 0 5 0 7 e 	11772.953465492	0.020001961	2
2 0 5 0 8 e 	11776.093297687	0.020001997	2
2 4 4 0 13 e 	11777.212232806	0.010002055	2
2 0 5 0 9 e 	11779.620321124	0.020002038	2
2 4 4 0 14 e 	11782.774488578	0.013603389	1
2 0 5 0 10 e 	11783.542543765	0.020002026	2
2 0 5 0 11 e 	11787.855448435	0.020002038	3
2 4 4 0 15 e 	11788.742986317	0.010003427	2
2 0 5 0 12 e 	11792.559410774	0.020002048	2
2 4 4 0 16 e 	11795.101107369	0.010003414	2
2 0 5 0 13 e 	11797.652297796	0.020002055	2
2 4 4 0 17 e 	11801.855499711	0.019203427	2
2 0 5 0 14 e 	11803.137848652	0.020003414	2
2 4 4 0 18 e 	11809.003292763	0.020603517	1
2 0 5 0 15 e 	11809.024911215	0.020003400	2
2 0 5 0 16 e 	11815.297112274	0.020003414	3
2 4 4 0 19 e 	11816.565550433	0.010003490	2
2 0 5 0 17 e 	11821.959115487	0.020003427	3
2 4 4 0 20 e 	11824.520043954	0.010603517	2
2 0 5 0 18 e 	11829.019695210	0.020003437	2
2 4 4 0 21 e 	11832.858395797	0.010003608	1
2 0 5 0 19 e 	11836.461550433	0.020003490	2
2 4 4 0 22 e 	11841.608322187	0.010003573	2
2 0 5 0 20 e 	11844.312420485	0.020003517	2
2 4 4 0 23 e 	11850.743851514	0.010003608	3
2 0 5 0 21 e 	11852.535284516	0.020003539	2
2 4 4 0 24 e 	11860.291856232	0.011403647	2
2 0 5 0 22 e 	11861.158356788	0.020003573	3
2 0 5 0 23 e 	11870.173613766	0.020003701	3
2 4 4 0 25 e 	11870.219038240	0.010003771	1
2 0 5 0 24 e 	11879.579332110	0.020003722	2
2 4 4 0 26 e 	11880.557869311	0.031603722	2
1 2 5 0 0 e 	11886.106713308	0.026000067	1
1 2 5 0 1 e 	11886.516138857	0.020000133	1
1 2 5 0 2 e 	11887.302274617	0.020000160	1
1 2 5 0 3 e 	11888.492117431	0.020000294	1
2 0 5 0 25 e 	11889.375038240	0.020003771	1
1 2 5 0 4 e 	11890.072662626	0.020000627	1
2 4 4 0 27 e 	11891.288101456	0.010003889	2
1 2 5 0 5 e 	11892.040905969	0.020001961	1
1 2 5 0 6 e 	11894.410734647	0.014000627	2
1 2 5 0 7 e 	11897.181000665	0.020001961	2
2 0 5 0 26 e 	11899.577884197	0.020003834	1
1 2 5 0 8 e 	11900.336797687	0.020001997	2
2 4 4 0 28 e 	11902.418848234	0.013003915	2
1 2 5 0 9 e 	11903.896587769	0.020002015	2
1 2 5 0 10 e 	11907.848449940	0.020002048	2
2 0 5 0 27 e 	11910.159049591	0.020003889	1
1 2 5 0 11 e 	11912.190155243	0.020002038	2
2 4 4 0 29 e 	11913.928220940	0.014003946	1
1 2 5 0 12 e 	11916.928910774	0.020002048	2
2 0 5 0 28 e 	11921.118505252	0.033203915	1
1 2 5 0 13 e 	11922.063297796	0.020002055	2
2 4 4 0 30 e 	11925.855326661	0.010003915	2
1 2 5 0 14 e 	11927.600264878	0.020003389	2
2 0 5 0 29 e 	11932.500635266	0.020003889	2
1 2 5 0 15 e 	11933.530382454	0.022003400	2
2 4 4 0 31 e 	11938.174264007	0.010403993	2
1 2 5 0 16 e 	11939.849559836	0.020403437	2
2 0 5 0 30 e 	11944.259335319	0.020003915	2
1 2 5 0 17 e 	11946.557374595	0.020003427	2
2 4 4 0 32 e 	11950.885313696	0.010003986	3
1 2 5 0 18 e 	11953.661695210	0.020003437	2
2 0 5 0 31 e 	11956.408306313	0.020003993	1
1 2 5 0 19 e 	11961.167050433	0.020003490	2
2 4 4 0 33 e 	11963.976043031	0.050804008	1
2 0 5 0 32 e 	11968.955939172	0.020004001	2
1 2 5 0 20 e 	11969.074692788	0.020003517	2
1 2 5 0 21 e 	11977.365284516	0.020003539	2
2 0 5 0 33 e 	11981.895043031	0.020004008	1
1 2 5 0 22 e 	11986.055620648	0.020003573	2
2 4 4 0 35 e 	11991.416151788	0.010004070	1
1 2 5 0 23 e 	11995.137638339	0.020003608	3
2 0 5 0 34 e 	11995.211569013	0.020004023	1
1 2 5 0 24 e 	12004.618442826	0.020003722	2
2 4 4 0 36 e 	12005.722753808	0.010204079	1
2 0 5 0 35 e 	12008.941097410	0.020004008	2
1 2 5 0 25 e 	12014.490227164	0.020003701	2
2 4 4 0 37 e 	12020.426080505	0.018004105	2
2 0 5 0 36 e 	12023.054935349	0.020004023	3
1 2 5 0 26 e 	12024.754212018	0.020003722	2
0 0 6 0 1 e 	12028.290138857	0.020000133	1
0 0 6 0 2 e 	12029.097713308	0.020000067	1
0 0 6 0 3 e 	12030.277628144	0.020000133	2
0 0 6 0 4 e 	12031.835968622	0.020000160	2
0 0 6 0 5 e 	12033.801511700	0.020000294	2
1 2 5 0 27 e 	12035.412543916	0.020003771	2
2 4 4 0 38 e 	12035.505697558	0.010004079	2
0 0 6 0 6 e 	12036.154762626	0.010000627	1
2 0 5 0 37 e 	12037.567744173	0.020004070	2
0 0 6 0 7 e 	12038.886682871	0.020001961	2
0 0 6 0 8 e 	12042.020797687	0.020001997	2
0 0 6 0 9 e 	12045.546587769	0.020002015	2
1 2 5 0 28 e 	12046.480657402	0.020203834	2
0 0 6 0 10 e 	12049.459043765	0.020002026	2
2 4 4 0 39 e 	12050.995336558	0.015804105	1
2 0 5 0 38 e 	12052.467449952	0.020004079	3
0 0 6 0 11 e 	12053.772155243	0.020002038	2
1 2 5 0 29 e 	12057.926007554	0.020003889	2
0 0 6 0 12 e 	12058.477910774	0.020002048	2
0 0 6 0 13 e 	12063.583297796	0.020002055	2
2 4 4 0 40 e 	12066.887767609	0.010004170	2
2 0 5 0 39 e 	12067.794284603	0.020004134	2
0 0 6 0 14 e 	12069.067302830	0.020003389	2
1 2 5 0 30 e 	12069.770835319	0.020003915	2
0 4 5 0 6 e 	12070.169962626	0.010000627	1
0 0 6 0 15 e 	12074.943911215	0.020003400	2
0 0 6 0 16 e 	12081.217180510	0.020003414	3
1 2 5 0 31 e 	12082.011763626	0.020003946	2
2 4 4 0 41 e 	12083.174168484	0.010004242	2
2 0 5 0 40 e 	12083.323567609	0.020004170	2
0 0 6 0 17 e 	12087.875874595	0.020003427	2
1 2 5 0 32 e 	12094.648408478	0.026004001	2
0 0 6 0 18 e 	12094.928695210	0.020003437	2
2 0 5 0 41 e 	12099.436324610	0.020004134	3
2 4 4 0 42 e 	12099.840332565	0.029204170	2
0 0 6 0 19 e 	12102.367550433	0.020003490	2
1 2 5 0 33 e 	12107.672174672	0.020003993	2
0 0 6 0 20 e 	12110.203920485	0.020003517	2
2 0 5 0 42 e 	12115.911552716	0.020004170	2
0 4 5 0 16 e 	12115.923517081	0.010003414	1
2 4 4 0 43 e 	12116.931807635	0.010072242	2
0 0 6 0 21 e 	12118.425784516	0.020003539	2
1 2 5 0 34 e 	12121.094569013	0.020004023	1
0 0 6 0 22 e 	12127.054120648	0.020003573	2
2 0 5 0 43 e 	12132.772096779	0.020072242	2
2 4 4 0 44 e 	12134.427537824	0.044404320	1
1 2 5 0 35 e 	12134.919151788	0.020004070	1
0 0 6 0 23 e 	12136.065112706	0.020003608	3
0 0 6 0 24 e 	12145.464616464	0.020003647	2
1 2 5 0 36 e 	12149.129753809	0.020004079	1
2 0 5 0 44 e 	12150.016484927	0.020074244	2
2 4 4 0 45 e 	12152.274572866	0.010117256	2
0 0 6 0 25 e 	12155.257227164	0.020003701	2
1 2 5 0 37 e 	12163.741744173	0.020004070	2
0 0 6 0 26 e 	12165.440884197	0.020003834	1
2 0 5 0 45 e 	12167.666899428	0.022717256	2
2 4 4 0 46 e 	12170.538846529	0.010119257	1
0 4 5 0 23 e 	12171.648716087	0.010003701	1
0 0 6 0 27 e 	12176.019049591	0.020003889	1
1 2 5 0 38 e 	12178.741259448	0.020004118	2
2 0 5 0 46 e 	12185.703846529	0.020119257	2
0 0 6 0 28 e 	12186.985505252	0.020003915	1
2 4 4 0 47 e 	12189.195286415	0.010121259	2
1 2 5 0 39 e 	12194.136284603	0.020004134	1
0 0 6 0 29 e 	12198.349220940	0.020003946	1
2 0 5 0 47 e 	12204.067201246	0.020117256	3
2 4 4 0 48 e 	12208.248733048	0.010123260	2
1 2 5 0 40 e 	12209.922869622	0.020004170	2
0 0 6 0 30 e 	12210.088165387	0.020003986	1
0 0 6 0 31 e 	12222.226306313	0.020003993	1
2 0 5 0 48 e 	12222.920629992	0.020119257	2
1 2 5 0 41 e 	12226.106666626	0.020004242	1
0 0 6 0 32 e 	12234.757890313	0.020004001	2
2 0 5 0 49 e 	12242.127823970	0.020121259	2
1 2 5 0 42 e 	12242.683102434	0.020004320	2
0 0 6 0 33 e 	12247.670043031	0.020004008	1
1 2 5 0 43 e 	12259.642140475	0.020072242	1
0 0 6 0 34 e 	12260.984569013	0.020004023	1
2 0 5 0 50 e 	12261.732015584	0.020203260	3
0 4 5 0 32 e 	12272.049810313	0.010004001	1
0 0 6 0 35 e 	12274.685151788	0.020004070	1
1 2 5 0 44 e 	12277.023420238	0.021674244	1
2 0 5 0 51 e 	12281.730904812	0.020125262	2
1 2 5 0 45 e 	12294.775344784	0.020117256	1
2 0 5 0 52 e 	12302.105745704	0.020203260	1
0 0 6 0 37 e 	12303.264336558	0.020004105	1
1 2 5 0 46 e 	12312.928846529	0.020119257	1
0 0 6 0 38 e 	12318.136860350	0.020004118	1
2 0 5 0 53 e 	12322.880930882	0.020285262	2
1 2 5 0 47 e 	12331.472886415	0.020121259	2
0 0 6 0 39 e 	12333.396284603	0.020004134	1
2 0 5 0 54 e 	12344.066889166	0.020287263	1
0 0 6 0 40 e 	12349.057767609	0.020004170	2
1 2 5 0 48 e 	12350.404413456	0.020123260	1
0 0 6 0 41 e 	12365.088666626	0.020004242	1
2 0 5 0 55 e 	12365.627858798	0.020285262	3
1 2 5 0 49 e 	12369.746376524	0.020125262	1
1 3 5 1 5 e 	12380.085399082	0.023605094	1
1 3 5 1 5 f 	12380.094310976	0.023605087	1
0 0 6 0 42 e 	12381.523537824	0.020004320	1
1 3 5 1 6 e 	12382.449677463	0.016805822	2
1 3 5 1 6 f 	12382.459527823	0.016805756	2
1 3 5 1 7 e 	12385.219466177	0.010006471	2
1 3 5 1 7 f 	12385.233853194	0.010006457	2
2 0 5 0 56 e 	12387.578093032	0.020367263	1
1 3 5 1 8 e 	12388.370792389	0.029205822	1
1 3 5 1 8 f 	12388.382674802	0.029205756	1
0 4 5 0 40 e 	12388.596967609	0.010004170	1
1 2 5 0 50 e 	12389.573381249	0.020203260	3
1 3 5 1 9 e 	12391.941603023	0.026206471	2
1 3 5 1 9 f 	12391.959048295	0.026206457	2
1 3 5 1 10 e 	12395.923103723	0.040006488	1
1 3 5 1 10 f 	12395.942200016	0.040006475	1
1 3 5 1 11 e 	12400.232843968	0.038805856	2
1 3 5 1 11 f 	12400.293317078	0.038805842	2
1 3 5 1 12 e 	12404.994783351	0.026810632	2
1 3 5 1 12 f 	12405.030844841	0.026806515	2
1 2 5 0 51 e 	12409.593433100	0.010205262	1
2 0 5 0 57 e 	12409.920451440	0.018689264	2
1 3 5 1 13 e 	12410.142241520	0.010006515	1
1 3 5 1 13 f 	12410.175340285	0.010006508	1
0 0 6 0 44 e 	12415.560420238	0.020074244	1
1 3 5 1 15 e 	12421.592098432	0.028413849	1
1 3 5 1 16 e 	12427.889497685	0.025214632	1
2 0 5 0 58 e 	12432.667003883	0.017771266	1
0 0 6 0 45 e 	12433.182344784	0.020117256	1
1 3 5 1 18 e 	12441.727762933	0.016217414	1
1 3 5 1 19 f 	12449.451026792	0.000607897	1
0 0 6 0 46 e 	12451.180726529	0.020119257	2
2 0 5 0 59 e 	12455.799583486	0.031969264	1
1 3 5 1 20 f 	12457.379822594	0.004810619	1
1 3 5 1 21 e 	12465.455132911	0.014624825	2
1 3 5 1 21 f 	12465.696651953	0.007411897	2
0 0 6 0 47 e 	12469.559886415	0.020121259	1
1 3 5 1 22 e 	12474.135682360	0.018620771	1
1 3 5 1 22 f 	12474.416022035	0.008814619	2
2 0 5 0 60 e 	12479.342005210	0.017371266	2
1 3 5 1 23 e 	12483.250372341	0.031024825	1
1 3 5 1 23 f 	12483.512708022	0.039615173	1
0 0 6 0 48 e 	12488.331413456	0.020123260	1
1 3 5 1 24 e 	12492.746005626	0.052623541	1
1 3 5 1 24 f 	12493.065093357	0.044215208	1
1 2 5 0 55 e 	12494.012339676	0.020289264	1
1 3 5 1 25 e 	12502.612553016	0.025825543	1
1 3 5 1 25 f 	12502.971819246	0.044615247	1
2 0 5 0 61 e 	12503.283291192	0.010447456	1
0 4 5 0 47 e 	12511.854286415	0.010121259	1
0 1 6 1 6 e 	12512.315292389	0.010005822	1
0 1 6 1 6 f 	12512.327174802	0.010005756	1
1 3 5 1 26 e 	12512.846991543	0.055019541	1
1 3 5 1 26 f 	12513.235857575	0.032419208	1
1 2 5 0 56 e 	12516.099093031	0.010367263	1
1 3 5 1 27 e 	12523.551981791	0.022221543	2
1 3 5 1 27 f 	12523.936184902	0.028619247	1
1 3 5 1 28 e 	12534.620433028	0.023223541	1
1 3 5 1 28 f 	12535.054770413	0.019815371	1
1 2 5 0 57 e 	12538.566339676	0.029889264	1
1 3 5 1 29 e 	12546.054378269	0.027821946	1
1 3 5 1 30 e 	12557.897104697	0.050821320	1
1 2 5 0 58 e 	12561.471003883	0.030371266	1
0 1 6 1 17 e 	12564.086473354	0.010016825	1
0 1 6 1 17 f 	12564.169026792	0.010007897	1
1 3 5 1 31 e 	12570.163574881	0.016017946	1
1 3 5 1 32 e 	12582.808765909	0.013217986	1
1 2 5 0 59 e 	12584.717937339	0.020369264	2
1 2 5 0 60 e 	12608.374262048	0.020371266	3
1 3 5 1 34 e 	12609.286158661	0.001821986	1
1 3 5 1 35 f 	12623.790601325	0.004822255	1
0 0 6 0 55 e 	12630.679739676	0.010289264	1
1 2 5 0 61 e 	12632.417291192	0.030247456	1
1 3 5 1 37 e 	12651.945259107	0.050021342	2
0 1 6 1 27 e 	12652.297378269	0.020021946	1
0 1 6 1 27 f 	12652.501587485	0.020018920	1
1 3 5 1 37 f 	12652.712650039	0.016424678	1
1 2 5 0 63 e 	12681.738225841	0.046047730	1
1 3 5 1 39 f 	12683.207400162	0.050027440	2
2 2 5 0 1 e 	12707.334138857	0.021200133	1
2 2 5 0 2 e 	12708.141853414	0.020000067	2
2 2 5 0 5 e 	12712.871011700	0.020000294	2
2 2 5 0 6 e 	12715.248723004	0.020001997	2
2 2 5 0 7 e 	12718.005682871	0.020001961	2
2 2 5 0 8 e 	12721.154840813	0.020001997	1
2 2 5 0 9 e 	12724.706459774	0.020002015	1
2 2 5 0 10 e 	12728.651754560	0.020002026	1
2 2 5 0 11 e 	12733.002283903	0.020002038	2
3 0 5 0 27 e 	12736.561038240	0.020003771	1
0 1 6 1 34 e 	12737.364008412	0.040018023	1
0 1 6 1 34 f 	12737.685146064	0.040019670	1
2 2 5 0 12 e 	12737.734910774	0.020002048	2
2 2 5 0 13 e 	12742.863297796	0.020002055	2
0 0 6 0 60 e 	12744.026091130	0.010447583	1
2 2 5 0 14 e 	12748.388302830	0.020003389	2
2 2 5 0 15 e 	12754.307911215	0.020003400	2
2 2 5 0 16 e 	12760.604117081	0.024803414	1
2 2 5 0 17 e 	12767.323301901	0.034203490	3
2 2 5 0 18 e 	12774.433195210	0.020003437	2
2 2 5 0 19 e 	12781.926927631	0.020003490	1
2 2 5 0 20 e 	12789.811420485	0.020003517	2
2 2 5 0 21 e 	12798.100158192	0.020003539	2
2 2 5 0 22 e 	12806.786888965	0.020003573	2
2 2 5 0 23 e 	12815.849742657	0.020003608	3
2 2 5 0 24 e 	12825.320616464	0.020003647	2
2 2 5 0 25 e 	12835.182227164	0.020003701	2
2 2 5 0 26 e 	12845.423539838	0.024603722	1
2 2 5 0 27 e 	12856.082543916	0.020003771	2
2 2 5 0 28 e 	12867.135325230	0.020003834	2
1 0 6 0 5 e 	12867.936217431	0.020000294	1
2 2 5 0 29 e 	12878.571049591	0.020003889	1
1 4 5 0 5 e 	12884.611117431	0.020000294	1
2 2 5 0 30 e 	12890.395505252	0.020003915	1
2 2 5 0 31 e 	12902.623220940	0.020003946	1
1 0 6 0 17 e 	12922.182127631	0.020003490	1
2 2 5 0 33 e 	12928.268306313	0.020003993	1
1 4 5 0 17 e 	12938.918927631	0.020003490	1
0 0 6 0 68 e 	12945.604923075	0.010465289	1
2 2 5 0 35 e 	12955.457043031	0.020004008	2
2 2 5 0 36 e 	12969.649569013	0.020004023	2
1 0 6 0 23 e 	12970.511016087	0.020003701	1
1 4 5 0 23 e 	12987.343416087	0.020003701	1
0 2 6 0 5 e 	12999.410503890	0.025200294	2
0 2 6 0 8 e 	13007.672840813	0.021601997	1
0 2 6 0 9 e 	13011.205459774	0.020002015	1
0 2 6 0 11 e 	13019.464715764	0.020002038	1
0 2 6 0 12 e 	13024.180332970	0.020002048	1
0 2 6 0 13 e 	13029.310594723	0.020002055	1
0 2 6 0 14 e 	13034.817488579	0.020003389	1
0 2 6 0 15 e 	13040.718000869	0.020003400	1
0 2 6 0 16 e 	13047.021117081	0.020003414	1
0 2 6 0 18 e 	13060.773097657	0.020003437	1
0 2 6 0 19 e 	13068.238927631	0.036403490	1
1 0 6 0 32 e 	13069.453710313	0.020004001	1
0 2 6 0 20 e 	13076.134292763	0.020003517	1
0 2 6 0 21 e 	13084.381173234	0.020003539	1
1 4 5 0 32 e 	13086.584610313	0.020004001	1
0 2 6 0 22 e 	13093.038548206	0.020003573	1
1 0 6 0 40 e 	13184.001360350	0.020004118	1
0 2 6 0 32 e 	13201.225165387	0.020003986	1
0 2 6 0 33 e 	13214.202306313	0.050003993	2
1 4 5 0 42 e 	13234.366537824	0.040004320	1
1 0 6 0 47 e 	13304.679944784	0.020117256	1
0 2 6 0 40 e 	13316.041567609	0.040004170	1
1 1 6 1 2 e 	13333.395871338	0.010011095	2
1 1 6 1 2 f 	13333.398103751	0.010011088	2
1 1 6 1 3 e 	13334.574332432	0.010009094	2
1 1 6 1 3 f 	13334.578248566	0.010009087	2
1 1 6 1 4 e 	13336.151355345	0.010011095	1
1 1 6 1 4 f 	13336.153901651	0.010011088	1
1 1 6 1 5 e 	13338.106545297	0.010009094	3
1 1 6 1 5 f 	13338.111567128	0.010009087	3
1 1 6 1 6 e 	13340.470792389	0.011805822	1
1 1 6 1 6 f 	13340.482674802	0.011805756	1
1 1 6 1 7 e 	13343.209082554	0.010006471	2
1 1 6 1 7 f 	13343.222505942	0.010006457	2
1 1 6 1 8 e 	13346.352792389	0.010005822	1
1 1 6 1 8 f 	13346.364674802	0.010005756	1
1 1 6 1 9 e 	13349.883118948	0.010005856	2
1 1 6 1 9 f 	13349.903884023	0.010005842	2
1 1 6 1 10 e 	13353.815078993	0.010006488	2
1 1 6 1 10 f 	13353.838630696	0.010006475	2
1 1 6 1 11 e 	13358.121923504	0.019606515	2
1 1 6 1 11 f 	13358.150659828	0.019606508	2
1 1 6 1 12 e 	13362.844380557	0.010006632	2
1 1 6 1 12 f 	13362.876408135	0.010006498	2
0 2 6 0 43 e 	13365.609666626	0.020004242	1
1 1 6 1 13 e 	13367.944879258	0.010009849	2
1 1 6 1 13 f 	13367.986685380	0.010007515	2
1 1 6 1 14 e 	13373.441205982	0.010014632	2
1 1 6 1 14 f 	13373.490049427	0.010007860	2
1 1 6 1 15 e 	13379.320775595	0.010013849	2
1 1 6 1 15 f 	13379.376479941	0.010007874	2
1 1 6 1 16 e 	13385.612669165	0.020414632	2
1 1 6 1 16 f 	13385.666571455	0.020407860	2
1 1 6 1 17 e 	13392.293473354	0.037816825	1
1 1 6 1 17 f 	13392.366026792	0.037807897	1
1 1 6 1 18 e 	13399.340211309	0.010017437	1
1 1 6 1 18 f 	13399.420822594	0.010010619	1
1 1 6 1 19 e 	13406.800047129	0.010020825	2
1 1 6 1 19 f 	13406.883339923	0.010011897	2
1 1 6 1 20 e 	13414.651548551	0.010017437	3
1 1 6 1 20 f 	13414.747245619	0.010010619	3
0 2 6 0 47 e 	13437.170344784	0.020117256	1
1 1 6 1 23 e 	13440.455372341	0.035224825	1
1 1 6 1 23 f 	13440.662708022	0.000615173	1
1 1 6 1 24 e 	13449.896005626	0.017823541	1
1 1 6 1 24 f 	13450.113093357	0.021815208	1
1 1 6 1 26 e 	13469.894991543	0.021819541	1
1 1 6 1 28 e 	13491.442433028	0.020023541	1
1 1 6 1 28 f 	13491.744770413	0.020015371	1
1 1 6 1 29 e 	13502.812378269	0.050021946	1
1 1 6 1 29 f 	13503.126587485	0.050018920	2
1 0 6 0 57 e 	13510.125783486	0.020369264	1
1 0 6 0 62 e 	13627.407752755	0.020447850	1
0 0 7 0 2 e 	13953.005274617	0.020000160	1
0 0 7 0 3 e 	13954.173117431	0.020000294	1
0 0 7 0 4 e 	13955.707662626	0.045000627	1
0 0 7 0 5 e 	13957.675011700	0.020000294	2
0 0 7 0 6 e 	13960.043840813	0.045401997	1
0 0 7 0 7 e 	13962.757459774	0.020002015	1
0 0 7 0 8 e 	13965.863296317	0.020002026	2
0 0 7 0 9 e 	13969.380587769	0.020002015	2
0 0 7 0 10 e 	13973.285543765	0.020002026	2
0 0 7 0 11 e 	13977.584121487	0.020002038	2
0 0 7 0 12 e 	13982.252910774	0.020002048	2
0 0 7 0 13 e 	13987.322797796	0.020002055	2
0 0 7 0 14 e 	13992.783031413	0.020003389	3
0 0 7 0 15 e 	13998.639911215	0.020003400	2
0 0 7 0 16 e 	14004.870107369	0.020003414	2
0 0 7 0 17 e 	14011.498874595	0.020003427	2
0 0 7 0 18 e 	14018.525054378	0.020003517	2
0 0 7 0 19 e 	14025.931966427	0.020003490	2
0 0 7 0 20 e 	14033.731386823	0.032203517	3
0 0 7 0 25 e 	14078.552416087	0.050003701	1
0 0 7 0 46 e 	14372.947420238	0.035474244	1
0 0 7 0 48 e 	14409.895846529	0.020119257	1
0 0 7 0 51 e 	14468.256957739	0.040925262	2
0 0 7 0 53 e 	14509.102433100	0.059205262	1
0 0 7 0 54 e 	14530.111368595	0.020283260	1
0 0 7 0 55 e 	14551.473746711	0.040285262	2

