0 0 0 0 0 e 	0.000000000	0.000000000	34
0 0 0 0 1 e 	0.405713308	0.000000067	87
0 0 0 0 2 e 	1.217138857	0.000000133	111
0 0 0 0 3 e 	2.434274617	0.000000160	108
0 0 0 0 4 e 	4.057117431	0.000000294	124
0 0 0 0 5 e 	6.085662626	0.000000627	132
0 0 0 0 6 e 	8.519905968	0.000001961	121
0 0 0 0 7 e 	11.359840813	0.000001997	127
0 0 0 0 8 e 	14.605459774	0.000002015	135
0 0 0 0 9 e 	18.256754560	0.000002026	142
0 0 0 0 10 e 	22.313715764	0.000002038	142
0 0 0 0 11 e 	26.776332970	0.000002048	139
0 0 0 0 12 e 	31.644594723	0.000002055	146
0 0 0 0 13 e 	36.918488578	0.000003389	144
0 0 0 0 14 e 	42.598000869	0.000003400	141
0 0 0 0 15 e 	48.683117081	0.000003414	149
0 0 0 0 16 e 	55.173821560	0.000003427	149
0 0 0 0 17 e 	62.070097657	0.000003437	138
0 0 0 0 18 e 	69.371927631	0.000003490	141
0 0 0 0 19 e 	77.079292763	0.000003517	145
0 0 0 0 20 e 	85.192173234	0.000003539	146
0 0 0 0 21 e 	93.710548206	0.000003573	138
0 0 0 0 22 e 	102.634395797	0.000003608	145
0 0 0 0 23 e 	111.963693090	0.000003647	137
0 0 0 0 24 e 	121.698416087	0.000003701	143
0 0 0 0 25 e 	131.838539838	0.000003722	129
0 0 0 0 26 e 	142.384038240	0.000003771	125
0 0 0 0 27 e 	153.334884197	0.000003834	123
0 0 0 0 28 e 	164.691049591	0.000003889	124
0 0 0 0 29 e 	176.452505251	0.000003915	121
0 0 0 0 30 e 	188.619220940	0.000003946	123
0 0 0 0 31 e 	201.191165386	0.000003986	121
0 0 0 0 32 e 	214.168306312	0.000003993	114
0 0 0 0 33 e 	227.550610313	0.000004001	126
0 0 0 0 34 e 	241.338043031	0.000004008	112
0 0 0 0 35 e 	255.530569012	0.000004023	109
0 0 0 0 36 e 	270.128151788	0.000004070	108
0 0 0 0 37 e 	285.130753808	0.000004079	106
0 0 0 0 38 e 	300.538336557	0.000004105	106
0 0 0 0 39 e 	316.350860350	0.000004118	116
0 0 0 0 40 e 	332.568284602	0.000004134	94
0 0 0 0 41 e 	349.190567608	0.000004170	102
0 0 0 0 42 e 	366.217666626	0.000004242	91
0 0 0 0 43 e 	383.649537823	0.000004320	94
0 0 0 0 44 e 	401.486140425	0.000072242	75
0 0 0 0 45 e 	419.727420187	0.000074244	75
0 0 0 0 46 e 	438.373344674	0.000117256	78
0 0 0 0 47 e 	457.423846418	0.000119257	77
0 0 0 0 48 e 	476.878886304	0.000121259	86
0 0 0 0 49 e 	496.738413345	0.000123260	70
0 0 0 0 50 e 	517.002376412	0.000125262	72
0 1 0 1 1 e 	520.828323500	0.000015095	25
0 1 0 1 1 f 	520.828747889	0.000015088	22
0 1 0 1 2 e 	521.640737165	0.000011122	41
0 1 0 1 2 f 	521.642010324	0.000011115	34
0 1 0 1 3 e 	522.859355385	0.000011095	39
0 1 0 1 3 f 	522.861901691	0.000011088	35
0 1 0 1 4 e 	524.484174573	0.000009094	40
0 1 0 1 4 f 	524.488418392	0.000009087	31
0 1 0 1 5 e 	526.515191290	0.000009762	39
0 1 0 1 5 f 	526.521556978	0.000009756	26
0 1 0 1 6 e 	528.952399106	0.000005094	41
0 1 0 1 6 f 	528.961311000	0.000005087	32
0 1 0 1 7 e 	531.795792409	0.000005822	43
0 1 0 1 7 f 	531.807674822	0.000005756	37
0 1 0 1 8 e 	535.045363423	0.000006471	54
0 1 0 1 8 f 	535.060640645	0.000006457	40
0 0 0 0 51 e 	537.670745452	0.000203260	70
0 1 0 1 9 e 	538.701103733	0.000006488	45
0 1 0 1 9 f 	538.720200026	0.000006475	39
0 1 0 1 10 e 	542.763004277	0.000005856	45
0 1 0 1 10 f 	542.786343875	0.000005842	39
0 1 0 1 11 e 	547.231054273	0.000006632	46
0 1 0 1 11 f 	547.259061386	0.000006498	42
0 1 0 1 12 e 	552.105241529	0.000006515	58
0 1 0 1 12 f 	552.138340294	0.000006508	46
0 1 0 1 13 e 	557.385553565	0.000010632	45
0 1 0 1 13 f 	557.424168268	0.000006515	40
0 0 0 0 52 e 	558.743432842	0.000205262	69
0 1 0 1 14 e 	563.071977530	0.000009849	47
0 1 0 1 14 f 	563.116531837	0.000007515	39
0 1 0 1 15 e 	569.164497694	0.000014632	46
0 1 0 1 15 f 	569.215416603	0.000007860	44
0 1 0 1 16 e 	575.663098441	0.000013849	44
0 1 0 1 16 f 	575.720804728	0.000007874	42
0 0 0 0 53 e 	580.220368148	0.000283260	65
0 1 0 1 17 e 	582.567762941	0.000017414	52
0 1 0 1 17 f 	582.632681126	0.000007285	41
0 1 0 1 18 e 	589.878473361	0.000016825	49
0 1 0 1 18 f 	589.951026796	0.000007897	44
0 1 0 1 19 e 	597.595211316	0.000017437	51
0 1 0 1 19 f 	597.675822598	0.000010619	49
0 0 0 0 54 e 	602.101546264	0.000285262	70
0 1 0 1 20 e 	605.717950777	0.000020825	52
0 1 0 1 20 f 	605.807049881	0.000011897	46
0 1 0 1 21 e 	614.246682367	0.000020771	49
0 1 0 1 21 f 	614.344685031	0.000014619	44
0 1 0 1 22 e 	623.181372347	0.000024825	46
0 1 0 1 22 f 	623.288708026	0.000015173	38
0 0 0 0 55 e 	624.386888718	0.000287263	65
0 1 0 1 23 e 	632.522005631	0.000023541	41
0 1 0 1 23 f 	632.639093361	0.000015208	38
0 1 0 1 24 e 	642.268553020	0.000025543	46
0 1 0 1 24 f 	642.395819250	0.000015247	42
0 0 0 0 56 e 	647.076339228	0.000289264	58
0 1 0 1 25 e 	652.420991547	0.000019541	49
0 1 0 1 25 f 	652.558857579	0.000019208	42
0 1 0 1 26 e 	662.979293743	0.000021543	44
0 1 0 1 26 f 	663.128184906	0.000019247	36
0 0 0 0 57 e 	670.170092398	0.000367263	57
0 1 0 1 27 e 	673.943433031	0.000023541	44
0 1 0 1 27 f 	674.103770416	0.000015371	36
0 1 0 1 28 e 	685.313378272	0.000021946	46
0 1 0 1 28 f 	685.485587487	0.000018920	39
0 0 0 0 58 e 	693.667582853	0.000369264	60
0 1 0 1 29 e 	697.089104701	0.000021320	35
0 1 0 1 29 f 	697.273605701	0.000018706	37
0 1 0 1 30 e 	709.270574883	0.000017946	38
0 1 0 1 30 f 	709.467793899	0.000014920	32
0 0 0 0 59 e 	717.569003249	0.000371266	46
0 1 0 1 31 e 	721.857765912	0.000017986	33
0 1 0 1 31 f 	722.068122232	0.000022706	32
0 1 0 1 32 e 	734.850634190	0.000017342	34
0 1 0 1 32 f 	735.074554077	0.000018920	32
0 0 0 0 60 e 	741.874290515	0.000447456	49
0 1 0 1 33 e 	748.249158663	0.000021986	32
0 1 0 1 33 f 	748.487060677	0.000023670	32
0 1 0 1 34 e 	762.053289758	0.000018008	36
0 1 0 1 34 f 	762.305601326	0.000022255	34
0 0 0 0 61 e 	766.583390455	0.000447583	53
0 1 0 1 35 e 	776.263008414	0.000018023	38
0 1 0 1 35 f 	776.530146066	0.000019670	29
0 1 0 1 36 e 	790.878259108	0.000021342	38
0 1 0 1 36 f 	791.160650039	0.000024678	33
0 0 0 0 62 e 	791.696225165	0.000447730	41
0 1 0 1 37 e 	805.899021100	0.000019006	37
0 1 0 1 37 f 	806.197084810	0.000015670	30
0 0 0 0 63 e 	817.212752083	0.000447850	42
0 1 0 1 38 e 	821.325241506	0.000024105	36
0 1 0 1 38 f 	821.639400163	0.000027440	32
0 1 0 1 39 e 	837.156891740	0.000023006	40
0 1 0 1 39 f 	837.487566720	0.000019670	30
0 0 0 0 64 e 	843.132846839	0.000447943	40
0 1 0 1 40 e 	853.393918117	0.000020105	34
0 1 0 1 40 f 	853.741533732	0.000023440	26
1 0 0 0 0 e 	858.966915052	0.000086793	4
1 0 0 0 1 e 	859.371418456	0.000086727	19
1 0 0 0 2 e 	860.180424365	0.000086793	16
1 0 0 0 3 e 	861.393930611	0.000086860	13
1 0 0 0 4 e 	863.011931797	0.000086887	19
1 0 0 0 5 e 	865.034430702	0.000087020	17
1 0 0 0 6 e 	867.461413812	0.000087354	16
0 0 0 0 65 e 	869.456513787	0.000461286	47
0 1 0 1 41 e 	870.036288377	0.000543006	33
1 0 0 0 7 e 	870.292878906	0.000088354	11
0 1 0 1 41 f 	870.401264445	0.000539670	29
1 0 0 0 8 e 	873.528817450	0.000088724	13
1 0 0 0 9 e 	877.169222030	0.000088741	15
1 0 0 0 10 e 	881.214081355	0.000088753	21
1 0 0 0 11 e 	885.663385712	0.000088765	23
0 1 0 1 42 e 	887.083937215	0.000044242	33
0 1 0 1 42 f 	887.466697273	0.000047578	29
1 0 0 0 12 e 	890.517123743	0.000088775	19
1 0 0 0 13 e 	895.775282508	0.000088781	22
0 0 0 0 66 e 	896.183663192	0.000463287	44
1 0 0 0 14 e 	901.437848209	0.000089782	18
0 1 0 1 43 e 	904.536873496	0.000056320	25
0 1 0 1 43 f 	904.937835075	0.000059656	27
1 0 0 0 15 e 	907.504805305	0.000090127	21
1 0 0 0 16 e 	913.976137582	0.000083469	14
1 0 0 0 17 e 	920.851833276	0.000083482	17
0 1 0 1 44 e 	922.395000440	0.000057256	34
0 1 0 1 44 f 	922.814588024	0.000053920	25
0 0 0 0 67 e 	923.314222401	0.000465289	40
1 0 0 0 18 e 	928.131864513	0.000083492	20
1 0 0 0 19 e 	935.816218020	0.000083546	17
0 1 0 1 45 e 	940.658279792	0.000064320	34
0 1 0 1 45 f 	941.096915328	0.000067656	20
1 0 0 0 20 e 	943.904866338	0.000436992	26
0 0 0 0 68 e 	950.848116826	0.000543287	36
1 0 0 0 21 e 	952.397947810	0.000437026	19
0 1 0 1 46 e 	959.326675952	0.000097256	28
0 1 0 1 46 f 	959.784776065	0.000100592	26
1 0 0 0 22 e 	961.294997802	0.000083629	11
1 0 0 0 23 e 	970.596422403	0.000083663	18
0 1 0 1 47 e 	978.400174501	0.000170192	29
0 0 0 0 69 e 	978.785281248	0.000718797	33
0 1 0 1 47 f 	978.878162023	0.000166856	19
1 0 0 0 24 e 	980.302059301	0.000083703	15
1 0 0 0 25 e 	990.411885566	0.000083827	17
0 1 0 1 48 e 	997.878640862	0.000617256	33
0 1 0 1 48 f 	998.376939005	0.000620592	30
1 0 0 0 26 e 	1000.925859067	0.000083889	19
0 0 0 0 70 e 	1007.125640481	0.000796796	30
1 0 0 0 27 e 	1011.843979620	0.000083944	15
0 1 0 1 49 e 	1017.762088655	0.000174194	33
0 1 0 1 49 f 	1018.281113917	0.000170859	25
1 0 0 0 28 e 	1023.166176364	0.000083970	18
1 0 0 0 29 e 	1034.892457435	0.000083944	18
0 0 0 0 71 e 	1035.869121153	0.001212472	33
0 1 0 1 50 e 	1038.050465332	0.001137256	33
0 1 0 1 50 f 	1038.590639131	0.001140592	19
0 2 0 2 2 e 	1042.665734880	0.013216990	5
0 2 0 2 2 f 	1042.665737610	0.013216983	4
0 2 0 2 3 e 	1043.887088653	0.013216857	9
0 2 0 2 3 f 	1043.887091382	0.013216850	8
0 2 0 2 4 e 	1045.515552510	0.013213521	10
0 2 0 2 4 f 	1045.515555238	0.013213514	9
1 0 0 0 30 e 	1047.022777014	0.000083970	13
0 2 0 0 0 e 	1047.042051193	0.000002067	7
0 2 0 0 1 e 	1047.449011992	0.000002000	21
0 2 0 2 5 e 	1047.551125316	0.013210185	6
0 2 0 2 5 f 	1047.551131684	0.013210179	5
0 2 0 0 2 e 	1048.262932093	0.000002067	19
0 2 0 0 3 e 	1049.483810566	0.000001628	22
0 2 0 2 6 e 	1049.996133006	0.013206850	8
0 2 0 2 6 f 	1049.996145738	0.013206843	8
0 2 0 0 4 e 	1051.111644853	0.000002160	22
0 2 0 2 7 e 	1052.845899221	0.013205849	6
0 2 0 2 7 f 	1052.845922137	0.013205842	4
0 2 0 0 5 e 	1053.146431531	0.000002294	19
0 2 0 0 6 e 	1055.588165040	0.000002627	22
0 2 0 2 8 e 	1056.099418895	0.010005822	10
0 2 0 2 8 f 	1056.099457095	0.010005829	7
0 2 0 0 7 e 	1058.436841453	0.000003296	19
0 1 0 1 51 e 	1058.743672130	0.001374194	25
0 1 0 1 51 f 	1059.305436194	0.001454862	21
1 0 0 0 31 e 	1059.557111816	0.000084001	16
0 2 0 2 9 e 	1059.763343127	0.010005849	14
0 2 0 2 9 f 	1059.763403165	0.010005842	10
0 2 0 0 8 e 	1061.692453767	0.000003997	21
0 2 0 2 10 e 	1063.834330704	0.010006481	12
0 2 0 2 10 f 	1063.834420783	0.010006475	9
0 0 0 0 72 e 	1065.015648447	0.001290471	26
0 2 0 0 9 e 	1065.354995511	0.000004015	30
0 2 0 2 11 e 	1068.312368608	0.010005849	11
0 2 0 2 11 f 	1068.312498758	0.010005842	10
0 2 0 0 10 e 	1069.424458356	0.000003382	27
1 0 0 0 32 e 	1072.495422069	0.000084041	12
0 2 0 2 12 e 	1073.197442549	0.010006505	14
0 2 0 2 12 f 	1073.197624812	0.010006498	11
0 2 0 0 11 e 	1073.900833229	0.000004038	28
0 2 0 2 13 e 	1078.489537493	0.010006515	14
0 2 0 2 13 f 	1078.489786115	0.010006521	11
0 2 0 0 12 e 	1078.784113613	0.000004048	30
0 1 0 1 52 e 	1079.841708782	0.002337256	26
0 1 0 1 52 f 	1080.425429222	0.004340592	16
0 2 0 0 13 e 	1084.074282228	0.000004055	27
0 2 0 2 14 e 	1084.188638122	0.010007515	12
0 2 0 2 14 f 	1084.188969738	0.010007522	9
1 0 0 0 33 e 	1085.837669850	0.000084049	18
0 2 0 0 14 e 	1089.771333778	0.000005055	29
0 2 0 2 15 e 	1090.294726200	0.010008516	10
0 2 0 2 15 f 	1090.295160014	0.010008523	7
0 0 0 0 73 e 	1094.565145754	0.001706147	30
0 2 0 0 15 e 	1095.875254139	0.000005400	28
0 2 0 2 16 e 	1096.803066894	0.010007291	11
0 2 0 2 16 f 	1096.803624876	0.010007285	10
1 0 0 0 34 e 	1099.583820065	0.000084057	13
0 1 0 1 53 e 	1101.344460688	0.002574194	22
0 1 0 1 53 f 	1101.950611898	0.000254862	15
0 2 0 0 16 e 	1102.386029210	0.000005414	24
0 2 0 2 17 e 	1103.720819804	0.010007880	10
0 2 0 2 17 f 	1103.721526883	0.010007874	7
0 2 0 0 17 e 	1109.303646229	0.000004825	26
0 2 0 2 18 e 	1111.048038464	0.010007291	11
0 2 0 2 18 f 	1111.048922702	0.010007285	10
1 0 0 0 35 e 	1113.733846060	0.000077392	18
0 2 0 0 18 e 	1116.628089882	0.000005437	29
0 2 0 2 19 e 	1118.781873189	0.010007904	12
0 2 0 2 19 f 	1118.782965988	0.010007897	9
0 1 0 1 54 e 	1123.251907268	0.001555262	22
0 1 0 1 54 f 	1123.880892590	0.005540592	17
0 2 0 0 19 e 	1124.359343208	0.000005490	25
0 0 0 0 74 e 	1124.517539392	0.001543980	26
0 2 0 2 20 e 	1126.925489718	0.010010626	10
0 2 0 2 20 f 	1126.926826013	0.010010619	8
1 0 0 0 36 e 	1128.287704871	0.000077408	15
0 2 0 0 20 e 	1132.497392232	0.000005517	22
0 2 0 2 21 e 	1135.372354100	0.010024825	7
0 2 0 2 21 f 	1135.425582283	0.010011897	6
0 2 0 0 21 e 	1141.042217044	0.000005539	31
1 0 0 0 37 e 	1143.245353023	0.000077489	17
0 2 0 2 22 f 	1144.282785811	0.010014619	8
0 2 0 2 22 e 	1144.314096917	0.010023541	6
0 1 0 1 55 e 	1145.564149033	0.003774194	19
0 1 0 1 55 f 	1146.216241810	0.001454862	18
0 2 0 0 22 e 	1149.993800557	0.000005573	26
0 2 0 2 23 e 	1153.686388381	0.010024825	11
0 2 0 2 23 f 	1153.741377717	0.010015173	9
0 0 0 0 75 e 	1154.872752153	0.001959656	24
1 0 0 0 38 e 	1158.606766877	0.000077502	15
0 2 0 0 23 e 	1159.352121658	0.000005608	24
0 2 0 2 24 f 	1163.412899427	0.010015208	9
0 2 0 2 24 e 	1163.431395010	0.010019541	11
0 1 0 1 56 e 	1168.280810321	0.000355262	22
0 1 0 1 56 f 	1168.956727140	0.005216863	16
0 2 0 0 24 e 	1169.117162944	0.000005647	29
0 2 0 2 25 f 	1173.588109090	0.010015247	6
0 2 0 2 25 e 	1173.628834218	0.010021543	9
1 0 0 0 39 e 	1174.371893130	0.000077518	15
0 2 0 0 25 e 	1179.288902907	0.000005106	27
0 2 0 2 26 f 	1184.169480081	0.010015371	12
0 2 0 2 26 e 	1184.186964255	0.010023541	11
0 0 0 0 76 e 	1185.630705423	0.001797488	22
0 2 0 0 26 e 	1189.867317698	0.000005722	25
1 0 0 0 40 e 	1190.540684814	0.000077554	13
0 1 0 1 57 e 	1191.401611705	0.002755395	21
0 1 0 1 57 f 	1192.102005804	0.004654862	18
0 2 0 2 27 f 	1195.158434766	0.010018920	9
0 2 0 2 27 e 	1195.161022698	0.010021543	9
0 2 0 0 27 e 	1200.852386619	0.000005771	25
0 2 0 2 28 f 	1206.553549706	0.010015371	10
0 2 0 2 28 e 	1206.569641905	0.010021320	12
1 0 0 0 41 e 	1207.113116232	0.000457637	14
0 2 0 0 28 e 	1212.244085507	0.000005834	28
0 1 0 1 58 e 	1214.929182799	0.001555262	16
0 1 0 1 58 f 	1215.652293434	0.000416863	12
0 0 0 0 77 e 	1216.791321352	0.002226507	20
0 2 0 2 29 e 	1218.349234552	0.010021946	10
0 2 0 2 29 f 	1218.356575183	0.010014920	8
0 2 0 0 29 e 	1224.042389044	0.000005889	30
1 0 0 0 42 e 	1224.089130047	0.000457601	14
0 2 0 2 30 f 	1230.564371538	0.010018706	7
0 2 0 2 30 e 	1230.575699456	0.010017986	9
0 2 0 0 30 e 	1236.247273596	0.000005320	24
0 1 0 1 59 e 	1238.859238857	0.001555395	17
0 1 0 1 59 f 	1239.607273785	0.000416970	10
1 0 0 0 43 e 	1241.468686210	0.000145626	12
0 2 0 2 31 e 	1243.172085117	0.010017342	12
0 2 0 2 31 f 	1243.178961725	0.010014920	8
0 0 0 0 78 e 	1248.354517995	0.002064340	16
0 2 0 0 31 e 	1248.858711357	0.000005946	30
0 2 0 2 32 f 	1256.202234327	0.010022706	6
0 2 0 2 32 e 	1256.211371982	0.010017986	6
1 0 0 0 44 e 	1259.251745318	0.000517256	14
0 2 0 0 32 e 	1261.876676326	0.000005986	25
0 1 0 1 60 e 	1263.193630385	0.001555528	16
0 1 0 1 60 f 	1263.967008210	0.000417083	12
0 2 0 2 33 e 	1269.621422809	0.010017342	7
0 2 0 2 33 f 	1269.630205573	0.010018920	8
0 2 0 0 33 e 	1275.301140278	0.000005342	32
1 0 0 0 45 e 	1277.438252598	0.000190640	10
0 0 0 0 79 e 	1280.320213426	0.002439988	14
0 2 0 2 34 f 	1283.465431468	0.010023670	7
0 2 0 2 34 e 	1283.469466880	0.010018023	11
0 1 0 1 61 e 	1287.932293581	0.001555635	19
0 1 0 1 61 f 	1288.731432863	0.000417183	15
0 2 0 0 34 e 	1289.132075415	0.000006001	30
1 0 0 0 46 e 	1296.028159032	0.000199313	11
0 2 0 2 35 e 	1297.694945613	0.010018008	10
0 2 0 2 35 f 	1297.707222811	0.010022255	7
0 2 0 0 35 e 	1303.369450212	0.000006008	30
0 2 0 2 36 f 	1312.354849856	0.010015670	8
0 2 0 2 36 e 	1312.356304596	0.010018023	8
0 0 0 0 80 e 	1312.688328599	0.002558014	15
0 1 0 1 62 e 	1313.075164496	0.001555728	19
0 1 0 1 62 f 	1313.900482390	0.000417310	14
1 0 0 0 47 e 	1315.021423814	0.002117256	13
0 2 0 0 36 e 	1318.013235818	0.000006023	27
0 2 0 2 37 e 	1327.394493126	0.010021342	8
0 2 0 2 37 f 	1327.409915374	0.011227440	6
0 2 0 0 37 e 	1333.063399950	0.000006070	25
1 0 0 0 48 e 	1334.418011515	0.000199313	16
0 1 0 1 63 e 	1338.622176990	0.001555835	14
0 1 0 1 63 f 	1339.474092357	0.000417390	10
0 2 0 2 38 e 	1342.854403554	0.010019006	5
0 2 0 2 38 f 	1342.869849715	0.010015670	5
0 0 0 0 81 e 	1345.458776925	0.002443190	16
0 2 0 0 38 e 	1348.519911204	0.000006079	20
1 0 0 0 49 e 	1354.217803063	0.000201314	12
0 2 0 2 39 e 	1358.717845936	0.010024105	5
0 2 0 2 39 f 	1358.737615374	0.010027440	5
0 2 0 0 39 e 	1364.382735872	0.000006105	27
0 1 0 1 64 e 	1364.573859216	0.002449561	13
0 1 0 1 64 f 	1365.452205055	0.000497450	8
1 1 0 1 1 e 	1372.864329817	0.000813472	7
1 1 0 1 1 f 	1372.864716511	0.003885106	7
1 1 0 1 2 e 	1373.674517302	0.000546620	11
1 1 0 1 2 f 	1373.675813738	0.003618255	11
1 0 0 0 50 e 	1374.420829147	0.000209987	14
1 1 0 1 3 e 	1374.889771030	0.000279769	9
1 1 0 1 3 f 	1374.892437740	0.003351403	6
0 2 0 2 40 e 	1374.989819437	0.010023006	9
0 2 0 2 40 f 	1375.010353183	0.010019670	4
1 1 0 1 4 e 	1376.510102983	0.000276434	8
1 1 0 1 4 f 	1376.514597694	0.003348068	8
1 1 0 1 5 e 	1378.535510506	0.000273098	7
1 1 0 1 5 f 	1378.542288714	0.003344732	6
0 0 0 0 82 e 	1378.631481708	0.003051689	19
0 2 0 0 40 e 	1380.651840436	0.000006118	27
1 1 0 1 6 e 	1380.965987485	0.000269762	4
1 1 0 1 6 f 	1380.975506964	0.003341397	3
1 1 0 1 7 e 	1383.801639925	0.000265094	4
1 1 0 1 7 f 	1383.813749074	0.004809780	2
1 1 0 1 8 e 	1387.040103733	0.008806488	1
1 1 0 1 8 f 	1387.058649986	0.000265756	3
1 1 0 1 9 e 	1390.687750421	0.000266471	4
1 1 0 1 9 f 	1390.709294576	0.000265842	4
0 1 0 1 65 e 	1390.928953461	0.002462904	11
0 2 0 2 41 e 	1391.687816767	0.010020105	8
0 2 0 2 41 f 	1391.689297884	0.011247578	5
0 1 0 1 65 f 	1391.834708823	0.000497543	7
1 1 0 1 10 e 	1394.738427027	0.000266632	9
1 1 0 1 10 f 	1394.763340650	0.000266498	7
1 0 0 0 51 e 	1395.026999047	0.000211988	12
0 2 0 0 41 e 	1397.327189469	0.000006134	25
1 1 0 1 11 e 	1399.194129682	0.000265856	6
1 1 0 1 11 f 	1399.224069362	0.000265842	6
1 1 0 1 12 e 	1404.054846563	0.000268516	8
1 1 0 1 12 f 	1404.090269148	0.000268509	5
0 2 0 2 42 e 	1408.748596143	0.010543006	5
0 2 0 2 42 f 	1408.776233304	0.022021055	3
1 1 0 1 13 e 	1409.320563615	0.000266515	7
1 1 0 1 13 f 	1409.361924842	0.000266508	4
0 0 0 0 83 e 	1412.206352306	0.002836796	15
0 2 0 0 42 e 	1414.408734147	0.000032170	24
1 1 0 1 14 e 	1414.991295258	0.000270632	3
1 1 0 1 14 f 	1415.039299314	0.000267860	2
1 0 0 0 52 e 	1416.036255361	0.000289987	10
0 1 0 1 66 e 	1417.688690869	0.003649561	9
0 1 0 1 66 f 	1418.621591631	0.000510886	9
1 1 0 1 15 e 	1421.067073611	0.000269849	3
1 1 0 1 15 f 	1421.121796792	0.000267515	3
0 2 0 2 43 e 	1426.258616767	0.011220105	2
0 2 0 2 43 f 	1426.267002062	0.010047578	4
1 1 0 1 16 e 	1427.547494683	0.000274632	3
1 1 0 1 16 f 	1427.609847334	0.000267285	3
0 2 0 0 43 e 	1431.896476692	0.000032242	23
1 1 0 1 17 e 	1434.433144984	0.000273849	6
1 1 0 1 17 f 	1434.503142940	0.000267874	5
1 0 0 0 53 e 	1437.448555427	0.000298659	13
1 1 0 1 18 e 	1441.723710063	0.000277414	8
1 1 0 1 18 f 	1441.801749462	0.000267285	6
0 2 0 2 44 e 	1444.131696143	0.011743006	2
0 2 0 2 44 f 	1444.165461168	0.010059656	4
0 1 0 1 67 e 	1444.848304529	0.010463287	8
0 1 0 1 67 f 	1445.812718531	0.000512887	5
0 0 0 0 84 e 	1446.183307460	0.003585392	13
1 1 0 1 19 e 	1449.419054266	0.000276825	6
1 1 0 1 19 f 	1449.505814119	0.000267897	6
0 2 0 0 44 e 	1449.790350113	0.000044320	21
1 1 0 1 20 e 	1457.519294530	0.000277437	8
1 1 0 1 20 f 	1457.615195714	0.000270619	5
1 0 0 0 54 e 	1459.263817762	0.000376658	13
0 2 0 2 45 e 	1462.439258823	0.010097256	4
0 2 0 2 45 f 	1462.469363024	0.010053920	2
1 1 0 1 21 e 	1466.024415276	0.008824825	6
1 1 0 1 21 f 	1466.130006714	0.008815173	6
0 2 0 0 45 e 	1468.090311048	0.000077256	22
0 1 0 1 68 e 	1472.418012082	0.004849561	10
0 1 0 1 68 f 	1473.408196212	0.010543287	6
1 1 0 1 22 e 	1474.934384966	0.001477437	8
1 1 0 1 22 f 	1475.049960877	0.008815208	6
0 0 0 0 85 e 	1480.562236489	0.003784118	16
0 2 0 2 46 e 	1481.143527147	0.010064320	4
0 2 0 2 46 f 	1481.179759232	0.010067656	4
1 0 0 0 55 e 	1481.481509516	0.000385331	11
1 1 0 1 23 e 	1484.249193375	0.000284825	7
1 1 0 1 23 f 	1484.375181476	0.000275173	5
0 2 0 0 46 e 	1486.796317358	0.000114244	17
1 1 0 1 24 e 	1493.968672986	0.000283541	5
1 1 0 1 24 f 	1494.105644431	0.000275208	5
0 2 0 2 47 e 	1500.254879472	0.010097256	5
0 2 0 2 47 f 	1500.295461065	0.010100592	3
0 1 0 1 69 e 	1500.386295767	0.010543287	10
0 1 0 1 69 f 	1501.407766786	0.010718797	5
1 1 0 1 25 e 	1504.093032857	0.000285543	4
1 0 0 0 56 e 	1504.103196420	0.000387332	8
1 1 0 1 25 f 	1504.241361969	0.000275247	4
0 2 0 0 47 e 	1505.908386534	0.000157256	22
1 1 0 1 26 e 	1514.622107324	0.000279541	7
1 1 0 1 26 f 	1514.782376776	0.000279208	3
0 0 0 0 86 e 	1515.343064525	0.004199150	17
0 2 0 2 48 e 	1519.774913655	0.010174194	4
0 2 0 0 48 e 	1525.426391567	0.000159257	17
1 1 0 1 27 e 	1525.555838618	0.000281543	5
1 1 0 1 27 f 	1525.728341177	0.000279247	3
1 0 0 0 57 e 	1527.127076197	0.000396005	8
0 1 0 1 70 e 	1528.763234033	0.005649561	9
0 1 0 1 70 f 	1529.811348887	0.010796796	7
1 1 0 1 28 e 	1536.894182137	0.000283541	3
1 1 0 1 28 f 	1537.079681457	0.000275371	3
0 2 0 2 49 e 	1539.698905862	0.010617256	1
0 2 0 0 49 e 	1545.350341546	0.000161259	18
1 1 0 1 29 e 	1548.637276496	0.000281946	4
1 1 0 1 29 f 	1548.835933899	0.010014920	1
0 0 0 0 87 e 	1550.525703338	0.004464589	16
1 0 0 0 58 e 	1550.553799863	0.000474003	7
0 1 0 1 71 e 	1557.976181309	0.012490471	4
0 1 0 1 71 f 	1558.619091999	0.008218072	7
0 2 0 2 50 e 	1560.028633655	0.010174194	2
0 2 0 2 50 f 	1560.078665392	0.010170859	2
1 1 0 1 30 e 	1560.785030414	0.000281320	5
1 1 0 1 30 f 	1560.997200274	0.000278706	3
0 2 0 0 50 e 	1565.680203004	0.000163260	17
1 1 0 1 31 e 	1573.337301874	0.000277946	4
1 1 0 1 31 f 	1573.563618979	0.000274920	3
0 3 0 1 1 e 	1573.773609112	0.000013122	9
0 3 0 1 1 f 	1573.774435598	0.000013115	9
1 0 0 0 59 e 	1574.383093264	0.000482676	7
0 3 0 1 2 e 	1574.587833469	0.000013095	12
0 3 0 1 2 f 	1574.590310153	0.000013088	13
0 3 0 1 3 e 	1575.809166967	0.000011094	6
0 3 0 1 3 f 	1575.814121251	0.000011087	5
0 3 0 1 4 e 	1577.437607514	0.000009095	6
0 3 0 1 4 f 	1577.445864540	0.000009088	6
0 3 0 1 5 e 	1579.473150667	0.000007094	5
0 3 0 1 5 f 	1579.485535498	0.000007087	5
0 2 0 2 51 e 	1580.763710332	0.011137256	4
0 2 0 2 51 f 	1580.818074069	0.011140592	2
0 3 0 1 6 e 	1581.915791645	0.000007822	7
0 3 0 1 6 f 	1581.933131364	0.000007756	5
0 3 0 1 7 e 	1584.765524264	0.000007094	5
0 3 0 1 7 f 	1584.788643319	0.000007087	6
0 0 0 0 88 e 	1586.110061902	0.005179828	16
1 1 0 1 32 e 	1586.294147224	0.000277986	4
0 2 0 0 51 e 	1586.415904200	0.000165262	15
1 1 0 1 32 f 	1586.535009280	0.000282706	4
0 1 0 1 72 e 	1587.157022153	0.008220472	3
0 1 0 1 72 f 	1587.830425449	0.008296071	4
0 3 0 1 8 e 	1588.022341095	0.000007822	8
0 3 0 1 8 f 	1588.052065930	0.000007756	6
0 3 0 1 9 e 	1591.686235322	0.000007856	11
0 3 0 1 9 f 	1591.723390806	0.000007842	9
0 3 0 1 10 e 	1595.757197005	0.000008488	10
0 3 0 1 10 f 	1595.802609142	0.000008475	12
1 0 0 0 60 e 	1598.615013541	0.000484677	10
1 1 0 1 33 e 	1599.655480849	0.000277342	3
1 1 0 1 33 f 	1599.911423195	0.000278920	3
0 3 0 1 11 e 	1600.235216444	0.000007849	10
0 3 0 1 11 f 	1600.289711121	0.000007842	11
0 2 0 2 52 e 	1601.908591669	0.011374194	4
0 2 0 2 52 f 	1601.963564719	0.011370859	3
0 3 0 1 12 e 	1605.120281951	0.000008632	11
0 3 0 1 12 f 	1605.184684894	0.000008498	11
0 2 0 0 52 e 	1607.557381217	0.000243260	14
0 3 0 1 13 e 	1610.412383746	0.000008515	10
0 3 0 1 13 f 	1610.487519701	0.000008508	12
1 1 0 1 34 e 	1613.421263664	0.000281986	2
1 1 0 1 34 f 	1613.692664885	0.000279670	3
0 3 0 1 14 e 	1616.111506618	0.000012632	12
0 3 0 1 14 f 	1616.198202431	0.000008515	9
0 1 0 1 73 e 	1616.742081287	0.011290471	6
0 1 0 1 73 f 	1617.445594902	0.008711747	6
0 0 0 0 89 e 	1622.096050818	0.005345198	16
0 3 0 1 15 e 	1622.217637484	0.000011849	10
0 3 0 1 15 f 	1622.316717282	0.000009515	9
1 0 0 0 61 e 	1623.249484115	0.000560868	9
0 2 0 2 53 e 	1623.450183782	0.012337256	1
0 2 0 2 53 f 	1623.513774284	0.012340592	3
1 1 0 1 35 e 	1627.591478082	0.000278008	3
1 1 0 1 35 f 	1627.878824682	0.000282255	3
0 3 0 1 16 e 	1628.730761817	0.000016632	9
0 3 0 1 16 f 	1628.843051365	0.000009285	9
0 2 0 0 53 e 	1629.104635881	0.000245262	17
0 3 0 1 17 e 	1635.650863401	0.000015849	9
0 3 0 1 17 f 	1635.777187759	0.000009874	7
1 1 0 1 36 e 	1642.166078453	0.000278023	2
1 1 0 1 36 f 	1642.469896435	0.000275670	4
0 3 0 1 18 e 	1642.977925625	0.000019414	9
0 3 0 1 18 f 	1643.119109350	0.000009285	12
0 2 0 2 54 e 	1645.397721149	0.012574194	3
0 1 0 1 74 e 	1646.730413033	0.011706147	8
0 1 0 1 74 f 	1647.464887392	0.008549580	3
1 0 0 0 62 e 	1648.286445719	0.000567666	8
0 3 0 1 19 e 	1650.711928065	0.000018825	12
0 3 0 1 19 f 	1650.868798713	0.000009897	12
0 2 0 0 54 e 	1651.057586585	0.000323260	16
1 1 0 1 37 e 	1657.145097107	0.010021342	4
1 1 0 1 37 f 	1657.465692557	0.000287440	5
0 0 0 0 90 e 	1658.483572812	0.006087123	14
0 3 0 1 20 e 	1658.852857450	0.000019437	12
0 3 0 1 20 f 	1659.026236311	0.000012619	10
0 3 0 1 21 e 	1667.400686058	0.000022825	8
0 3 0 1 21 f 	1667.591403450	0.000013897	10
0 2 0 2 55 e 	1667.758368986	0.011555262	3
1 1 0 1 38 e 	1672.528418785	0.000279006	5
1 1 0 1 38 f 	1672.866312172	0.000275670	4
0 2 0 0 55 e 	1673.416212822	0.000325262	19
1 0 0 0 63 e 	1673.725833377	0.000567813	9
0 3 0 1 22 e 	1676.355402494	0.000022771	6
0 3 0 1 22 f 	1676.564276692	0.000016619	12
0 1 0 1 75 e 	1677.121891078	0.011543980	6
0 1 0 1 75 f 	1677.887765071	0.011959656	5
0 3 0 1 23 e 	1685.716976181	0.000026825	10
0 3 0 1 23 f 	1685.944836519	0.000016581	12
1 1 0 1 39 e 	1688.316015335	0.000280105	4
1 1 0 1 39 f 	1688.671642939	0.000283440	3
0 2 0 2 56 e 	1690.519814033	0.013774194	1
0 0 0 0 91 e 	1695.272534340	0.006100465	12
0 3 0 1 24 e 	1695.485391085	0.000021541	10
0 3 0 1 24 f 	1695.733057966	0.000017208	9
0 2 0 0 56 e 	1696.180594145	0.000327263	18
1 0 0 0 64 e 	1699.567579843	0.000574604	6
1 1 0 1 40 e 	1704.507966737	0.000283006	5
1 1 0 1 40 f 	1704.881667830	0.000279670	5
0 3 0 1 25 e 	1705.660618877	0.000023543	7
0 3 0 1 25 f 	1705.928919074	0.000017247	10
0 1 0 1 76 e 	1707.916481771	0.011959656	6
0 1 0 1 76 f 	1708.714078423	0.008803088	4
2 0 0 0 0 e 	1710.976307159	0.000253809	5
2 0 0 0 1 e 	1711.379577724	0.000253509	12
2 0 0 0 2 e 	1712.186117727	0.000253575	10
2 0 0 0 3 e 	1713.395923739	0.000253642	6
0 2 0 2 57 e 	1713.686868603	0.010355262	2
2 0 0 0 4 e 	1715.008995751	0.000253669	6
0 3 0 1 26 e 	1716.242637285	0.000021541	10
0 3 0 1 26 f 	1716.532393492	0.000017371	9
2 0 0 0 5 e 	1717.025325678	0.000247131	4
0 2 0 0 57 e 	1719.350395644	0.000329264	15
2 0 0 0 6 e 	1719.444909319	0.000247465	6
1 1 0 1 41 e 	1721.103872692	0.000304242	6
1 1 0 1 41 f 	1721.496317549	0.000307578	5
2 0 0 0 7 e 	1722.267702088	0.000242128	7
2 0 0 0 8 e 	1725.493790880	0.000242164	6
1 0 0 0 65 e 	1725.811604956	0.000574698	7
0 3 0 1 27 e 	1727.231419004	0.000023543	10
0 3 0 1 27 f 	1727.543455692	0.000020920	8
2 0 0 0 9 e 	1729.123117070	0.000235510	6
0 0 0 0 92 e 	1732.462966161	0.007234583	8
2 0 0 0 10 e 	1733.155607068	0.000235521	7
0 2 0 2 58 e 	1737.260554921	0.011555668	3
0 2 0 2 58 f 	1737.346638376	0.010416996	3
2 0 0 0 11 e 	1737.591369958	0.000228862	6
1 1 0 1 42 e 	1738.104180667	0.000316320	7
1 1 0 1 42 f 	1738.515762315	0.010539670	4
0 3 0 1 28 e 	1738.626939862	0.000023320	12
0 3 0 1 28 f 	1738.962078236	0.000017371	12
0 1 0 1 77 e 	1739.114546423	0.008809488	3
2 0 0 0 12 e 	1742.430295001	0.000222200	6
0 2 0 0 58 e 	1742.925852232	0.000407263	12
2 0 0 0 13 e 	1747.672407330	0.000215536	8
0 3 0 1 29 e 	1750.429166565	0.000019946	10
0 3 0 1 29 f 	1750.788233193	0.000016920	8
1 0 0 0 66 e 	1752.457863402	0.000588040	7
2 0 0 0 14 e 	1753.317679312	0.000216870	8
1 1 0 1 43 e 	1755.508442481	0.000304242	8
1 1 0 1 43 f 	1755.939540060	0.000307578	6
2 0 0 0 15 e 	1759.366077715	0.000210210	7
0 2 0 2 59 e 	1761.237350348	0.011555475	3
0 2 0 2 59 f 	1761.329867461	0.010416863	4
0 3 0 1 30 e 	1762.638079497	0.000019320	10
0 3 0 1 30 f 	1763.021892461	0.000020706	10
2 0 0 0 16 e 	1765.817725542	0.000203552	7
0 2 0 0 59 e 	1766.906640330	0.000407456	14
0 0 0 0 93 e 	1770.054525484	0.007247926	11
2 0 0 0 17 e 	1772.672412242	0.000196894	5
1 1 0 1 44 e 	1773.316802135	0.000316320	5
1 1 0 1 44 f 	1773.767884631	0.000319656	5
0 3 0 1 31 e 	1775.253638532	0.000019342	11
0 3 0 1 31 f 	1775.663023488	0.000016920	10
1 0 0 0 67 e 	1779.506279751	0.000590042	4
2 0 0 0 18 e 	1779.930280050	0.000190233	7
0 2 0 2 60 e 	1785.619028629	0.011555395	3
0 2 0 2 60 f 	1785.718311169	0.010416970	3
2 0 0 0 19 e 	1787.591173414	0.000190286	8
0 3 0 1 32 e 	1788.275823787	0.000019986	11
0 3 0 1 32 f 	1788.711598954	0.000024706	9
0 2 0 0 60 e 	1791.292842072	0.000407583	14
1 1 0 1 45 e 	1791.529042725	0.000317256	4
1 1 0 1 45 f 	1792.000660347	0.000313920	5
2 0 0 0 20 e 	1795.655120421	0.000183642	5
0 3 0 1 33 e 	1801.704592474	0.000019342	9
0 3 0 1 33 f 	1802.167582565	0.000020920	8
2 0 0 0 21 e 	1804.122157630	0.000176992	9
1 0 0 0 68 e 	1806.956773644	0.000592043	7
0 0 0 0 94 e 	1808.047250374	0.007468078	10
1 1 0 1 46 e 	1810.145355529	0.000324320	6
0 2 0 2 61 e 	1810.405514365	0.011555482	3
0 2 0 2 61 f 	1810.511904869	0.010417076	4
1 1 0 1 46 f 	1810.637790155	0.000327656	5
2 0 0 0 22 e 	1812.992170778	0.000177026	8
0 3 0 1 34 e 	1815.539925538	0.000020023	8
0 3 0 1 34 f 	1816.030946371	0.000021670	7
0 2 0 0 61 e 	1816.084403139	0.000407730	12
2 0 0 0 23 e 	1822.265176285	0.000170390	8
1 1 0 1 47 e 	1829.165732198	0.000357256	7
1 1 0 1 47 f 	1829.679365879	0.000360592	5
0 3 0 1 35 e 	1829.781773696	0.000020008	10
0 3 0 1 35 f 	1830.301649683	0.000024255	8
2 0 0 0 24 e 	1831.941143711	0.000170429	9
1 0 0 0 69 e 	1834.809274363	0.000670042	5
0 2 0 2 62 e 	1835.596730930	0.011555602	3
0 2 0 2 62 f 	1835.710582712	0.010417183	4
0 2 0 0 62 e 	1841.281269301	0.000407850	11
2 0 0 0 25 e 	1842.020110354	0.000163811	9
0 3 0 1 36 e 	1844.430119756	0.000020023	9
0 3 0 1 36 f 	1844.979665938	0.000017670	6
0 0 0 0 95 e 	1846.441099919	0.009222625	7
1 1 0 1 48 e 	1848.589823990	0.000430192	6
1 1 0 1 48 f 	1849.125396976	0.000426856	3
2 0 0 0 26 e 	1852.501945659	0.000163833	7
0 3 0 1 37 e 	1859.484911307	0.000023342	9
0 3 0 1 37 f 	1860.064948601	0.000026678	6
0 2 0 2 63 e 	1861.192601710	0.011555728	4
0 2 0 2 63 f 	1861.317613356	0.010417283	2
1 0 0 0 70 e 	1863.063711391	0.000845552	4
2 0 0 0 27 e 	1863.386676583	0.000163882	8
0 2 0 0 63 e 	1866.883385153	0.000407943	9
1 1 0 1 49 e 	1868.417889557	0.000877256	5
1 1 0 1 49 f 	1868.975452737	0.000880592	3
2 0 0 0 28 e 	1874.674440350	0.000164025	9
0 3 0 1 38 e 	1874.946126420	0.000021006	8
0 3 0 1 38 f 	1875.557472265	0.000017670	7
0 0 0 0 96 e 	1885.235546640	0.011468078	3
2 0 0 0 29 e 	1886.364714579	0.000163999	8
0 2 0 2 64 e 	1887.192371990	0.011555835	2
0 2 0 2 64 f 	1887.326057358	0.010417390	3
1 2 0 2 2 f 	1888.317712311	0.013863701	2
1 2 0 2 2 e 	1888.317715944	0.013863708	2
1 1 0 1 50 e 	1888.649402958	0.000434194	4
1 1 0 1 50 f 	1889.229829825	0.000430859	3
1 2 0 2 3 f 	1889.536001132	0.013596850	3
1 2 0 2 3 e 	1889.536004764	0.013596857	4
0 3 0 1 39 e 	1890.813716312	0.000022105	10
1 2 0 2 4 f 	1891.160371682	0.013590179	5
1 2 0 2 4 e 	1891.160375314	0.013590185	4
0 3 0 1 39 f 	1891.457186948	0.000025440	8
1 0 0 0 71 e 	1891.719997877	0.000923550	5
1 2 0 0 0 e 	1892.230535726	0.000801221	2
1 2 0 0 1 e 	1892.636442455	0.000800921	5
0 2 0 0 64 e 	1892.890719070	0.000487850	9
1 2 0 2 5 f 	1893.190831438	0.013596850	3
1 2 0 2 5 e 	1893.190835331	0.013596857	3
1 2 0 0 2 e 	1893.448254073	0.000534069	6
1 2 0 0 3 e 	1894.666024327	0.000267218	4
1 2 0 2 6 f 	1895.627371086	0.013603521	1
1 2 0 2 6 e 	1895.627374979	0.013603528	1
1 2 0 0 4 e 	1896.289642690	0.000273889	4
1 2 0 0 5 e 	1898.319159977	0.000280561	5
2 0 0 0 30 e 	1898.457929752	0.000164025	8
1 2 0 0 6 e 	1900.754570177	0.000287232	3
1 2 0 0 7 e 	1903.589459774	0.200002015	1
1 2 0 0 8 e 	1906.842754560	0.200002026	1
0 3 0 1 40 e 	1907.087654739	0.000025006	7
0 3 0 1 40 f 	1907.764064720	0.000021670	5
1 1 0 1 51 e 	1909.284874420	0.001397256	4
1 1 0 1 51 f 	1909.888149222	0.020340592	1
1 2 0 0 9 e 	1910.495886111	0.000669400	5
2 0 0 0 31 e 	1910.953911014	0.000170728	8
0 2 0 2 65 e 	1913.598201711	0.012755728	2
0 2 0 2 65 f 	1913.739470053	0.010497450	3
1 2 0 0 10 e 	1914.554810331	0.000676071	6
1 2 0 0 11 e 	1919.019593534	0.000682742	6
0 2 0 0 65 e 	1919.303147945	0.000487943	10
1 0 0 0 72 e 	1920.778084478	0.001339227	4
0 3 0 1 41 e 	1923.767888111	0.000022105	7
2 0 0 0 32 e 	1923.852612150	0.000170768	8
1 2 0 0 12 e 	1923.890227707	0.000689414	5
0 0 0 0 97 e 	1924.434546634	0.019468078	3
0 3 0 1 41 f 	1924.478055732	0.000025440	5
1 2 0 0 13 e 	1929.118297796	0.200002055	2
1 1 0 1 52 e 	1930.323304432	0.001634194	3
1 1 0 1 52 f 	1930.950838372	0.001714862	3
1 2 0 0 14 e 	1934.848651952	0.002006785	3
2 0 0 0 33 e 	1937.154052406	0.000170790	6
0 2 0 2 66 e 	1940.407557969	0.012769071	1
0 2 0 2 66 f 	1940.557806891	0.010510793	1
0 3 0 1 42 e 	1940.854212709	0.001656320	4
1 2 0 0 15 e 	1940.937275798	0.000005995	5
0 3 0 1 42 f 	1941.598987942	0.001659656	4
0 2 0 0 66 e 	1946.120676494	0.000501286	8
1 2 0 0 16 e 	1947.431824706	0.002006209	3
1 0 0 0 73 e 	1950.237867984	0.001417225	2
2 0 0 0 34 e 	1950.858149926	0.000177455	8
1 1 0 1 53 e 	1951.766518025	0.017555262	2
1 1 0 1 53 f 	1952.417292590	0.021540592	1
1 2 0 0 17 e 	1954.267821560	0.200003427	1
0 3 0 1 43 e 	1958.347047557	0.001644242	4
0 3 0 1 43 f 	1959.127245002	0.001647578	4
1 2 0 0 18 e 	1961.636382610	0.001357316	3
0 0 0 0 98 e 	1964.030890612	0.027468078	4
2 0 0 0 35 e 	1964.964828625	0.000177523	7
1 2 0 0 19 e 	1969.347622466	0.001355315	5
0 2 0 0 67 e 	1973.343185530	0.000503287	9
1 1 0 1 54 e 	1973.611573431	0.013774194	3
1 1 0 1 54 f 	1974.288077005	0.011454862	3
0 3 0 1 44 e 	1976.246039550	0.001656320	5
0 3 0 1 44 f 	1977.062271811	0.001659656	3
1 2 0 0 20 e 	1977.464605658	0.002006875	6
2 0 0 0 36 e 	1979.474106699	0.000184148	7
1 0 0 0 74 e 	1980.099281770	0.001832901	2
1 2 0 0 21 e 	1985.988211886	0.002438377	3
2 0 0 0 37 e 	1994.385916370	0.000184229	6
0 3 0 1 45 e 	1994.550901068	0.001657256	3
1 2 0 0 22 e 	1994.917463789	0.002438411	3
0 3 0 1 45 f 	1995.404438648	0.001653920	2
1 1 0 1 55 e 	1995.861838795	0.016355262	2
1 1 0 1 55 f 	1996.562499865	0.021216863	2
0 2 0 0 68 e 	2000.970740268	0.000758797	5
0 0 0 0 99 e 	2004.027883353	0.035468078	3
1 2 0 0 23 e 	2004.250083003	0.000604257	2
2 0 0 0 38 e 	2009.700266313	0.000190875	8
1 0 0 0 75 e 	2010.362244766	0.001670734	2
0 3 0 1 46 e 	2013.262219372	0.001664320	4
1 2 0 0 24 e 	2013.986539838	0.200003722	1
0 3 0 1 46 f 	2014.153302023	0.001766856	1
1 1 0 1 56 e 	2018.515071436	0.000621060	5
1 1 0 1 56 f 	2019.241383807	0.017454862	2
1 2 0 0 25 e 	2024.133801832	0.002007106	3
2 0 0 0 39 e 	2025.417064404	0.000190929	7
0 2 0 0 69 e 	2029.003057156	0.002143287	4
0 3 0 1 47 e 	2032.379466525	0.002217256	2
0 3 0 1 47 f 	2033.309113106	0.001700592	3
1 2 0 0 26 e 	2034.686618705	0.002085211	3
1 0 0 0 76 e 	2041.026681109	0.002093081	4
2 0 0 0 40 e 	2041.536342250	0.000197637	11
1 1 0 1 57 e 	2041.572361560	0.016355262	2
1 1 0 1 57 f 	2042.323600287	0.016416863	2
0 0 0 0 100 e 	2044.427883354	0.043468078	2
1 2 0 0 27 e 	2045.642781427	0.000404399	4
0 3 0 1 48 e 	2051.902493335	0.001770192	5
0 3 0 1 48 f 	2052.871564581	0.001766856	3
1 2 0 0 28 e 	2057.011194724	0.200003834	2
0 2 0 0 70 e 	2057.440329529	0.002318797	6
2 0 0 0 41 e 	2058.057878777	0.000197601	7
0 0 1 0 0 e 	2062.200896079	0.000608117	2
0 0 1 0 1 e 	2062.604178956	0.000607816	6
0 0 1 0 2 e 	2063.410743576	0.000607750	7
0 0 1 0 3 e 	2064.620582294	0.000340899	5
1 1 0 1 58 e 	2065.031247752	0.001821060	4
1 1 0 1 58 f 	2065.809296432	0.002287110	3
0 0 1 0 4 e 	2066.233704762	0.000338230	7
0 0 1 0 5 e 	2068.250098308	0.000336896	8
1 2 0 0 29 e 	2068.768192381	0.100003946	3
0 0 1 0 6 e 	2070.669759001	0.000335561	8
0 3 0 1 49 e 	2071.831540023	0.002737256	5
1 0 0 0 77 e 	2072.092505517	0.001930914	3
0 3 0 1 49 f 	2072.841062329	0.002220592	5
0 0 1 0 7 e 	2073.492679900	0.007129961	5
2 0 0 0 42 e 	2074.981793947	0.000197787	7
1 2 0 2 30 e 	2075.734395117	0.010377342	1
1 2 0 2 30 f 	2075.742021725	0.010374920	1
0 0 1 0 8 e 	2076.718855565	0.007129997	4
0 0 1 0 9 e 	2080.348642809	0.007130038	3
1 2 0 0 30 e 	2080.938365386	0.100003986	2
0 0 1 0 10 e 	2084.381301863	0.007130026	6
0 2 0 0 71 e 	2086.282358873	0.002396796	3
0 0 1 0 11 e 	2088.817184703	0.007130038	6
1 1 0 1 59 e 	2088.894139157	0.001821241	3
1 1 0 1 59 f 	2089.698860028	0.002286883	2
0 3 0 1 50 e 	2092.166598270	0.001774194	4
2 0 0 0 43 e 	2092.308048602	0.000204381	5
0 3 0 1 50 f 	2093.217145481	0.001770859	4
1 2 0 0 31 e 	2093.527458750	0.100003993	3
0 0 1 0 12 e 	2093.656277386	0.007130048	6
0 0 1 0 13 e 	2098.898575009	0.007130055	4
0 4 0 2 2 e 	2100.900010296	0.013680372	3
0 4 0 2 2 f 	2100.900012741	0.013680366	3
0 4 0 2 3 e 	2102.124316281	0.013413521	5
0 4 0 2 3 f 	2102.124318727	0.013413514	5
1 0 0 0 78 e 	2103.559653339	0.002299891	3
0 4 0 2 4 e 	2103.758219447	0.013416857	4
0 4 0 2 4 f 	2103.758221892	0.013416850	4
0 0 1 0 14 e 	2104.544022829	0.007131389	2
0 4 0 0 0 e 	2104.827662164	0.000200205	4
0 4 0 0 1 e 	2105.235598176	0.000200505	4
0 4 0 2 5 e 	2105.798706573	0.013419525	6
0 4 0 2 5 f 	2105.798724185	0.013419518	6
0 4 0 0 2 e 	2106.051549224	0.001601628	4
1 2 0 0 32 e 	2106.509377101	0.000284140	3
0 4 0 0 3 e 	2107.274291483	0.003202160	2
0 4 0 2 6 e 	2108.247277745	0.013422194	1
0 4 0 2 6 f 	2108.250316579	0.013422187	1
0 4 0 0 4 e 	2108.906031463	0.003202294	4
2 0 0 0 44 e 	2110.036511447	0.000204459	6
0 0 1 0 15 e 	2110.592730869	0.007131400	1
0 4 0 0 5 e 	2110.946482221	0.001602627	5
0 4 0 2 7 e 	2111.104733006	0.014806850	1
0 4 0 2 7 f 	2111.104745738	0.014806843	1
0 3 0 1 51 e 	2112.907598102	0.002737256	6
1 1 0 1 60 e 	2113.160194295	0.001821374	3
0 4 0 0 6 e 	2113.394578331	0.001603296	3
1 1 0 1 60 f 	2113.992029845	0.002286730	2
0 3 0 1 51 f 	2114.000033034	0.002740592	4
0 4 0 2 8 f 	2114.364818473	0.011605842	4
0 4 0 2 8 e 	2114.366717740	0.011605849	4
0 2 0 0 72 e 	2115.528989049	0.003306147	3
0 4 0 0 7 e 	2116.249826433	0.000182627	4
0 0 1 0 16 e 	2117.044482369	0.007131414	2
0 4 0 2 9 f 	2118.037635679	0.011605829	6
0 4 0 2 9 e 	2118.039467234	0.011605822	6
0 4 0 0 8 e 	2119.513275610	0.000183296	5
1 2 0 0 33 e 	2119.924674671	0.200003993	2
0 4 0 2 10 f 	2122.118510899	0.011605842	6
0 4 0 2 10 e 	2122.120249891	0.011605849	6
0 4 0 0 9 e 	2123.184641987	0.000183997	8
0 0 1 0 17 e 	2123.899404595	0.007131427	2
0 4 0 2 11 e 	2126.609051000	0.011606481	6
0 4 0 2 11 f 	2126.611772192	0.011606475	6
0 4 0 0 10 e 	2127.263923451	0.000184015	10
2 0 0 0 45 e 	2128.167174695	0.000279052	5
0 0 1 0 18 e 	2131.157487657	0.007131437	1
0 4 0 2 12 e 	2131.505854898	0.011605849	6
0 4 0 2 12 f 	2131.508732806	0.011605842	6
0 4 0 0 11 e 	2131.751115102	0.000183382	8
1 2 0 0 34 e 	2133.694079928	0.000404512	3
0 3 0 1 52 e 	2134.054332400	0.002974194	5
0 3 0 1 52 f 	2135.189195126	0.003054862	3
1 0 0 0 79 e 	2135.428001505	0.002211108	4
0 4 0 0 12 e 	2136.646208683	0.000184038	8
0 4 0 2 13 e 	2136.810312762	0.011606505	4
0 4 0 2 13 f 	2136.810569701	0.011606498	4
1 1 0 1 61 e 	2137.829348170	0.001821547	2
1 1 0 1 61 f 	2138.688740591	0.002286596	2
0 0 1 0 19 e 	2138.818655432	0.007131490	2
0 4 0 0 13 e 	2141.949204703	0.000184048	7
0 4 0 2 14 e 	2142.522989296	0.011606515	4
0 4 0 2 14 f 	2142.523330514	0.011606521	4
0 2 0 0 73 e 	2145.180348920	0.002890471	3
2 0 0 0 46 e 	2146.699976145	0.000281053	5
0 0 1 0 20 e 	2146.882885484	0.007131517	2
0 4 0 0 14 e 	2147.660085986	0.000184055	8
1 2 0 0 35 e 	2147.907597409	0.200004008	2
0 4 0 2 15 e 	2148.641413155	0.011607291	4
0 4 0 2 15 f 	2148.641857955	0.011607285	4
0 4 0 0 15 e 	2153.778856731	0.000185055	7
0 4 0 2 16 e 	2155.168962116	0.013207880	3
0 4 0 2 16 f 	2155.171597540	0.011608523	3
0 0 1 0 21 e 	2155.350234516	0.007131539	2
0 3 0 1 53 e 	2155.606991096	0.003937256	5
0 3 0 1 53 f 	2156.784968997	0.005940592	3
0 4 0 0 16 e 	2160.305499890	0.000185400	4
0 4 0 2 17 e 	2162.102761613	0.013207291	2
0 4 0 2 17 f 	2162.103645852	0.013207285	2
1 2 0 0 36 e 	2162.500538986	0.002007393	3
1 1 0 1 62 e 	2162.901534346	0.001821974	2
1 1 0 1 62 f 	2163.788924145	0.002285682	2
0 0 1 0 22 e 	2164.220535648	0.007131573	2
2 0 0 0 47 e 	2165.634912571	0.000128164	7
0 4 0 0 17 e 	2167.240024684	0.000185414	5
1 0 0 0 80 e 	2167.697503635	0.002600099	3
0 4 0 2 18 e 	2169.446972606	0.013207880	3
0 4 0 2 18 f 	2169.447861328	0.011607874	3
0 0 1 0 23 e 	2173.493876406	0.007131608	3
0 4 0 0 18 e 	2174.582415027	0.000184825	5
0 2 0 0 74 e 	2175.236095754	0.004906147	1
0 4 0 2 19 f 	2177.200682229	0.011607285	3
0 4 0 2 19 e 	2177.200758909	0.013207291	3
1 2 0 0 37 e 	2177.512188884	0.002007408	4
0 3 0 1 54 e 	2177.564977053	0.004174194	4
0 3 0 1 54 f 	2178.787477968	0.001854862	3
0 4 0 0 19 e 	2182.332655634	0.000185437	6
0 0 1 0 24 e 	2183.170235242	0.007131647	3
2 0 0 0 48 e 	2184.971819069	0.000326067	6
0 4 0 2 20 e 	2185.310738463	0.013207904	4
0 4 0 2 20 f 	2185.351234933	0.011607897	4
1 1 0 1 63 e 	2188.376686152	0.001822075	2
1 1 0 1 63 f 	2189.292514479	0.002285556	3
0 4 0 0 20 e 	2190.491010246	0.001605539	5
1 2 0 0 38 e 	2192.928194648	0.002007455	2
0 0 1 0 25 e 	2193.249546087	0.007131701	1
0 4 0 2 21 e 	2193.930213231	0.013210626	2
0 4 0 2 21 f 	2193.931678587	0.011610619	2
0 4 0 0 21 e 	2199.056619557	0.001605517	6
0 3 0 1 55 e 	2199.928534898	0.004755262	4
1 0 0 0 81 e 	2200.368066757	0.002738139	3
0 3 0 1 55 f 	2201.196386230	0.006816863	2
0 4 0 2 22 e 	2202.803651171	0.011624825	4
0 4 0 2 22 f 	2202.866178507	0.011611897	4
0 0 1 0 26 e 	2203.731822017	0.007131722	2
2 0 0 0 49 e 	2204.710749978	0.000328068	5
0 2 0 0 75 e 	2205.696541720	0.003143980	3
0 4 0 0 22 e 	2208.030401539	0.001605539	4
1 2 0 0 39 e 	2208.750357886	0.000404644	3
0 4 0 2 23 f 	2212.148237097	0.011614619	3
0 4 0 2 23 e 	2212.168265817	0.011619541	3
1 1 0 1 64 e 	2214.255988968	0.002356389	3
0 0 1 0 27 e 	2214.617008915	0.007131771	2
1 1 0 1 64 f 	2215.199442074	0.002285349	3
0 4 0 0 23 e 	2217.411935941	0.001605573	6
2 1 0 1 1 e 	2218.432538210	0.008077946	2
2 1 0 1 1 f 	2218.434032727	0.008077940	2
2 1 0 1 2 e 	2219.240415105	0.007811095	5
2 1 0 1 2 f 	2219.242881627	0.007811088	5
2 1 0 1 3 e 	2220.453685829	0.007811122	2
2 1 0 1 3 f 	2220.454696640	0.007811115	2
0 4 0 2 24 e 	2221.976444093	0.011621543	3
0 4 0 2 24 f 	2222.037357717	0.011615173	1
2 1 0 1 4 e 	2222.068391536	0.007809762	2
2 1 0 1 4 f 	2222.073257223	0.007809756	2
0 3 0 1 56 e 	2222.698158371	0.004355395	5
0 3 0 1 56 f 	2224.011703807	0.003054862	2
2 1 0 1 5 e 	2224.088060356	0.007813765	1
2 1 0 1 5 f 	2224.095374137	0.007813758	1
2 0 0 0 50 e 	2224.851633138	0.000330070	5
1 2 0 0 40 e 	2224.977713979	0.200004118	2
0 0 1 0 28 e 	2225.905034724	0.007131834	2
2 1 0 1 6 e 	2226.512041850	0.007805822	2
2 1 0 1 6 f 	2226.522265900	0.007805756	2
0 4 0 0 24 e 	2227.201185883	0.001605106	5
2 1 0 1 7 e 	2229.339731264	0.007805094	2
2 1 0 1 7 f 	2229.353375822	0.007805087	2
0 2 0 2 76 e 	2230.723662153	0.002159656	1
0 4 0 2 25 f 	2232.140745055	0.011615208	4
0 4 0 2 25 e 	2232.152071793	0.011619541	4
1 0 0 0 82 e 	2233.439601603	0.002636658	4
2 1 0 1 9 e 	2236.206604277	0.007805856	1
2 1 0 1 9 f 	2236.228543875	0.007805842	1
0 4 0 0 25 e 	2237.398497040	0.001605647	6
0 0 1 0 29 e 	2237.596050265	0.007131889	2
2 1 0 1 10 e 	2240.244729003	0.007806488	2
2 1 0 1 10 f 	2240.271630706	0.007806475	2
1 1 0 1 65 e 	2240.535959054	0.001115305	2
1 1 0 1 65 f 	2241.509500666	0.001831706	1
1 2 0 0 41 e 	2241.612475614	0.200004134	2
0 4 0 2 26 e 	2242.744568336	0.011621543	3
0 4 0 2 26 f 	2242.747909798	0.011615247	4
2 1 0 1 11 e 	2244.687474361	0.000406792	2
2 1 0 1 11 f 	2244.720571024	0.000406785	2
2 0 0 0 51 e 	2245.394387993	0.000338743	7
0 3 0 1 57 e 	2245.874171560	0.001955262	3
0 3 0 1 57 f 	2247.233348175	0.002016863	2
0 4 0 0 26 e 	2248.003442430	0.001605106	6
2 1 0 1 12 e 	2249.535653565	0.007810632	1
2 1 0 1 12 f 	2249.573768268	0.007806515	1
0 0 1 0 30 e 	2249.689755386	0.007131986	1
0 4 0 2 27 f 	2253.763142429	0.011615371	4
0 4 0 2 27 e 	2253.771598585	0.013221320	3
2 1 0 1 13 e 	2254.786059529	0.007806515	2
2 1 0 1 13 f 	2254.830536065	0.007806508	2
1 2 0 0 42 e 	2258.655537823	0.200004320	1
0 4 0 0 27 e 	2259.016114052	0.001605834	5
2 1 0 1 14 e 	2260.440325629	0.007810632	2
2 1 0 1 14 f 	2260.490492435	0.007806515	2
0 0 1 0 31 e 	2262.185915581	0.000009005	3
0 4 0 2 28 e 	2265.170690199	0.011621946	3
0 4 0 2 28 f 	2265.186879195	0.011614920	4
2 0 0 0 52 e 	2266.338973925	0.000416741	5
2 1 0 1 15 e 	2266.498487985	0.007809849	2
2 1 0 1 15 f 	2266.557018282	0.007807515	2
1 0 0 0 83 e 	2266.912026917	0.003805544	3
1 1 0 1 66 e 	2267.221274619	0.003556389	2
0 2 0 0 77 e 	2267.830705423	0.003397488	1
1 1 0 1 66 f 	2268.223023563	0.001831800	2
0 3 0 1 58 e 	2269.455420292	0.003155395	4
0 4 0 0 28 e 	2270.436576622	0.001605771	6
0 3 0 1 58 f 	2270.861153701	0.002017183	3
2 1 0 1 16 e 	2272.961480571	0.001018106	3
2 1 0 1 16 f 	2273.026454539	0.001007977	3
0 0 1 0 32 e 	2275.085202394	0.000005669	4
1 2 0 0 43 e 	2276.090318060	0.002033554	2
0 4 0 2 29 f 	2277.017227334	0.011615371	5
0 4 0 2 29 e 	2277.020476024	0.011617986	4
2 1 0 1 17 e 	2279.826807340	0.000280700	3
2 1 0 1 17 f 	2279.901791734	0.000341438	3
0 4 0 0 29 e 	2282.264941323	0.001605320	5
2 1 0 1 18 e 	2287.099837128	0.007817414	2
2 1 0 1 18 f 	2287.183401862	0.007807285	2
2 0 0 0 53 e 	2287.685328017	0.000498743	6
0 0 1 0 33 e 	2288.387186197	0.000671136	3
0 4 0 2 30 e 	2289.235134120	0.011617342	3
0 4 0 2 30 f 	2289.254736398	0.011614920	2
0 3 0 1 59 e 	2293.441364431	0.003155262	5
1 2 0 0 44 e 	2293.937401063	0.000471544	2
1 1 0 1 67 e 	2294.308475614	0.005984510	1
0 4 0 0 30 e 	2294.500763015	0.001605889	8
2 1 0 1 19 e 	2294.770073361	0.007816825	1
2 1 0 1 19 f 	2294.863226796	0.007807897	1
0 3 0 1 59 f 	2294.895226079	0.002016863	4
1 1 0 1 67 f 	2295.339539051	0.001845142	2
0 2 0 0 78 e 	2299.504451352	0.005426507	1
1 0 0 0 84 e 	2300.785241418	0.004030955	4
0 4 0 2 31 e 	2301.896877961	0.011617986	2
0 4 0 2 31 f 	2301.902454327	0.011622706	1
0 0 1 0 34 e 	2302.091913794	0.000006358	3
2 1 0 1 20 e 	2302.847411316	0.007617437	1
2 1 0 1 20 f 	2302.949522598	0.007810619	1
0 4 0 0 31 e 	2307.144410872	0.001605986	4
2 0 0 0 54 e 	2309.433391454	0.000496741	5
2 1 0 1 21 e 	2311.328750777	0.007620825	1
1 2 0 0 45 e 	2312.190603998	0.002518641	3
0 4 0 2 32 e 	2314.929575117	0.011617342	1
0 4 0 2 32 f 	2314.955885573	0.011618920	1
0 0 1 0 35 e 	2316.199613031	0.007132008	1
0 3 0 1 60 e 	2317.832694626	0.003155395	4
0 3 0 1 60 f 	2319.335458168	0.002016970	4
0 4 0 0 32 e 	2320.195953912	0.001605342	5
2 1 0 1 22 e 	2320.213582367	0.007620771	1
2 1 0 1 22 f 	2320.337885031	0.007614619	1
1 1 0 1 68 e 	2321.794214889	0.011263841	1
0 4 0 2 33 e 	2328.404286539	0.011617986	3
0 4 0 2 33 f 	2328.417793853	0.011622706	3
2 1 0 1 23 e 	2329.502353020	0.007625543	1
2 1 0 1 23 f 	2329.637119250	0.007615247	1
0 0 1 0 36 e 	2330.709621410	0.007132023	2
1 2 0 0 46 e 	2330.825133303	0.200074244	2
2 0 0 0 55 e 	2331.583117029	0.000498743	5
0 4 0 0 33 e 	2333.654840026	0.001606001	5
1 0 0 0 85 e 	2335.059164071	0.004479344	4
2 1 0 1 24 e 	2339.193408617	0.000353105	1
2 1 0 1 24 f 	2339.339900616	0.000352772	1
0 4 0 2 34 e 	2342.253255341	0.011617342	4
0 4 0 2 34 f 	2342.286129149	0.011618920	5
0 3 0 1 61 e 	2342.629353750	0.003155528	4
0 3 0 1 61 f 	2344.181788708	0.002017083	4
1 2 0 2 47 e 	2344.741183655	0.011134194	1
0 0 1 0 37 e 	2345.622109173	0.007132070	2
0 4 0 0 34 e 	2347.521577360	0.001605342	6
2 1 0 1 25 f 	2349.449619250	0.007615247	1
1 1 0 1 69 e 	2349.688713802	0.006183818	1
1 2 0 0 47 e 	2349.910556220	0.000399451	4
1 1 0 1 69 f 	2350.781902525	0.011343841	1
2 0 0 0 56 e 	2354.134563916	0.000500744	4
0 4 0 2 35 e 	2356.540153833	0.011618023	3
0 4 0 2 35 f 	2356.563009699	0.011615670	3
2 1 0 1 26 e 	2359.772242289	0.007619541	2
2 1 0 1 26 f 	2359.958963997	0.007615371	2
0 0 1 0 38 e 	2360.937237079	0.007132079	2
0 4 0 0 35 e 	2361.796097092	0.001606001	4
0 3 0 1 62 e 	2367.831283930	0.003155635	3
1 2 0 0 48 e 	2369.378492008	0.001504681	3
0 3 0 1 62 f 	2369.434156188	0.002017183	3
1 0 0 0 86 e 	2369.733695061	0.004104340	3
2 1 0 1 27 e 	2370.690786007	0.007621543	2
2 1 0 1 27 f 	2370.875333275	0.000419524	3
0 4 0 2 36 e 	2371.204305613	0.011618008	1
0 4 0 2 36 f 	2371.246902811	0.011622255	1
0 4 0 0 36 e 	2376.478066510	0.001606008	4
0 0 1 0 39 e 	2376.654765580	0.007132105	2
2 0 0 0 57 e 	2377.087420242	0.000502745	3
1 1 0 1 70 e 	2377.980688085	0.012010969	1
1 1 0 1 70 f 	2379.106564666	0.011519351	1
2 1 0 1 28 e 	2381.996783955	0.000557244	3
2 1 0 1 28 f 	2382.196205701	0.007618706	1
1 2 0 0 49 e 	2389.251461394	0.100125262	3
0 4 0 0 37 e 	2391.567826407	0.001606023	3
0 0 1 0 40 e 	2392.774870927	0.007132118	3
0 3 0 1 63 e 	2393.438426525	0.003155795	2
2 1 0 1 29 e 	2393.708526577	0.007617946	2
2 1 0 1 29 f 	2393.920790693	0.007814920	2
0 3 0 1 63 f 	2395.092497603	0.002017310	3
2 0 0 0 58 e 	2400.441884302	0.000580744	4
0 4 0 2 38 e 	2401.784583126	0.011621342	1
0 4 0 2 38 f 	2401.837725374	0.012827440	1
1 0 0 0 87 e 	2404.808751378	0.004559399	3
2 1 0 1 30 e 	2405.819804701	0.007621320	1
2 1 0 1 30 f 	2406.048205701	0.007818706	1
0 4 0 0 38 e 	2407.065041545	0.001606070	3
0 0 1 0 41 e 	2409.297343284	0.007132134	3
1 2 0 0 50 e 	2409.525690100	0.100203260	3
1 3 0 1 1 e 	2412.528459218	0.057011122	3
1 3 0 1 1 f 	2412.529410458	0.057011115	3
1 3 0 1 2 e 	2413.340627744	0.057015095	6
1 3 0 1 2 f 	2413.343313517	0.057015088	6
1 3 0 1 3 e 	2414.558877400	0.057016434	6
1 3 0 1 3 f 	2414.564166354	0.057016427	6
1 3 0 1 4 e 	2416.183193747	0.057009762	5
1 3 0 1 4 f 	2416.191972615	0.057009756	6
0 4 0 2 39 e 	2417.686599579	0.011619006	3
0 4 0 2 39 f 	2417.742789102	0.011615670	4
1 3 0 1 5 e 	2418.213581684	0.057016434	8
1 3 0 1 5 f 	2418.226724053	0.057016427	9
2 1 0 1 31 e 	2418.336754536	0.007617342	2
2 1 0 1 31 f 	2418.579123988	0.007814920	2
1 3 0 1 6 e 	2420.650035505	0.057009762	4
1 3 0 1 6 f 	2420.668416565	0.057009756	4
0 3 0 1 64 f 	2421.157102357	0.003617390	1
0 4 0 0 39 e 	2422.970087160	0.001606079	5
1 3 0 1 7 e 	2423.492410519	0.057005094	4
1 3 0 1 7 f 	2423.516651910	0.057005087	4
2 0 0 0 59 e 	2424.197621220	0.000581291	6
0 0 1 0 42 e 	2426.221807662	0.000537872	3
1 3 0 1 8 e 	2426.746443480	0.057005822	3
1 3 0 1 8 f 	2426.764672862	0.057005756	3
1 2 0 0 51 e 	2430.210700027	0.002211371	3
0 2 0 0 82 e 	2430.239725617	0.002643329	1
1 3 0 1 9 e 	2430.395614336	0.000079198	4
1 3 0 1 9 f 	2430.420074786	0.057006457	4
2 1 0 1 32 e 	2431.254665912	0.007817986	1
2 1 0 1 32 f 	2431.513922232	0.007822706	1
0 4 0 2 40 e 	2434.014092286	0.011620105	4
0 4 0 2 40 f 	2434.056823694	0.011627440	4
1 3 0 1 10 e 	2434.456261485	0.000072527	4
1 3 0 1 10 f 	2434.489454076	0.057013129	4
1 3 0 1 11 e 	2438.922934292	0.000065856	5
1 3 0 1 11 f 	2438.965732161	0.057019800	4
0 4 0 0 40 e 	2439.282128323	0.001606105	5
1 0 0 0 88 e 	2440.284237619	0.004871537	3
0 0 1 0 43 e 	2443.549320425	0.007200242	1
1 3 0 1 12 e 	2443.795622283	0.000072527	3
1 3 0 1 12 f 	2443.848898468	0.057026471	3
0 3 0 1 65 e 	2445.868663633	0.004076247	1
0 3 0 1 65 f 	2447.626715055	0.003697450	2
2 0 0 0 60 e 	2448.354704424	0.000581705	6
1 3 0 1 13 e 	2449.074282570	0.002268516	4
1 3 0 1 13 f 	2449.126152940	0.100007515	2
0 4 0 2 41 e 	2450.706541199	0.010223006	4
0 4 0 2 41 f 	2450.779353183	0.020019670	3
1 2 0 0 52 e 	2451.297553152	0.000286996	2
1 3 0 1 14 e 	2454.769497694	0.057014632	1
1 3 0 1 14 f 	2454.820416603	0.057007860	1
0 4 0 0 41 e 	2456.002221296	0.001606118	5
2 1 0 1 34 e 	2458.306308414	0.007818023	1
2 1 0 1 34 f 	2458.596203371	0.007819670	2
1 3 0 1 15 e 	2460.849540423	0.000477072	4
1 3 0 1 15 f 	2460.954735479	0.001342005	4
0 0 1 0 44 e 	2461.278940187	0.007202244	1
1 3 0 1 16 e 	2467.360934803	0.100017414	2
1 3 0 1 16 f 	2467.438849969	0.100007285	2
0 4 0 2 42 f 	2467.904580550	0.012048962	1
2 1 0 1 35 e 	2472.435789758	0.007818008	1
0 3 0 1 66 e 	2472.691083462	0.004062904	3
1 2 0 0 53 e 	2472.789143796	0.000952623	2
2 0 0 0 61 e 	2472.913068528	0.000581978	6
0 4 0 0 42 e 	2473.129189768	0.001606134	5
1 3 0 1 17 e 	2474.248948767	0.100016825	3
1 3 0 1 17 f 	2474.383393301	0.100007897	3
0 3 0 1 66 f 	2474.502589564	0.003710793	2
1 0 0 0 89 e 	2476.160057305	0.005633475	2
0 0 1 0 45 e 	2479.410597549	0.007200242	2
1 3 0 1 18 e 	2481.600007301	0.100017437	2
1 3 0 1 18 f 	2481.697539181	0.100010619	2
0 4 0 2 43 e 	2485.403696143	0.021743006	1
0 4 0 2 43 f 	2485.438422706	0.012059656	2
2 1 0 1 36 e 	2486.968208414	0.007818023	1
1 3 0 1 19 e 	2489.325616110	0.100020825	2
1 3 0 1 19 f 	2489.434333299	0.100011897	2
0 4 0 0 43 e 	2490.664214372	0.001632170	4
1 2 0 0 54 e 	2494.685712503	0.000498798	2
1 3 0 1 20 e 	2497.455612022	0.100020771	2
1 3 0 1 20 f 	2497.574213675	0.100014619	2
2 0 0 0 62 e 	2497.872647027	0.000582412	6
0 0 1 0 46 e 	2497.944583303	0.007202244	2
0 2 0 0 84 e 	2498.031079758	0.003036934	1
2 1 0 1 37 e 	2501.907600307	0.007821342	2
2 1 0 1 37 f 	2502.249300163	0.007827440	1
0 4 0 2 44 e 	2503.356258823	0.020097256	1
0 4 0 2 44 f 	2503.386363024	0.020053920	1
1 3 0 1 21 e 	2505.988811550	0.100024825	2
1 3 0 1 21 f 	2506.118462800	0.100015173	2
0 4 0 0 44 e 	2508.606929203	0.000271172	6
1 0 0 0 90 e 	2512.436123788	0.005858887	2
1 3 0 1 22 e 	2514.850141784	0.100023541	3
1 3 0 1 22 f 	2515.070996301	0.100015208	3
0 0 1 0 47 e 	2516.880495489	0.007245256	2
1 2 0 0 55 e 	2516.986620263	0.000819198	2
0 4 0 2 45 e 	2521.698527147	0.020064320	1
0 4 0 2 45 f 	2521.734759232	0.020067656	1
2 0 0 0 63 e 	2523.233373043	0.000582652	4
1 3 0 1 23 e 	2524.269918859	0.100025543	2
1 3 0 1 23 f 	2524.427838345	0.100015247	2
0 4 0 0 45 e 	2526.956720906	0.001644320	3
2 1 0 1 39 e 	2532.987191557	0.000424382	3
2 1 0 1 39 f 	2533.367338295	0.000427717	1
1 3 0 1 24 e 	2534.023112160	0.100019541	2
1 3 0 1 24 f 	2534.191386222	0.100019208	2
0 0 1 0 48 e 	2536.218756418	0.007247257	1
1 2 0 0 56 e 	2539.736888718	0.200287263	1
0 4 0 2 46 e 	2540.450879472	0.020097256	1
0 4 0 2 46 f 	2540.491461065	0.020100592	1
1 3 0 1 25 e 	2544.080895857	0.001026469	3
1 3 0 1 25 f 	2544.358204001	0.100019247	2
0 4 0 0 46 e 	2545.713941666	0.001677256	4
2 0 0 0 64 e 	2548.995186698	0.000674674	4
1 0 0 0 91 e 	2549.112401062	0.006660853	2
2 1 0 1 40 e 	2549.134390059	0.007823006	2
2 1 0 1 40 f 	2549.534864445	0.008539670	1
1 3 0 1 26 e 	2554.733572740	0.100023541	2
1 3 0 1 26 f 	2554.930694033	0.100015371	2
0 0 1 0 49 e 	2555.958533208	0.000126729	3
3 0 0 0 0 e 	2555.990546195	0.008087094	1
3 0 0 0 1 e 	2556.392558400	0.008086793	3
3 0 0 0 2 e 	2557.196581662	0.008086727	2
3 0 0 0 3 e 	2558.402974614	0.008000294	2
0 4 0 2 47 e 	2559.612913655	0.020174194	1
3 0 0 0 4 e 	2560.011999639	0.008000160	4
3 0 0 0 5 e 	2562.021567252	0.008000294	4
1 2 0 0 57 e 	2562.915963697	0.200289264	2
3 0 0 0 6 e 	2564.433811380	0.008000627	3
0 4 0 0 47 e 	2564.878757624	0.001714244	4
1 3 0 1 27 e 	2565.597308648	0.100021946	3
2 1 0 1 41 e 	2565.681518117	0.007820105	1
1 3 0 1 27 f 	2565.927574064	0.100018920	3
3 0 0 0 7 e 	2567.250013812	0.008087354	1
0 2 0 0 86 e 	2567.437480695	0.003984256	1
3 0 0 0 8 e 	2570.463540813	0.008001997	1
3 0 0 0 9 e 	2574.081454997	0.000288891	3
2 0 0 0 65 e 	2575.157992183	0.000674767	4
0 1 1 1 1 e 	2575.711502889	0.000055088	1
0 1 1 1 1 f 	2575.711933500	0.000055095	1
0 0 1 0 50 e 	2576.100715037	0.000130065	3
0 1 1 1 2 e 	2576.519609873	0.008615095	3
0 1 1 1 2 f 	2576.520378622	0.008877966	2
1 3 0 1 28 e 	2577.071546923	0.100021320	2
1 3 0 1 28 f 	2577.296755448	0.100018706	2
0 1 1 1 3 e 	2577.731050624	0.008611122	3
0 1 1 1 3 f 	2577.733110265	0.008611115	3
3 0 0 0 10 e 	2578.102064133	0.007888741	4
0 1 1 1 4 e 	2579.346172249	0.008606428	2
0 1 1 1 4 f 	2579.349823157	0.008606421	3
0 1 1 1 5 e 	2581.365226969	0.008605094	4
0 1 1 1 5 f 	2581.371034240	0.008605087	4
3 0 0 0 11 e 	2582.522868104	0.007888753	4
2 1 0 1 42 e 	2582.633873496	0.008056320	1
2 1 0 1 42 f 	2583.074064445	0.008539670	1
0 1 1 1 6 e 	2583.788080815	0.008605822	2
0 1 1 1 6 f 	2583.796475343	0.008605756	2
0 4 0 0 48 e 	2584.450984040	0.001757256	2
0 3 0 1 70 f 	2586.062778354	0.010918936	1
1 0 0 0 92 e 	2586.188697893	0.006740908	3
1 2 0 0 58 e 	2586.430592084	0.200290332	3
0 1 1 1 7 e 	2586.614375538	0.000007938	4
0 1 1 1 7 f 	2586.626449552	0.000007992	4
3 0 0 0 12 e 	2587.347326534	0.007888765	4
1 3 0 1 29 e 	2588.730574883	0.100017946	1
1 3 0 1 29 f 	2589.100793899	0.100014920	1
0 1 1 1 8 e 	2589.844806781	0.000011274	4
0 1 1 1 8 f 	2589.860330422	0.000011327	4
3 0 0 0 13 e 	2592.572924665	0.007888775	3
0 1 1 1 9 e 	2593.479016413	0.008002038	3
0 1 1 1 9 f 	2593.498419650	0.008606457	2
0 0 1 0 51 e 	2596.645059627	0.007253262	2
0 1 1 1 10 e 	2597.517529700	0.008002048	2
0 1 1 1 10 f 	2597.541900026	0.008606475	1
3 0 0 0 14 e 	2598.200187028	0.007890127	2
2 1 0 1 43 e 	2599.990118828	0.008044242	2
2 1 0 1 43 f 	2600.451397273	0.008047578	1
1 3 0 1 30 e 	2600.905765912	0.100017986	1
1 3 0 1 30 f 	2601.319122232	0.100022706	1
2 0 0 0 66 e 	2601.721752061	0.000694781	4
0 1 1 1 11 e 	2601.958242472	0.008002055	2
0 1 1 1 11 f 	2601.986743875	0.008605842	1
3 0 0 0 15 e 	2604.230292896	0.007883469	2
0 4 0 0 49 e 	2604.430283589	0.001759257	4
0 1 1 1 12 e 	2606.804845926	0.008002048	2
0 1 1 1 12 f 	2606.839161386	0.008606498	1
1 2 0 0 59 e 	2610.349654077	0.200291806	3
3 0 0 0 16 e 	2610.661539423	0.007890127	3
0 1 1 1 13 e 	2612.053741529	0.008606515	1
0 1 1 1 13 f 	2612.092940294	0.008606508	1
1 3 0 1 31 e 	2613.650608075	0.100017342	2
1 3 0 1 31 f 	2613.925044529	0.100018920	2
3 0 0 0 17 e 	2617.494501048	0.007883469	2
0 0 1 0 52 e 	2617.591206800	0.007331260	2
0 1 1 1 14 e 	2617.706425629	0.008610632	2
2 1 0 1 44 e 	2617.746776644	0.008056320	2
0 1 1 1 14 f 	2617.751992435	0.008606515	2
2 1 0 1 44 f 	2618.228075202	0.008059656	2
1 0 0 0 93 e 	2623.664914884	0.006754251	3
0 1 1 1 15 e 	2623.763475622	0.008003427	3
0 1 1 1 15 f 	2623.815318282	0.008607515	2
3 0 0 0 18 e 	2624.730395306	0.007883482	4
0 4 0 0 50 e 	2624.817037302	0.001761259	3
1 3 0 1 32 e 	2626.642170739	0.100021986	2
1 3 0 1 32 f 	2626.934022485	0.100023670	2
2 0 0 0 67 e 	2628.686372851	0.000696782	5
0 1 1 1 16 e 	2630.223730317	0.008614632	2
0 1 1 1 16 f 	2630.282198865	0.008607285	2
3 0 0 0 19 e 	2632.366740966	0.001084185	5
1 2 0 0 60 e 	2634.673093988	0.200292046	2
2 1 0 1 45 e 	2635.905332547	0.000324107	3
0 5 0 1 1 e 	2635.999497441	0.010277946	1
0 5 0 1 1 f 	2635.999651069	0.010277940	1
2 1 0 1 45 f 	2636.409439906	0.000320772	3
0 5 0 1 2 e 	2636.815079333	0.010011095	4
0 5 0 1 2 f 	2636.817656638	0.010011088	4
0 1 1 1 17 e 	2637.087885901	0.008613849	2
0 1 1 1 17 f 	2637.153715762	0.008607874	2
0 5 0 1 3 e 	2638.038450666	0.010009094	3
0 5 0 1 3 f 	2638.044663486	0.010009087	3
0 0 1 0 53 e 	2638.939057143	0.007333262	3
0 5 0 1 4 e 	2639.667794416	0.010009097	2
0 5 0 1 4 f 	2639.681075334	0.010009090	3
1 3 0 1 33 e 	2640.048378218	0.100018008	2
1 3 0 1 33 f 	2640.359789265	0.100022255	2
3 0 0 0 20 e 	2640.406058890	0.007883546	3
0 5 0 1 5 e 	2641.712795928	0.010005094	3
0 5 0 1 5 f 	2641.720018590	0.010005087	4
0 3 0 1 72 e 	2642.564163172	0.012690609	1
0 5 0 1 6 e 	2644.159517086	0.010009097	1
0 5 0 1 6 f 	2644.174010411	0.010009090	1
0 3 0 1 72 f 	2644.275686469	0.008418211	1
0 1 1 1 18 e 	2644.354837128	0.008617414	2
0 1 1 1 18 f 	2644.429122598	0.008610619	1
0 4 0 0 51 e 	2645.615376412	0.010125262	1
3 0 0 0 21 e 	2648.847037290	0.007683629	3
0 1 1 1 19 e 	2652.026502973	0.008003490	3
0 1 1 1 19 f 	2652.108488339	0.008607897	2
1 3 0 1 34 e 	2653.860456674	0.100018023	2
0 5 0 1 9 e 	2653.940352259	0.010006471	2
0 5 0 1 9 f 	2653.994640645	0.010006457	1
1 3 0 1 34 f 	2654.200654536	0.000691032	3
2 1 0 1 46 e 	2654.469277147	0.008064320	2
2 1 0 1 46 f 	2654.993815328	0.008067656	1
2 0 0 0 68 e 	2656.051796810	0.000705455	3
3 0 0 0 22 e 	2657.688539180	0.007683663	3
0 5 0 1 10 e 	2658.018103733	0.010006488	1
0 5 0 1 10 f 	2658.083630706	0.010006475	2
1 2 0 0 61 e 	2659.400861249	0.200292293	1
0 1 1 1 20 e 	2660.101222106	0.008003517	3
0 1 1 1 20 f 	2660.191953815	0.008610619	2
0 0 1 0 54 e 	2660.688676008	0.007336597	3
1 0 0 0 94 e 	2661.541094788	0.009247926	4
0 5 0 1 11 e 	2662.503824669	0.010005856	3
0 5 0 1 11 f 	2662.583842084	0.010005842	2
0 4 0 0 52 e 	2666.816556800	0.010203260	2
3 0 0 0 23 e 	2666.932488031	0.001417959	3
0 5 0 1 12 e 	2667.394068884	0.010006632	5
0 5 0 1 12 f 	2667.491114827	0.010006498	2
1 3 0 1 35 e 	2668.077990786	0.100021342	2
1 3 0 1 35 f 	2668.425611848	0.100024678	2
0 1 1 1 21 e 	2668.579748377	0.008003539	2
0 1 1 1 21 f 	2668.679549881	0.008611897	1
0 5 0 1 13 e 	2672.697634782	0.000212632	6
0 5 0 1 13 f 	2672.807848829	0.010006508	4
2 1 0 1 47 f 	2673.983657535	0.008100592	2
3 0 0 0 24 e 	2676.578903984	0.007683663	2
0 1 1 1 22 e 	2677.461620648	0.008003573	2
0 1 1 1 22 f 	2677.570562448	0.002014619	2
0 5 0 1 14 e 	2678.406400463	0.010010632	3
0 5 0 1 14 f 	2678.532703005	0.010006515	4
1 3 0 1 36 e 	2682.498227347	0.000685385	3
0 0 1 0 55 e 	2682.840057746	0.007413262	2
0 4 0 2 53 e 	2682.977959409	0.014575579	1
1 3 0 1 36 f 	2683.062272749	0.100015670	2
2 0 0 0 69 e 	2683.817928463	0.001036962	5
1 2 0 0 62 e 	2684.419582710	0.000715382	1
0 5 0 1 15 e 	2684.523269711	0.010013849	2
0 5 0 1 15 f 	2684.668688130	0.009007874	2
3 0 0 0 25 e 	2686.627093261	0.007683889	3
0 1 1 1 23 e 	2686.747511562	0.008003701	2
0 1 1 1 23 f 	2686.866319250	0.008615247	1
0 4 0 0 53 e 	2688.427432842	0.010205262	1
0 5 0 1 16 e 	2691.047832411	0.010011849	4
0 5 0 1 16 f 	2691.211471851	0.010007860	2
2 1 0 1 48 e 	2692.803988655	0.008174194	1
2 1 0 1 48 f 	2693.377313917	0.008170859	1
0 1 1 1 24 f 	2696.564293361	0.008615208	1
3 0 0 0 26 e 	2697.074550499	0.007683944	2
1 3 0 1 37 e 	2697.715332985	0.100024105	2
0 5 0 1 17 e 	2697.979111206	0.010013849	3
1 3 0 1 37 f 	2698.105266492	0.100027440	2
0 5 0 1 17 f 	2698.164729170	0.010007897	3
1 0 0 0 95 e 	2699.816946641	0.009468078	3
0 5 0 1 18 e 	2705.318141327	0.010015849	3
0 0 1 0 56 e 	2705.393195558	0.007415263	2
0 5 0 1 18 f 	2705.525563828	0.010007285	3
0 1 1 1 25 e 	2706.528273382	0.008621543	2
0 1 1 1 25 f 	2706.668684906	0.008619247	1
3 0 0 0 27 e 	2707.925705038	0.007683970	3
1 2 0 0 63 e 	2709.955837421	0.000715028	3
2 0 0 0 70 e 	2711.984728399	0.000965635	4
2 1 0 1 49 e 	2712.575065332	0.009137256	1
0 5 0 1 19 e 	2713.064651227	0.010016825	5
1 3 0 1 38 e 	2713.156059601	0.100023006	2
2 1 0 1 49 f 	2713.169289691	0.008620592	2
0 5 0 1 19 f 	2713.295818507	0.010007897	4
1 3 0 1 38 f 	2713.564716467	0.100019670	2
0 1 1 1 26 e 	2717.025093153	0.000553244	4
0 1 1 1 26 f 	2717.176250322	0.000552910	1
3 0 0 0 28 e 	2719.177684197	0.008003834	1
0 5 0 1 20 e 	2721.220196230	0.010017437	5
0 5 0 1 20 f 	2721.475095909	0.010009897	6
0 0 1 0 57 e 	2728.347205091	0.000689541	2
1 3 0 1 39 e 	2728.760918117	0.100020105	1
1 3 0 1 39 f 	2729.431533732	0.100023440	1
0 5 0 1 21 e 	2729.783016823	0.010020825	3
0 5 0 1 21 f 	2730.062794213	0.010011897	5
3 0 0 0 29 e 	2730.832156210	0.007683970	3
2 2 0 0 1 e 	2731.803938857	0.008000133	1
2 2 0 0 2 e 	2732.613643963	0.008000067	2
2 1 0 1 50 e 	2732.749788655	0.008174194	1
0 4 0 0 55 e 	2732.862546264	0.010285262	1
2 1 0 1 50 f 	2733.367875056	0.008370859	2
2 2 0 0 3 e 	2733.828128144	0.008000133	2
2 2 0 0 4 e 	2735.447418622	0.008000160	2
1 2 0 0 64 e 	2735.896251709	0.000715689	1
2 2 0 0 5 e 	2737.471561791	0.000146887	3
1 0 0 0 96 e 	2738.492513791	0.011222625	2
0 5 0 1 22 e 	2738.752485843	0.010020771	3
0 5 0 1 22 f 	2739.059204970	0.010014619	3
0 1 1 1 28 e 	2739.227405251	0.008003915	1
2 2 0 0 6 e 	2739.900501719	0.008000627	2
2 0 0 0 71 e 	2740.552086089	0.001043633	2
2 2 0 0 7 e 	2742.734259774	0.008002015	1
3 0 0 0 30 e 	2742.886768062	0.000284083	5
1 3 0 1 40 e 	2744.997288377	0.100543006	1
1 3 0 1 40 f 	2745.707264445	0.100539670	1
2 2 0 0 8 e 	2745.972854560	0.008002026	1
0 5 0 1 23 e 	2748.129117460	0.010021541	3
0 5 0 1 23 f 	2748.465992359	0.010015173	2
2 2 0 0 9 e 	2749.616215764	0.008002038	1
0 0 1 0 58 e 	2751.703711226	0.000649983	3
2 2 0 0 10 e 	2753.664055044	0.000756126	3
3 0 0 0 31 e 	2755.343664923	0.007683970	3
0 4 0 0 56 e 	2755.694888718	0.010287263	1
0 5 0 1 24 e 	2757.914540767	0.010019541	5
2 2 0 0 11 e 	2758.117215764	0.008002038	1
0 5 0 1 24 f 	2758.277636113	0.010015208	6
1 3 0 1 41 e 	2761.637937215	0.100044242	1
1 2 0 0 65 e 	2762.192894804	0.200447943	2
1 3 0 1 41 f 	2762.383697273	0.100047578	1
2 2 0 0 12 e 	2762.974932970	0.008002048	1
0 1 1 1 30 e 	2763.043198063	0.008003986	2
0 1 1 1 30 f 	2763.243605701	0.008618706	1
0 3 0 1 76 f 	2765.564315071	0.012159656	1
0 5 0 1 25 e 	2768.106423382	0.010021543	2
3 0 0 0 32 e 	2768.202722729	0.007684001	4
2 2 0 0 13 e 	2768.237394723	0.008002055	1
0 5 0 1 25 f 	2768.501132549	0.010015247	3
2 0 0 0 72 e 	2769.519934254	0.001459310	4
2 2 0 0 14 e 	2773.904652829	0.008003389	2
2 1 0 1 52 e 	2774.302966409	0.009374194	2
0 0 1 0 59 e 	2775.461357294	0.000648629	5
0 1 1 1 31 e 	2775.557474883	0.008617946	1
0 1 1 1 31 f 	2775.771093899	0.008614920	2
1 3 0 1 42 e 	2778.675873496	0.100056320	1
0 5 0 1 26 e 	2778.708614527	0.010019541	3
0 4 0 0 57 e 	2778.928339228	0.010289264	1
0 5 0 1 26 f 	2779.132992020	0.010015371	3
1 3 0 1 42 f 	2779.463835075	0.100059656	1
2 2 0 0 15 e 	2779.976611214	0.008003400	2
3 0 0 0 33 e 	2781.462244692	0.007684041	3
2 2 0 0 16 e 	2786.453307369	0.008003414	2
0 1 1 1 32 e 	2788.472465912	0.008617986	1
0 1 1 1 32 f 	2788.700022232	0.008622706	1
1 2 0 0 66 e 	2788.941454870	0.200461286	2
0 5 0 1 27 e 	2789.716528773	0.009021946	4
0 5 0 1 27 f 	2790.173867479	0.010017371	4
2 2 0 0 17 e 	2793.334724595	0.008003427	2
3 0 0 0 34 e 	2795.124032797	0.007677392	3
2 1 0 1 53 e 	2795.684807268	0.009755262	1
1 3 0 1 43 e 	2796.120000440	0.100057256	1
1 3 0 1 43 f 	2796.953588024	0.100053920	1
2 0 0 0 73 e 	2798.888196816	0.001537308	3
0 0 1 0 60 e 	2799.620428776	0.000647722	4
2 2 0 0 18 e 	2800.620795210	0.008003437	2
0 5 0 1 28 e 	2801.132051923	0.010019946	4
0 5 0 1 28 f 	2801.622442718	0.009015371	3
0 1 1 1 33 e 	2801.792434190	0.008617342	1
0 1 1 1 33 f 	2802.033854077	0.008618920	1
2 2 0 0 19 e 	2808.311600432	0.008003490	2
3 0 0 0 35 e 	2809.185944849	0.007677408	3
0 5 0 1 29 e 	2812.953501991	0.009021946	3
0 5 0 1 29 f 	2813.480160238	0.010017371	4
1 3 0 1 44 e 	2813.975279792	0.100064320	1
1 3 0 1 44 f 	2814.835915328	0.100067656	1
0 1 1 1 34 e 	2815.514983538	0.008618023	2
0 1 1 1 34 f 	2815.770803371	0.008619670	2
1 2 0 0 67 e 	2816.126663192	0.200463287	1
2 2 0 0 20 e 	2816.407128062	0.000904250	3
2 1 0 1 54 e 	2817.467304861	0.010774194	2
2 1 0 1 54 f 	2818.186541810	0.009654862	1
3 0 0 0 36 e 	2823.648834361	0.007677392	2
0 0 1 0 61 e 	2824.180861016	0.000648362	4
2 2 0 0 21 e 	2824.907184516	0.008003539	2
0 5 0 1 30 f 	2825.747479403	0.010016920	4
0 4 0 0 59 e 	2826.624582853	0.010369264	1
2 0 0 0 74 e 	2828.656793326	0.001952985	3
0 1 1 1 35 e 	2829.640753771	0.000354906	5
0 1 1 1 35 f 	2829.911683077	0.000358242	3
1 3 0 1 45 e 	2832.240675952	0.100097256	1
1 3 0 1 45 f 	2833.141776065	0.100100592	1
2 2 0 0 22 e 	2833.811893090	0.008003647	1
0 5 0 1 31 e 	2837.821300729	0.010017342	4
0 5 0 1 31 f 	2838.421970695	0.010014920	2
3 0 0 0 37 e 	2838.515687538	0.007877502	2
2 1 0 1 55 e 	2839.654310321	0.008555262	1
2 1 0 1 55 f 	2840.399492590	0.013740592	1
2 2 0 0 23 e 	2843.121216087	0.008003701	1
1 2 0 0 68 e 	2843.744222401	0.200465289	1
0 1 1 1 36 e 	2844.169779399	0.000020407	2
0 1 1 1 36 f 	2844.456218067	0.000017138	1
0 0 1 0 62 e 	2849.142591825	0.000649723	4
0 5 0 1 32 e 	2850.864088209	0.000359342	6
1 3 0 1 46 e 	2850.897174501	0.100170192	1
0 4 0 0 60 e 	2851.081003249	0.010371266	1
0 5 0 1 32 f 	2851.504237616	0.000216920	4
1 3 0 1 46 f 	2851.846162023	0.100166856	1
2 2 0 0 24 e 	2852.835216464	0.008003647	2
3 0 0 0 38 e 	2853.780336083	0.000411082	5
2 0 0 0 75 e 	2858.825645002	0.001790817	3
0 1 1 1 37 e 	2859.102036557	0.008004105	1
2 2 0 0 25 e 	2862.953727163	0.008003701	2
2 1 0 1 56 f 	2863.017105804	0.012854862	1
0 5 0 1 33 e 	2864.318556773	0.010018008	2
0 5 0 1 33 f 	2864.997715550	0.010021670	3
3 0 0 0 39 e 	2869.448096570	0.007877502	4
1 3 0 1 47 e 	2869.969124349	0.000564479	2
1 3 0 1 47 f 	2870.953939005	0.100620592	1
1 2 0 0 69 e 	2871.690116826	0.200543287	1
2 2 0 0 26 e 	2873.476784197	0.008003834	1
0 1 1 1 38 e 	2874.437350417	0.000356570	3
0 0 1 0 63 e 	2874.505555095	0.000650163	3
0 1 1 1 38 f 	2874.755752849	0.000286521	2
0 4 0 0 61 e 	2875.949290515	0.010447456	1
0 5 0 1 34 e 	2878.177791528	0.010018023	3
0 5 0 1 34 f 	2878.898397874	0.010019670	2
2 2 0 0 27 e 	2884.404449591	0.008003889	1
2 1 0 1 57 e 	2885.228310321	0.008555262	1
3 0 0 0 40 e 	2885.516401688	0.007877518	3
2 1 0 1 57 f 	2886.033727140	0.013416863	1
2 0 0 0 76 e 	2889.394667738	0.002206493	2
0 1 1 1 39 e 	2890.175281179	0.000557807	4
1 3 0 1 48 f 	2890.466103689	0.100170859	2
0 1 1 1 39 f 	2890.510586458	0.000561143	3
0 5 0 1 35 e 	2892.445689432	0.010020023	2
0 5 0 1 35 f 	2893.207665938	0.010017670	1
2 2 0 0 28 e 	2895.736605251	0.008003915	1
0 0 1 0 64 e 	2900.270102083	0.007575850	1
0 4 0 0 62 e 	2901.217390455	0.010447583	1
3 0 0 0 41 e 	2901.986742459	0.008004134	3
0 1 1 1 40 e 	2906.316790059	0.008623006	2
0 1 1 1 40 f 	2906.669715582	0.008619670	2
0 5 0 1 36 e 	2907.118959860	0.010018023	2
2 2 0 0 29 e 	2907.472943582	0.000617906	2
0 5 0 1 36 f 	2907.925146066	0.010019670	1
2 1 0 1 58 e 	2908.621411705	0.010955395	1
1 0 1 0 0 e 	2918.105099956	0.000200067	2
1 0 1 0 1 e 	2918.507306134	0.000200000	4
3 0 0 0 42 e 	2918.856952968	0.000857914	4
1 0 1 0 2 e 	2919.311683025	0.000146727	3
2 2 0 0 30 e 	2919.614265386	0.008003986	1
2 0 0 0 77 e 	2920.363784495	0.002044326	3
1 0 1 0 3 e 	2920.518298182	0.000200133	3
1 0 1 0 4 e 	2922.127161451	0.000200160	4
0 1 1 1 41 e 	2922.860668199	0.008004134	2
0 5 0 1 37 f 	2923.050507489	0.010017670	3
0 1 1 1 41 f 	2923.230233732	0.008623440	1
1 0 1 0 5 e 	2924.138168307	0.000200294	4
0 0 1 0 65 e 	2926.435265015	0.007575943	2
1 0 1 0 6 e 	2926.551362372	0.000200627	6
0 4 0 0 63 e 	2926.898225165	0.010447730	1
1 0 1 0 7 e 	2929.366697972	0.000201961	5
2 2 0 0 31 e 	2932.159806312	0.008003993	1
1 0 1 0 8 e 	2932.584207813	0.000201997	5
1 4 0 2 3 e 	2934.810920880	0.013336990	1
3 0 0 0 43 e 	2936.129970777	0.008072242	2
1 0 1 0 9 e 	2936.203917898	0.000202015	5
0 5 0 1 38 e 	2937.686876384	0.010019006	3
1 4 0 0 2 e 	2938.367513308	0.008000067	1
1 4 0 2 5 e 	2938.476162747	0.014007637	1
1 4 0 2 5 f 	2938.476175479	0.014007630	1
0 5 0 1 38 f 	2938.580876834	0.010019670	2
1 4 0 0 3 e 	2939.588138857	0.008000133	1
0 1 1 1 42 e 	2939.808023633	0.008004170	2
0 1 1 1 42 f 	2940.196264445	0.009139670	1
1 0 1 0 10 e 	2940.225838835	0.000202026	4
1 4 0 0 5 e 	2943.249917431	0.008000294	1
1 4 0 2 7 e 	2943.770198530	0.013740786	1
1 4 0 2 7 f 	2943.770211262	0.013740779	1
1 0 1 0 11 e 	2944.649815349	0.000202038	5
1 4 0 0 7 e 	2948.485453767	0.021003997	1
1 0 1 0 12 e 	2949.476005844	0.000202048	5
2 0 0 0 78 e 	2951.732906688	0.002473345	2
1 4 0 0 8 e 	2951.794255735	0.001337785	2
0 0 1 0 66 e 	2953.001178702	0.000466756	1
0 5 0 1 39 e 	2953.585448123	0.010024105	2
3 0 0 0 44 e 	2953.802329899	0.007990640	3
0 5 0 1 39 f 	2954.527966948	0.010023440	2
1 0 1 0 13 e 	2954.704202876	0.000202055	5
1 4 0 0 9 e 	2955.455987745	0.000537933	3
0 1 1 1 43 e 	2957.157818256	0.000059057	3
0 1 1 1 43 f 	2957.564243400	0.000055922	2
2 2 0 0 33 e 	2958.464075592	0.000751419	2
1 4 0 0 10 e 	2959.517706906	0.008002026	2
1 0 1 0 14 e 	2960.334522933	0.000203389	6
1 4 0 0 11 e 	2963.993105788	0.008002038	2
1 0 1 0 15 e 	2966.366916322	0.000203400	6
1 4 0 0 12 e 	2968.876125153	0.008002048	2
1 4 0 2 13 e 	2969.414653381	0.010541451	1
1 4 0 2 13 f 	2969.414984997	0.010541458	1
0 5 0 1 40 e 	2969.885889925	0.010022105	2
0 5 0 1 40 f 	2970.876566720	0.010019670	1
3 0 0 0 45 e 	2971.875140425	0.008072242	1
2 2 0 0 34 e 	2972.222669012	0.008004023	1
1 0 1 0 16 e 	2972.801307514	0.000203414	6
1 4 0 0 13 e 	2974.171994608	0.000672417	3
0 1 1 1 44 e 	2974.911373496	0.008656320	1
0 1 1 1 44 f 	2975.335735075	0.008659656	1
1 0 1 0 17 e 	2979.637854036	0.000084893	5
1 4 0 0 14 e 	2979.862699461	0.008003389	2
0 0 1 0 67 e 	2979.968723192	0.007591287	1
1 4 0 2 15 e 	2981.215749483	0.012008909	1
1 4 0 2 15 f 	2982.029640135	0.010541221	1
2 1 0 1 61 f 	2982.128108210	0.008617083	1
2 0 0 0 79 e 	2983.501953248	0.002311177	2
1 4 0 0 15 e 	2985.966861689	0.008003400	2
2 2 0 0 35 e 	2986.385647409	0.008004008	2
0 5 0 1 41 e 	2986.594565413	0.010020105	2
1 0 1 0 18 e 	2986.876418123	0.000203437	7
0 5 0 1 41 f 	2987.640115503	0.010023440	2
1 4 0 2 16 e 	2987.733466971	0.010675878	1
1 4 0 2 16 f 	2987.733900784	0.010675884	1
3 0 0 0 46 e 	2990.351898866	0.008074244	3
1 4 0 0 16 e 	2992.476692062	0.008003414	2
0 1 1 1 45 e 	2993.066400440	0.008657256	1
0 1 1 1 45 f 	2993.509888024	0.008653920	1
1 3 0 1 53 f 	2994.126155398	0.005543927	1
1 0 1 0 19 e 	2994.516905498	0.000203490	4
1 4 0 2 17 e 	2994.648592414	0.012676038	1
1 4 0 2 17 f 	2994.649150396	0.012676031	1
1 4 0 0 17 e 	2999.392895961	0.008003427	2
2 2 0 0 36 e 	3000.952961410	0.008004023	2
1 0 1 0 20 e 	3002.559440581	0.000203517	6
0 5 0 1 42 e 	3003.710667967	0.010543006	2
0 5 0 1 42 f 	3004.803264445	0.010539670	1
2 1 0 1 62 e 	3006.207593581	0.009755635	1
1 4 0 0 18 e 	3006.718438838	0.008003437	3
0 0 1 0 68 e 	3007.336631248	0.007846797	1
3 0 0 0 47 e 	3009.225750381	0.008117256	4
1 0 1 0 21 e 	3011.003854568	0.000203539	5
0 1 1 1 46 e 	3011.624315858	0.000503756	2
0 1 1 1 46 f 	3012.088497155	0.000500420	1
1 4 0 0 19 e 	3014.450602655	0.001339927	2
2 0 0 0 80 e 	3015.670837326	0.002686826	2
2 2 0 0 37 e 	3015.924551788	0.008004070	1
1 0 1 0 22 e 	3019.850325701	0.000203573	6
0 5 0 1 43 e 	3021.234937215	0.010044242	1
0 5 0 1 43 f 	3022.375697273	0.010047578	1
1 4 0 0 20 e 	3022.581557820	0.008003517	2
3 0 0 0 48 e 	3028.501321660	0.008119257	4
1 0 1 0 23 e 	3029.098496102	0.000203608	6
0 1 1 1 47 e 	3030.585619684	0.008117256	4
0 1 1 1 47 f 	3031.070175595	0.008700592	4
1 4 0 0 21 e 	3031.131873234	0.008003539	1
2 2 0 0 38 e 	3031.300357079	0.008004079	2
2 1 0 1 63 f 	3032.588682390	0.008617310	1
0 0 1 0 69 e 	3035.105730481	0.007924796	1
1 3 0 1 55 f 	3038.429106475	0.006207953	1
1 0 1 0 24 e 	3038.748586630	0.000203647	6
1 4 0 0 22 e 	3040.082648206	0.008003573	1
1 4 0 2 23 f 	3044.570985811	0.012014619	1
1 4 0 2 23 e 	3044.596096917	0.012023541	1
2 2 0 0 39 e 	3047.080336557	0.008004105	1
3 0 0 0 49 e 	3048.178363955	0.008121259	3
2 0 0 0 81 e 	3048.239474383	0.002804852	2
1 0 1 0 25 e 	3048.800689996	0.000203701	6
1 4 0 0 23 e 	3049.440355666	0.001006573	2
0 1 1 1 48 e 	3049.948844041	0.002197256	3
0 1 1 1 48 f 	3050.453636398	0.008766856	3
1 4 0 2 24 e 	3054.374888381	0.012024825	1
1 4 0 2 24 f 	3054.437177717	0.012015173	1
1 4 0 0 24 e 	3059.204393090	0.008003647	1
1 0 1 0 26 e 	3059.254475855	0.000085679	7
0 4 0 0 68 e 	3061.392612619	0.001465981	1
2 2 0 0 40 e 	3063.264563979	0.008004118	2
1 4 0 2 25 f 	3064.517828281	0.011016297	2
1 4 0 2 25 e 	3064.527141842	0.012019541	2
3 0 0 0 50 e 	3068.255772249	0.008203260	2
1 4 0 0 25 e 	3069.375438240	0.008003771	1
0 1 1 1 49 e 	3069.715056299	0.008121259	3
1 0 1 0 27 e 	3070.110097851	0.000005490	6
0 1 1 1 49 f 	3070.240914052	0.009220592	2
1 4 0 2 26 f 	3075.098909090	0.012015247	1
1 4 0 2 26 e 	3075.128934218	0.012021543	1
2 2 0 0 41 e 	3079.853009096	0.000878341	2
1 4 0 0 26 e 	3079.953384197	0.008003834	1
2 0 0 0 82 e 	3081.207775802	0.002696699	2
1 0 1 0 28 e 	3081.367409102	0.000085879	5
1 3 0 1 57 e 	3082.920419512	0.001022623	2
2 1 0 1 65 f 	3084.658005055	0.008697450	1
1 4 0 2 27 f 	3086.087180081	0.012015371	1
1 4 0 2 27 e 	3086.093364255	0.012023541	1
3 0 0 0 51 e 	3088.732480995	0.008205262	2
0 1 1 1 50 e 	3089.883546669	0.008774194	2
0 1 1 1 50 f 	3090.430794994	0.008770859	2
0 2 1 2 3 e 	3091.488256985	0.015810185	1
1 0 1 0 29 e 	3093.026409912	0.000203889	5
0 5 0 1 47 e 	3095.396493335	0.011770192	1
0 2 1 0 0 e 	3095.554410992	0.000122000	1
2 2 0 0 42 e 	3096.845367608	0.008004170	1
1 4 0 2 28 e 	3097.477922698	0.012021543	1
1 4 0 2 28 f 	3097.488134766	0.012018920	1
0 2 1 0 3 e 	3097.982128144	0.008000133	2
0 2 1 0 4 e 	3099.599830720	0.002800294	3
0 2 1 0 5 e 	3101.623637108	0.008000294	2
0 2 1 0 6 e 	3104.051339942	0.008000627	3
1 0 1 0 30 e 	3105.087145587	0.000203915	5
0 2 1 0 7 e 	3106.883659774	0.008002015	1
1 4 0 2 29 e 	3109.286441905	0.012021320	1
1 4 0 2 29 f 	3109.286949706	0.012015371	1
3 0 0 0 52 e 	3109.611315184	0.008283260	3
0 2 1 0 8 e 	3110.120554560	0.008002026	1
0 1 1 1 51 e 	3110.454258082	0.002338790	4
0 1 1 1 51 f 	3111.023135586	0.004341993	3
2 1 0 1 66 f 	3111.296924941	0.000846451	1
0 2 1 0 9 e 	3113.762015764	0.008002038	1
1 4 0 0 29 e 	3114.127657160	0.000673196	2
2 2 0 0 43 e 	3114.241866626	0.008004242	1
2 0 0 0 83 e 	3114.575657603	0.003318541	2
0 5 0 1 48 e 	3114.960540023	0.012737256	1
1 0 1 0 31 e 	3117.549711114	0.000203946	5
0 2 1 0 10 e 	3117.808132970	0.008002048	1
1 4 0 2 30 e 	3121.471934552	0.012021946	1
1 4 0 2 30 f 	3121.496475183	0.012014920	1
0 2 1 0 11 e 	3122.258794723	0.008002055	1
1 4 0 0 30 e 	3126.332505251	0.008003915	1
0 2 1 0 12 e 	3127.113988578	0.008003389	1
1 0 1 0 32 e 	3130.413713673	0.000005603	6
3 0 0 0 53 e 	3130.893236561	0.008489987	2
0 1 1 1 52 e 	3131.428350743	0.009974194	2
0 1 1 1 52 f 	3132.019195042	0.009254862	2
2 2 0 0 44 e 	3132.042420187	0.008074244	1
0 2 1 0 13 e 	3132.373700869	0.008003400	1
1 4 0 2 31 e 	3134.103499456	0.012017986	1
1 4 0 2 31 f 	3134.111871538	0.012018706	1
0 5 0 1 49 e 	3134.924598270	0.011774194	1
2 1 0 1 67 e 	3137.235990869	0.011849561	1
0 2 1 0 14 e 	3138.038017081	0.008003414	1
1 4 0 0 31 e 	3138.944120940	0.008003946	1
1 0 1 0 33 e 	3143.679451429	0.008003993	4
0 2 1 0 15 e 	3144.106821560	0.008003427	1
1 4 0 2 32 e 	3147.102785117	0.012017342	1
1 4 0 2 32 f 	3147.135461725	0.012014920	1
2 0 0 0 84 e 	3148.343034290	0.003116990	3
2 2 0 0 45 e 	3150.247040425	0.008072242	1
0 2 1 0 16 e 	3150.580197657	0.008003437	1
1 4 0 0 32 e 	3151.962565386	0.008003986	1
3 0 0 0 54 e 	3152.570288718	0.008287263	1
0 1 1 1 53 e 	3152.803414702	0.002870959	2
1 0 1 0 34 e 	3157.346469598	0.000005625	4
0 2 1 0 17 e 	3157.458027631	0.008003490	1
0 2 1 0 18 e 	3164.740292763	0.008003517	1
1 4 0 0 33 e 	3165.387970839	0.000406512	2
0 2 1 2 19 e 	3165.952748036	0.010012093	1
0 2 1 2 19 f 	3165.953719745	0.010012153	1
2 2 0 0 46 e 	3168.855533303	0.008074244	2
1 0 1 0 35 e 	3171.415283911	0.008004008	4
0 2 1 0 19 e 	3172.427073234	0.008003539	1
3 0 0 0 55 e 	3174.647996420	0.008587332	1
0 5 0 1 51 e 	3176.076332400	0.012974194	1
1 4 0 0 34 e 	3179.219510313	0.008004001	1
0 0 1 0 74 e 	3179.959946864	0.002239850	2
0 2 1 0 20 e 	3180.518348206	0.008003573	1
0 2 1 2 21 f 	3182.399373120	0.010016020	2
0 2 1 2 21 e 	3182.431188581	0.010024942	2
2 0 0 0 85 e 	3182.509772292	0.003892271	2
1 0 1 0 36 e 	3185.885535017	0.008004023	3
2 2 0 0 47 e 	3187.867965489	0.008117256	2
1 4 0 2 35 f 	3188.644683004	0.010416181	1
0 2 1 0 21 e 	3189.014054029	0.000006974	1
1 4 0 0 35 e 	3193.457943031	0.008004008	1
0 1 1 1 55 e 	3196.762307268	0.010155262	1
0 1 1 1 55 f 	3197.421992590	0.014140592	1
0 2 1 2 23 e 	3200.704664717	0.010035173	1
1 0 1 0 37 e 	3200.756876760	0.008004070	4
0 2 1 0 23 e 	3207.218578090	0.000007048	2
2 2 0 0 48 e 	3207.284264529	0.004117256	4
1 4 0 0 36 e 	3208.103169012	0.008004023	1
1 0 1 0 38 e 	3216.029793101	0.008004079	4
2 0 0 0 86 e 	3217.075820991	0.004124353	2
0 1 1 1 56 e 	3219.343821535	0.011355395	3
3 0 0 0 57 e 	3220.009796420	0.008587332	1
0 1 1 1 56 f 	3220.027868918	0.010054862	3
2 1 0 1 70 f 	3221.867766786	0.019118797	1
1 4 0 0 37 e 	3223.155051788	0.008004070	1
2 2 0 0 49 e 	3227.104481358	0.008121259	2
1 0 1 0 39 e 	3231.703948315	0.000005868	5
0 2 1 0 26 e 	3237.557984197	0.008003834	1
1 4 0 0 38 e 	3238.613653808	0.008004079	1
0 0 1 0 76 e 	3240.704905423	0.004397488	1
0 5 0 1 54 e 	3240.845534898	0.014755262	1
0 1 1 1 57 e 	3242.327710321	0.008955262	1
0 1 1 1 57 f 	3243.036727140	0.013816863	1
3 0 0 0 58 e 	3243.288076197	0.008596005	1
2 2 0 0 50 e 	3247.328413345	0.008123260	1
1 0 1 0 40 e 	3247.779596168	0.008004118	4
0 2 1 0 27 e 	3248.479703935	0.002803834	1
2 3 0 1 4 e 	3249.311051030	0.000399769	1
2 1 0 1 71 f 	3250.515248887	0.019196796	1
2 0 0 0 87 e 	3252.041078642	0.004799565	3
0 2 1 2 28 e 	3253.207628154	0.010023947	1
0 2 1 2 28 f 	3253.213653876	0.010018656	1
1 4 0 0 39 e 	3254.478836557	0.008004105	1
0 2 1 0 28 e 	3259.805905251	0.008003915	1
0 5 0 1 55 e 	3263.253158371	0.014355395	1
1 0 1 0 41 e 	3264.256343872	0.008004134	3
0 1 1 1 58 e 	3265.715511705	0.011355395	1
0 1 1 1 58 f 	3266.448605804	0.013254862	1
2 2 0 0 51 e 	3267.956327269	0.001210913	2
1 4 0 0 40 e 	3270.750699516	0.001340595	2
0 2 1 0 29 e 	3271.536220940	0.008003946	1
0 2 1 2 30 e 	3277.078585193	0.010021012	1
0 2 1 2 30 f 	3277.083799651	0.010017455	1
2 1 0 1 72 e 	3278.731883575	0.011624035	2
2 1 0 1 72 f 	3279.564291999	0.016818072	1
1 0 1 0 42 e 	3281.134381459	0.008004170	2
1 3 0 1 65 e 	3282.255988968	0.709356389	1
0 2 1 0 30 e 	3283.670833282	0.000008414	2
1 3 0 1 65 f 	3284.109442074	0.709285349	1
2 0 0 0 88 e 	3287.405443973	0.004904893	2
1 4 0 0 41 e 	3287.429084602	0.008004134	1
2 2 0 0 52 e 	3288.987645452	0.008203260	1
0 1 1 1 59 e 	3289.505762326	0.010155262	2
0 2 1 2 31 e 	3289.618009834	0.012617342	1
0 1 1 1 59 f 	3290.263593434	0.009016863	1
3 0 0 0 60 e 	3291.052464669	0.001161284	1
0 2 1 0 31 e 	3296.209513626	0.008003946	2
1 0 1 0 43 e 	3298.413718418	0.008004242	3
2 1 0 1 73 e 	3308.147522153	0.016820472	1
2 1 0 1 73 f 	3309.013625449	0.016896071	1
0 2 1 0 32 e 	3309.152497205	0.000009078	2
2 2 0 0 53 e 	3310.422832842	0.008205262	1
0 1 1 1 60 e 	3313.696738857	0.010155395	1
0 1 1 1 60 f 	3314.479073785	0.009016970	1
3 0 0 0 61 e 	3315.529813541	0.008684677	1
1 0 1 0 44 e 	3316.094004940	0.008004320	3
1 4 0 0 43 e 	3322.005727927	0.000378118	2
0 2 1 0 33 e 	3322.499443031	0.008004008	1
2 0 0 0 89 e 	3323.168828620	0.005680174	2
2 2 0 0 54 e 	3332.261277427	0.001052692	3
1 0 1 0 45 e 	3334.175024288	0.000200714	4
0 2 1 0 34 e 	3336.250639662	0.008004001	2
2 1 0 1 74 e 	3337.963681287	0.020090471	1
0 1 1 1 61 e 	3338.288701217	0.001889293	2
2 1 0 1 74 f 	3338.864227236	0.009112024	2
0 1 1 1 61 f 	3339.097060590	0.000750874	2
1 4 0 0 44 e 	3339.903937823	0.008004320	1
0 2 1 0 35 e 	3350.405897409	0.008004008	2
1 0 1 0 46 e 	3352.657576369	0.008074244	3
1 4 0 2 45 f 	3353.419877427	0.010468166	1
2 2 0 0 55 e 	3354.503842746	0.008285262	2
2 0 0 0 90 e 	3359.331136403	0.005918928	2
0 1 1 1 62 e 	3363.283593581	0.010155635	1
0 1 1 1 62 f 	3364.118032863	0.009017183	1
0 2 1 0 36 e 	3364.965211410	0.008004023	2
0 0 1 0 80 e 	3366.996927066	0.002441656	2
2 1 0 1 75 e 	3368.180744628	0.012239850	3
2 1 0 1 75 f 	3369.117487392	0.017349580	1
1 0 1 0 47 e 	3371.540679280	0.000122993	6
0 2 1 2 37 e 	3373.356640872	0.010020540	1
0 2 1 2 37 f 	3373.368645652	0.010017271	1
0 2 1 0 37 e 	3379.928544173	0.008004070	2
0 1 1 1 63 e 	3388.679264496	0.010155728	1
0 1 1 1 63 f 	3389.540782390	0.009017310	1
1 0 1 0 48 e 	3390.824895442	0.008119257	3
0 2 1 0 38 e 	3395.295757079	0.008004079	2
2 0 0 0 91 e 	3395.892329061	0.006747579	2
0 0 1 0 81 e 	3399.569857015	0.003385253	1
2 1 0 1 76 f 	3399.771565071	0.020959656	1
2 2 0 0 57 e 	3400.199161040	0.008289264	2
1 0 1 0 49 e 	3410.510012502	0.008121259	2
0 2 1 0 39 e 	3411.067036557	0.008004105	1
0 1 1 1 64 e 	3414.477376990	0.010155835	1
0 1 1 1 64 f 	3415.366892357	0.009017390	1
2 2 0 0 58 e 	3423.652097824	0.008367263	2
1 1 1 1 1 f 	3424.542806738	0.003678255	1
1 1 1 1 2 e 	3425.347412714	0.002011095	2
1 1 1 1 2 f 	3425.349961178	0.000171088	2
0 2 1 0 40 e 	3427.242160350	0.008004118	1
2 1 0 1 77 e 	3429.816981771	0.021159656	1
1 0 1 0 50 e 	3430.595729398	0.008123260	2
2 1 0 1 77 f 	3430.825678423	0.018003088	1
2 0 0 0 92 e 	3432.852183424	0.006860991	2
1 4 0 0 49 e 	3435.492786304	0.008121259	1
0 1 1 1 65 e 	3440.679059216	0.011049561	1
0 2 1 0 41 e 	3443.821184602	0.008004134	1
2 2 0 0 59 e 	3447.508286684	0.008369264	2
1 1 1 1 11 e 	3450.722401411	0.000286515	2
1 1 1 1 11 f 	3450.755500176	0.000286508	2
1 0 1 0 51 e 	3451.082484541	0.008125262	3
1 4 0 0 50 e 	3455.829252166	0.000561769	2
2 1 0 1 78 e 	3461.236546423	0.018209488	1
0 1 1 1 66 e 	3467.279053461	0.011062904	1
0 1 1 1 66 f 	3468.222908823	0.009097543	2
2 0 0 0 93 e 	3470.210732234	0.008101850	2
2 2 0 0 60 e 	3471.767790455	0.008447583	1
1 0 1 0 52 e 	3471.969672928	0.000284928	4
1 1 1 1 15 f 	3472.529321000	0.000012419	1
1 4 0 0 51 e 	3476.573576412	0.008125262	1
0 2 1 0 43 e 	3478.190666626	0.008004242	1
1 3 0 1 72 f 	3480.421888986	0.010218072	2
1 1 1 1 18 e 	3493.012013296	0.000019238	1
1 1 1 1 18 f 	3493.093252679	0.000012420	1
1 0 1 0 53 e 	3493.257654975	0.008205262	3
0 1 1 1 67 e 	3494.281055511	0.012249561	2
0 1 1 1 67 f 	3495.253291631	0.009110886	1
0 2 1 0 44 e 	3495.981037823	0.008004320	1
2 2 0 0 61 e 	3496.431045324	0.003153424	1
0 0 1 0 84 e 	3499.687607460	0.006185392	1
2 0 0 0 94 e 	3507.967778639	0.008235275	2
0 2 1 0 45 e 	3514.175240425	0.008072242	1
1 4 0 0 53 e 	3519.279828520	0.000857196	1
0 1 1 1 68 e 	3521.681416540	0.010544955	2
0 1 1 1 68 f 	3522.685718531	0.009112887	1
0 2 1 0 46 e 	3532.773020187	0.008074244	1
1 0 1 0 55 e 	3537.035046264	0.008285262	1
1 4 0 0 54 e 	3541.242468148	0.008283260	1
2 0 0 0 95 e 	3546.123256276	0.008588853	1
0 1 1 1 69 e 	3549.489797546	0.013449561	2
0 1 1 1 69 f 	3550.520996212	0.019143287	1
1 1 1 1 25 e 	3555.028143613	0.000185543	2
1 1 1 1 23 f 	3555.182179250	0.000175247	1
1 1 1 1 25 f 	3555.182184275	0.000349045	1
1 0 1 0 56 e 	3559.524640558	0.008287263	2
0 2 1 0 48 e 	3571.207786304	0.202121259	1
0 1 1 1 70 e 	3577.694419631	0.007049561	2
1 0 1 0 57 e 	3582.414561040	0.008289264	2
2 0 0 0 96 e 	3584.677093167	0.010490169	1
1 4 0 0 56 e 	3586.386588718	0.008287263	1
0 0 1 0 87 e 	3603.400571902	0.012779828	1
0 1 1 1 71 e 	3606.303734033	0.014249561	1
0 1 1 1 71 f 	3607.392448887	0.019396796	2
1 4 0 0 57 e 	3609.568039228	0.008289264	1
0 3 1 1 1 e 	3615.750310469	0.000073095	1
0 3 1 1 1 f 	3615.751151153	0.000073088	1
0 3 1 1 2 e 	3616.559939112	0.000073122	1
0 3 1 1 2 f 	3616.562461598	0.000073115	1
0 2 1 2 51 e 	3625.261110332	0.013737256	1
1 0 1 0 59 e 	3629.395282853	0.008369264	1
0 2 1 0 51 e 	3631.815754627	0.008125262	2
0 2 1 0 52 e 	3652.834706800	0.008203260	2
1 0 1 0 60 e 	3653.486003249	0.008371266	1
0 0 1 0 89 e 	3674.539302812	0.013687123	1
1 0 1 0 61 e 	3677.976802706	0.000569067	2
0 2 1 0 54 e 	3696.082688718	0.008287263	1
1 0 1 0 62 e 	3702.867690455	0.008447583	1
0 0 1 0 90 e 	3710.707354340	0.013700465	1
0 2 1 0 55 e 	3718.311592746	0.008285262	2
1 0 1 0 63 e 	3728.158625165	0.008447730	1
0 2 1 0 56 e 	3740.943890558	0.008287263	2
1 0 1 0 64 e 	3753.849452083	0.008447850	1
3 0 0 0 77 e 	3761.561581109	0.010693081	1
0 2 1 0 57 e 	3763.979282853	0.008369264	1
2 4 0 0 2 e 	3764.041183308	0.000100067	1
2 0 1 0 0 e 	3768.495713308	0.200000067	1
2 0 1 0 1 e 	3768.897069429	0.200000000	2
2 0 1 0 2 e 	3769.702263310	0.200000067	3
2 0 1 0 3 e 	3770.922628144	0.200000133	2
2 0 1 0 4 e 	3772.552662626	0.200000627	1
2 4 0 0 7 e 	3774.170755968	0.000101961	1
2 0 1 0 5 e 	3774.548511700	0.200000294	2
2 0 1 0 6 e 	3776.932962627	0.200000627	2
2 0 1 0 7 e 	3779.744965979	0.200001961	3
2 0 1 0 8 e 	3782.975297687	0.200001997	2
2 0 1 0 9 e 	3786.600087769	0.200002015	2
2 0 1 0 10 e 	3790.591704572	0.200002026	3
3 0 0 0 78 e 	3792.831005517	0.010530914	1
2 4 0 0 12 e 	3794.427442970	0.000102048	1
2 0 1 0 11 e 	3795.040155243	0.200002038	2
2 0 1 0 12 e 	3799.869910774	0.200002048	2
2 0 1 0 13 e 	3805.055134740	0.200002055	3
2 0 1 0 14 e 	3810.712302829	0.200003389	2
2 0 1 0 15 e 	3816.738411214	0.200003400	2
2 4 0 0 16 e 	3817.920747081	0.000103414	1
2 0 1 0 16 e 	3823.136427096	0.200003414	3
3 0 0 0 79 e 	3824.498653339	0.011099891	1
2 0 1 0 17 e 	3829.985874595	0.200003427	2
0 2 1 0 60 e 	3835.638127294	0.000848629	1
2 0 1 0 18 e 	3837.221695210	0.200003437	2
2 4 0 0 19 e 	3839.789117631	0.000103490	1
2 0 1 0 19 e 	3844.837107638	0.200003490	2
2 0 1 0 20 e 	3852.893420484	0.200003517	2
2 4 0 0 21 e 	3856.389563234	0.000103539	1
3 0 0 0 80 e 	3856.564701505	0.011011108	1
2 0 1 0 21 e 	3861.347284516	0.200003539	2
2 0 1 0 22 e 	3870.159643104	0.200003573	3
2 0 1 0 23 e 	3879.427405942	0.200003608	2
2 4 0 0 24 e 	3884.319819838	0.000103722	1
2 0 1 0 24 e 	3889.055079851	0.200003647	3
2 0 1 0 25 e 	3899.134416087	0.200003701	1
2 0 1 0 26 e 	3909.604212017	0.200003722	2
2 4 0 0 27 e 	3915.881158240	0.000103771	1
2 0 1 0 27 e 	3920.422048261	0.200003771	3
2 0 1 0 28 e 	3931.725694724	0.200003834	2
1 2 1 2 2 e 	3932.664052764	0.013836857	1
1 2 1 2 3 f 	3933.875509682	0.013710179	1
1 2 1 0 0 e 	3937.427412771	0.000600067	2
1 2 1 0 1 e 	3937.831038642	0.000600133	2
1 2 1 0 2 e 	3938.638413415	0.000600067	2
1 2 1 0 3 e 	3939.849439536	0.000600133	3
1 2 1 0 4 e 	3941.464063263	0.000600627	3
2 0 1 0 29 e 	3943.351780952	0.200003889	3
1 2 1 0 5 e 	3943.482406726	0.000601961	3
1 2 1 0 6 e 	3945.904402029	0.000600627	4
2 4 0 2 30 e 	3948.439145386	0.000203986	1
1 2 1 0 7 e 	3948.730060415	0.000602015	3
2 4 0 0 30 e 	3951.067355251	0.000103915	1
1 2 1 0 8 e 	3951.959355126	0.000602026	3
3 0 0 0 83 e 	3955.154001603	0.011836658	1
2 0 1 0 30 e 	3955.438335319	0.200003915	2
1 2 1 0 9 e 	3955.592287996	0.000602015	4
1 2 1 0 10 e 	3959.641043765	0.200002026	2
1 2 1 0 11 e 	3964.069094723	0.000602055	1
2 0 1 0 31 e 	3967.933763626	0.200003946	2
1 2 1 0 12 e 	3968.912710817	0.000602048	3
2 4 0 2 32 e 	3974.003325386	0.000203986	1
1 2 1 0 13 e 	3974.160097840	0.000602055	3
2 4 0 0 32 e 	3976.534655386	0.000103986	1
1 2 1 0 14 e 	3979.811117129	0.000603414	3
2 0 1 0 32 e 	3980.779385392	0.000103986	2
1 2 1 0 15 e 	3985.865561366	0.000603400	4
2 4 0 2 33 e 	3987.392806312	0.000203993	1
1 6 0 0 1 e 	3990.514638857	0.000600133	1
1 2 1 0 16 e 	3992.323617818	0.000603414	3
2 0 1 0 33 e 	3994.092674671	0.200003993	2
1 6 0 0 4 e 	3994.184374617	0.000600160	1
1 6 0 0 5 e 	3996.223117431	0.000600294	1
1 2 1 0 17 e 	3999.185324911	0.000603427	4
1 6 0 0 7 e 	4001.523732871	0.000601961	2
2 4 0 0 34 e 	4003.606550313	0.000104001	1
1 2 1 0 18 e 	4006.468695210	0.200003437	2
2 0 1 0 34 e 	4007.757090312	0.200004001	2
1 6 0 0 9 e 	4008.455615764	0.000602038	1
1 6 0 0 10 e 	4012.532854560	0.000602026	1
1 2 1 0 19 e 	4014.119100531	0.000603490	4
2 4 0 0 35 e 	4017.743253031	0.000104008	1
2 0 1 0 35 e 	4021.872043031	0.200004008	1
1 2 1 0 20 e 	4022.191270603	0.000603517	4
3 0 0 0 85 e 	4022.869641418	0.013630955	1
1 6 0 0 13 e 	4027.212200869	0.000603400	1
2 4 0 2 36 e 	4029.989033808	0.000204079	1
1 2 1 0 21 e 	4030.666884623	0.000603539	4
1 6 0 0 14 e 	4032.920788578	0.000603389	1
2 0 1 0 36 e 	4036.370661410	0.200004023	2
1 6 0 0 15 e 	4039.036721560	0.000603427	1
1 2 1 0 22 e 	4039.545970771	0.000603573	4
1 6 0 0 16 e 	4045.560757369	0.000603414	2
2 4 0 0 37 e 	4047.216146557	0.000104105	1
1 2 1 0 23 e 	4048.828516346	0.000603701	3
2 0 1 0 37 e 	4051.270361807	0.200004070	3
3 0 0 0 86 e 	4057.320764071	0.014279344	1
1 2 1 0 24 e 	4058.514393436	0.000603647	3
1 6 0 0 18 e 	4059.832697657	0.000603437	1
2 4 0 2 38 e 	4060.408640350	0.000204118	1
2 0 1 0 38 e 	4066.648307079	0.200004079	2
1 6 0 0 19 e 	4067.580400432	0.000603490	2
1 2 1 0 25 e 	4068.603727370	0.000603701	4
1 6 0 0 20 e 	4075.735570484	0.000603517	2
1 2 1 0 26 e 	4079.096440221	0.000603722	3
2 0 1 0 39 e 	4082.354336557	0.200004105	1
1 2 1 0 27 e 	4089.992538415	0.000603771	2
2 4 0 2 40 e 	4092.444217608	0.000204170	1
1 6 0 0 22 e 	4093.269993090	0.000603647	1
2 4 0 0 40 e 	4094.418500350	0.000104118	1
2 0 1 0 40 e 	4098.449920350	0.000104118	1
1 2 1 0 28 e 	4101.291905598	0.000603915	3
0 0 2 0 0 e 	4101.409227205	0.200000067	2
0 0 2 0 1 e 	4101.810095749	0.200000133	4
0 0 2 0 2 e 	4102.611831695	0.200000160	3
1 6 0 0 23 e 	4102.648555942	0.000603608	2
0 0 2 0 3 e 	4103.761121716	0.200000294	2
0 0 2 0 4 e 	4105.395170818	0.000602295	3
0 0 2 0 5 e 	4107.399491621	0.000600294	5
0 0 2 0 6 e 	4109.804664569	0.000600627	5
1 6 0 0 24 e 	4112.435466464	0.000603647	2
0 0 2 0 7 e 	4112.610637270	0.000601961	5
1 2 1 0 29 e 	4112.994449990	0.000603889	3
2 0 1 0 41 e 	4115.026284602	0.200004134	1
0 0 2 0 8 e 	4115.817493595	0.000601997	5
0 0 2 0 9 e 	4119.425188078	0.000602015	4
1 6 0 0 25 e 	4122.629877163	0.000603701	2
0 0 2 0 10 e 	4123.433655062	0.000602026	3
1 2 1 0 30 e 	4125.100335638	0.000603915	4
0 0 2 0 11 e 	4127.842905479	0.000602038	4
2 4 0 0 42 e 	4127.878677608	0.000104170	1
2 0 1 0 42 e 	4131.945177831	0.000104320	2
0 0 2 0 12 e 	4132.653110769	0.000602048	3
1 6 0 0 26 e 	4133.232339838	0.000603722	1
1 2 1 0 31 e 	4137.609521691	0.000603946	3
0 0 2 0 13 e 	4137.863997949	0.000602055	3
0 4 1 0 0 e 	4141.222713308	0.200000067	1
0 4 1 0 1 e 	4141.658111086	0.200000133	2
0 4 1 0 2 e 	4142.400962356	0.200000160	2
0 0 2 0 14 e 	4143.475652966	0.000603389	4
2 4 0 2 43 e 	4143.522736626	0.000204242	1
0 4 1 0 3 e 	4143.667721716	0.200000294	2
1 6 0 0 27 e 	4144.242638240	0.000603771	1
1 2 1 2 32 e 	4144.469810313	0.000604001	1
0 4 1 0 4 e 	4145.317952219	0.200000160	2
0 4 1 0 5 e 	4147.360511700	0.200000294	2
2 0 1 0 43 e 	4149.326666626	0.200004242	1
0 0 2 0 15 e 	4149.488101640	0.000603400	3
0 4 1 0 6 e 	4149.730862698	0.000600627	2
1 2 1 0 32 e 	4150.521965826	0.000603986	3
0 4 1 0 7 e 	4152.570306061	0.000601961	2
0 4 1 0 8 e 	4155.815554637	0.000602026	3
0 0 2 0 16 e 	4155.901217808	0.000603414	3
0 4 1 0 9 e 	4159.466316902	0.000602038	3
0 0 2 0 17 e 	4162.715124770	0.000603427	4
0 4 1 0 10 e 	4163.522694348	0.000602026	4
1 2 1 0 33 e 	4163.837424786	0.000603993	4
2 0 1 0 44 e 	4167.095537823	0.200004320	1
1 6 0 0 29 e 	4167.486949591	0.000603889	1
0 4 1 0 11 e 	4167.984795420	0.000602055	3
0 0 2 0 18 e 	4169.929695705	0.000603437	4
1 2 1 2 34 e 	4171.510769012	0.000604023	1
0 4 1 0 12 e 	4172.852411399	0.000602048	4
0 0 2 0 19 e 	4177.544950946	0.000603490	4
1 2 1 0 34 e 	4177.556139581	0.000604001	4
0 4 1 0 13 e 	4178.125601656	0.000603400	2
2 4 0 2 45 e 	4179.586490425	0.000172242	1
1 6 0 0 30 e 	4179.720965386	0.000603986	1
2 4 0 0 45 e 	4181.056180425	0.000172242	1
0 4 1 0 14 e 	4183.804518517	0.000603414	3
2 0 1 0 45 e 	4185.257694680	0.000217256	2
0 0 2 0 20 e 	4185.560820746	0.000603517	4
1 2 1 2 35 e 	4185.636451788	0.000604070	1
0 4 1 0 15 e 	4189.888922990	0.000603427	3
1 2 1 0 35 e 	4191.677943231	0.000604008	3
1 6 0 0 31 e 	4192.363006312	0.000603993	1
0 0 2 0 21 e 	4193.977384614	0.000603539	4
0 4 1 0 16 e 	4196.378999234	0.000603437	3
0 0 2 0 22 e 	4202.794548392	0.000603573	3
0 4 1 0 17 e 	4203.274629039	0.000603490	3
2 0 1 0 46 e 	4203.879420187	0.200074244	1
1 6 0 0 32 e 	4205.413110313	0.000604001	1
1 2 1 0 36 e 	4206.202811607	0.000604023	4
0 4 1 0 18 e 	4210.575894262	0.000603517	3
0 0 2 0 23 e 	4212.012306384	0.000603608	4
1 2 1 2 37 e 	4215.095236557	0.000604105	1
0 4 1 0 19 e 	4218.282651133	0.000603490	4
1 6 0 0 33 e 	4218.870724671	0.000603993	2
1 2 1 0 37 e 	4221.130794195	0.000604070	4
0 0 2 0 24 e 	4221.630616828	0.000603647	4
0 4 1 0 20 e 	4226.394871092	0.000603517	4
0 0 2 0 25 e 	4231.649527539	0.000603701	4
0 4 1 0 21 e 	4234.912685142	0.000603539	4
1 2 1 0 38 e 	4236.461753925	0.000604079	2
2 4 0 0 48 e 	4237.832966418	0.000219257	1
0 0 2 0 26 e 	4242.068862133	0.000603722	4
2 0 1 0 48 e 	4242.257636429	0.200119257	2
0 4 1 0 22 e 	4243.836071251	0.000603573	4
1 2 1 2 39 e 	4246.165836557	0.000604105	1
0 4 1 2 23 e 	4246.900595797	0.000603608	1
1 6 0 0 35 e 	4247.010147409	0.000604008	2
1 2 1 0 39 e 	4252.195737108	0.000604105	3
0 0 2 0 27 e 	4252.888743984	0.000603771	3
0 4 1 0 23 e 	4253.164956531	0.000603608	4
2 4 0 2 49 e 	4256.501786304	0.000221259	1
1 6 0 0 36 e 	4261.692453808	0.000604079	1
1 2 1 2 40 e 	4262.305160350	0.000604118	1
0 4 1 0 24 e 	4262.899417222	0.000603647	4
0 0 2 0 28 e 	4264.108994991	0.000603834	4
1 2 1 0 40 e 	4268.332564129	0.000604118	4
0 4 1 0 25 e 	4273.039217464	0.000603701	3
0 0 2 0 29 e 	4275.729785448	0.000603889	4
1 6 0 0 37 e 	4276.802436557	0.000604105	1
2 4 0 0 50 e 	4277.709093345	0.000223260	1
2 0 1 0 50 e 	4282.306363353	0.200123260	2
0 4 1 0 26 e 	4283.584562752	0.000603722	4
1 2 1 0 41 e 	4284.872384676	0.000604134	3
0 0 2 0 30 e 	4287.750935732	0.000603915	4
0 4 1 2 27 e 	4288.282049591	0.000603889	1
1 6 0 0 38 e 	4292.278857079	0.000604079	2
0 4 1 0 27 e 	4294.535444596	0.000603771	4
0 4 1 2 28 e 	4299.640594724	0.000603834	2
0 0 2 0 31 e 	4300.172413728	0.000603946	4
1 2 1 0 42 e 	4301.815102864	0.000604170	4
2 0 1 0 51 e 	4302.974376412	0.200125262	1
0 4 1 0 28 e 	4305.891795394	0.000603834	4
0 4 1 2 29 e 	4311.403485265	0.000603889	2
0 0 2 0 32 e 	4312.994288044	0.000603986	4
0 4 1 0 29 e 	4317.653485973	0.000603889	4
1 2 1 0 43 e 	4319.160603658	0.000604242	4
2 4 0 2 52 e 	4319.240595452	0.000303260	1
0 4 1 2 30 e 	4323.572805251	0.000603915	1
2 0 1 0 52 e 	4323.993045452	0.000303260	1
0 0 2 0 33 e 	4326.216374868	0.000603993	4
0 4 1 0 30 e 	4329.820536131	0.000603915	4
0 4 1 2 31 e 	4336.146720940	0.000603946	1
1 2 1 0 44 e 	4336.908929165	0.000604320	3
2 4 0 0 53 e 	4339.648602842	0.000305262	1
0 0 2 0 34 e 	4339.838789859	0.000604001	4
1 6 0 0 41 e 	4341.220066626	0.000604242	1
0 4 1 0 31 e 	4342.393114343	0.000603946	4
1 2 1 2 45 e 	4349.043442549	0.000672242	2
0 4 1 2 32 e 	4349.125787850	0.000603986	2
0 0 2 0 35 e 	4353.861343782	0.000604008	3
1 2 1 0 45 e 	4355.059940907	0.000672242	3
0 4 1 0 32 e 	4355.370988573	0.000603986	4
1 6 0 0 42 e 	4358.349337823	0.000604320	1
2 4 0 2 54 e 	4362.452758148	0.000383260	1
0 4 1 2 33 e 	4362.509906312	0.000603993	1
2 0 1 0 54 e 	4367.316058718	0.000387263	1
1 2 1 2 46 e 	4367.597846418	0.000719257	1
0 0 2 0 36 e 	4368.284211738	0.000604023	4
0 4 1 0 33 e 	4368.754225036	0.000603993	3
1 2 1 0 46 e 	4373.613820508	0.000674244	3
0 4 1 2 34 e 	4376.299310313	0.000604001	1
0 4 1 0 34 e 	4382.542990352	0.000604001	4
0 0 2 0 37 e 	4383.107044318	0.000604070	4
0 4 1 2 35 e 	4390.493243031	0.000604008	1
1 2 1 0 47 e 	4392.570245284	0.000717256	3
1 6 0 0 44 e 	4393.832329005	0.000604320	2
0 4 1 0 35 e 	4396.736898136	0.000604008	4
0 0 2 0 38 e 	4398.330057401	0.000604079	4
2 4 0 0 56 e 	4406.003728718	0.000387263	1
2 4 0 2 56 e 	4407.338208718	0.000387263	1
0 4 1 0 36 e 	4411.336262197	0.000604023	4
1 2 1 0 48 e 	4411.929330163	0.000719257	4
1 6 0 0 45 e 	4412.185044674	0.000717256	1
2 0 1 0 56 e 	4412.273758718	0.000387263	1
0 0 2 0 39 e 	4413.953161031	0.000604105	4
0 4 1 2 37 e 	4420.096551788	0.000604070	1
1 2 1 2 49 e 	4425.677486304	0.000721259	1
0 4 1 0 37 e 	4426.340794915	0.000604070	4
0 0 2 0 40 e 	4429.976314154	0.000604118	4
1 6 0 0 46 e 	4430.946933303	0.000674244	2
1 2 1 0 49 e 	4431.690981607	0.000721259	4
0 4 1 2 38 e 	4435.504953808	0.000604079	1
0 4 1 0 38 e 	4441.750757759	0.000604079	4
0 0 2 0 41 e 	4446.399375916	0.000604134	4
0 4 1 2 39 e 	4451.318436557	0.000604105	1
1 2 1 0 50 e 	4451.855229694	0.000723260	4
1 3 1 1 2 e 	4451.971255385	0.000611095	1
1 3 1 1 3 e 	4453.183374573	0.000609094	1
2 4 0 2 58 e 	4453.873902398	0.000467263	1
1 3 1 1 4 e 	4454.798673338	0.000609762	2
1 3 1 1 5 e 	4456.817686840	0.000605094	2
0 4 1 0 39 e 	4457.565811005	0.000604105	3
2 0 1 0 58 e 	4458.864432398	0.000467263	1
1 3 1 1 6 e 	4459.240891290	0.000609762	1
1 3 1 1 7 e 	4462.067963423	0.000606471	1
1 3 1 1 7 f 	4462.093011000	0.000605087	1
0 0 2 0 42 e 	4463.222453054	0.000604170	4
1 3 1 1 8 f 	4465.331074822	0.000605756	1
0 4 1 2 40 e 	4467.535760350	0.000604118	1
1 3 1 1 9 e 	4468.933563423	0.000606471	1
1 3 1 1 9 f 	4468.973840645	0.000606457	1
1 6 0 0 48 e 	4469.693013345	0.000723260	1
1 2 1 0 51 e 	4472.421954879	0.000725262	4
1 3 1 1 10 e 	4472.971903733	0.000606488	1
1 3 1 1 10 f 	4473.021500026	0.000606475	1
0 4 1 0 40 e 	4473.786214695	0.000604118	4
1 3 1 1 11 e 	4477.414304277	0.000605856	1
1 3 1 1 11 f 	4477.473692084	0.000605842	2
2 4 0 2 59 e 	4477.754560515	0.000547456	1
0 0 2 0 43 e 	4480.445353989	0.000604242	4
1 3 1 1 12 e 	4482.260453919	0.000606632	2
1 3 1 1 12 f 	4482.330564827	0.000606498	2
2 0 1 0 59 e 	4482.771282853	0.000469264	1
0 4 1 2 41 e 	4484.158584602	0.000604134	1
1 2 1 2 52 e 	4487.376656800	0.000803260	2
1 3 1 1 13 e 	4487.510459529	0.000606515	2
1 3 1 1 13 f 	4487.592386065	0.000606508	2
1 6 0 0 49 e 	4489.678486304	0.000721259	1
0 4 1 0 41 e 	4490.411776300	0.000604134	4
1 3 1 1 14 e 	4493.164225629	0.000610632	2
1 3 1 1 14 f 	4493.258592435	0.000606515	2
1 2 1 0 52 e 	4493.391206960	0.000803260	4
0 0 2 0 44 e 	4498.068129368	0.000604320	4
1 3 1 1 15 e 	4499.221687985	0.000609849	2
1 3 1 1 15 f 	4499.329504728	0.000607874	1
2 4 0 0 60 e 	4499.905423249	0.000471266	1
0 4 1 2 42 e 	4501.185667608	0.000604170	1
1 3 1 1 16 e 	4505.682980317	0.000614632	2
1 3 1 1 16 f 	4505.805148865	0.000607285	2
2 0 1 0 60 e 	4507.085653249	0.000471266	1
0 4 1 0 42 e 	4507.442569264	0.000604170	3
1 2 1 2 53 e 	4508.747046264	0.000885262	1
1 6 0 0 50 e 	4510.070829398	0.000723260	2
1 3 1 1 17 e 	4512.547773361	0.000616825	1
1 3 1 1 17 f 	4512.685365762	0.000607874	2
1 2 1 0 53 e 	4514.762689776	0.000805262	4
0 0 2 0 45 e 	4516.090642652	0.000672242	3
0 4 1 2 43 e 	4518.617566626	0.000604242	1
1 3 1 1 18 e 	4519.816537128	0.000617414	2
1 3 1 1 18 f 	4519.970251862	0.000607285	2
0 4 1 0 43 e 	4524.878453947	0.000604242	3
2 4 0 2 61 e 	4526.735200515	0.000547456	1
1 3 1 1 19 e 	4527.488962069	0.000616825	2
1 3 1 1 19 f 	4527.659738339	0.000607897	2
1 2 1 2 54 e 	4530.519568148	0.000883260	1
0 0 2 0 46 e 	4534.553846418	0.200119257	1
1 3 1 1 20 e 	4535.564946841	0.000617437	2
1 3 1 1 20 f 	4535.753685031	0.000614619	1
0 4 1 2 44 e 	4536.453437823	0.000604320	1
1 2 1 0 54 e 	4536.536568797	0.000883260	3
0 4 1 0 44 e 	4542.719529284	0.000604320	3
1 3 1 1 21 e 	4544.044650777	0.000620825	1
2 4 0 0 62 e 	4549.215400455	0.000547583	1
2 4 0 2 62 e 	4551.833472083	0.000647850	1
1 6 0 0 52 e 	4552.079968148	0.000883260	1
1 3 1 1 22 e 	4552.927943999	0.000620771	2
0 0 2 0 47 e 	4553.335065551	0.000717256	3
0 4 1 2 45 e 	4554.693640425	0.000672242	1
2 0 1 0 62 e 	4556.935820455	0.000647583	1
1 2 1 0 55 e 	4558.712843112	0.000885262	4
0 4 1 0 45 e 	4560.965745961	0.000717256	3
1 3 1 1 23 e 	4562.214853020	0.000625543	1
1 3 1 1 23 f 	4562.462808026	0.000615173	1
1 3 1 1 24 e 	4571.905448589	0.000619541	2
1 3 1 1 24 f 	4572.174893361	0.000615208	1
0 0 2 0 48 e 	4572.556730159	0.000719257	3
0 4 1 2 46 e 	4573.338420187	0.000674244	1
1 6 0 0 53 e 	4573.697446264	0.000885262	1
0 4 1 0 46 e 	4579.617033997	0.000674244	4
1 2 1 0 56 e 	4581.291440864	0.000887263	4
1 3 1 1 25 e 	4581.999473382	0.000621543	2
1 3 1 1 25 f 	4582.291402078	0.000615247	2
2 0 1 0 63 e 	4582.471445165	0.000647730	1
0 0 2 0 49 e 	4592.177931423	0.000721259	3
0 4 1 2 47 e 	4592.387244674	0.000717256	1
1 3 1 1 26 e 	4592.497112289	0.000619541	2
1 3 1 1 26 f 	4592.812263997	0.000615371	2
1 6 0 0 54 e 	4595.721468148	0.000883260	1
1 2 1 2 57 e 	4598.248239228	0.000889264	1
0 4 1 0 47 e 	4598.673366198	0.000717256	4
2 4 0 0 64 e 	4600.106732083	0.000547850	1
2 4 0 2 64 e 	4603.242697935	0.000647850	2
1 3 1 1 27 e 	4603.398236007	0.000621543	2
1 2 1 0 57 e 	4604.271939643	0.000889264	3
2 0 1 0 64 e 	4608.413613787	0.000661286	1
0 1 2 1 3 e 	4609.517405869	0.000609094	2
3 0 1 0 1 e 	4610.245214365	0.000186793	1
3 0 1 0 2 e 	4611.044758456	0.000186727	1
0 1 2 1 4 e 	4611.122923338	0.000609762	2
0 4 1 2 48 e 	4611.840546418	0.000719257	1
0 0 2 0 50 e 	4612.198813902	0.000723260	2
0 1 2 1 5 f 	4613.136923157	0.010606421	1
3 0 1 0 4 e 	4613.842830702	0.000187020	1
1 3 1 1 28 e 	4614.702804701	0.000621320	1
1 3 1 1 28 f 	4615.067288058	0.000615371	2
0 4 1 0 48 e 	4618.134780573	0.000719257	4
0 1 2 1 7 e 	4618.348781264	0.000605094	2
3 0 1 0 7 e 	4621.037863812	0.000187354	1
0 1 2 1 9 e 	4625.173363423	0.000606471	1
1 3 1 1 29 e 	4626.410826577	0.000617946	2
1 3 1 1 29 f 	4626.801240693	0.000614920	2
1 2 1 0 58 e 	4627.654998071	0.000967263	4
0 1 2 1 10 e 	4629.183454273	0.000606632	1
0 4 1 2 49 e 	4631.698286304	0.000721259	1
0 0 2 0 51 e 	4632.619154627	0.000725262	2
2 0 1 0 65 e 	4634.762156839	0.000647943	1
0 4 1 0 49 e 	4638.001182046	0.000721259	4
1 3 1 1 30 e 	4638.522304701	0.000621320	1
1 3 1 1 30 f 	4638.939522232	0.000622706	1
3 0 1 0 12 e 	4641.023452508	0.000188781	1
0 1 2 1 13 e 	4643.633877530	0.000609849	1
1 2 1 2 59 e 	4645.408082853	0.000969264	1
1 2 1 0 59 e 	4651.439986841	0.000969264	4
1 3 1 1 31 f 	4651.482073988	0.000614920	2
3 0 1 0 14 e 	4651.815305305	0.000190127	1
2 4 0 0 66 e 	4652.582333787	0.000561286	1
0 0 2 0 52 e 	4653.438856800	0.000803260	2
0 1 2 1 15 e 	4655.278537985	0.000609849	2
2 4 0 2 66 e 	4656.267013787	0.000661286	1
0 4 1 0 50 e 	4658.272530051	0.000723260	4
0 1 2 1 16 e 	4661.698830317	0.000614632	2
1 3 1 1 32 e 	4663.955265912	0.000617986	1
1 3 1 1 32 f 	4664.428991454	0.000622706	2
3 0 1 0 17 e 	4671.000094513	0.000183492	1
0 5 1 1 5 e 	4672.175899106	0.000605094	1
0 5 1 1 6 e 	4674.609292409	0.000605822	1
0 0 2 0 53 e 	4674.658039553	0.000805262	2
1 2 1 0 60 e 	4675.626903705	0.000971266	3
0 1 2 1 18 e 	4675.747037128	0.000617414	2
1 3 1 1 33 e 	4677.276911974	0.000617342	2
0 5 1 1 7 e 	4677.448263423	0.000606471	1
1 3 1 1 33 f 	4677.779927701	0.000618920	2
0 4 1 0 51 e 	4678.948905316	0.000725262	4
0 5 1 1 8 e 	4680.692703733	0.000606488	1
0 1 2 1 19 e 	4683.372750777	0.000620825	1
2 4 0 2 67 e 	4683.384063192	0.000663287	1
0 5 1 1 9 e 	4684.342563423	0.000606471	1
1 6 0 0 58 e 	4687.895492398	0.000967263	1
0 5 1 1 10 e 	4688.397729003	0.000606488	2
1 3 1 1 34 e 	4691.001633538	0.000618023	2
0 1 2 1 20 e 	4691.396682367	0.000620771	1
1 3 1 1 34 f 	4691.535153371	0.000619670	2
0 5 1 1 11 e 	4692.858572903	0.000605856	2
0 4 1 2 52 e 	4693.691945452	0.000803260	1
3 0 1 0 20 e 	4693.781008020	0.000183546	1
1 2 1 2 61 e 	4694.175125165	0.001047730	1
0 0 2 0 54 e 	4696.276468148	0.000883260	1
0 5 1 1 12 e 	4697.724903919	0.000606632	2
0 1 2 1 21 e 	4699.828661562	0.000620825	2
0 4 1 0 52 e 	4700.030107447	0.000803260	4
1 2 1 0 61 e 	4700.215925315	0.001047730	3
0 5 1 1 13 e 	4702.996541529	0.000606515	1
1 3 1 1 35 e 	4705.129674433	0.000618008	2
1 3 1 1 35 f 	4705.694550039	0.000624678	1
2 4 0 0 68 e 	4706.644021248	0.000818797	1
0 1 2 1 22 e 	4708.660582367	0.000620771	1
0 5 1 1 14 e 	4708.673953565	0.000610632	1
2 4 0 2 68 e 	4710.904202401	0.000665289	1
3 0 1 0 22 e 	4710.966007810	0.000537026	1
0 4 1 2 53 e 	4715.164932842	0.000805262	1
2 0 1 0 68 e 	4716.245092401	0.000865289	1
0 1 2 1 23 e 	4717.888962684	0.000624825	2
0 0 2 0 55 e 	4718.294246264	0.000885262	1
1 2 1 2 62 e 	4719.159490455	0.001047583	1
1 3 1 1 36 e 	4719.661021100	0.000619006	1
1 3 1 1 36 f 	4720.257884810	0.000615670	1
0 5 1 1 16 e 	4721.245162941	0.000617414	1
0 4 1 0 53 e 	4721.516234503	0.000805262	3
1 2 1 0 62 e 	4725.228071269	0.200447583	2
0 1 2 1 24 e 	4727.520648589	0.000619541	2
0 5 1 1 17 e 	4728.138573361	0.000616825	1
1 3 1 1 37 e 	4734.595441506	0.000624105	1
1 3 1 1 37 f 	4735.225375101	0.000624678	2
0 5 1 1 18 e 	4735.437537128	0.000617414	2
0 4 1 2 54 e 	4737.041568148	0.000883260	1
0 1 2 1 25 e 	4737.554623382	0.000621543	2
3 0 1 0 25 e 	4739.738869301	0.000183703	1
0 0 2 0 56 e 	4740.711340558	0.000887263	2
0 5 1 1 19 e 	4743.141912069	0.000616825	2
0 4 1 0 54 e 	4743.407178879	0.000883260	3
1 2 1 2 63 e 	4744.545825165	0.001047730	1
0 1 2 1 26 e 	4747.990591547	0.000619541	1
1 3 1 1 38 e 	4749.932956420	0.000619006	2
1 3 1 1 38 f 	4750.596984810	0.000615670	1
1 2 1 0 63 e 	4750.599525867	0.001047730	3
0 5 1 1 20 e 	4751.251796841	0.000617437	2
0 1 2 1 27 e 	4758.822486007	0.000621543	2
0 1 2 1 27 f 	4758.992284906	0.000619247	1
0 4 1 2 55 e 	4759.321646264	0.000885262	1
0 5 1 1 21 e 	4759.766961562	0.000620825	2
2 4 0 0 70 e 	4762.292761153	0.001312472	1
0 0 2 0 57 e 	4763.527411040	0.000889264	2
0 4 1 0 55 e 	4765.702943068	0.000885262	3
0 5 1 1 22 e 	4768.687543999	0.000620771	2
0 1 2 1 28 e 	4770.058918866	0.000621320	2
0 1 2 1 28 f 	4770.240770416	0.000615371	1
3 0 1 0 28 e 	4772.106297435	0.000183944	1
2 2 1 0 1 e 	4773.563569429	0.400000000	2
2 2 1 0 2 e 	4774.426918125	0.000686727	3
2 2 1 0 3 e 	4775.617138857	0.200000133	1
1 2 1 0 64 e 	4776.394033129	0.001047850	4
2 2 1 0 4 e 	4777.246229870	0.000687020	3
0 5 1 1 23 e 	4778.013572347	0.000624825	1
2 2 1 0 5 e 	4779.259731235	0.000686887	3
2 2 1 0 6 e 	4781.676278302	0.000688354	3
0 1 2 1 29 e 	4781.696376577	0.000617946	2
0 1 2 1 29 f 	4781.890687487	0.000618920	1
0 4 1 2 56 e 	4782.004588718	0.000887263	1
1 3 1 1 40 f 	4782.551766720	0.000619670	1
2 2 1 0 7 e 	4784.495516499	0.000688724	3
0 0 2 0 58 e 	4786.742747824	0.000967263	2
2 2 1 0 8 e 	4787.678297687	0.200001997	2
0 5 1 1 24 e 	4787.744691547	0.000619541	1
0 4 1 0 56 e 	4788.403589558	0.000887263	2
2 2 1 0 9 e 	4791.289587769	0.200002015	2
0 1 2 1 30 f 	4793.943293899	0.010614920	1
2 2 1 0 10 e 	4795.331543765	0.200002026	2
3 0 1 0 30 e 	4795.681091816	0.000184001	1
1 2 1 2 65 e 	4796.521855015	0.001047943	2
0 5 1 1 25 e 	4797.881293743	0.000621543	1
1 3 1 1 41 e 	4798.364237215	0.000644242	1
1 3 1 1 41 f 	4799.135115503	0.000623440	2
2 2 1 0 11 e 	4799.779155243	0.200002038	2
1 2 1 0 65 e 	4802.590405015	0.001047943	2
2 2 1 0 12 e 	4804.631485009	0.000688765	3
0 1 2 1 31 e 	4806.176354536	0.000617342	2
0 1 2 1 31 f 	4806.394793899	0.000614920	1
0 5 1 1 26 e 	4808.423012289	0.000619541	2
2 2 1 0 13 e 	4809.826297796	0.200002055	2
0 0 2 0 59 e 	4810.356982853	0.000969264	1
0 4 1 0 57 e 	4811.508939763	0.000889264	2
1 3 1 1 42 e 	4815.313988377	0.001143006	1
2 2 1 0 14 e 	4815.470802829	0.200003389	2
1 3 1 1 42 f 	4816.122199760	0.000659656	2
0 1 2 1 32 e 	4819.011158663	0.000621986	1
0 1 2 1 32 f 	4819.248922232	0.000622706	1
0 5 1 1 27 e 	4819.369993743	0.000621543	1
2 4 0 0 72 e 	4819.529171153	0.001312472	1
3 0 1 0 32 e 	4820.852711816	0.000184001	1
2 2 1 0 15 e 	4821.544937150	0.000683469	3
1 2 1 2 66 e 	4823.111313787	0.001061286	1
2 2 1 0 16 e 	4827.988032440	0.000683482	3
0 4 1 2 58 e 	4828.582592398	0.000967263	1
1 2 1 0 66 e 	4829.188322583	0.001065289	2
0 5 1 1 28 e 	4830.722268866	0.000621320	2
0 1 2 1 33 e 	4832.252589758	0.000618008	1
0 1 2 1 33 f 	4832.504054077	0.000618920	1
1 3 1 1 43 e 	4832.666618828	0.000644242	2
1 3 1 1 43 f 	4833.513142648	0.000647578	2
0 0 2 0 60 e 	4834.370190455	0.001047583	1
2 2 1 0 17 e 	4834.833664049	0.000683492	3
0 4 1 0 58 e 	4835.065092398	0.200367263	1
2 2 1 0 18 e 	4842.054695210	0.200003437	2
0 5 1 1 29 e 	4842.479726577	0.000617946	2
3 0 1 0 34 e 	4847.621009850	0.000184049	1
2 4 0 0 73 e 	4848.742839392	0.001743980	1
2 2 1 0 19 e 	4849.732963957	0.000683492	3
1 2 1 2 67 e 	4850.102216826	0.001143287	1
1 3 1 1 44 e 	4850.422276644	0.000656320	2
1 3 1 1 44 f 	4851.308035075	0.000659656	1
0 4 1 2 59 e 	4852.475082853	0.000969264	1
0 5 1 1 30 e 	4854.642285306	0.000617986	2
1 2 1 0 67 e 	4856.187940009	0.001063287	2
2 2 1 0 20 e 	4857.786546881	0.001037026	3
0 0 2 0 61 e 	4858.782390515	0.001047456	1
0 4 1 0 59 e 	4858.933782853	0.000969264	1
0 1 2 1 35 e 	4859.941489758	0.000618008	1
0 1 2 1 35 f 	4860.218501326	0.000622255	1
2 2 1 0 21 e 	4866.242265726	0.001036992	3
1 3 1 1 45 e 	4868.580675952	0.000697256	1
0 1 2 1 36 f 	4874.677446066	0.000619670	1
2 2 1 0 22 e 	4875.100747385	0.001037026	3
0 4 1 2 60 e 	4876.773203249	0.000971266	1
0 5 1 1 32 e 	4880.182962287	0.000617986	2
0 4 1 0 60 e 	4883.253246852	0.000971266	2
1 2 1 0 68 e 	4883.589222410	0.001065289	2
0 0 2 0 62 e 	4883.593290455	0.001047583	1
2 2 1 0 23 e 	4884.301405942	0.200003608	2
1 3 1 1 46 e 	4887.141879792	0.000664320	1
1 3 1 1 46 f 	4888.108338676	0.000667656	2
0 1 2 1 37 e 	4889.228341506	0.000624105	1
0 1 2 1 37 f 	4889.537650039	0.000624678	1
0 5 1 1 33 e 	4893.560911974	0.000617342	2
2 2 1 0 24 e 	4894.025153588	0.000683663	4
2 2 1 0 25 e 	4904.090858264	0.000683889	3
0 1 2 1 38 e 	4904.471306420	0.000619006	2
0 1 2 1 38 f 	4904.798884810	0.000615670	1
3 0 1 0 38 e 	4905.946303023	0.000177489	1
1 3 1 1 47 e 	4906.105958407	0.000697256	2
1 3 1 1 47 f 	4907.113976065	0.000700592	1
0 5 1 1 34 e 	4907.343933538	0.000618023	2
0 4 1 0 61 e 	4907.976990977	0.001047456	2
0 0 2 0 63 e 	4908.803025165	0.001047730	1
1 2 1 0 69 e 	4911.391917079	0.001143287	2
2 2 1 0 26 e 	4914.558884897	0.000683827	3
0 1 2 1 39 e 	4920.118541506	0.000624105	1
0 1 2 1 39 f 	4920.461200163	0.000627440	1
2 2 1 0 27 e 	4925.429858486	0.000683889	3
1 3 1 1 48 e 	4925.472588655	0.000774194	1
1 3 1 1 48 f 	4926.523213917	0.000770859	1
0 4 1 2 62 e 	4926.575590455	0.001047583	1
0 4 1 0 62 e 	4933.105390455	0.001047583	1
0 0 2 0 64 e 	4934.411532935	0.001047850	2
0 5 1 1 36 e 	4936.125208414	0.000618023	1
0 1 2 1 40 e 	4936.161990059	0.000623006	2
2 2 1 0 28 e 	4936.663694724	0.200003834	2
3 0 1 0 40 e 	4937.502656232	0.000557637	1
2 4 0 0 76 e 	4938.765872153	0.002159656	1
1 2 1 0 70 e 	4939.596101215	0.001318797	3
1 3 1 1 49 e 	4945.242065332	0.001737256	1
2 2 1 0 29 e 	4948.340135265	0.200003889	2
0 5 1 1 37 e 	4951.123400307	0.000621342	2
0 4 1 2 63 e 	4952.081625165	0.001047730	1
0 1 2 1 41 e 	4952.608427666	0.000620105	2
0 1 2 1 41 f 	4952.988833732	0.000623440	1
1 0 2 0 0 e 	4953.879118336	0.000686727	2
1 0 2 0 1 e 	4954.278957108	0.000800000	3
1 0 2 0 2 e 	4955.114993963	0.200000067	2
1 0 2 0 3 e 	4956.279481661	0.000800133	4
1 0 2 0 4 e 	4957.879560768	0.000800160	4
0 4 1 0 63 e 	4958.638325165	0.001047730	1
1 0 2 0 5 e 	4959.879616602	0.000687354	5
0 0 2 0 65 e 	4960.418546839	0.001047943	1
2 2 1 0 30 e 	4960.426835319	0.200003915	2
1 0 2 0 6 e 	4962.279744088	0.000800627	4
1 0 2 0 7 e 	4965.079844699	0.000801961	3
1 3 1 1 50 e 	4965.413972130	0.001974194	1
0 5 1 1 38 e 	4966.526406420	0.000619006	2
1 2 1 0 71 e 	4968.201640697	0.001396796	2
1 0 2 0 8 e 	4968.279979555	0.000688741	5
2 4 0 0 77 e 	4969.567557995	0.002264340	1
3 0 1 0 42 e 	4970.654396232	0.000557637	1
1 4 1 0 1 e 	4970.834522857	0.000800133	1
1 4 1 0 2 e 	4971.643247193	0.000601628	2
1 0 2 0 9 e 	4971.879995482	0.000802015	4
1 4 1 0 3 e 	4972.856505363	0.000686887	3
2 2 1 0 31 e 	4972.935424379	0.000684041	3
1 4 1 0 4 e 	4974.474907189	0.000687020	3
1 0 2 0 10 e 	4975.880144320	0.000688765	5
1 4 1 0 5 e 	4976.496863505	0.000686887	2
1 4 1 0 6 e 	4978.924019685	0.000688354	2
1 4 1 2 8 e 	4979.004543127	0.010605849	1
1 0 2 0 11 e 	4980.280170100	0.000688753	5
1 4 1 0 7 e 	4981.755674437	0.000688724	2
0 5 1 1 39 e 	4982.334618117	0.000620105	1
1 4 1 2 9 e 	4982.649330704	0.010606481	1
0 4 1 0 64 e 	4984.575552913	0.001047850	2
1 4 1 0 8 e 	4984.991454525	0.000688741	3
1 0 2 0 12 e 	4985.079987142	0.000688781	5
2 2 1 0 32 e 	4985.817472071	0.000684049	3
1 3 1 1 51 e 	4985.988608782	0.002937256	1
1 4 1 2 10 e 	4986.699168608	0.010605849	1
0 1 2 1 43 e 	4986.705037215	0.000644242	1
0 0 2 0 66 e 	4986.824313787	0.001061286	1
0 1 2 1 43 f 	4987.120097273	0.000647578	1
1 4 1 0 9 e 	4988.631960662	0.000688753	3
1 0 2 0 13 e 	4990.279825890	0.000802055	3
1 4 1 2 11 e 	4991.153342549	0.010606505	1
1 4 1 0 10 e 	4992.676698240	0.000688765	3
1 0 2 0 14 e 	4995.879708941	0.000688781	5
1 4 1 2 12 e 	4996.011237493	0.010606515	1
1 4 1 0 11 e 	4997.126053941	0.000604048	3
0 5 1 1 40 e 	4998.547090058	0.000623006	2
2 2 1 0 33 e 	4999.218174671	0.200003993	2
1 0 2 0 15 e 	5001.879297963	0.000689782	5
1 4 1 0 12 e 	5001.980042988	0.000604055	3
0 1 2 1 44 e 	5004.352773496	0.000656320	1
0 1 2 1 44 f 	5004.787035075	0.000659656	1
1 3 1 1 52 e 	5006.965472130	0.001974194	1
1 4 1 0 13 e 	5007.238174234	0.000689782	2
1 3 1 1 52 f 	5008.194924046	0.000854862	2
1 0 2 0 16 e 	5008.278640928	0.000690127	5
0 4 1 0 65 e 	5010.917447644	0.001047943	2
2 2 1 0 34 e 	5012.788458829	0.000677392	4
1 4 1 0 14 e 	5012.901141323	0.000690127	2
0 0 2 0 67 e 	5013.628490009	0.001063287	2
1 0 2 0 17 e 	5015.077848357	0.000683492	5
0 5 1 1 41 e 	5015.164777666	0.000620105	2
1 4 1 0 15 e 	5018.968698086	0.000683469	2
1 0 2 0 18 e 	5022.276984813	0.000803437	4
0 1 2 1 45 e 	5022.400919900	0.000657256	2
3 0 1 0 45 e 	5023.372639996	0.000317256	2
1 4 1 0 16 e 	5025.440398654	0.000604825	3
1 4 1 2 17 e 	5026.375238464	0.010607291	1
1 2 1 0 73 e 	5026.616448447	0.001890471	1
2 2 1 0 35 e 	5026.877222061	0.000684057	3
1 3 1 1 53 e 	5028.345158025	0.002155262	2
1 3 1 1 53 f 	5029.621110906	0.004940592	2
1 0 2 0 19 e 	5029.875749532	0.000803490	5
1 4 1 0 17 e 	5032.316874454	0.000605414	3
2 4 0 0 79 e 	5032.361967995	0.002264340	1
1 4 1 2 18 e 	5033.663446496	0.010607880	2
0 4 1 0 66 e 	5037.663313787	0.001061286	1
1 0 2 0 20 e 	5037.874332214	0.000803517	4
1 4 1 0 18 e 	5039.597704289	0.000683546	2
0 0 2 0 68 e 	5040.831151825	0.001065289	2
0 1 2 1 46 e 	5040.847677147	0.000664320	2
0 1 2 1 46 f 	5041.325475595	0.010700592	1
1 4 1 2 19 e 	5041.359089719	0.010610626	1
2 2 1 0 36 e 	5041.367950646	0.000677392	4
3 0 1 0 46 e 	5041.742603814	0.002317256	1
1 0 2 0 21 e 	5046.272363137	0.000683629	6
1 4 1 0 19 e 	5047.283016817	0.000605437	3
1 4 1 2 20 e 	5049.356954100	0.010624825	1
1 3 1 1 54 e 	5050.126954861	0.003174194	2
1 3 1 1 54 f 	5051.450626854	0.000854862	2
1 0 2 0 22 e 	5055.070350564	0.000683663	6
1 4 1 0 20 e 	5055.372802217	0.000605490	3
2 2 1 0 37 e 	5056.260886796	0.000677408	4
0 1 2 1 47 e 	5059.698075873	0.000197256	2
0 1 2 1 47 f 	5060.192376065	0.000700592	1
3 0 1 0 47 e 	5060.511326304	0.000321259	1
1 4 1 0 21 e 	5063.866972713	0.000605517	2
1 0 2 0 23 e 	5064.267665402	0.000803608	4
2 4 0 0 80 e 	5064.354613426	0.002639988	1
0 4 1 0 67 e 	5064.813863192	0.001063287	1
1 4 1 2 22 e 	5066.763821241	0.010624825	2
0 5 1 1 44 e 	5067.446776644	0.000656320	2
0 0 2 0 69 e 	5068.432178653	0.001143287	2
2 2 1 0 38 e 	5071.555695023	0.000677518	3
1 4 1 0 22 e 	5072.765829135	0.000605608	2
1 3 1 1 55 f 	5073.683527140	0.005816863	1
1 0 2 0 24 e 	5073.864958231	0.000683663	4
1 4 1 2 23 e 	5076.063296917	0.010623541	1
0 1 2 1 48 e 	5078.944588655	0.000774194	1
3 0 1 0 48 e 	5079.678353814	0.002317256	1
1 2 1 2 75 e 	5080.447905423	0.002397488	1
1 4 1 0 23 e 	5082.069003797	0.000803608	1
1 0 2 0 25 e 	5083.861638738	0.000683889	5
0 5 1 1 45 e 	5085.683388196	0.000657256	2
1 2 1 0 75 e 	5086.636005423	0.002397488	1
2 2 1 0 39 e 	5087.343310580	0.200004105	2
1 4 1 0 24 e 	5091.776684333	0.000605106	2
0 4 1 0 68 e 	5092.368522401	0.001065289	1
1 0 2 0 26 e 	5094.257816020	0.000683827	5
1 3 1 1 56 e 	5094.897511705	0.003355395	1
1 3 1 1 56 f 	5096.319041810	0.002054862	1
0 0 2 0 70 e 	5096.431451200	0.001318797	2
2 4 0 0 81 e 	5096.744581708	0.003251689	1
0 1 2 1 49 e 	5098.595968874	0.001217256	3
0 1 2 1 49 f 	5099.132539005	0.001220592	1
3 0 1 0 49 e 	5099.244023964	0.000325262	2
1 4 1 0 25 e 	5101.888797684	0.000605647	3
2 2 1 0 40 e 	5103.435713979	0.200004118	2
0 5 1 1 46 e 	5104.324927147	0.000664320	2
1 0 2 0 27 e 	5105.053453629	0.000683889	5
1 4 1 2 26 e 	5106.434334218	0.010621543	1
1 4 1 0 26 e 	5112.405413598	0.000605771	3
0 4 1 2 69 e 	5113.574916826	0.001143287	1
1 0 2 0 28 e 	5116.248705061	0.000683944	5
1 2 1 0 76 e 	5117.247452153	0.002559656	1
0 2 2 2 4 e 	5117.567056985	0.013810185	3
1 3 1 1 57 e 	5117.886610321	0.000955262	1
0 1 2 1 50 e 	5118.643730393	0.000774194	2
0 1 2 1 50 f 	5119.203513917	0.000770859	1
3 0 1 0 50 e 	5119.208135452	0.000403260	1
1 3 1 1 57 f 	5119.358193434	0.001016863	1
2 2 1 0 41 e 	5119.852608559	0.000677554	4
0 4 1 0 69 e 	5120.327416826	0.001143287	1
0 2 2 0 0 e 	5120.983578662	0.000800067	2
0 2 2 0 1 e 	5121.385515546	0.000800000	2
0 2 2 2 6 e 	5121.995999221	0.013805849	1
0 2 2 0 2 e 	5122.190132647	0.000602000	4
1 4 1 0 27 e 	5123.326488570	0.000683889	2
0 5 1 1 47 e 	5123.371158407	0.000697256	2
0 2 2 0 3 e 	5123.396896088	0.000800133	4
0 2 2 2 7 e 	5124.809618895	0.010605822	1
0 0 2 0 71 e 	5124.828994464	0.001396796	2
0 2 2 0 4 e 	5125.006213602	0.000800160	4
0 2 2 0 5 e 	5127.017644733	0.000800294	5
1 0 2 0 29 e 	5127.843177769	0.000683970	3
0 2 2 2 8 e 	5128.028843127	0.010605849	1
0 2 2 0 6 e 	5129.431391141	0.000800627	4
2 4 0 0 82 e 	5129.532142306	0.003236796	1
0 2 2 2 9 e 	5131.650518895	0.010605822	1
0 2 2 0 7 e 	5132.247520014	0.000801961	4
1 4 1 0 28 e 	5134.652124088	0.000605771	3
0 2 2 0 8 e 	5135.465870768	0.000604015	5
2 2 1 0 42 e 	5136.755318478	0.001057637	3
0 2 2 0 9 e 	5139.086664079	0.000603997	5
0 1 2 1 51 e 	5139.094529633	0.001737256	3
3 0 1 0 51 e 	5139.570542842	0.000405262	1
0 1 2 1 51 f 	5139.674939131	0.001740592	1
1 0 2 0 30 e 	5139.836984984	0.000683944	4
0 2 2 2 11 e 	5140.100886627	0.010606481	2
1 4 1 2 29 e 	5140.407699456	0.010617986	1
1 3 1 1 58 e 	5141.278075281	0.002155395	2
1 3 1 1 58 f 	5142.800005804	0.005254862	1
0 5 1 1 48 e 	5142.821831578	0.000770192	2
0 2 2 0 10 e 	5143.109732594	0.000802026	4
0 2 2 2 12 e 	5144.929703051	0.010605849	2
1 4 1 0 29 e 	5146.382138566	0.000683970	2
0 2 2 0 11 e 	5147.534601497	0.000603382	6
0 4 1 0 70 e 	5148.690351200	0.001318797	2
0 2 2 2 13 e 	5150.160738122	0.010607515	1
1 0 2 0 31 e 	5152.230322671	0.000684041	3
0 2 2 0 12 e 	5152.362032406	0.000604038	6
1 4 1 2 30 e 	5152.531634552	0.010621946	1
0 0 2 0 72 e 	5153.624633453	0.001812472	2
2 2 1 0 43 e 	5154.059831704	0.001057601	3
0 2 2 2 14 e 	5155.794126200	0.010608516	1
0 2 2 0 13 e 	5157.591713420	0.000604048	5
1 4 1 0 30 e 	5158.516572236	0.000605889	3
0 1 2 1 52 e 	5159.943713752	0.001974194	2
3 0 1 0 52 e 	5160.331233597	0.000411988	2
0 1 2 1 52 f 	5160.546836194	0.002054862	1
0 5 1 1 49 e 	5162.677003097	0.001217256	2
2 4 0 0 83 e 	5162.721297460	0.003985392	1
0 2 2 0 14 e 	5163.223336840	0.000803414	3
1 0 2 0 32 e 	5165.022712323	0.000684001	3
1 3 1 1 59 e 	5165.072130385	0.002155528	1
1 4 1 2 31 f 	5165.101234327	0.010622706	1
0 2 2 2 16 e 	5168.260619804	0.010607880	1
0 2 2 0 15 e 	5169.257484723	0.000605055	5
1 4 1 0 31 e 	5171.055464371	0.000605320	3
2 2 1 0 44 e 	5171.766353716	0.000790640	3
1 2 1 2 78 e 	5173.430621352	0.002826507	1
0 2 2 2 17 e 	5175.102202679	0.010607291	2
0 2 2 0 16 e 	5175.693688755	0.000803414	4
0 4 1 0 71 e 	5177.457440481	0.001396796	1
1 4 1 2 32 e 	5178.028685117	0.010617342	1
1 0 2 0 33 e 	5178.214522495	0.000684041	3
1 2 1 0 78 e 	5179.672721352	0.002826507	1
0 1 2 1 53 e 	5181.192982953	0.002155262	3
3 0 1 0 53 e 	5181.490300812	0.000485262	2
0 1 2 1 53 f 	5181.818929222	0.004940592	1
0 2 2 2 18 e 	5182.343473189	0.010607904	1
0 2 2 0 17 e 	5182.531986499	0.000803490	3
0 0 2 0 73 e 	5182.818393920	0.001890471	2
0 5 1 1 50 e 	5182.936688655	0.000774194	1
1 4 1 0 32 e 	5183.998700277	0.000605342	2
0 2 2 0 18 e 	5189.772546272	0.000803517	3
2 2 1 0 45 e 	5189.874746308	0.001117256	3
1 3 1 1 60 f 	5190.892532863	0.001017183	1
1 4 1 2 33 e 	5191.401371982	0.010617986	1
1 4 1 2 33 f 	5191.412432897	0.010622706	2
1 0 2 0 34 e 	5191.805558225	0.000677392	4
2 4 0 0 84 e 	5196.267026489	0.004184118	1
1 4 1 0 33 e 	5197.346544121	0.000605986	2
0 2 2 0 19 e 	5197.415274411	0.000803539	3
0 2 2 2 20 e 	5198.035173189	0.010607904	1
0 6 1 0 5 e 	5202.111654946	0.000602160	2
0 1 2 1 54 e 	5202.841960688	0.003174194	2
3 0 1 0 54 e 	5203.047697073	0.000487263	2
0 1 2 1 54 f 	5203.491511898	0.000854862	1
0 5 1 1 51 e 	5203.601037057	0.001737256	2
0 6 1 0 6 e 	5204.551618626	0.000800627	1
1 4 1 2 34 e 	5205.142245613	0.010618008	1
1 4 1 2 34 f 	5205.174205573	0.010618920	1
0 2 2 0 20 e 	5205.460330572	0.000605490	4
1 0 2 0 35 e 	5205.808097409	0.200004008	2
0 4 1 0 72 e 	5206.628321153	0.001812472	1
0 6 1 0 7 e 	5207.397365040	0.000602627	1
2 2 1 0 46 e 	5208.505633303	0.200074244	2
0 6 1 0 8 e 	5210.650395511	0.000604015	1
1 4 1 0 34 e 	5211.098697968	0.000606008	2
0 0 2 0 74 e 	5212.410148953	0.002306147	2
1 3 1 1 61 e 	5213.864564496	0.002155728	1
0 2 2 0 21 e 	5213.968284516	0.200003539	2
0 6 1 0 9 e 	5214.308390826	0.000603382	2
0 2 2 2 22 f 	5215.193573120	0.012016020	1
0 2 2 2 22 e 	5215.236037538	0.010624825	3
1 3 1 1 61 f 	5215.543008210	0.001017083	1
1 4 1 2 35 e 	5219.319685738	0.010618023	2
1 4 1 2 35 f 	5219.341131468	0.010623670	1
1 0 2 0 36 e 	5220.184952946	0.000677489	3
0 2 2 0 22 e 	5222.756251567	0.000605539	5
0 2 2 2 23 e 	5224.465795010	0.010619541	1
0 5 1 1 52 e 	5224.669866409	0.001974194	2
0 1 2 1 55 e 	5224.890408455	0.000955262	3
3 0 1 0 55 e 	5225.003290055	0.000576658	2
1 4 1 0 35 e 	5225.255597740	0.000606001	2
0 1 2 1 55 f 	5225.564392590	0.006140592	1
2 2 1 0 47 e 	5227.406115489	0.200117256	2
0 4 1 2 73 e 	5229.284348447	0.001890471	1
2 4 0 0 85 e 	5230.259234525	0.004599150	1
0 2 2 0 23 e 	5232.007269962	0.000605647	4
0 6 1 0 13 e 	5233.009813613	0.000604048	1
1 4 1 2 36 e 	5233.871769370	0.010618008	2
1 4 1 2 36 f 	5233.912915374	0.011827440	1
0 2 2 2 24 e 	5234.144161299	0.010621543	2
1 0 2 0 37 e 	5234.973235678	0.000677408	4
0 6 1 0 14 e 	5238.701465975	0.000604055	2
1 3 1 1 62 e 	5238.863585285	0.002155635	2
1 4 1 0 36 e 	5239.816550212	0.000606008	1
1 3 1 1 62 f 	5240.596332863	0.001017183	1
0 2 2 0 24 e 	5241.660475210	0.000605106	5
0 0 2 0 75 e 	5242.399905423	0.002397488	2
1 2 1 0 80 e 	5243.701513426	0.003039988	1
0 2 2 2 25 e 	5244.178429632	0.010619541	2
0 6 1 0 15 e 	5244.799733778	0.000605055	1
0 5 1 1 53 e 	5246.143008782	0.002937256	1
2 2 1 0 48 e 	5246.609402784	0.000801314	2
3 0 1 0 56 e 	5247.343866304	0.000567263	3
0 1 2 1 56 f 	5248.037141810	0.002054862	1
1 4 1 2 37 e 	5248.843003554	0.010619006	1
1 4 1 2 37 f 	5248.887149785	0.010615670	2
1 0 2 0 38 e 	5250.160392798	0.000677518	3
0 6 1 0 16 e 	5251.304756245	0.000605400	2
0 2 2 0 25 e 	5251.715678783	0.000605722	4
0 2 2 2 26 e 	5254.623022698	0.010621543	1
1 4 1 0 37 e 	5254.782204871	0.000677408	1
0 6 1 0 17 e 	5258.215429210	0.000605414	1
0 4 1 2 74 e 	5259.217145754	0.002306147	1
0 2 2 0 26 e 	5262.172403935	0.000803834	4
1 4 1 2 38 e 	5264.215993126	0.010621342	1
1 3 1 1 63 e 	5264.264564496	0.002155728	1
1 4 1 2 38 f 	5264.267215374	0.010627440	2
2 4 0 0 86 e 	5264.634363338	0.004864589	1
0 2 2 2 27 e 	5265.498603080	0.010621320	2
1 0 2 0 39 e 	5265.746666581	0.000677502	3
1 3 1 1 63 f 	5266.052382390	0.001017310	1
0 4 1 0 74 e 	5266.182145754	0.002306147	1
2 2 1 0 49 e 	5266.324212038	0.000799313	2
0 5 1 1 54 e 	5268.020660688	0.003174194	1
3 0 1 0 57 e 	5270.106558255	0.000569264	2
1 4 1 0 38 e 	5270.151829615	0.000606070	3
0 1 2 1 57 e 	5270.188296560	0.000955262	2
0 1 2 1 57 f 	5270.910327140	0.005816863	1
0 0 2 0 76 e 	5272.787521352	0.002826507	1
0 2 2 0 27 e 	5273.031778756	0.000605834	4
0 6 1 0 19 e 	5273.257268234	0.000803539	1
1 2 1 0 81 e 	5276.316805153	0.003158014	2
0 2 2 2 28 e 	5276.748222698	0.010621543	1
2 3 1 1 1 e 	5280.943062165	0.000811122	1
0 6 1 0 20 e 	5281.388186206	0.000803573	1
1 0 2 0 40 e 	5281.716626157	0.200004170	2
2 3 1 1 2 e 	5281.749704942	0.000811095	2
2 3 1 1 2 f 	5281.751557691	0.000811088	1
2 3 1 1 3 e 	5282.959217869	0.000809094	2
2 3 1 1 3 f 	5282.962601392	0.000809087	1
0 2 2 0 28 e 	5284.292042744	0.000803915	3
2 3 1 1 4 e 	5284.568605838	0.000809762	2
2 3 1 1 4 f 	5284.573156834	0.000809756	2
1 4 1 0 39 e 	5285.926066877	0.000677502	1
2 2 1 0 50 e 	5286.330745452	0.200203260	1
2 3 1 1 5 e 	5286.589063340	0.000805094	2
2 3 1 1 5 f 	5286.596205196	0.000805087	2
0 2 2 2 29 e 	5288.427341904	0.010621320	1
2 3 1 1 6 e 	5289.002450350	0.000805822	2
2 3 1 1 6 f 	5289.015385400	0.000805756	2
0 4 1 2 75 e 	5289.553039392	0.002143980	1
1 3 1 1 64 e 	5290.067953461	0.003062904	1
0 5 1 1 55 e 	5290.302610321	0.000955262	1
2 3 1 1 7 e 	5291.825577764	0.000805094	2
2 3 1 1 7 f 	5291.848646822	0.000805087	2
3 0 1 0 58 e 	5293.256737839	0.000571266	2
0 1 2 1 58 e 	5293.436636900	0.002155395	3
0 1 2 1 58 f 	5294.183405804	0.005254862	1
2 3 1 1 8 e 	5295.045539571	0.000805822	2
2 3 1 1 8 f 	5295.078645924	0.000805756	2
0 2 2 0 29 e 	5295.955874483	0.000605320	3
1 4 1 2 40 e 	5296.174845936	0.010624105	1
0 4 1 0 75 e 	5296.564739392	0.002143980	1
1 0 2 0 41 e 	5298.115985210	0.000677554	3
2 3 1 1 9 e 	5298.671994850	0.000805856	2
2 3 1 1 9 f 	5298.713877760	0.000805842	2
0 6 1 0 22 e 	5298.869982090	0.000803647	1
0 2 2 2 30 e 	5300.472509834	0.010617342	3
2 3 1 1 10 e 	5302.700433003	0.000806488	2
2 3 1 1 10 f 	5302.753689206	0.000806475	2
2 2 1 0 51 e 	5306.883432842	0.200205262	1
2 3 1 1 11 e 	5307.131971403	0.000805856	2
2 3 1 1 11 f 	5307.195614584	0.000805842	2
0 2 2 0 30 e 	5308.020655487	0.000605889	5
2 3 1 1 12 e 	5311.966675919	0.000806632	2
2 3 1 1 12 f 	5312.041494827	0.000806498	2
1 4 1 2 41 e 	5312.760719437	0.010623006	1
0 2 2 2 31 e 	5312.959835719	0.010617986	2
0 5 1 1 56 e 	5312.988349033	0.004374194	1
1 0 2 0 42 e 	5314.898716797	0.001057637	3
1 3 1 1 65 e 	5316.272559216	0.003049561	1
3 0 1 0 59 e 	5316.804374385	0.000647456	2
0 1 2 1 59 e 	5317.086221717	0.002155262	2
2 3 1 1 13 e 	5317.204049029	0.000806515	2
2 3 1 1 13 f 	5317.291849294	0.000806508	1
0 1 2 1 59 f 	5317.856693434	0.001016863	1
0 6 1 0 24 e 	5317.977224090	0.000803647	1
1 3 1 1 65 f 	5318.171948343	0.001097450	2
1 4 1 0 41 e 	5318.687512625	0.000606118	2
0 2 2 0 31 e 	5320.563763626	0.200003946	2
2 3 1 1 14 e 	5322.846005629	0.000810632	2
2 3 1 1 14 f 	5322.945779268	0.000806515	1
0 2 2 2 32 e 	5325.812703963	0.010617342	2
0 4 1 0 76 e 	5327.351852153	0.002559656	1
2 2 1 0 52 e 	5327.877954909	0.000898659	2
2 3 1 1 15 e 	5328.887728485	0.000809849	2
2 3 1 1 15 f 	5329.003368782	0.000807515	2
1 4 1 2 42 f 	5329.825199973	0.010647578	2
1 0 2 0 43 e 	5332.080430523	0.001057601	3
0 2 2 0 32 e 	5333.355868177	0.000605342	5
2 4 0 0 88 e 	5334.570223338	0.004864589	1
2 3 1 1 16 e 	5335.334192317	0.000814632	2
2 3 1 1 16 f 	5335.464368365	0.000807285	2
1 4 1 0 42 e 	5335.674692151	0.000606134	4
0 6 1 0 26 e 	5338.711203838	0.000803722	1
0 2 2 2 33 e 	5339.099266880	0.010618023	1
3 0 1 0 60 e 	5340.749785017	0.000647583	2
0 1 2 1 60 e 	5341.133275034	0.002155395	3
0 1 2 1 60 f 	5341.929773785	0.001016970	1
2 3 1 1 17 e 	5342.183059401	0.000813849	2
2 3 1 1 17 f 	5342.329739262	0.000807874	2
1 2 1 0 83 e 	5342.749181708	0.003651689	1
1 3 1 1 66 e 	5342.876304529	0.011063287	1
1 3 1 1 66 f 	5344.835408823	0.001097543	1
0 2 2 0 33 e 	5346.626255613	0.000605986	4
1 4 1 2 43 e 	5347.139696143	0.011143006	1
2 2 1 0 53 e 	5349.151546264	0.200285262	1
2 3 1 1 18 e 	5349.434434941	0.000817414	1
2 3 1 1 18 f 	5349.598565862	0.000807285	2
1 0 2 0 44 e 	5349.687420187	0.200074244	1
0 2 2 2 34 e 	5352.758745613	0.010618008	1
1 4 1 0 43 e 	5353.066471435	0.000632170	3
2 3 1 1 19 e 	5357.088918361	0.000816825	1
2 3 1 1 19 f 	5357.271187339	0.000807897	2
0 5 1 1 58 e 	5359.572911705	0.003355395	1
0 2 2 0 34 e 	5360.298304240	0.000605342	5
1 4 1 2 44 f 	5365.029402062	0.010647578	1
3 0 1 0 61 e 	5365.093132840	0.000647730	2
2 3 1 1 20 e 	5365.145604841	0.000817437	2
2 3 1 1 20 f 	5365.347065815	0.000810619	2
0 1 2 1 61 e 	5365.579886442	0.001655528	2
0 0 2 0 79 e 	5366.336128599	0.003158014	1
0 1 2 1 61 f 	5366.403008210	0.001017083	1
0 2 2 2 35 e 	5366.850566880	0.010618023	1
1 0 2 0 45 e 	5367.639602372	0.000799313	3
1 3 1 1 67 e 	5369.887401476	0.004249561	2
2 4 0 0 89 e 	5370.132461902	0.005579828	1
1 4 1 0 44 e 	5370.862381451	0.000632242	2
2 2 1 0 54 e 	5370.920209036	0.000985331	2
1 3 1 1 67 f 	5371.901496212	0.011143287	1
2 3 1 1 21 e 	5373.605324777	0.000820825	1
2 3 1 1 21 f 	5373.827086881	0.000811897	1
0 2 2 0 35 e 	5374.372204689	0.000606001	5
1 2 1 0 84 e 	5376.565852306	0.003436796	1
0 2 2 2 36 e 	5381.313345613	0.010618008	1
2 3 1 1 22 e 	5382.467767367	0.000820771	1
2 3 1 1 22 f 	5382.710438196	0.000814619	2
1 4 1 2 45 f 	5383.237660200	0.010659656	2
0 5 1 1 59 e 	5383.474006592	0.002155262	2
1 0 2 0 46 e 	5386.017253107	0.000790640	2
0 2 2 0 36 e 	5388.847639195	0.000606070	4
1 4 1 0 45 e 	5389.062354573	0.000644320	2
3 0 1 0 62 e 	5389.834014115	0.000960868	1
0 1 2 1 62 e 	5390.426093581	0.002155635	1
0 1 2 1 62 f 	5391.275632863	0.001017183	1
2 3 1 1 23 e 	5391.732711184	0.000824825	2
2 3 1 1 23 f 	5391.997575638	0.000815173	2
2 2 1 0 55 e 	5393.044517688	0.000976658	2
0 2 2 2 37 e 	5396.207304596	0.010618023	1
1 3 1 1 68 e 	5397.294895767	0.011143287	1
0 6 1 0 31 e 	5397.661000573	0.000605986	3
0 0 2 0 80 e 	5398.314276925	0.003043190	1
2 3 1 1 24 e 	5401.400158589	0.000819541	2
2 3 1 1 24 f 	5401.688039579	0.000819208	1
1 4 1 2 46 e 	5401.737079472	0.010697256	1
0 2 2 0 37 e 	5403.724798428	0.000804105	3
1 0 2 0 47 e 	5404.793311565	0.000799313	2
2 4 0 0 90 e 	5406.090710818	0.005945198	1
1 4 1 0 46 e 	5407.666898791	0.000677256	2
0 5 1 1 60 e 	5407.776666219	0.002155395	2
0 6 1 0 32 e 	5410.670340278	0.000605342	1
2 3 1 1 25 e 	5411.470446882	0.000821543	2
0 2 2 2 38 e 	5411.473219531	0.010621342	2
2 3 1 1 25 f 	5411.782170578	0.000815247	2
3 0 1 0 63 e 	5414.972846839	0.000647943	1
2 2 1 0 56 e 	5415.530092398	0.200367263	1
0 1 2 1 63 e 	5415.671322778	0.002155728	3
0 1 2 1 63 f 	5416.548182390	0.001017310	1
0 2 2 0 38 e 	5419.003835808	0.000606105	4
2 3 1 1 26 e 	5421.943367789	0.000819541	2
2 3 1 1 26 f 	5422.279972579	0.000819208	1
1 0 2 0 48 e 	5423.967903338	0.000801314	2
0 6 1 0 33 e 	5424.086675870	0.000605986	2
1 3 1 1 69 e 	5425.108234033	0.006249561	1
1 4 1 0 47 e 	5426.675491567	0.000759257	1
0 2 2 2 39 e 	5427.156619437	0.010623006	1
1 3 1 1 69 f 	5427.240096212	0.011143287	1
0 0 2 0 81 e 	5430.690081708	0.003651689	1
0 5 1 1 61 e 	5432.483130385	0.002155528	1
2 3 1 1 27 e 	5432.818402007	0.000821543	2
2 3 1 1 27 f 	5433.181083696	0.000818920	2
0 2 2 0 39 e 	5434.684218604	0.000606118	4
0 6 1 0 34 e 	5437.909345245	0.000605342	2
2 2 1 0 57 e 	5438.467582853	0.200369264	1
3 0 1 0 64 e 	5440.509452021	0.000661286	2
0 1 2 1 64 e 	5441.315815225	0.002155835	2
0 1 2 1 64 f 	5442.220292357	0.001017390	1
2 4 0 0 91 e 	5442.445532812	0.007087123	1
0 2 2 2 40 e 	5443.260916767	0.010620105	1
1 0 2 0 49 e 	5443.541020562	0.000799313	3
2 3 1 1 28 e 	5444.096463366	0.000821320	2
2 3 1 1 28 f 	5444.485503558	0.000815371	2
1 2 1 0 86 e 	5445.400403338	0.005064589	1
1 4 1 0 48 e 	5446.088514040	0.000757256	2
4 0 1 0 3 e 	5447.351266431	0.000800294	1
0 2 2 0 40 e 	5450.766190360	0.000606134	3
4 0 1 0 5 e 	5450.937370200	0.000800294	2
0 6 1 0 35 e 	5452.138605616	0.000606001	2
4 0 1 0 6 e 	5453.328250813	0.000801997	1
1 1 2 1 2 e 	5453.663798318	0.000811095	2
1 1 2 1 2 f 	5453.665740889	0.000815088	1
0 4 1 0 80 e 	5454.533513426	0.003039988	1
1 1 2 1 3 e 	5454.865733573	0.000809094	1
1 1 2 1 3 f 	5454.868466324	0.000811115	1
1 3 1 1 70 f 	5455.513191999	0.008818072	1
2 3 1 1 29 e 	5455.776466577	0.000817946	2
4 0 1 0 7 e 	5456.117684968	0.000801961	1
2 3 1 1 29 f 	5456.193760899	0.000814920	1
0 5 1 1 62 e 	5457.594085285	0.002155635	2
1 1 2 1 5 e 	5458.470518106	0.000805094	1
4 0 1 0 8 e 	5459.305692813	0.000801997	1
1 4 1 2 49 e 	5459.963833655	0.010774194	1
1 1 2 1 6 e 	5460.875710506	0.000873098	1
1 1 2 1 6 f 	5460.883897822	0.000805756	1
2 2 1 0 58 e 	5461.829003249	0.200371266	1
4 0 1 0 9 e 	5462.891730269	0.000802015	2
0 0 2 0 82 e 	5463.462752306	0.003436796	1
1 0 2 0 50 e 	5463.512403228	0.000801314	2
1 1 2 1 7 e 	5463.677531423	0.000806471	1
1 4 1 0 49 e 	5465.905807259	0.000763260	2
3 0 1 0 65 e 	5466.443333234	0.000663287	2
0 6 1 0 36 e 	5466.774375081	0.000606008	2
4 0 1 0 10 e 	5466.876107765	0.000802026	2
1 1 2 1 8 e 	5466.881185613	0.000806488	2
0 2 2 0 41 e 	5467.249692811	0.000804242	3
0 1 2 1 65 e 	5467.360423733	0.003049561	3
2 3 1 1 30 e 	5467.859270306	0.000817986	2
0 1 2 1 65 f 	5468.294008823	0.011097543	1
2 3 1 1 30 f 	5468.304954466	0.000818706	2
1 1 2 1 9 e 	5470.485839037	0.000805856	2
4 0 1 0 11 e 	5471.259205243	0.000802038	2
1 1 2 1 10 e 	5474.491881273	0.000806632	1
0 2 2 2 42 e 	5476.630716767	0.010620105	2
1 1 2 1 11 e 	5478.897330529	0.000806515	1
2 4 0 0 92 e 	5479.195744340	0.007100465	1
1 4 1 2 50 e 	5480.178310332	0.011737256	1
2 3 1 1 31 e 	5480.344315536	0.000817342	2
1 2 1 0 87 e 	5480.390564525	0.004799150	1
2 3 1 1 31 f 	5480.819922488	0.000814920	2
0 6 1 0 37 e 	5481.816473511	0.000606023	2
1 3 1 1 71 e 	5481.934634033	0.006249561	1
0 5 1 1 63 e 	5483.108761856	0.002155728	2
1 1 2 1 12 e 	5483.702263615	0.000866515	1
1 1 2 1 12 f 	5483.742780327	0.000806498	2
1 0 2 0 51 e 	5483.882142530	0.000809987	3
0 2 2 0 42 e 	5484.134783533	0.000606134	4
1 3 1 1 71 f 	5484.188048887	0.011396796	1
2 2 1 0 59 e 	5485.550814202	0.001084677	2
1 4 1 0 50 e 	5486.127203063	0.000801314	1
4 0 1 0 14 e 	5486.799191081	0.000803414	1
1 1 2 1 13 f 	5488.945493294	0.000806508	1
3 0 1 0 66 e 	5492.775143787	0.000661286	1
4 0 1 0 15 e 	5492.775521214	0.000803400	2
2 3 1 1 32 e 	5493.232067663	0.000821986	1
2 3 1 1 32 f 	5493.737861677	0.000823670	1
0 1 2 1 66 e 	5493.799904529	0.011063287	1
0 2 2 2 43 e 	5493.895496143	0.011143006	2
1 1 2 1 14 e 	5494.516518613	0.000866515	2
1 1 2 1 14 f 	5494.569386935	0.000806515	2
0 1 2 1 66 f 	5494.763508823	0.000697543	1
0 0 2 0 83 e 	5496.632907460	0.004185392	2
0 6 1 0 38 e 	5497.265099950	0.000606070	1
4 0 1 0 16 e 	5499.150277657	0.000803437	1
1 4 1 2 51 e 	5500.799791669	0.011974194	1
1 4 1 2 51 f 	5500.963965056	0.010770859	2
0 2 2 0 43 e 	5501.421342585	0.000632170	4
1 0 2 0 52 e 	5504.650077238	0.000811988	3
4 0 1 0 17 e 	5505.923730595	0.000803427	2
2 3 1 1 33 e 	5506.521965758	0.000818008	1
1 1 2 1 16 e 	5506.931444984	0.000873849	1
2 3 1 1 33 f 	5507.059238326	0.000822255	1
2 2 1 0 60 e 	5509.679093264	0.001082676	1
1 3 1 1 72 e 	5511.385181298	0.011890471	2
0 2 2 2 44 e 	5511.604816767	0.011820105	1
4 0 1 0 18 e 	5513.095583710	0.000803437	2
0 6 1 0 39 e 	5513.120575820	0.000606079	2
1 3 1 1 72 f 	5513.264793451	0.008818072	2
1 1 2 1 17 e 	5513.740252373	0.000874632	2
1 1 2 1 17 f 	5513.817317728	0.000807874	1
0 2 2 0 44 e 	5519.168479005	0.200004320	2
3 0 1 0 67 e 	5519.504453644	0.000992043	1
2 3 1 1 34 e 	5520.214072414	0.000818023	1
0 1 2 1 67 e 	5520.645012082	0.005449561	1
4 0 1 0 19 e 	5520.665279932	0.000803490	2
2 3 1 1 34 f 	5520.783411677	0.000823670	1
1 1 2 1 18 e 	5520.949444984	0.000873849	1
0 1 2 1 67 f 	5521.634309631	0.001110886	2
1 4 1 2 52 f 	5521.997574176	0.011740592	2
1 0 2 0 53 e 	5525.816218350	0.000976658	2
1 1 2 1 19 e 	5528.557652297	0.000877414	2
4 0 1 0 20 e 	5528.633398763	0.000803517	1
0 6 1 0 40 e 	5529.382435872	0.000606105	1
0 2 2 2 45 e 	5529.678227147	0.010664320	1
0 0 2 0 84 e 	5530.200236488	0.004384118	1
2 3 1 1 35 e 	5534.308792758	0.000818008	1
2 3 1 1 35 f 	5534.911389326	0.000822255	1
1 1 2 1 20 e 	5536.567854266	0.000876825	1
4 0 1 0 21 e 	5536.999780516	0.000803539	2
0 2 2 0 45 e 	5537.198402363	0.000644320	3
1 3 1 1 73 f 	5542.744025449	0.008896071	1
1 4 1 2 53 f 	5543.435364719	0.011970859	1
1 1 2 1 21 e 	5544.976489748	0.000877437	2
1 1 2 1 21 f 	5545.091927881	0.000811897	1
4 0 1 0 22 e 	5545.764364206	0.000803573	1
0 6 1 0 41 e 	5546.051240436	0.000606118	1
3 0 1 0 68 e 	5546.631194363	0.001070042	1
1 0 2 0 54 e 	5547.416888718	0.200287263	1
0 1 2 1 68 e 	5547.884003652	0.010663287	2
0 2 2 2 46 e 	5548.168069147	0.010697256	2
0 2 2 2 46 f 	5548.198261065	0.010700592	1
2 3 1 1 36 e 	5548.805418757	0.000818023	2
0 1 2 1 68 f 	5548.904468531	0.000712887	1
2 3 1 1 36 f 	5549.442441938	0.000815670	2
1 1 2 1 22 e 	5553.786593375	0.000884825	1
1 1 2 1 22 f 	5553.912829031	0.000814619	1
4 0 1 0 23 e 	5554.927233087	0.000803701	1
0 2 2 0 46 e 	5555.688748949	0.000677256	3
2 2 1 0 62 e 	5559.141033377	0.001167813	1
0 5 1 1 66 e 	5562.076853461	0.003062904	1
1 1 2 1 23 e 	5562.996284966	0.002077437	1
0 6 1 0 42 e 	5563.125976692	0.000632242	1
1 1 2 1 23 f 	5563.134430026	0.000815173	1
2 3 1 1 37 e 	5563.704441506	0.000824105	1
0 0 2 0 85 e 	5564.164664525	0.004799150	1
2 3 1 1 37 f 	5564.376529101	0.000824678	2
4 0 1 0 24 e 	5564.488015090	0.000803647	1
0 2 2 2 47 e 	5567.062113655	0.010774194	1
1 0 2 0 55 e 	5569.343018242	0.000976658	2
1 3 1 1 74 e 	5570.619791078	0.012143980	1
1 4 1 0 54 e 	5571.053824352	0.000845262	2
1 3 1 1 74 f 	5572.624394902	0.009311747	1
4 0 1 0 25 e 	5574.447101163	0.000803701	2
0 2 2 0 47 e 	5574.608886304	0.200121259	2
0 1 2 1 69 e 	5575.526977655	0.005049561	3
2 3 1 1 38 e 	5579.005485420	0.000819006	2
2 3 1 1 38 f 	5579.713618765	0.000815670	2
1 1 2 1 25 e 	5582.617507324	0.000879541	1
4 0 1 0 26 e 	5584.804463017	0.000803722	2
0 5 1 1 67 e 	5589.208290869	0.004249561	1
1 0 2 0 56 e 	5591.730092398	0.200367263	1
1 1 2 1 26 e 	5593.028638618	0.000881543	1
1 1 2 1 26 f 	5593.202704579	0.000819208	1
0 2 2 0 48 e 	5593.873686936	0.000757256	2
2 3 1 1 39 e 	5594.708791506	0.000824105	1
2 3 1 1 39 f 	5595.453989948	0.000823440	2
4 0 1 0 27 e 	5595.559556415	0.000803771	2
0 6 1 0 44 e 	5598.495293870	0.000632242	2
0 0 2 0 86 e 	5598.526103338	0.005064589	1
3 0 1 0 70 e 	5602.076989515	0.001323550	2
1 3 1 1 75 f 	5602.907278423	0.009403088	1
1 1 2 1 27 e 	5603.838694730	0.000879541	2
1 1 2 1 27 f 	5604.027037906	0.000819247	1
0 1 2 1 70 f 	5604.643648887	0.021396796	1
3 2 1 0 4 e 	5606.488648626	0.001200627	1
4 0 1 0 28 e 	5606.712967724	0.000803834	2
3 2 1 0 5 e 	5608.499927968	0.001201961	1
2 3 1 1 40 e 	5610.813921059	0.000823006	2
3 2 1 0 6 e 	5610.911936626	0.001200627	1
2 3 1 1 40 f 	5611.597965082	0.000819670	2
0 2 2 0 49 e 	5613.602376412	0.200125262	1
3 2 1 0 7 e 	5613.726945871	0.001201961	2
1 1 2 1 28 e 	5615.048738618	0.000881543	1
1 1 2 1 28 f 	5615.251296416	0.000815371	1
1 4 1 0 56 e 	5615.941995644	0.000929264	1
0 6 1 0 45 e 	5616.789550113	0.000644320	1
3 2 1 0 8 e 	5616.943569187	0.001201997	2
4 0 1 0 29 e 	5618.264172265	0.000803889	2
3 2 1 0 9 e 	5620.562233764	0.001202038	1
0 2 2 2 50 e 	5626.144910332	0.011737256	2
1 1 2 1 29 e 	5626.661630414	0.000881320	1
1 1 2 1 29 f 	5626.876388487	0.000818920	1
2 3 1 1 41 e 	5627.321116117	0.000820105	1
2 3 1 1 41 f 	5628.143779732	0.000823440	1
3 2 1 0 11 e 	5629.006675743	0.001202038	2
4 0 1 0 30 e 	5630.213543386	0.000803986	1
3 0 1 0 71 e 	5630.396218447	0.001690471	1
1 3 1 1 76 e 	5631.458191078	0.012143980	1
0 1 2 1 71 e 	5632.438322153	0.008820472	1
0 1 2 1 71 f 	5633.110928887	0.010996796	1
1 4 1 2 57 f 	5633.215438376	0.011016996	1
0 0 2 0 87 e 	5633.284361902	0.005779828	1
0 2 2 0 50 e 	5633.663273087	0.000761259	3
3 2 1 0 12 e 	5633.831553274	0.001202048	2
0 3 2 1 2 e 	5635.452709112	0.000613122	1
0 6 1 0 46 e 	5635.492511048	0.000677256	1
0 3 2 1 3 e 	5636.650425573	0.000809094	1
1 4 1 0 57 e 	5638.991494145	0.000927263	1
3 2 1 0 13 e 	5639.058079296	0.001202055	2
0 3 2 1 5 e 	5640.270491645	0.000607822	1
4 0 1 0 31 e 	5642.560753126	0.000803946	2
0 3 2 1 6 e 	5642.688687409	0.000805822	1
2 3 1 1 42 e 	5644.230796437	0.000856320	2
3 2 1 0 14 e 	5644.687493829	0.001203389	2
2 3 1 1 42 f 	5645.092443445	0.001339670	1
0 2 2 2 51 e 	5646.645191669	0.011974194	1
0 3 2 1 8 e 	5648.725979550	0.000607856	2
0 3 2 1 8 f 	5648.757560822	0.000805756	1
3 2 1 0 15 e 	5650.718361214	0.001203400	2
1 1 2 1 31 f 	5651.328046899	0.000814920	1
0 3 2 1 9 e 	5652.349027423	0.000806471	1
0 3 2 1 9 f 	5652.388112645	0.000806457	1
0 2 2 0 51 e 	5654.159703218	0.000763260	2
4 0 1 0 32 e 	5655.306228850	0.000803986	2
0 3 2 1 10 e 	5656.374360150	0.000607856	2
0 3 2 1 10 f 	5656.421500386	0.000806498	1
1 4 1 2 58 f 	5656.669367461	0.011016863	1
3 2 1 0 16 e 	5657.150789869	0.001203414	2
3 0 1 0 72 e 	5659.112725754	0.002106147	1
0 3 2 1 11 e 	5660.802309749	0.000608632	3
0 3 2 1 11 f 	5660.858569397	0.000608475	2
2 3 1 1 43 e 	5661.541967328	0.000844242	2
1 4 1 0 58 e 	5662.445640330	0.001007456	1
2 2 1 0 66 e 	5662.873504956	0.001174698	1
1 1 2 1 32 e 	5663.891801874	0.000877946	1
3 2 1 0 17 e 	5663.985512560	0.001203427	1
1 1 2 1 32 f 	5664.154528232	0.000822706	1
0 3 2 1 12 e 	5665.632112919	0.000806632	2
0 3 2 1 12 f 	5665.698965327	0.000806498	2
0 2 2 2 52 e 	5667.530710332	0.011737256	1
0 2 2 2 52 f 	5667.584674284	0.012940592	1
4 0 1 0 33 e 	5668.449547312	0.000803993	1
0 3 2 1 13 e 	5670.864911833	0.000608632	4
3 2 1 0 18 e 	5671.222004210	0.001203437	2
0 2 2 0 52 e 	5675.057136180	0.000845262	2
0 3 2 1 14 e 	5676.499724385	0.000608515	3
0 3 2 1 14 f 	5676.589919701	0.000608508	1
1 1 2 1 33 f 	5677.381476077	0.000818920	1
3 2 1 0 19 e 	5678.860266432	0.001203490	2
2 3 1 1 44 e 	5679.255575792	0.000864320	1
2 3 1 1 44 f 	5680.199151202	0.000859656	2
1 4 1 2 59 f 	5680.526638376	0.011016996	1
4 0 1 0 34 e 	5681.990172662	0.000804001	2
0 3 2 1 15 e 	5682.537394802	0.000616632	2
0 3 2 1 15 f 	5682.640345837	0.000807515	1
3 2 1 0 20 e 	5686.900386763	0.001203517	1
0 2 2 2 53 e 	5688.831606409	0.011974194	2
0 3 2 1 16 e 	5688.977232817	0.000814632	2
0 3 2 1 16 f 	5689.094191384	0.000609515	3
0 1 2 1 73 e 	5690.510413033	0.012306147	1
1 1 2 1 34 e 	5690.713229465	0.000877342	2
1 1 2 1 34 f 	5691.008904677	0.000823670	1
0 1 2 1 73 f 	5691.244205449	0.008496071	1
3 2 1 0 21 e 	5695.342185016	0.001203539	2
4 0 1 0 35 e 	5695.928805409	0.000804008	2
0 3 2 1 17 f 	5695.950890796	0.000807897	1
2 3 1 1 45 f 	5698.356505544	0.000853920	2
0 5 1 1 71 e 	5701.766634033	0.006249561	1
0 3 2 1 18 e 	5703.064528065	0.000618825	1
0 3 2 1 18 f 	5703.211289512	0.000609897	2
3 2 1 0 22 e 	5704.185923148	0.001203573	2
1 1 2 1 35 f 	5705.036268326	0.000822255	1
4 0 1 0 36 e 	5710.265354910	0.000804023	2
0 2 2 2 54 e 	5710.533968986	0.012155262	1
0 3 2 1 19 f 	5710.874380796	0.000807897	1
3 2 1 0 23 e 	5713.431175942	0.001203608	2
2 3 1 1 46 e 	5715.887012501	0.000970192	1
2 3 1 1 46 f 	5716.917199328	0.000867656	1
0 2 2 0 54 e 	5718.055012822	0.000925262	1
0 3 2 1 20 f 	5718.941215315	0.000810619	2
1 1 2 1 36 e 	5719.133497107	0.010621342	1
1 1 2 1 36 f 	5719.464401066	0.000819670	1
0 1 2 1 74 e 	5720.144091266	0.011490471	2
0 1 2 1 74 f 	5720.909144902	0.008911747	1
3 2 1 0 24 e 	5723.077772464	0.001203647	2
4 0 1 0 37 e 	5724.999842557	0.000804105	1
0 3 2 1 21 e 	5727.212329972	0.000619437	2
0 3 2 1 21 f 	5727.410853954	0.000811897	2
0 5 1 1 72 e 	5731.350481309	0.013090471	1
3 2 1 0 25 e 	5733.125863087	0.001203701	1
1 1 2 1 37 e 	5733.943418785	0.000879006	1
1 0 2 0 62 e 	5734.220758746	0.001160868	2
1 1 2 1 37 f 	5734.292084039	0.000824678	1
2 3 1 1 47 e 	5734.805961407	0.000897256	2
1 4 1 0 61 e 	5735.230842072	0.001007583	1
2 3 1 1 47 f 	5735.879938035	0.000900592	2
0 0 2 0 90 e 	5739.940134340	0.006700465	1
4 0 1 0 38 e 	5740.131587079	0.000804079	2
0 2 2 0 55 e 	5740.155494145	0.000927263	1
0 3 2 1 23 f 	5745.559876692	0.000616619	1
3 0 1 0 75 e 	5747.646795423	0.002197488	1
1 1 2 1 38 e 	5749.152615335	0.000880105	1
1 1 2 1 38 f 	5749.520368810	0.000815670	1
0 1 2 1 75 e 	5750.176264907	0.011906147	2
0 1 2 1 75 f 	5750.973327392	0.008749580	1
2 3 1 1 48 e 	5754.126167501	0.000970192	1
0 3 2 1 24 e 	5754.981347529	0.000623543	2
0 2 2 2 56 e 	5755.132068794	0.010955262	2
0 3 2 1 24 f 	5755.239421470	0.000815208	2
1 0 2 0 63 e 	5759.365662781	0.001167666	2
1 4 1 0 62 e 	5760.300603139	0.001007730	1
0 3 2 1 25 e 	5765.041791085	0.000621541	1
0 3 2 1 25 f 	5765.321264250	0.000815247	1
4 0 1 0 40 e 	5771.588082350	0.000804118	1
2 3 1 1 49 e 	5773.848427332	0.001937256	1
1 2 1 0 95 e 	5774.951950374	0.008068078	1
2 3 1 1 49 f 	5775.013301568	0.001420592	2
0 3 2 1 26 f 	5775.806681579	0.000819208	1
0 2 2 2 57 e 	5778.033654921	0.012155668	1
0 1 2 1 76 e 	5780.607046423	0.009409488	1
1 1 2 1 40 e 	5780.771072692	0.000904242	1
1 1 2 1 40 f 	5781.177083720	0.000819670	1
0 1 2 1 76 f 	5781.436195071	0.012159656	1
1 0 2 0 64 e 	5784.907633377	0.001167813	1
0 2 2 0 57 e 	5785.558752232	0.001007263	1
0 3 2 1 27 e 	5786.370139862	0.000623320	1
0 3 2 1 27 f 	5786.695069696	0.000818920	2
4 0 1 0 41 e 	5787.912656602	0.000804134	1
0 5 1 1 74 e 	5790.857181287	0.011890471	1
2 4 1 0 2 e 	5793.206702275	0.000886727	2
2 3 1 1 50 e 	5793.971975893	0.000974194	2
2 4 1 0 3 e 	5794.417081508	0.000886887	2
1 1 2 1 41 e 	5797.179980667	0.000916320	1
0 3 2 1 28 f 	5797.986459701	0.000818706	1
2 4 1 0 5 e 	5798.047430700	0.001200294	2
2 4 1 0 6 e 	5800.468024219	0.001200627	2
0 2 2 2 58 e 	5801.333850348	0.012155475	1
2 2 1 0 71 e 	5801.552084478	0.001939227	1
2 0 2 0 0 e 	5801.906436308	0.001200067	1
2 0 2 0 1 e 	5802.305939101	0.000886793	3
2 0 2 0 2 e 	5803.104509533	0.000886727	2
2 4 1 0 7 e 	5803.291594071	0.000888724	2
2 0 2 0 3 e 	5804.301463960	0.000886887	3
4 0 1 0 42 e 	5804.634574823	0.000804320	1
2 0 2 0 4 e 	5805.897736616	0.000886860	3
2 4 1 0 8 e 	5806.519276813	0.001201997	1
2 0 2 0 5 e 	5807.893114964	0.000886887	4
3 0 1 0 77 e 	5808.656707995	0.002464340	1
0 3 2 1 29 f 	5809.680792193	0.000814920	2
2 4 1 0 9 e 	5810.149296608	0.000888753	3
2 0 2 0 6 e 	5810.287784163	0.000887020	4
0 1 2 1 77 f 	5812.297528423	0.009003088	1
2 0 2 0 7 e 	5813.081413836	0.000847465	3
1 1 2 1 42 e 	5813.987542481	0.000904242	1
2 4 1 0 10 e 	5814.182889560	0.001202026	1
2 3 1 1 51 e 	5814.497163332	0.001937256	1
2 3 1 1 51 f 	5815.757105222	0.005140592	1
2 0 2 0 8 e 	5816.274185035	0.000842128	4
2 4 1 0 11 e 	5818.620056743	0.001202038	2
2 0 2 0 9 e 	5819.866349214	0.000835521	3
0 5 1 1 75 e 	5821.216313033	0.012306147	1
2 4 1 0 12 e 	5823.460390578	0.001203389	1
2 0 2 0 10 e 	5823.857516265	0.001202026	2
0 2 2 2 59 f 	5825.106411169	0.011016970	1
2 0 2 0 11 e 	5828.247515147	0.000888753	4
2 4 1 0 13 e 	5828.705296796	0.001202055	2
1 1 2 1 43 e 	5831.194891401	0.000916320	2
1 1 2 1 43 f 	5831.662600273	0.000847578	1
0 2 2 0 59 e 	5832.564842072	0.001007583	1
2 0 2 0 12 e 	5833.036651633	0.000888781	3
0 3 2 1 31 e 	5833.852223787	0.000619986	1
2 4 1 0 14 e 	5834.351098188	0.000888781	3
2 3 1 1 52 e 	5835.423817130	0.002174194	1
2 0 2 0 13 e 	5838.225326228	0.000888775	4
4 0 1 0 44 e 	5839.271647187	0.000874244	1
2 4 1 0 15 e 	5840.400829714	0.001203400	2
2 0 2 0 14 e 	5843.812953036	0.000888781	4
2 4 1 0 16 e 	5846.854284864	0.000890127	3
1 1 2 1 44 e 	5848.801942481	0.000904242	1
0 2 2 2 60 e 	5849.135014365	0.012155482	1
0 2 2 2 60 f 	5849.212404869	0.011017076	1
2 0 2 0 15 e 	5849.799461214	0.001203400	2
0 5 1 1 76 e 	5851.978991078	0.012143980	1
2 4 1 0 17 e 	5853.710560059	0.000883469	3
2 0 2 0 16 e 	5856.186591987	0.000796894	4
2 3 1 1 53 e 	5856.752345268	0.002355262	1
4 0 1 0 45 e 	5857.185693425	0.000872242	1
0 3 2 1 33 f 	5860.487039077	0.000818920	1
2 4 1 0 18 e 	5860.970077316	0.000883482	2
2 0 2 0 17 e 	5862.970371631	0.001203490	1
1 0 2 0 67 e 	5863.918468523	0.001188040	2
1 1 2 1 45 e 	5866.808355529	0.000924320	1
2 4 1 0 19 e 	5868.632621652	0.000883492	3
2 0 2 0 18 e 	5870.155293010	0.000883482	3
3 0 1 0 79 e 	5871.257528599	0.003158014	1
0 3 2 1 34 e 	5873.685173696	0.000620008	1
0 2 2 2 61 f 	5873.718682712	0.011017183	1
0 3 2 1 34 f 	5874.195459066	0.000819670	1
4 0 1 0 46 e 	5875.497202418	0.000919257	1
2 4 1 0 20 e 	5876.698410763	0.001203517	1
2 0 2 0 19 e 	5877.738716652	0.000883492	3
2 3 1 1 54 e 	5878.481784033	0.004574194	1
0 2 2 0 61 e 	5881.173269301	0.001007850	1
2 4 1 0 21 e 	5885.167122245	0.001203539	3
1 1 2 1 46 e 	5885.213532198	0.000957256	1
2 0 2 0 20 e 	5885.721551474	0.000883546	3
2 0 2 0 21 e 	5894.103482016	0.001203539	2
4 0 1 0 47 e 	5894.206492989	0.000917256	2
0 2 2 2 62 e 	5898.536701710	0.012155728	1
0 2 2 2 62 f 	5898.625604869	0.011017076	1
2 3 1 1 55 e 	5900.613103321	0.001155262	1
2 0 2 0 22 e 	5902.884918469	0.000776992	3
2 4 1 0 23 e 	5903.313148087	0.001203701	1
1 1 2 1 47 e 	5904.018423990	0.001030192	1
0 2 2 0 62 e 	5906.078094146	0.001007730	2
2 0 2 0 23 e 	5912.065026942	0.001203608	2
2 4 1 0 24 e 	5912.989957403	0.000883663	1
4 0 1 0 48 e 	5913.312584345	0.000923260	1
0 3 2 1 37 e 	5917.134926420	0.000621006	1
0 3 2 1 37 f 	5917.737468039	0.000824678	1
1 0 2 0 69 e 	5918.578373644	0.001192043	1
2 0 2 0 24 e 	5921.645662012	0.000770390	3
2 4 1 0 25 e 	5923.070342301	0.000883703	1
1 1 2 1 48 e 	5923.222810878	0.000957256	2
0 2 2 2 63 f 	5923.935857358	0.011017390	1
2 3 1 1 56 f 	5924.654844804	0.005454862	1
0 0 2 0 95 e 	5925.629046640	0.012068078	1
2 0 2 0 25 e 	5931.626649217	0.000770429	2
0 3 2 1 38 e 	5932.422016312	0.000622105	1
4 0 1 0 49 e 	5932.816002858	0.000921259	2
0 3 2 1 38 f 	5933.056986265	0.000815670	2
3 0 1 0 81 e 	5935.451361708	0.003651689	1
2 0 2 0 26 e 	5942.005910354	0.000763811	1
1 1 2 1 49 e 	5942.825623990	0.001030192	1
1 0 2 0 70 e 	5946.504097877	0.001523550	1
0 3 2 1 39 f 	5948.779222732	0.000823440	1
0 2 2 2 64 e 	5949.538601711	0.012155728	2
0 2 2 2 64 f 	5949.642970053	0.011097450	1
4 0 1 0 50 e 	5952.715730345	0.000923260	1
1 2 2 2 3 e 	5954.830098510	0.014013521	1
1 2 2 0 1 e 	5959.730447857	0.001200133	1
1 2 2 0 2 e 	5960.533549963	0.001200067	2
1 2 2 2 6 e 	5960.855078221	0.014005849	1
1 2 2 0 3 e 	5961.737983387	0.001200133	2
1 1 2 1 50 e 	5962.828274420	0.001997256	1
1 2 2 0 4 e 	5963.344130922	0.000802294	3
1 2 2 2 7 e 	5963.662284895	0.010805822	1
0 3 2 1 40 e 	5964.200788111	0.000622105	1
0 3 2 1 40 f 	5964.903690445	0.001339670	1
1 2 2 0 5 e 	5965.351482095	0.000802627	4
1 2 2 2 8 e 	5966.875054127	0.010805849	1
1 2 2 2 8 f 	5966.875214165	0.010805842	1
1 2 2 0 6 e 	5967.759536975	0.001200627	4
1 2 2 2 9 f 	5970.489831095	0.010805829	1
1 2 2 0 7 e 	5970.569837474	0.001201961	4
4 0 1 0 51 e 	5973.014453412	0.000925262	1
1 2 2 0 8 e 	5973.781671745	0.001201997	4
1 2 2 2 10 e 	5974.505494127	0.010805849	1
1 2 2 2 10 f 	5974.505649165	0.010805842	1
0 2 2 2 65 e 	5975.638771990	0.012155835	1
0 2 2 2 65 f 	5975.750457358	0.011017390	1
1 2 2 0 9 e 	5977.394615728	0.001202015	4
1 2 2 2 11 e 	5978.923076549	0.010806505	1
1 2 2 0 10 e 	5981.409684017	0.000804015	6
0 3 2 1 41 f 	5981.431273273	0.000847578	1
0 2 2 0 65 e 	5983.195976494	0.001101286	1
1 1 2 1 51 e 	5983.229403695	0.001034194	2
1 2 2 2 12 e 	5983.742099493	0.010806515	1
1 2 2 0 11 e 	5985.825019812	0.001202038	4
1 2 2 2 13 e 	5988.962469549	0.010806505	1
1 2 2 2 13 f 	5988.962952812	0.010806498	1
1 2 2 0 12 e 	5990.642465502	0.001202048	4
2 3 1 1 59 e 	5993.148685385	0.002355528	1
1 2 2 2 14 e 	5994.584912493	0.010806515	1
1 2 2 2 14 f 	5994.585184115	0.010806521	1
1 2 2 0 13 e 	5995.861201929	0.000805055	5
0 3 2 1 42 f 	5998.360856445	0.001339670	1
1 2 2 2 15 f 	6000.604613876	0.010807285	1
1 2 2 2 15 e 	6000.606007508	0.010807291	2
1 2 2 0 14 e 	6001.481619321	0.000804055	5
1 2 2 2 16 e 	6007.026764804	0.010807880	1
1 2 2 2 16 f 	6007.027455883	0.010807874	1
1 2 2 0 15 e 	6007.502952714	0.000805055	6
0 2 2 0 66 e 	6009.702285530	0.001103287	1
1 2 2 2 17 f 	6013.854231702	0.010807285	1
1 2 2 2 17 e 	6013.854591179	0.010807291	2
1 2 2 0 16 e 	6013.926035809	0.000804825	5
0 3 2 1 43 f 	6015.692893273	0.000847578	1
2 3 1 1 60 f 	6019.016895863	0.001217183	1
1 2 2 0 17 e 	6020.749683616	0.000805414	6
1 2 2 2 18 e 	6021.081387496	0.010807880	2
2 0 2 0 33 e 	6025.849181038	0.000770768	2
1 2 2 0 18 e 	6027.975281423	0.000804825	6
1 2 2 2 19 f 	6028.711866702	0.010807285	1
1 2 2 2 19 e 	6028.712387091	0.010807291	2
1 6 1 0 9 e 	6030.310785764	0.001202038	1
0 3 2 1 44 f 	6033.427505202	0.000859656	2
1 2 2 0 19 e 	6035.601728104	0.000805437	6
1 2 2 2 20 f 	6036.743363988	0.010807897	1
1 2 2 0 20 e 	6043.629796573	0.000805539	5
1 6 1 0 13 e 	6048.967344723	0.001202055	1
0 3 2 1 45 e 	6050.677119372	0.002264320	1
1 2 2 0 21 e 	6052.058737539	0.001203539	4
1 2 2 2 22 e 	6053.907490381	0.010824825	1
1 6 1 0 15 e 	6060.729001560	0.001203427	1
1 2 2 0 22 e 	6060.889673777	0.000805539	6
1 2 2 2 23 f 	6063.099873811	0.010814619	1
1 2 2 2 23 e 	6063.131405917	0.010823541	1
3 0 1 0 85 e 	6068.636897460	0.004185392	1
1 1 2 1 55 e 	6068.824071436	0.001221060	1
0 3 2 1 46 f 	6070.103600023	0.000966856	1
1 2 2 0 23 e 	6070.121039825	0.000805647	5
1 2 2 2 24 e 	6072.777840218	0.010821543	1
1 2 2 2 24 f 	6072.825671717	0.010815173	1
1 2 2 0 24 e 	6079.753850893	0.001203647	3
0 0 2 0 99 e 	6081.316583354	0.044068078	1
1 2 2 2 25 f 	6082.773755754	0.010815208	2
1 2 2 2 25 e 	6082.792672010	0.010819541	1
1 6 1 0 19 e 	6089.119423234	0.001203539	1
1 2 2 0 25 e 	6089.788023730	0.000805647	5
1 0 2 0 75 e 	6092.085481109	0.002693081	1
1 2 2 2 26 f 	6093.213067766	0.010818920	1
1 2 2 2 26 e 	6093.215982698	0.010821543	1
1 2 2 0 26 e 	6100.223020104	0.000805771	5
1 2 2 2 27 f 	6104.052132081	0.010815371	1
1 2 2 2 27 e 	6104.069085580	0.010821320	2
1 6 1 0 21 e 	6105.748165797	0.001203608	1
0 3 2 1 48 e 	6107.380240023	0.003337256	1
0 3 2 1 48 f 	6108.388322023	0.000966856	1
1 2 2 0 27 e 	6111.059364196	0.000805722	6
1 1 2 1 57 e 	6114.014809594	0.001221060	2
1 2 2 2 28 e 	6115.289713552	0.010821946	1
1 2 2 2 28 f 	6115.294004766	0.010818920	1
0 0 3 0 0 e 	6117.576398412	0.001200067	3
0 0 3 0 1 e 	6117.974888490	0.001200000	5
0 0 3 0 2 e 	6118.771874533	0.000886860	5
0 0 3 0 3 e 	6119.967382295	0.001200133	4
0 0 3 0 4 e 	6121.561241016	0.001200160	4
1 2 2 0 28 e 	6122.297006476	0.000805771	6
0 0 3 0 5 e 	6123.553663563	0.000887354	5
1 6 1 0 23 e 	6123.999686087	0.001203701	1
0 0 3 0 6 e 	6125.944510856	0.001200627	4
1 2 2 2 29 f 	6126.936023538	0.010818706	1
0 3 2 1 49 f 	6128.134150005	0.001420592	1
0 0 3 0 7 e 	6128.733843349	0.001201961	4
2 0 2 0 40 e 	6129.306264404	0.000790929	1
0 0 3 0 8 e 	6131.921533770	0.001201997	4
1 6 1 0 24 e 	6133.733559838	0.001203722	1
1 2 2 0 29 e 	6133.935072048	0.001203889	4
0 0 3 0 9 e 	6135.507966907	0.000888724	6
1 1 2 1 58 e 	6137.207639157	0.002421241	1
3 0 1 0 87 e 	6137.651474525	0.004999150	1
1 2 2 2 30 f 	6138.979713725	0.010814920	1
0 0 3 0 10 e 	6139.492726761	0.000888741	5
0 0 3 0 11 e 	6143.875792239	0.000888753	5
2 0 2 0 41 e 	6145.692042250	0.000797637	1
1 2 2 0 30 e 	6145.974753354	0.000805889	6
0 3 2 1 50 e 	6147.190498102	0.003337256	1
0 0 3 0 12 e 	6148.657231753	0.000888781	3
0 0 3 0 13 e 	6153.837121106	0.001202055	4
0 4 2 0 2 e 	6155.910271963	0.001200067	2
0 4 2 0 3 e 	6157.120437644	0.001200133	2
1 2 2 0 31 e 	6158.414853221	0.001203946	3
0 4 2 0 4 e 	6158.733797575	0.001200160	3
0 0 3 0 14 e 	6159.415496709	0.000888781	6
0 4 2 0 5 e 	6160.750515828	0.001200294	4
0 4 2 0 6 e 	6163.170641525	0.001201997	3
1 2 2 2 32 e 	6164.261606117	0.010817342	1
1 2 2 2 32 f 	6164.269898573	0.010818920	1
0 0 3 0 15 e 	6165.392161188	0.000883469	5
0 4 2 0 7 e 	6165.994180277	0.001201961	4
0 4 2 0 8 e 	6169.220960311	0.001201997	4
1 2 2 0 32 e 	6171.256608130	0.000805342	5
0 0 3 0 16 e 	6171.767358682	0.001203414	4
3 0 1 0 88 e 	6172.777100818	0.006145198	1
0 4 2 0 9 e 	6172.851173932	0.001202015	4
0 4 2 0 10 e 	6176.884628794	0.001202026	4
0 2 2 0 72 e 	6177.143148920	0.003490471	1
1 2 2 2 33 e 	6177.520639880	0.010818023	1
0 0 3 0 17 e 	6178.540793408	0.000883469	6
0 4 2 0 11 e 	6181.321466719	0.001202038	3
1 2 2 0 33 e 	6184.499142387	0.000805986	5
0 0 3 0 18 e 	6185.712508222	0.000883482	4
0 4 2 0 12 e 	6186.161699176	0.001202048	3
0 4 2 0 13 e 	6191.405069980	0.001202055	4
0 0 3 0 19 e 	6193.282603979	0.000883492	5
0 4 2 0 14 e 	6197.052166240	0.001203389	4
1 2 2 0 34 e 	6198.142180044	0.000806008	5
0 0 3 0 20 e 	6201.250882115	0.000883546	5
0 4 2 0 15 e 	6203.102129411	0.001203400	4
1 1 2 1 61 e 	6209.177794295	0.002421374	1
0 4 2 0 16 e 	6209.555261557	0.001203414	4
0 0 3 0 21 e 	6209.618065931	0.001203539	5
1 2 2 0 35 e 	6212.186230458	0.000806001	6
0 4 2 0 17 e 	6216.412103723	0.001203427	4
0 0 3 0 22 e 	6218.382624499	0.001203573	5
1 2 2 2 36 e 	6219.647667126	0.010821342	1
0 4 2 0 18 e 	6223.672055945	0.001203437	4
1 6 1 0 32 e 	6226.210280313	0.001204001	1
1 2 2 0 36 e 	6226.631008978	0.001204023	4
0 0 3 0 23 e 	6227.546314486	0.000883629	6
0 4 2 0 19 e 	6231.335361653	0.001203490	4
0 3 2 1 54 e 	6231.625112997	0.004537256	2
0 2 2 0 74 e 	6236.156441720	0.003743980	1
0 0 3 0 24 e 	6237.107257887	0.001203647	3
0 4 2 0 20 e 	6239.402144044	0.001203517	4
1 2 2 0 37 e 	6241.477160072	0.001204070	4
0 0 3 0 25 e 	6247.067562434	0.001203771	4
0 4 2 0 21 e 	6247.871830528	0.001203539	4
0 3 2 1 55 e 	6253.736758371	0.004955395	1
1 10 0 0 26 e 	6256.178379838	0.000803722	1
1 2 2 0 38 e 	6256.723617618	0.001204079	4
0 4 2 0 22 e 	6256.744709409	0.001203573	3
0 0 3 0 26 e 	6257.491712017	0.200003722	2
1 2 2 2 39 e 	6265.394803437	0.010823006	1
0 4 2 0 23 e 	6266.020934099	0.001203608	4
0 0 3 0 27 e 	6268.183729820	0.200003889	2
1 2 2 0 39 e 	6272.370457648	0.001204134	3
5 0 1 0 1 e 	6273.512220000	0.002000000	1
5 0 1 0 3 e 	6275.499517431	0.002000294	1
0 4 2 0 24 e 	6275.700444488	0.001203647	4
0 3 2 1 56 e 	6276.249371560	0.002555262	1
5 0 1 0 5 e 	6279.075055968	0.002001961	1
0 0 3 0 28 e 	6279.341665587	0.200003834	3
1 0 2 0 81 e 	6279.869701603	0.003236658	1
0 4 2 0 25 e 	6285.782852285	0.001203701	4
5 0 1 0 8 e 	6287.415764560	0.002002026	1
1 2 2 0 40 e 	6288.418765793	0.000806105	5
1 10 0 0 29 e 	6290.540880265	0.000803889	2
0 0 3 0 29 e 	6290.950135265	0.200003889	2
2 1 2 1 2 f 	6292.114961691	0.001211088	1
2 1 2 1 3 e 	6293.313452847	0.001209094	2
0 4 2 0 26 e 	6296.268669627	0.001203722	4
2 1 2 1 5 e 	6296.912518106	0.001205094	1
2 1 2 1 6 e 	6299.311823228	0.001065094	2
2 1 2 1 6 f 	6299.324720978	0.001209756	1
2 1 2 1 7 e 	6302.111326423	0.001206471	1
1 10 0 0 30 e 	6302.743415386	0.000403986	1
0 0 3 0 30 e 	6302.932675957	0.000803986	3
1 2 2 0 41 e 	6304.867509687	0.000832170	5
0 4 2 0 27 e 	6307.157761128	0.001203771	4
5 0 1 0 13 e 	6309.261890869	0.002003400	1
1 1 2 1 65 e 	6310.716781794	0.002956389	2
1 10 0 0 31 e 	6315.153400940	0.000603946	1
0 0 3 0 31 e 	6315.561600940	0.000403946	1
0 4 2 0 28 e 	6318.450091354	0.001203834	4
1 2 2 0 42 e 	6321.716303654	0.000832242	5
2 1 2 1 12 f 	6322.151975386	0.001206498	1
5 0 1 0 16 e 	6327.134697657	0.002003437	1
2 1 2 1 13 e 	6327.302015529	0.001206515	1
2 1 2 1 13 f 	6327.358894294	0.001206508	1
1 10 0 0 32 e 	6327.909425386	0.000603986	1
0 0 3 0 32 e 	6328.030887850	0.200003986	2
0 4 2 0 29 e 	6330.145444757	0.001203946	3
2 1 2 1 14 e 	6332.899841565	0.001210632	1
2 1 2 1 14 f 	6332.964623268	0.001206515	1
2 1 2 1 15 e 	6338.898004530	0.001209849	1
1 2 2 0 43 e 	6338.966403146	0.000844320	5
0 0 3 0 33 e 	6341.098043031	0.200004008	1
0 4 2 0 30 e 	6342.243650673	0.001203915	4
2 1 2 1 16 e 	6345.295448694	0.001214632	1
2 1 2 1 16 f 	6345.378049603	0.001207860	1
0 3 2 1 59 e 	6346.190120292	0.003755395	1
5 0 1 0 19 e 	6348.580623234	0.002003539	1
2 1 2 1 17 e 	6352.091454441	0.001213849	1
2 1 2 1 17 f 	6352.184996728	0.001207874	1
1 10 0 0 34 e 	6354.599419012	0.000404023	1
0 0 3 0 34 e 	6354.670569012	0.200004023	1
0 4 2 0 31 e 	6354.745255852	0.001203946	4
1 2 2 0 44 e 	6356.616652776	0.000877256	3
2 1 2 1 18 e 	6359.287809941	0.001217414	1
2 1 2 1 19 e 	6366.884158361	0.001216825	1
2 1 2 1 19 f 	6366.999818796	0.001207897	1
0 4 2 0 32 e 	6367.649871966	0.001203986	4
0 0 3 0 35 e 	6368.618151788	0.200004070	1
5 0 1 0 22 e 	6373.600043090	0.002003647	1
1 2 2 0 45 e 	6374.653344674	0.200117256	1
2 1 2 1 20 e 	6374.879872316	0.001217437	1
0 4 2 0 33 e 	6380.957500821	0.001203993	3
1 10 0 0 36 e 	6382.876759012	0.000404023	1
0 0 3 0 36 e 	6382.930753808	0.200004079	1
2 1 2 1 21 e 	6383.274998777	0.001220825	1
2 1 2 1 21 f 	6383.414495881	0.001211897	1
2 1 2 1 22 f 	6392.222126031	0.001214619	1
1 2 2 0 46 e 	6393.118649045	0.001319257	2
0 4 2 0 34 e 	6394.668455219	0.001204001	4
0 0 3 0 37 e 	6397.658336557	0.200004105	1
2 1 2 1 23 e 	6401.263574347	0.001224825	1
5 0 1 0 25 e 	6402.191458240	0.002003771	1
0 4 2 0 35 e 	6408.782128064	0.001204008	4
2 1 2 1 24 f 	6411.037831594	0.001075173	2
1 2 2 0 47 e 	6411.970370691	0.001321259	2
1 10 0 0 38 e 	6412.743930350	0.000404118	1
0 0 3 0 38 e 	6412.830860350	0.200004118	1
2 1 2 1 25 e 	6420.850317689	0.001083541	2
2 1 2 1 25 f 	6421.045656431	0.001075208	1
4 6 0 0 4 e 	6422.709784617	0.002000160	1
0 4 2 0 36 e 	6423.298981791	0.001204023	4
1 10 0 0 39 e 	6428.274666557	0.000404105	1
0 0 3 0 39 e 	6428.348284602	0.200004134	1
4 2 1 0 1 e 	6429.488738857	0.002000133	1
1 2 2 0 48 e 	6431.168413345	0.200123260	1
2 1 2 1 26 e 	6431.242009857	0.001085543	1
4 2 1 0 4 e 	6433.096182626	0.002000627	1
0 4 2 0 37 e 	6438.218885710	0.001204070	4
4 2 1 0 7 e 	6440.312159774	0.002002015	1
4 6 0 0 10 e 	6440.909842970	0.002002048	1
2 1 2 1 27 f 	6442.259602906	0.001219247	1
0 0 3 0 40 e 	6443.964140350	0.000404118	1
1 10 0 0 40 e 	6444.204237608	0.000404170	1
5 0 1 0 29 e 	6445.868650940	0.002003946	1
1 2 2 0 49 e 	6450.874343813	0.000963260	2
2 1 2 1 28 f 	6453.464118416	0.001215371	1
0 4 2 0 38 e 	6453.541604600	0.001204079	4
4 2 1 0 11 e 	6455.545694723	0.002002055	1
0 0 3 0 41 e 	6460.519916857	0.200004242	2
1 10 0 0 41 e 	6460.699596626	0.000404242	1
4 6 0 0 14 e 	6461.133187081	0.002003414	1
0 4 2 0 39 e 	6469.267457875	0.001204105	3
5 0 1 0 31 e 	6470.087746312	0.002003993	1
1 3 2 1 4 f 	6470.172223691	0.001211088	1
1 2 2 0 50 e 	6470.940745452	0.200203260	1
4 2 1 0 14 e 	6471.180487081	0.002003414	1
1 3 2 1 5 e 	6472.171967840	0.001205094	2
0 0 3 0 42 e 	6477.245728079	0.200004320	2
1 3 2 1 8 e 	6480.607136409	0.001205822	1
1 3 2 1 8 f 	6480.639764822	0.001205756	1
1 3 2 1 9 e 	6484.221677423	0.001206471	1
1 3 2 1 9 f 	6484.263509645	0.001206457	1
0 4 2 0 40 e 	6485.396067700	0.001204118	3
1 3 2 1 10 e 	6488.238411733	0.001206488	1
1 3 2 1 10 f 	6488.289399026	0.001206475	1
1 2 2 0 51 e 	6491.380523256	0.001043260	2
1 3 2 1 11 e 	6492.657085529	0.001206515	1
1 3 2 1 11 f 	6492.718057294	0.001206508	1
0 0 3 0 43 e 	6494.386140425	0.200072242	1
4 6 0 0 19 e 	6495.512103234	0.002003539	1
0 3 2 1 65 e 	6496.890783462	0.004662904	1
1 3 2 1 12 e 	6497.476856273	0.001206632	1
1 3 2 1 12 f 	6497.549604386	0.001206498	1
4 2 1 0 18 e 	6497.639152763	0.002003517	1
0 3 2 1 65 f 	6498.712589564	0.004310793	1
0 4 2 0 41 e 	6501.927829614	0.001204134	2
1 3 2 1 13 e 	6502.697762530	0.001209849	1
1 3 2 1 14 f 	6508.419061268	0.001206515	1
0 0 3 0 44 e 	6511.883670322	0.200074244	2
1 2 2 0 52 e 	6512.232694881	0.001045262	1
1 3 2 1 15 e 	6514.346316485	0.001209849	2
0 4 2 0 42 e 	6518.862467716	0.001204170	2
1 3 2 1 16 e 	6520.772671941	0.001217414	1
1 3 2 1 16 f 	6520.898773603	0.001207860	1
4 6 0 0 22 e 	6520.993743090	0.002003647	1
4 2 1 0 21 e 	6521.693875797	0.002003608	1
1 3 2 1 17 f 	6527.742467262	0.001207874	2
0 0 3 0 45 e 	6529.798144975	0.200117256	2
1 2 2 0 53 e 	6533.486451585	0.001123260	1
1 3 2 1 18 e 	6534.829577316	0.001217437	1
1 3 2 1 18 f 	6534.988477598	0.001210619	1
0 4 2 0 43 e 	6536.199390025	0.001204242	2
5 0 1 0 36 e 	6537.575443808	0.002004079	1
0 0 3 0 46 e 	6548.143846418	0.200119257	1
4 2 1 0 24 e 	6549.356729838	0.002003722	1
1 3 2 1 20 e 	6550.493067841	0.001217437	2
1 3 2 1 20 f 	6550.687921031	0.001214619	1
0 4 2 0 44 e 	6553.940026823	0.001204320	1
1 2 2 0 54 e 	6555.139275822	0.001125262	1
1 3 2 1 21 f 	6559.141312954	0.001211897	2
4 6 0 0 26 e 	6560.631199838	0.002003722	1
0 0 3 0 47 e 	6566.819316582	0.200121259	2
1 3 2 1 22 e 	6567.761768999	0.001220771	2
1 3 2 1 22 f 	6567.996970361	0.001215208	1
1 3 2 1 23 e 	6576.998403347	0.001224825	1
1 3 2 1 23 f 	6577.254978026	0.001215173	1
4 2 1 0 27 e 	6580.631019591	0.002003889	1
0 0 3 0 48 e 	6585.978413345	0.200123260	1
1 3 2 1 24 e 	6586.636330089	0.001219541	2
1 3 2 1 24 f 	6586.914729579	0.001219208	1
0 4 2 0 46 e 	6590.629528187	0.001274244	1
4 6 0 0 29 e 	6594.603359591	0.002003889	1
1 3 2 1 25 e 	6596.675771382	0.001221543	2
1 3 2 1 25 f 	6596.977385250	0.001215247	1
5 0 1 0 40 e 	6598.700877608	0.002004170	1
0 0 3 0 49 e 	6605.428646787	0.200125262	2
1 3 2 1 26 e 	6607.116492289	0.001219541	2
1 3 2 1 26 f 	6607.442210416	0.001215371	1
3 4 1 0 4 e 	6615.129192626	0.002000627	1
4 2 1 0 30 e 	6615.515375386	0.002003986	1
0 1 3 1 1 e 	6616.252382165	0.001211122	1
0 1 3 1 1 f 	6616.252395324	0.001211115	1
0 1 3 1 2 e 	6617.050893500	0.001215095	1
0 1 3 1 2 f 	6617.051838290	0.001211088	2
1 3 2 1 27 e 	6617.958479743	0.001221543	1
0 1 3 1 3 e 	6618.249065165	0.001211122	1
0 1 3 1 3 f 	6618.250783358	0.001209087	2
1 3 2 1 27 f 	6618.309562196	0.001218920	2
3 4 1 0 6 e 	6619.560452626	0.002000627	1
0 1 3 1 4 e 	6619.843469290	0.001209762	1
0 1 3 1 5 e 	6621.840259573	0.001209094	1
3 4 1 0 7 e 	6622.382949774	0.002002015	1
0 1 3 1 6 e 	6624.235381290	0.001209762	1
0 0 3 0 50 e 	6625.330745452	0.200203260	1
0 1 3 1 7 f 	6627.040617645	0.001206457	1
1 3 2 1 28 e 	6629.201598031	0.001223541	1
3 4 1 0 9 e 	6629.231329774	0.002002015	1
1 3 2 1 28 f 	6629.578602701	0.001218706	1
0 1 3 1 8 e 	6630.219299409	0.001205822	1
3 4 1 0 10 e 	6633.262702970	0.002002048	1
0 1 3 1 9 f 	6633.832243875	0.001205842	1
3 0 2 0 0 e 	6640.104823308	0.002000067	1
3 0 2 0 1 e 	6640.502160000	0.002000000	1
1 3 2 1 29 e 	6640.846196883	0.001217946	1
1 3 2 1 29 f 	6641.250178487	0.001218920	1
3 0 2 0 2 e 	6641.298202117	0.002000160	2
3 0 2 0 3 e 	6642.489163715	0.002000133	3
3 0 2 0 4 e 	6644.079109287	0.002000160	3
4 6 0 0 33 e 	6645.553966312	0.002003993	1
0 0 3 0 51 e 	6645.626733229	0.200205262	2
3 0 2 0 5 e 	6646.066048789	0.002000294	3
3 4 1 0 13 e 	6647.770960869	0.002003400	1
3 0 2 0 6 e 	6648.451590219	0.002000627	2
3 0 2 0 7 e 	6651.233319871	0.002001961	2
1 3 2 1 30 e 	6652.892240806	0.001217986	2
4 2 1 0 33 e 	6654.011596312	0.002003993	1
3 0 2 0 8 e 	6654.413074187	0.002001997	2
3 0 2 0 9 e 	6657.990123269	0.002002015	2
3 0 2 0 10 e 	6661.964712711	0.001288765	3
1 3 2 1 31 e 	6665.339473190	0.001217342	1
1 3 2 1 31 f 	6665.798882077	0.001218920	1
5 0 1 0 44 e 	6666.166690187	0.002074244	1
3 0 2 0 11 e 	6666.337596403	0.002002038	3
0 0 3 0 52 e 	6666.360368148	0.200283260	1
3 0 2 0 12 e 	6671.106820932	0.001288765	4
4 6 0 0 35 e 	6673.450543031	0.002004008	1
3 0 2 0 13 e 	6676.273780771	0.002002055	3
1 3 2 1 32 e 	6678.187748912	0.001217986	1
1 3 2 1 32 f 	6678.677610954	0.001222706	2
3 4 1 0 18 e 	6680.009417657	0.002003437	1
3 0 2 0 14 e 	6681.838420412	0.002003389	3
0 0 3 0 53 e 	6687.412576620	0.200285262	2
3 0 2 0 15 e 	6687.799676099	0.002003400	3
1 3 2 1 33 e 	6691.436294974	0.001217342	2
3 0 2 0 16 e 	6694.158421869	0.002003414	2
4 2 1 0 36 e 	6696.121753808	0.002004079	1
3 0 2 0 17 e 	6700.914843095	0.002003427	2
4 6 0 0 37 e 	6702.958646557	0.002004105	1
3 4 1 0 21 e 	6704.189825797	0.002003608	1
1 3 2 1 34 f 	6705.638341677	0.001223670	1
3 0 2 0 18 e 	6708.068244319	0.001283482	4
0 0 3 0 54 e 	6708.946888718	0.200287263	1
3 0 2 0 19 e 	6715.619048700	0.002003490	3
1 3 2 1 35 e 	6719.138828758	0.001218008	1
1 3 2 1 35 f 	6719.722662326	0.001222255	1
5 0 1 0 47 e 	6720.926176304	0.002121259	1
3 0 2 0 20 e 	6723.567367725	0.002003517	3
0 0 3 0 55 e 	6730.856339228	0.200289264	1
3 0 2 0 21 e 	6731.912448482	0.001636992	3
1 3 2 1 36 e 	6733.590484100	0.001219006	1
1 3 2 1 36 f 	6734.207844810	0.001215670	1
3 0 2 0 22 e 	6740.654728648	0.002003573	2
4 2 1 0 39 e 	6741.850424602	0.002004134	1
3 4 1 0 25 e 	6742.070496087	0.002003701	1
1 3 2 1 37 e 	6748.443606108	0.001221342	1
1 3 2 1 37 f 	6749.095139039	0.001224678	1
3 0 2 0 23 e 	6749.794724442	0.002003608	2
4 6 0 0 40 e 	6750.237617608	0.002004170	1
0 0 3 0 56 e 	6753.068042726	0.200367263	2
3 0 2 0 24 e 	6759.331772347	0.001283827	4
5 1 1 1 4 e 	6759.591431290	0.006009762	1
5 1 1 1 4 f 	6759.597796978	0.006009756	1
3 4 1 0 27 e 	6763.428009591	0.002003889	1
1 3 2 1 38 e 	6763.698846740	0.001223006	1
5 1 1 1 6 e 	6763.970541290	0.006009762	1
1 3 2 1 38 f 	6764.384271810	0.001215670	1
5 1 1 1 7 f 	6766.776161000	0.004005087	1
3 0 2 0 25 e 	6769.265601163	0.002003701	2
5 1 1 1 9 e 	6773.529684277	0.006005856	1
0 0 3 0 57 e 	6775.746682896	0.200369264	2
5 0 1 0 50 e 	6779.246825452	0.002203260	1
1 3 2 1 39 e 	6779.353133117	0.001220105	1
3 0 2 0 26 e 	6779.596721298	0.001283944	3
4 6 0 0 42 e 	6783.763797823	0.004004320	1
3 4 1 0 29 e 	6786.397420940	0.002003946	1
3 0 2 0 27 e 	6790.325463233	0.001283889	3
4 2 1 0 42 e 	6791.200947823	0.002004320	1
5 1 1 1 13 e 	6791.844391529	0.006006515	1
5 1 1 1 13 f 	6791.898431837	0.004007515	1
1 3 2 1 40 e 	6795.409351059	0.001223006	2
5 1 1 1 14 f 	6797.482716603	0.004007860	1
2 2 2 0 5 e 	6797.549526968	0.002001961	1
0 0 3 0 58 e 	6798.821933249	0.000771266	1
2 2 2 0 6 e 	6799.953004813	0.002001997	1
3 0 2 0 28 e 	6801.450575766	0.001283944	5
2 2 2 0 7 e 	6802.757908774	0.002002015	1
2 2 2 0 8 e 	6805.963144687	0.002001997	2
2 2 2 0 9 e 	6809.569710774	0.002002015	1
1 3 2 1 41 e 	6811.866102117	0.001220105	1
3 0 2 0 29 e 	6812.973018642	0.001283970	4
2 2 2 0 10 e 	6813.576903560	0.002002026	1
2 2 2 0 11 e 	6817.983250743	0.002002038	2
5 0 1 0 52 e 	6820.106728148	0.002283260	1
4 2 1 2 44 e 	6821.420967823	0.010004320	1
0 0 3 0 59 e 	6822.293240679	0.200447456	2
2 2 2 0 12 e 	6822.791643274	0.002002048	2
5 1 1 1 18 e 	6823.694492941	0.006017414	1
5 1 1 1 18 f 	6823.801461126	0.004007285	1
3 4 1 0 32 e 	6823.872490313	0.002004001	1
3 0 2 0 30 e 	6824.891606612	0.001283944	5
4 2 1 0 44 e 	6826.115190187	0.002074244	1
2 2 2 0 13 e 	6828.000775723	0.002002055	1
1 3 2 1 42 f 	6829.558509445	0.001739670	1
2 2 2 0 14 e 	6833.608636829	0.002003389	2
4 6 0 0 45 e 	6837.057094674	0.004117256	1
3 4 1 0 33 e 	6837.170093031	0.002004008	1
3 0 2 0 31 e 	6837.207625919	0.001283970	3
5 1 1 1 20 f 	6839.351712598	0.004010619	1
2 2 2 0 15 e 	6839.619449214	0.002003400	2
5 0 1 0 53 e 	6841.128336264	0.002285262	1
1 3 2 1 43 e 	6845.982173215	0.001244242	1
2 2 2 0 16 e 	6846.029082869	0.002003414	2
0 0 3 0 60 e 	6846.162000620	0.200447583	2
1 3 2 1 43 f 	6846.856576273	0.001247578	1
5 1 1 1 21 e 	6847.582562347	0.006024825	1
3 0 2 0 32 e 	6849.921584996	0.002003986	2
2 2 2 0 17 e 	6852.839722095	0.002003427	2
5 1 1 1 22 f 	6856.497013361	0.004015208	1
2 2 2 0 18 e 	6860.051598710	0.002003437	2
5 0 1 0 54 e 	6862.549418148	0.002283260	1
4 2 1 0 46 e 	6862.645726418	0.002119257	1
3 0 2 0 33 e 	6863.029043031	0.100004008	1
3 4 1 0 35 e 	6864.974511788	0.002004070	1
2 2 2 0 19 e 	6867.663379932	0.002003490	2
0 0 3 0 61 e 	6870.586225165	0.200447730	1
5 1 1 1 24 e 	6875.053815631	0.006023541	1
2 2 2 0 20 e 	6875.675536484	0.002003517	2
3 0 2 0 34 e 	6876.539424270	0.100004023	2
4 2 1 2 47 e 	6876.891286304	0.010121259	1
1 3 2 1 45 e 	6881.701033440	0.001257256	1
2 2 2 0 21 e 	6884.087896516	0.002003539	2
5 0 1 0 55 e 	6884.362106264	0.002285262	1
3 0 2 0 35 e 	6890.443196170	0.100004070	2
2 2 2 0 22 e 	6892.901761148	0.002003573	2
0 0 3 0 62 e 	6895.087262083	0.000847850	1
1 3 2 1 46 e 	6900.160600792	0.001264320	1
4 2 1 0 48 e 	6900.791273345	0.002123260	1
3 0 2 0 36 e 	6904.754753808	0.100004079	1
5 1 1 1 27 e 	6906.100898272	0.006021946	1
3 4 1 0 38 e 	6909.701920350	0.002004118	1
0 4 2 0 61 e 	6917.130640515	0.001247456	1
1 3 2 1 47 e 	6919.021900952	0.001297256	1
3 0 2 0 37 e 	6919.451336557	0.100004105	1
1 3 2 1 47 f 	6920.062364065	0.001300592	1
0 0 3 0 63 e 	6920.145056839	0.000847943	1
3 4 1 0 39 e 	6925.416406557	0.002004105	1
4 3 1 1 4 e 	6925.922791290	0.002009762	1
5 0 1 0 57 e 	6929.177332853	0.002369264	1
4 3 1 1 6 f 	6930.364664822	0.002005756	1
4 6 0 0 50 e 	6933.848075452	0.004203260	1
3 0 2 0 38 e 	6934.534342557	0.100004118	2
4 2 1 2 50 e 	6936.013385452	0.010203260	1
1 3 2 1 48 f 	6939.367480023	0.001366856	1
4 3 1 1 9 e 	6939.977563423	0.002006471	1
4 2 1 0 50 e 	6940.556783345	0.002123260	1
3 4 1 0 40 e 	6941.533437608	0.002004170	1
0 4 2 0 62 e 	6942.116590455	0.001247583	1
4 3 1 1 10 f 	6944.061250026	0.002006475	1
0 0 3 0 64 e 	6945.598603787	0.000861286	1
3 0 2 0 39 e 	6950.030284602	0.100004134	1
5 1 1 1 31 e 	6953.070374883	0.006017946	1
4 3 1 1 12 f 	6953.324818268	0.002006515	1
4 6 0 0 51 e 	6954.399122842	0.004205262	1
4 2 1 2 51 e 	6956.523142842	0.010205262	1
4 3 1 1 13 e 	6958.450291529	0.002006515	1
4 3 1 1 14 f 	6964.198716603	0.002007860	1
5 1 1 1 32 e 	6965.803398663	0.006021986	1
3 0 2 0 40 e 	6965.918567608	0.100004170	1
1 0 3 0 1 e 	6966.571323429	0.002000000	2
1 0 3 0 2 e 	6967.367363463	0.002000067	2
0 4 2 0 63 e 	6967.504335165	0.001247730	1
1 0 3 0 3 e 	6968.561645193	0.002000133	4
4 3 1 1 15 e 	6970.095257530	0.002009849	1
1 0 3 0 4 e 	6970.154968622	0.200000160	2
0 0 3 0 65 e 	6971.448313192	0.000863287	1
1 0 3 0 5 e 	6972.144579593	0.002000294	4
1 0 3 0 6 e 	6974.532556239	0.002000627	4
1 0 3 0 7 e 	6977.319148643	0.001287354	4
1 3 2 1 50 e 	6978.006724655	0.001374194	1
1 0 3 0 8 e 	6980.503981118	0.002001997	4
4 2 1 0 52 e 	6981.947168148	0.002283260	1
3 0 2 0 41 e 	6982.205666626	0.100004242	1
1 0 3 0 9 e 	6984.086244103	0.002002015	4
1 0 3 0 10 e 	6988.066830503	0.002002026	3
4 3 1 1 18 f 	6990.779262598	0.002010619	1
3 4 1 0 43 e 	6992.303596626	0.002004242	1
1 0 3 0 11 e 	6992.445314707	0.002002038	3
0 4 2 0 64 e 	6993.295762083	0.001247850	1
1 4 2 0 8 e 	6995.432206187	0.002001997	2
4 6 0 0 53 e 	6996.687446264	0.004285262	1
1 0 3 0 12 e 	6997.221666227	0.001288781	4
0 0 3 0 66 e 	6997.694102401	0.000865289	1
1 3 2 1 51 e 	6998.468954332	0.002337256	1
3 0 2 0 42 e 	6998.875742142	0.100004320	2
1 4 2 0 9 e 	6999.048307769	0.002002015	2
5 0 1 0 60 e 	6999.363090455	0.002447583	1
1 0 3 0 13 e 	7002.395977877	0.001288775	4
1 4 2 0 10 e 	7003.069047560	0.002002026	1
4 2 1 0 53 e 	7003.252676264	0.004285262	1
4 3 1 1 20 e 	7006.227761316	0.002017437	1
5 1 1 1 35 e 	7006.398249108	0.006021342	1
5 1 1 1 35 f 	7006.779331326	0.004022255	1
1 4 2 0 11 e 	7007.490930764	0.002002038	1
1 0 3 0 14 e 	7007.967964087	0.002003389	3
1 4 2 0 12 e 	7012.312961970	0.002002048	1
1 0 3 0 15 e 	7013.938016635	0.001289782	4
4 3 1 1 21 f 	7014.936999881	0.002011897	1
3 0 2 0 43 e 	7015.961140425	0.100072242	1
1 4 2 0 13 e 	7017.538037723	0.002002055	1
1 0 3 0 16 e 	7020.305656052	0.001290127	4
1 4 2 0 14 e 	7023.165090829	0.002003389	2
0 0 3 0 67 e 	7024.335906826	0.000943287	1
1 0 3 0 17 e 	7027.071067138	0.002003427	3
3 4 1 0 45 e 	7028.162824674	0.002117256	1
1 4 2 0 15 e 	7029.194681869	0.002003400	1
4 3 1 1 23 e 	7032.721653020	0.002025543	1
4 3 1 1 23 f 	7033.054619250	0.002015247	1
3 0 2 0 44 e 	7033.433420187	0.100074244	1
1 0 3 0 18 e 	7034.234086970	0.002003437	3
1 4 2 0 16 e 	7035.625244081	0.002003414	1
1 0 3 0 19 e 	7041.794911795	0.002003490	3
1 4 2 0 17 e 	7042.459135560	0.002003427	1
4 2 1 2 55 e 	7042.641266264	0.010285262	1
3 4 1 0 46 e 	7046.695416418	0.002119257	1
4 2 1 0 55 e 	7047.088116264	0.004285262	1
5 0 1 0 62 e 	7048.128942083	0.002447850	1
1 0 3 0 20 e 	7049.753461839	0.002003517	3
5 1 1 1 38 e 	7050.569091740	0.006023006	1
5 1 1 1 38 f 	7051.017436720	0.004019670	1
3 0 2 0 45 e 	7051.307344674	0.100117256	1
0 0 3 0 68 e 	7051.374151248	0.001118797	1
4 3 1 1 25 e 	7052.389363743	0.002021543	1
4 3 1 1 25 f 	7052.779144906	0.002019247	1
1 0 3 0 21 e 	7058.109496319	0.001636992	3
4 6 0 0 56 e 	7063.092298718	0.006287263	1
4 2 1 2 56 e 	7065.182238718	0.010287263	1
1 4 2 0 20 e 	7065.371410763	0.002003517	1
3 4 1 0 47 e 	7065.631034674	0.002117256	1
5 1 1 1 39 e 	7066.088898117	0.006020105	1
1 0 3 0 22 e 	7066.863131648	0.002003573	2
3 0 2 0 46 e 	7069.561120309	0.100119257	2
4 2 1 0 56 e 	7069.617378718	0.004287263	1
4 3 1 1 27 e 	7073.660948272	0.002021946	1
1 0 3 0 23 e 	7076.014229151	0.002003608	3
5 1 1 1 40 f 	7082.497724445	0.006539670	1
1 4 2 0 22 e 	7082.655646206	0.002003573	1
3 4 1 0 48 e 	7084.973716418	0.002119257	1
4 3 1 1 28 f 	7085.381775701	0.002018706	1
1 0 3 0 24 e 	7085.562888430	0.001283663	4
4 6 0 0 57 e 	7086.021522853	0.006369264	1
3 0 2 0 47 e 	7088.235886304	0.100121259	1
1 4 2 0 23 e 	7091.899918797	0.002003608	1
4 2 1 0 57 e 	7092.559699228	0.004289264	1
1 0 3 0 25 e 	7095.508858538	0.001283703	4
4 3 1 1 29 e 	7096.534804883	0.002017946	1
5 0 1 0 64 e 	7098.475573787	0.002461286	1
1 4 2 0 24 e 	7101.548713090	0.002003647	1
6 0 1 0 6 e 	7102.540160702	0.006087020	1
3 4 1 0 49 e 	7104.711866304	0.002121259	1
1 0 3 0 26 e 	7105.852075119	0.002003722	2
3 0 2 0 48 e 	7107.281256608	0.100123260	2
4 6 0 0 58 e 	7109.351102398	0.006367263	1
6 0 1 0 9 e 	7112.040961355	0.006088753	1
1 0 3 0 27 e 	7116.581049591	0.200003889	1
3 5 1 1 1 e 	7116.910787165	0.004011122	1
3 5 1 1 1 f 	7116.912060324	0.004011115	1
4 3 1 1 31 e 	7121.010944190	0.002017342	1
1 4 2 0 26 e 	7122.049334838	0.002003722	1
5 0 1 0 65 e 	7124.239316839	0.004447943	1
6 0 1 0 12 e 	7125.105995712	0.006088765	1
0 2 3 0 3 e 	7125.777246207	0.001202067	2
0 2 3 2 7 e 	7126.134959895	0.011205822	1
3 0 2 0 49 e 	7126.736868616	0.100125262	2
0 2 3 0 4 e 	7127.377125617	0.002000160	1
1 0 3 0 28 e 	7127.692505251	0.200003915	1
3 5 1 1 7 e 	7127.767879106	0.004005094	1
3 5 1 1 7 f 	7127.805081000	0.004005087	1
3 1 2 1 3 f 	7129.284778392	0.004009087	1
0 2 3 2 8 e 	7129.336443127	0.011205849	1
0 2 3 0 5 e 	7129.377197065	0.001202160	2
0 2 3 0 6 e 	7131.777138719	0.002000627	2
5 1 1 1 43 e 	7132.130880440	0.006057256	1
3 1 2 1 5 e 	7132.873769106	0.004005094	1
3 1 2 1 5 f 	7132.882948392	0.004009087	1
1 4 2 0 27 e 	7132.902217240	0.002003771	1
0 2 3 2 9 e 	7132.936742800	0.011205822	2
0 2 3 2 9 f 	7132.936921095	0.011205829	1
0 2 3 0 7 e 	7134.578357774	0.002002015	1
0 0 3 0 71 e 	7134.863308447	0.001690471	1
4 2 1 2 59 e 	7135.198740515	0.010447456	1
0 2 3 0 8 e 	7137.777227678	0.001204015	3
3 5 1 1 10 e 	7138.628314273	0.004006632	1
3 5 1 1 10 f 	7138.699771386	0.004006498	1
1 0 3 0 29 e 	7139.229220940	0.200003946	1
4 2 1 0 59 e 	7139.667602853	0.004369264	1
0 2 3 2 11 e 	7141.338558549	0.011206505	1
0 2 3 0 9 e 	7141.378204774	0.002002015	1
1 4 2 0 28 e 	7144.158189197	0.002003834	1
0 2 3 0 10 e 	7145.377488176	0.001204015	3
3 4 1 0 51 e 	7145.402006412	0.002125262	1
0 2 3 2 12 e 	7146.139482608	0.011205849	1
0 2 3 2 12 f 	7146.139941758	0.011205842	1
3 0 2 0 50 e 	7146.586229258	0.100203260	2
4 3 1 1 33 e 	7147.091259758	0.002018008	1
4 3 1 1 33 f 	7147.751591326	0.002022255	1
0 2 3 0 11 e 	7149.777209388	0.001204048	3
5 1 1 1 44 f 	7150.228145075	0.006059656	1
1 0 3 0 30 e 	7151.191165386	0.200003986	1
0 2 3 2 13 e 	7151.339941122	0.011207515	1
3 5 1 1 13 e 	7153.105487530	0.004009849	1
0 2 3 0 12 e 	7154.577781774	0.002002048	2
1 4 2 0 29 e 	7155.816779591	0.002003889	1
0 2 3 2 14 e 	7156.941212847	0.011206515	2
0 2 3 2 14 f 	7156.941856115	0.011206521	1
3 5 1 1 14 f 	7158.874058268	0.002006515	1
0 2 3 0 13 e 	7159.777223367	0.001205055	3
6 0 1 0 18 e 	7161.922033276	0.006083482	1
0 2 3 2 15 e 	7162.937389894	0.011207291	1
3 1 2 1 13 e 	7163.196071529	0.004006515	1
0 0 3 0 72 e 	7163.484095754	0.002106147	1
1 0 3 0 31 e 	7163.518306312	0.200003993	1
0 2 3 0 14 e 	7165.376676667	0.001205400	2
3 0 2 0 51 e 	7166.833096577	0.100205262	2
1 4 2 0 30 e 	7167.877427251	0.002003915	1
0 2 3 2 16 e 	7169.342525200	0.011208516	1
0 2 3 2 16 f 	7169.343004014	0.011208523	1
3 5 1 1 16 e 	7171.202182941	0.004017414	1
0 2 3 0 15 e 	7171.376662444	0.001205414	3
3 5 1 1 16 f 	7171.379746603	0.002007860	1
3 1 2 1 15 e 	7174.765568441	0.004013849	1
4 3 1 1 35 e 	7174.772239108	0.002021342	1
3 1 2 1 15 f 	7174.849774728	0.004007874	1
0 2 3 2 17 e 	7176.137066464	0.011207291	1
1 0 3 0 32 e 	7176.240610313	0.200004001	1
0 2 3 2 17 f 	7176.329855876	0.011207285	1
0 2 3 0 16 e 	7177.776680241	0.001205400	2
1 4 2 0 31 e 	7180.338573940	0.002003946	1
0 2 3 2 18 e 	7183.337576996	0.011207880	2
0 2 3 2 18 f 	7183.338358883	0.011207874	1
0 2 3 0 17 e 	7184.576371595	0.002003427	2
3 5 1 1 18 e 	7185.275641316	0.004017437	1
3 5 1 1 18 f 	7185.498831126	0.002007285	1
6 0 1 0 21 e 	7185.671996338	0.006436992	1
5 1 1 1 46 f 	7186.487372023	0.010166856	1
3 0 2 0 52 e 	7187.476211410	0.100283260	2
3 4 1 0 53 e 	7187.700292842	0.004205262	1
1 0 3 0 33 e 	7189.378043031	0.200004008	1
4 3 1 1 36 f 	7189.990154810	0.004015670	1
0 2 3 0 18 e 	7191.774740255	0.001205490	3
0 2 3 0 19 e 	7199.374229631	0.002003490	1
3 5 1 1 20 f 	7201.228645031	0.002014619	1
3 1 2 1 19 e 	7202.694940777	0.002020825	1
3 1 2 1 19 f 	7202.829136796	0.002007897	1
5 0 1 0 68 e 	7203.901652401	0.004465289	1
5 1 1 1 47 e 	7204.525390862	0.006617256	1
4 3 1 1 37 f 	7204.876020163	0.004027440	1
5 1 1 1 47 f 	7205.201359005	0.010620592	1
4 6 0 0 62 e 	7206.621460455	0.008447583	1
0 2 3 0 20 e 	7207.373269984	0.002003517	2
3 0 2 0 53 e 	7208.515179211	0.100285262	2
4 2 1 2 62 e 	7208.835812083	0.010447850	1
3 5 1 1 21 e 	7209.398712347	0.004024825	1
4 2 1 0 62 e 	7213.411330455	0.006447583	1
0 2 3 0 21 e 	7215.772001470	0.001205573	3
0 2 3 2 22 f 	7216.095709283	0.011211897	1
3 1 2 1 21 f 	7219.218049881	0.002011897	1
4 3 1 1 38 e 	7219.295301740	0.002023006	1
0 0 3 0 74 e 	7221.913282153	0.002359656	1
6 0 1 0 25 e 	7222.875029067	0.006083889	1
0 2 3 0 22 e 	7224.570622017	0.001205539	3
0 2 3 2 23 f 	7225.196298811	0.011214619	1
3 1 2 1 22 e 	7227.831475631	0.002023541	1
3 5 1 1 23 f 	7227.846649250	0.002015247	1
3 0 2 0 54 e 	7229.958888718	0.100287263	1
1 0 3 0 36 e 	7231.100753808	0.200004079	1
0 2 3 0 23 e 	7233.768705292	0.001205647	3
4 3 1 1 39 f 	7235.843313732	0.004023440	1
3 5 1 1 24 e 	7237.136991547	0.004019541	1
3 1 2 1 23 f 	7237.206918026	0.002015173	1
5 1 1 1 49 e 	7243.107250862	0.006617256	1
0 2 3 0 24 e 	7243.367061964	0.002003647	2
1 0 3 0 37 e 	7245.878336557	0.200004105	1
3 5 1 1 25 f 	7247.602664906	0.002019247	1
5 2 1 0 4 e 	7249.741870702	0.010087020	1
4 3 1 1 40 e 	7250.979998377	0.002543006	1
3 0 2 0 55 e 	7251.789339228	0.100289264	1
0 2 3 0 25 e 	7253.365204163	0.002003701	2
5 2 1 0 6 e 	7254.139108906	0.006088354	1
3 4 1 0 56 e 	7254.166278718	0.004287263	1
6 0 1 0 28 e 	7254.931039620	0.006083944	1
3 1 2 1 25 e 	7256.560863020	0.002025543	1
3 1 2 1 25 f 	7256.796644906	0.002019247	1
4 6 0 0 64 e 	7257.638333787	0.008461286	1
1 0 3 0 38 e 	7260.950860350	0.200004118	1
5 1 1 1 50 e 	7262.990698655	0.006174194	1
0 2 3 0 26 e 	7263.762723197	0.002003834	1
0 2 3 2 27 f 	7265.994271081	0.011215371	1
0 2 3 2 27 e 	7266.012261255	0.011223541	1
4 3 1 1 41 f 	7268.412553732	0.004023440	1
3 5 1 1 27 e 	7268.486658272	0.004021946	1
3 0 2 0 56 e 	7274.006176364	0.100367263	2
0 2 3 0 27 e 	7274.559592469	0.001205834	3
1 0 3 0 39 e 	7276.428284602	0.200004134	1
5 2 1 0 12 e 	7276.901572508	0.004088781	1
6 0 1 0 30 e 	7278.282411816	0.006084001	1
3 5 1 1 28 f 	7280.255410416	0.002015371	1
0 0 3 0 76 e 	7281.924131352	0.002626507	1
4 3 1 1 42 e 	7284.262788377	0.002543006	1
0 2 3 0 28 e 	7285.756420724	0.002003834	2
5 0 1 0 71 e 	7287.114310481	0.004796796	1
0 2 3 2 29 f 	7288.791210706	0.011215371	1
0 2 3 2 29 e 	7288.807679905	0.011221320	1
3 1 2 1 28 e 	7288.881474700	0.002021320	1
3 1 2 1 28 f 	7289.181485701	0.004018706	1
3 5 1 1 29 e 	7291.393564883	0.004017946	1
1 0 3 0 40 e 	7292.340567608	0.200004170	1
5 2 1 0 15 e 	7293.674027582	0.002083469	1
3 0 2 0 57 e 	7296.637582853	0.100369264	1
0 2 3 0 29 e 	7297.352789236	0.001205320	3
3 4 1 0 58 e 	7300.487613249	0.004371266	1
0 2 3 2 30 f 	7300.790417183	0.011214920	1
6 0 1 0 32 e 	7303.209479850	0.006084049	1
3 5 1 1 30 f 	7304.033295701	0.002018706	1
1 0 3 0 41 e 	7308.627666626	0.200004242	1
0 2 3 0 30 e 	7309.348596202	0.001205946	3
0 0 3 0 77 e 	7312.521997995	0.002464340	1
0 2 3 2 31 f 	7313.187304538	0.011218706	1
0 2 3 2 31 e 	7313.199400456	0.011217986	1
5 0 1 0 72 e 	7315.640585754	0.005706147	1
4 3 1 1 44 e 	7319.143463496	0.004056320	1
3 0 2 0 58 e 	7319.656003249	0.100371266	1
5 2 1 0 19 e 	7321.625794513	0.002083492	1
0 2 3 0 31 e 	7321.744257822	0.001205320	3
3 4 1 0 59 e 	7324.254790515	0.004447456	1
3 1 2 1 31 e 	7324.798424190	0.002017342	1
1 0 3 0 42 e 	7325.349537823	0.200004320	1
3 5 1 1 32 e 	7328.761538663	0.004021986	1
3 5 1 1 32 f 	7329.419360677	0.002023670	1
6 0 1 0 34 e 	7329.721136060	0.006077392	1
0 2 3 0 32 e 	7334.538931284	0.001205946	3
4 6 0 0 67 e 	7337.149663192	0.010463287	1
4 3 1 1 45 e 	7337.185445952	0.004097256	1
5 2 1 0 21 e 	7337.996446338	0.002436992	1
4 3 1 1 45 f 	7338.367346065	0.004100592	1
1 0 3 0 43 e 	7342.406140425	0.200072242	1
3 0 2 0 59 e 	7343.060353690	0.100447456	2
0 0 3 0 78 e 	7343.515523426	0.002839988	1
0 2 3 0 33 e 	7347.733649987	0.001206001	3
3 4 1 0 60 e 	7348.418340455	0.004447583	1
3 1 2 1 33 f 	7351.163684077	0.004018920	1
4 3 1 1 46 e 	7355.625649792	0.004064320	1
3 5 1 1 34 e 	7355.677558414	0.004018023	1
6 0 1 0 36 e 	7357.811436060	0.006077392	1
0 2 3 0 34 e 	7361.327598209	0.001206008	2
3 1 2 1 34 e 	7364.309798414	0.002018023	1
0 2 3 2 35 f 	7366.773049468	0.011223670	1
0 2 3 2 35 e 	7366.777726880	0.011218023	1
3 0 2 0 60 e 	7366.878390455	0.100447583	1
3 5 1 1 35 f 	7370.506140039	0.002024678	1
6 0 1 0 37 e 	7372.448064871	0.006077408	1
3 4 1 0 61 e 	7372.983815165	0.006447730	1
4 3 1 1 47 e 	7374.462450862	0.010617256	1
0 0 3 0 79 e 	7374.904638599	0.002958014	1
0 2 3 0 35 e 	7375.321836031	0.002004008	1
5 2 1 0 25 e 	7375.529359301	0.002083703	1
4 3 1 1 47 f 	7375.743109005	0.006620592	1
3 1 2 1 35 f 	7378.766221326	0.004022255	1
3 5 1 1 36 e 	7384.195201100	0.004019006	1
0 2 3 0 36 e 	7389.714264867	0.001206008	3
3 0 2 0 61 e 	7391.081225165	0.100447730	1
4 3 1 1 48 f 	7395.034203917	0.006170859	1
0 2 3 2 37 f 	7395.962265856	0.011215670	1
0 2 3 2 37 e 	7395.964618596	0.011218023	1
5 2 1 0 27 e 	7396.690316364	0.002083970	1
6 0 1 0 39 e 	7402.911610846	0.006077502	2
5 0 1 0 75 e 	7403.583939392	0.007543980	1
0 2 3 0 37 e 	7404.506145989	0.001206023	3
0 0 3 0 80 e 	7406.689246925	0.003643190	1
3 1 2 1 37 e 	7407.416621506	0.002024105	1
3 1 2 1 37 f 	7407.969290163	0.004027440	1
0 2 3 2 38 f 	7411.156079374	0.012427440	1
4 3 1 1 49 e 	7413.340495332	0.011137256	1
3 5 1 1 38 e 	7414.312591740	0.004023006	1
3 5 1 1 38 f 	7415.197584810	0.002015670	1
3 0 2 0 62 e 	7415.678752083	0.100447850	1
0 2 3 0 38 e 	7419.697922075	0.001206105	3
3 1 2 1 38 f 	7423.175876720	0.004019670	1
5 2 1 0 30 e 	7431.423497435	0.002083944	1
0 2 3 0 39 e 	7435.288190520	0.001206118	3
0 0 3 0 81 e 	7438.867811708	0.004251689	1
3 0 2 0 63 e 	7440.670271469	0.100447943	2
0 2 3 2 40 e 	7442.726511936	0.011224105	1
0 2 3 2 40 f 	7442.746268374	0.011227440	1
3 4 1 0 64 e 	7449.100743787	0.006461286	1
0 2 3 0 40 e 	7451.278310350	0.002004118	1
4 3 1 1 51 e 	7453.821135332	0.011137256	1
3 1 2 1 40 f 	7454.790064445	0.004539670	1
5 2 1 0 32 e 	7456.575679850	0.004084049	1
3 5 1 1 41 e 	7462.488487215	0.004044242	1
3 0 2 0 64 e 	7466.072513787	0.100461286	1
0 2 3 0 41 e 	7467.667596767	0.001232170	2
1 1 3 1 7 e 	7468.587320423	0.002006471	1
3 1 2 1 41 e 	7470.493197215	0.002044242	1
1 1 3 1 8 e 	7471.772203733	0.002006488	1
4 0 2 0 3 e 	7474.556621797	0.004086887	1
1 1 3 1 9 e 	7475.356939277	0.002005856	1
4 0 2 0 5 e 	7478.126021797	0.002086887	1
3 5 1 1 42 f 	7480.384165075	0.002059656	1
4 0 2 0 6 e 	7480.501860702	0.002087020	1
4 0 2 0 7 e 	7483.276703811	0.002087354	1
5 2 1 0 34 e 	7483.323946060	0.004077392	1
1 1 3 1 11 f 	7483.756302294	0.002006508	1
0 2 3 0 42 e 	7484.455695716	0.002004170	2
4 0 2 0 9 e 	7490.011561355	0.002088753	1
3 0 2 0 65 e 	7491.848336122	0.100463287	2
0 2 3 2 43 f 	7493.112220304	0.023221055	1
4 0 2 0 10 e 	7493.973145712	0.002088765	1
5 0 1 0 78 e 	7495.073681352	0.010226507	1
4 3 1 1 53 f 	7497.492329222	0.010340592	1
4 0 2 0 11 e 	7498.331453743	0.002088775	1
0 2 3 0 43 e 	7501.643415626	0.002004242	1
3 4 1 0 66 e 	7501.853633787	0.006461286	1
4 0 2 0 12 e 	7503.088395712	0.002088765	1
6 0 1 0 45 e 	7503.776525318	0.006517256	1
3 1 2 1 43 e 	7504.434230440	0.002057256	1
3 1 2 1 43 f 	7505.227308024	0.004053920	1
4 0 2 0 13 e 	7508.237433743	0.002088775	1
4 0 2 0 14 e 	7513.785365305	0.002090127	1
3 5 1 1 44 e 	7514.257039792	0.004064320	1
3 0 2 0 66 e 	7518.037222401	0.100465289	1
4 3 1 1 54 f 	7519.184316854	0.006254862	2
0 2 3 0 44 e 	7519.229068823	0.002004320	1
4 0 2 0 15 e 	7519.728157582	0.002083469	1
3 1 2 1 44 e 	7522.005769792	0.002064320	1
3 1 2 1 44 f 	7522.847495328	0.004067656	1
4 0 2 0 16 e 	7526.065595305	0.002090127	1
4 0 2 0 17 e 	7532.801877582	0.002083469	1
3 5 1 1 45 f 	7533.459706065	0.002100592	1
0 2 3 0 45 e 	7537.216652425	0.002072242	1
0 0 3 0 84 e 	7537.772196489	0.004984118	1
4 0 2 0 18 e 	7539.933153276	0.002083482	1
6 0 1 0 47 e 	7540.552939032	0.006199313	1
3 1 2 1 45 f 	7540.869206065	0.004100592	1
3 0 2 0 67 e 	7544.614116826	0.100543287	1
0 2 3 2 46 e 	7547.049245823	0.011297256	1
4 0 2 0 20 e 	7555.383837891	0.002003517	2
0 2 3 0 46 e 	7555.599289803	0.002074244	2
3 1 2 1 46 e 	7558.352999792	0.006064320	1
4 0 2 0 21 e 	7563.703992646	0.002003608	3
1 1 3 1 23 e 	7567.355257347	0.002024825	1
1 1 3 1 23 f 	7567.503254138	0.002015173	2
3 5 1 1 47 e 	7569.613440862	0.004617256	1
3 5 1 1 47 f 	7570.831189005	0.004620592	1
0 0 3 0 85 e 	7571.531054525	0.005399150	1
3 0 2 0 68 e 	7571.579231248	0.004718797	1
0 2 3 0 47 e 	7574.382985674	0.002117256	1
1 1 3 1 24 f 	7577.073045579	0.002019208	1
3 1 2 1 47 e 	7577.122815952	0.006097256	1
4 0 2 0 23 e 	7581.530059301	0.002083703	1
1 1 3 1 25 f 	7587.040913250	0.002015247	1
4 0 2 0 24 e 	7591.038802403	0.002083663	1
0 2 3 0 48 e 	7593.565938121	0.001357256	2
3 1 2 1 48 e 	7596.299868655	0.006174194	1
3 1 2 1 48 f 	7597.362603917	0.006170859	2
6 0 1 0 50 e 	7598.682219047	0.006211988	1
3 0 2 0 69 e 	7598.956640481	0.100796796	1
4 0 2 0 25 e 	7600.941089301	0.002083703	1
5 2 1 0 42 e 	7606.263396210	0.006145626	1
1 1 3 1 27 e 	7607.971374743	0.002021543	1
1 1 3 1 27 f 	7608.172907487	0.002018920	1
4 3 1 1 58 f 	7609.948035804	0.010654862	1
4 0 2 0 26 e 	7611.239565566	0.002083827	1
0 2 3 0 49 e 	7613.146610358	0.002121259	2
3 1 2 1 49 f 	7616.999249131	0.007140592	1
1 1 3 1 28 e 	7619.120027031	0.002023541	1
1 1 3 1 28 f 	7619.335140558	0.002015371	2
4 0 2 0 27 e 	7621.933014802	0.002003771	2
3 2 2 2 7 e 	7622.696593006	0.017206850	1
3 2 2 2 7 f 	7622.696605738	0.017206843	1
3 0 2 0 70 e 	7626.707841201	0.101212472	2
3 5 1 1 50 e 	7628.551712130	0.005374194	1
3 5 1 1 50 f 	7629.862946194	0.005454862	1
1 1 3 1 29 e 	7630.665622272	0.002021946	1
1 1 3 1 29 f 	7630.897104193	0.002014920	2
4 0 2 0 28 e 	7633.024779620	0.002083944	1
0 2 3 0 50 e 	7633.126710398	0.002123260	2
3 2 2 2 10 e 	7633.499163127	0.014005849	1
3 1 2 1 50 e 	7635.861128655	0.006174194	1
0 0 3 0 87 e 	7640.227741902	0.006779828	1
1 1 3 1 30 e 	7642.609465701	0.002021320	1
4 0 2 0 29 e 	7644.510516364	0.002083970	1
3 2 2 2 13 e 	7647.908832549	0.014006505	1
3 2 2 2 13 f 	7647.909014812	0.014006498	1
0 2 3 0 51 e 	7653.504593412	0.002125262	1
3 0 2 0 71 e 	7654.876648447	0.101290471	1
1 1 3 1 31 f 	7655.215027077	0.002018920	1
3 1 2 1 51 e 	7656.239668782	0.008337256	1
4 0 2 0 30 e 	7656.393111816	0.002084001	1
5 2 1 0 45 e 	7658.948605318	0.006517256	1
3 2 2 2 15 e 	7659.511976894	0.014007291	1
3 2 2 2 15 f 	7659.512534876	0.014007285	1
1 1 3 1 32 f 	7667.972379232	0.002022706	1
4 0 2 0 31 e 	7668.670042069	0.002084041	1
3 5 1 1 52 e 	7669.833030688	0.006574194	1
3 5 1 1 52 f 	7671.195066194	0.005454862	1
3 2 2 2 17 f 	7672.716412702	0.014007285	1
0 2 3 0 52 e 	7674.283914148	0.002283260	1
3 1 2 1 52 e 	7677.030720688	0.008574194	1
1 1 3 1 33 f 	7681.125227326	0.002022255	1
4 0 2 0 32 e 	7681.343569850	0.002084049	1
3 0 2 0 72 e 	7683.421707255	0.101706147	2
3 5 1 1 53 e 	7691.065817268	0.005555262	1
4 0 2 0 33 e 	7694.412212069	0.002084041	1
3 1 2 1 53 e 	7698.212917268	0.007555262	1
3 2 2 2 21 f 	7703.790395811	0.014014619	1
3 2 2 2 21 e 	7703.929879718	0.014010626	1
4 0 2 0 34 e 	7707.876746060	0.002077392	1
0 0 3 0 89 e 	7710.503102811	0.008087123	1
3 0 2 0 73 e 	7712.369517028	0.101543980	2
3 5 1 1 54 f 	7714.106461810	0.005454862	1
0 2 3 0 54 e 	7717.033761718	0.002287263	1
4 0 2 0 35 e 	7721.736414871	0.002077408	1
3 2 2 2 23 f 	7721.795229427	0.014015208	1
3 2 2 2 23 e 	7721.811725010	0.014019541	1
3 2 2 2 24 f 	7731.397899090	0.014015247	1
3 5 1 1 55 e 	7734.730220321	0.004355262	1
4 0 2 0 36 e 	7735.989453023	0.002077489	1
0 2 3 0 55 e 	7739.006798264	0.002285262	1
3 1 2 1 55 f 	7743.345602590	0.011540592	1
4 0 2 0 37 e 	7750.641236877	0.002077502	1
3 5 1 1 56 f 	7758.590521810	0.005454862	1
3 2 2 2 27 f 	7762.602240081	0.016015371	1
3 2 2 2 27 e 	7762.613724255	0.014023541	1
4 0 2 0 38 e 	7765.687103023	0.002077489	1
3 0 2 0 75 e 	7771.448205423	0.005797488	1
4 0 2 0 39 e 	7781.127804814	0.002077554	1
3 5 1 1 57 f 	7781.426243434	0.004416863	1
3 2 2 2 29 f 	7785.404711538	0.016018706	1
3 2 2 2 29 e 	7785.410039456	0.016017986	1
4 0 2 0 40 e 	7796.964843130	0.002077518	1
3 2 2 2 30 e 	7797.387975117	0.016017342	1
3 2 2 2 30 f 	7797.402851725	0.016014920	1
2 4 2 0 2 e 	7799.164614617	0.004000160	1
3 0 2 0 76 e 	7801.581321352	0.102226507	1
3 5 1 1 58 e 	7803.198988857	0.005555395	1
2 4 2 0 7 e 	7809.202949774	0.002002015	1
2 0 3 0 0 e 	7811.953333308	0.002000067	1
2 0 3 0 2 e 	7813.143834617	0.002000160	1
2 4 2 0 9 e 	7816.027785764	0.002002038	1
2 0 3 0 5 e 	7817.903405968	0.002001961	1
3 2 2 2 32 e 	7822.581252809	0.016017342	1
3 2 2 2 32 f 	7822.598035573	0.016018920	1
2 0 3 0 7 e 	7823.060226969	0.004001961	1
2 0 3 0 8 e 	7826.233884102	0.004001997	3
2 4 2 0 12 e 	7829.275348578	0.002003389	1
2 0 3 0 9 e 	7829.804164769	0.004002015	2
4 0 2 0 42 e 	7829.821006210	0.002145626	1
3 0 2 0 77 e 	7832.113517995	0.102064340	1
2 0 3 0 10 e 	7833.771404265	0.004002026	2
2 0 3 0 11 e 	7838.133288896	0.004002038	3
2 0 3 0 12 e 	7842.892554774	0.004002048	2
2 4 2 0 15 e 	7846.136591560	0.002003427	1
2 0 3 0 13 e 	7848.051680296	0.004002055	2
3 2 2 2 34 e 	7849.370875613	0.016018008	1
3 2 2 2 34 f 	7849.395152811	0.016022255	1
3 5 1 1 60 e 	7850.834203581	0.007555635	1
3 5 1 1 60 f 	7852.280692863	0.004417183	1
2 0 3 0 14 e 	7853.601934330	0.004003389	3
2 4 2 0 17 e 	7859.383221560	0.002003427	1
2 0 3 0 15 e 	7859.552309214	0.004003400	2
2 0 3 0 16 e 	7865.900009727	0.004003414	3
2 0 3 0 17 e 	7872.642989595	0.004003427	2
3 2 2 2 36 f 	7877.791315374	0.021227440	1
2 0 3 0 18 e 	7879.783269210	0.004003437	2
2 4 2 0 20 e 	7882.263258206	0.002003573	1
2 0 3 0 19 e 	7887.320111634	0.004003490	3
3 2 2 2 37 e 	7892.572014596	0.020018023	1
3 2 2 2 37 f 	7892.589549856	0.020015670	1
3 0 2 0 79 e 	7894.348508599	0.006558014	1
2 0 3 0 20 e 	7895.251441484	0.004003517	2
3 5 1 1 62 e 	7900.056456990	0.011555835	1
4 0 2 0 46 e 	7900.272163814	0.004117256	1
3 5 1 1 62 f 	7901.486032357	0.004417390	1
2 0 3 0 21 e 	7903.582236536	0.004003539	3
3 2 2 2 38 e 	7907.749453126	0.020021342	1
3 2 2 2 38 f 	7907.784875374	0.021227440	1
2 4 2 0 23 e 	7908.753925797	0.002003608	1
2 0 3 0 22 e 	7912.308782648	0.004003573	2
4 0 2 0 47 e 	7918.872441515	0.004199313	1
2 0 3 0 23 e 	7921.431901039	0.004003608	3
3 5 1 1 63 e 	7925.283599216	0.012449561	1
3 0 2 0 80 e 	7926.060686925	0.008443190	1
3 5 1 1 63 f 	7926.678595055	0.004497450	1
2 0 3 0 24 e 	7930.952654464	0.004003647	2
4 0 2 0 48 e 	7937.863213063	0.002201314	1
3 2 2 2 40 e 	7939.346026767	0.020020105	1
3 2 2 2 40 f 	7939.367507884	0.021247578	1
2 0 3 0 25 e 	7940.868136163	0.004003701	2
3 1 2 1 64 e 	7949.066203461	0.008462904	1
2 4 2 0 27 e 	7949.690519591	0.002003889	1
2 0 3 0 26 e 	7951.182707231	0.004003722	3
4 0 2 0 49 e 	7957.247679147	0.002209987	1
3 0 2 0 81 e 	7958.172411560	0.103051689	2
1 2 3 0 1 e 	7958.438648857	0.002000133	1
1 2 3 0 2 e 	7959.237074617	0.002000160	1
2 12 0 0 4 e 	7961.341232626	0.008000627	1
2 0 3 0 27 e 	7961.892206866	0.004003771	3
1 2 3 0 4 e 	7962.036424617	0.002000160	1
1 2 3 0 5 e 	7964.037047431	0.002000294	1
2 12 0 0 6 e 	7965.825560813	0.008001997	1
1 2 3 0 6 e 	7966.436482626	0.002000627	1
2 12 0 0 7 e 	7968.673527871	0.004001961	2
1 2 3 0 7 e 	7969.234899774	0.002002015	1
2 12 0 0 8 e 	7971.930954560	0.004002026	1
1 2 3 0 8 e 	7972.438162687	0.002001997	2
3 2 2 2 42 e 	7972.515366767	0.020020105	1
3 2 2 2 42 f 	7972.547947884	0.021247578	1
2 0 3 0 28 e 	7973.000084724	0.004003834	2
2 12 0 0 9 e 	7975.590289774	0.002002015	1
1 2 3 0 9 e 	7976.042295764	0.002002038	1
4 0 2 0 50 e 	7977.025929047	0.002211988	1
3 5 1 1 65 f 	7978.245961631	0.004510886	1
2 12 0 0 10 e 	7979.654082970	0.002002048	1
1 2 3 0 10 e 	7980.052428765	0.002002026	2
2 12 0 0 11 e 	7984.117674723	0.002002055	1
1 2 3 0 11 e 	7984.468220243	0.002002038	2
2 0 3 0 29 e 	7984.502591715	0.004003889	3
2 12 0 0 12 e 	7988.972885774	0.002002048	2
1 2 3 0 12 e 	7989.301900774	0.002002048	2
3 0 2 0 82 e 	7990.676749676	0.102836796	2
1 2 3 0 13 e 	7994.212937796	0.002002055	2
2 12 0 0 13 e 	7994.553600869	0.004003400	1
2 0 3 0 30 e 	7996.403353819	0.004003915	2
2 4 2 0 31 e 	7997.040350940	0.002003946	1
4 0 2 0 51 e 	7997.198605361	0.002289987	1
1 2 3 0 14 e 	7999.839237081	0.002003414	1
2 12 0 0 14 e 	8000.232912829	0.004003389	2
1 2 3 0 15 e 	8005.851331560	0.002003427	1
2 12 0 0 15 e 	8006.327740869	0.010003400	1
2 0 3 0 31 e 	8008.701046312	0.004003993	1
1 2 3 0 16 e 	8012.254267081	0.002003414	1
4 0 2 0 52 e 	8017.763425427	0.002298659	1
1 2 3 0 17 e 	8019.050681560	0.002003427	1
2 12 0 0 17 e 	8019.771901560	0.010003427	1
2 0 3 0 32 e 	8021.394505913	0.004004001	2
1 2 3 0 18 e 	8026.244627657	0.002003437	1
2 0 3 0 33 e 	8034.484734031	0.004004008	1
2 4 2 0 34 e 	8036.761719012	0.002004023	1
4 0 2 0 53 e 	8038.713677762	0.004376658	1
1 2 3 0 20 e 	8041.823968206	0.002003573	1
2 0 3 0 34 e 	8047.974052012	0.004004023	2
1 2 3 0 21 e 	8050.210403234	0.002003539	1
3 1 2 1 68 e 	8055.749495767	0.016543287	1
3 0 2 0 84 e 	8056.878236489	0.103784118	1
1 2 3 0 22 e 	8058.996518206	0.002003573	1
4 0 2 0 54 e 	8060.055309516	0.006385331	1
2 0 3 0 35 e 	8061.853027788	0.004004070	1
2 4 2 0 36 e 	8065.242153808	0.002004079	1
1 2 3 0 23 e 	8068.180385797	0.002003608	1
2 0 3 0 36 e 	8076.141439012	0.002004023	1
1 2 3 0 24 e 	8077.762691464	0.002003647	2
4 0 2 0 55 e 	8081.774686420	0.010387332	1
3 5 1 1 69 f 	8086.134288887	0.014796796	1
1 2 3 0 25 e 	8087.745322163	0.002003701	2
3 0 2 0 85 e 	8090.556854525	0.010199150	1
2 4 2 0 38 e 	8095.324753808	0.002004079	1
1 2 3 0 26 e 	8098.127962017	0.002003722	2
4 0 2 0 56 e 	8104.638799516	0.010385331	1
2 0 3 0 38 e 	8105.896870350	0.002004118	1
2 12 0 2 27 e 	8108.759413915	0.002003771	2
1 2 3 0 27 e 	8108.910663915	0.002003771	2
0 0 4 0 2 e 	8111.922324617	0.004000160	1
0 0 4 0 4 e 	8114.694814617	0.002000160	1
0 0 4 0 6 e 	8119.054232626	0.002000627	1
1 2 3 0 28 e 	8120.064369724	0.002003834	2
2 12 0 2 28 e 	8120.190292248	0.002003915	2
0 0 4 0 7 e 	8121.827789774	0.002002015	1
3 0 2 0 86 e 	8124.663703338	0.104464589	1
0 0 4 0 8 e 	8124.997354560	0.002002026	1
2 4 2 0 40 e 	8127.006010350	0.002004118	1
0 0 4 0 9 e 	8128.564255764	0.002002038	1
1 2 3 0 29 e 	8131.649631861	0.002003889	2
0 0 4 0 10 e 	8132.526408765	0.002002026	2
0 0 4 0 11 e 	8136.885105243	0.002002038	2
2 0 3 0 40 e 	8137.241917608	0.002004170	1
0 0 4 0 12 e 	8141.635965774	0.002002048	2
1 2 3 0 30 e 	8143.625380319	0.002003915	2
0 0 4 0 13 e 	8146.786947796	0.002002055	2
0 0 4 0 14 e 	8152.333377081	0.002003414	1
1 2 3 0 31 e 	8155.999088626	0.002003946	2
0 0 4 0 15 e 	8158.276921560	0.002003427	1
2 4 2 0 42 e 	8160.286867608	0.002004170	1
1 2 3 0 32 e 	8168.772357850	0.002003986	2
2 0 3 0 42 e 	8170.176577823	0.002004320	1
0 0 4 0 17 e 	8171.350181560	0.002003427	1
4 0 2 0 59 e 	8173.250433541	0.010484677	1
1 2 3 0 33 e 	8181.944854671	0.002003993	2
0 0 4 0 20 e 	8193.929392763	0.002003517	1
3 0 2 0 88 e 	8194.012710818	0.015345198	1
2 4 2 0 44 e 	8195.162780187	0.002074244	1
1 2 3 0 34 e 	8195.510919662	0.002004001	2
3 1 2 1 73 e 	8198.048623033	0.017706147	1
2 0 3 0 44 e 	8204.701580187	0.002074244	1
1 2 3 0 35 e 	8209.480501788	0.002004070	1
0 0 4 0 23 e 	8220.070855797	0.002003608	1
2 0 3 0 45 e 	8222.561884674	0.002117256	1
1 2 3 0 37 e 	8238.612211788	0.002004070	1
0 0 4 0 25 e 	8239.477396087	0.002003701	1
2 4 2 0 47 e 	8250.469856304	0.002121259	1
1 2 3 0 38 e 	8253.775650350	0.002004118	1
3 1 2 1 75 e 	8257.460361771	0.017959656	1
2 0 3 0 47 e 	8259.476666304	0.002121259	1
3 0 2 0 90 e 	8264.996534340	0.106100465	1
0 0 4 0 28 e 	8271.555975251	0.002003915	1
1 2 3 0 40 e 	8285.298480350	0.002004118	1
2 4 2 0 49 e 	8289.331486304	0.002121259	1
2 1 3 1 3 e 	8294.220097165	0.004011122	1
2 1 3 1 4 e 	8295.814571290	0.004009762	1
2 1 3 1 4 f 	8295.820936978	0.004009756	1
2 0 3 0 49 e 	8297.986756412	0.002125262	1
1 2 3 0 41 e 	8301.656046626	0.002004242	1
2 1 3 1 7 f 	8302.996660645	0.004006457	1
0 0 4 0 31 e 	8307.194376312	0.002003993	1
2 1 3 1 11 e 	8318.102224277	0.004005856	1
2 1 3 1 13 e 	8328.051127530	0.004009849	1
2 4 2 0 51 e 	8329.782906412	0.002125262	1
3 0 2 0 92 e 	8337.583525484	0.107247926	1
2 0 3 0 51 e 	8338.096432842	0.004205262	1
2 1 3 1 15 e 	8339.590587530	0.002009849	1
2 1 3 1 15 f 	8339.674361837	0.004007515	1
0 0 4 0 34 e 	8346.391259012	0.002004023	1
2 1 3 1 17 e 	8352.721423361	0.002016825	1
1 2 3 0 44 e 	8353.123697823	0.002004320	1
2 1 3 1 18 f 	8360.001311126	0.004007285	1
2 1 3 1 19 e 	8367.443353361	0.002016825	1
1 2 3 0 45 e 	8371.075244674	0.002117256	1
2 4 2 0 53 e 	8371.821256264	0.002285262	1
3 0 2 0 93 e 	8374.501250374	0.107468078	1
2 1 3 1 20 f 	8375.545332598	0.002010619	1
2 0 3 0 53 e 	8379.804726264	0.004285262	1
0 0 4 0 37 e 	8389.148226557	0.002004105	1
1 2 3 0 46 e 	8389.425396418	0.002119257	1
2 1 3 1 22 f 	8392.680913361	0.002015208	1
2 0 3 0 54 e 	8401.259348718	0.004287263	1
2 1 3 1 23 e 	8401.656792347	0.002024825	1
1 2 3 0 47 e 	8408.174264674	0.002117256	1
2 4 2 0 55 e 	8415.440929228	0.002289264	1
0 0 4 0 39 e 	8419.628524602	0.002004134	1
2 1 3 1 25 e 	8421.148093743	0.002021543	1
1 2 3 0 48 e 	8427.320964882	0.002119257	2
2 4 2 0 56 e 	8437.843762398	0.002367263	1
2 1 3 1 27 e 	8442.229038272	0.002021946	1
2 1 3 1 27 f 	8442.484297487	0.002018920	1
2 0 3 0 56 e 	8445.377432398	0.004367263	1
1 2 3 0 49 e 	8446.865516358	0.002121259	2
0 0 4 0 41 e 	8451.688456626	0.002004242	1
2 1 3 1 28 f 	8453.640435701	0.002018706	1
1 3 3 1 3 e 	8460.776854573	0.008009094	1
1 3 3 1 4 e 	8462.378201290	0.008009762	1
2 1 3 1 29 e 	8464.898824883	0.002017946	1
1 3 3 1 6 f 	8466.789724822	0.004005756	1
1 2 3 0 50 e 	8466.808449398	0.002123260	2
2 0 3 0 57 e 	8468.039182853	0.004369264	1
0 0 4 0 42 e 	8468.312927823	0.002004320	1
1 3 3 1 8 e 	8472.763852409	0.004005822	1
1 3 3 1 9 e 	8476.361193423	0.004006471	1
1 3 3 1 10 e 	8480.354293733	0.004006488	1
1 3 3 1 10 f 	8480.409970026	0.004006475	1
2 4 2 0 58 e 	8483.831232398	0.002367263	1
1 3 3 1 11 e 	8484.750021529	0.004006515	1
0 0 4 0 43 e 	8485.329720425	0.002072242	1
1 2 3 0 51 e 	8487.149406412	0.002125262	1
2 1 3 1 31 e 	8489.155424190	0.002017342	1
1 3 3 1 12 e 	8489.544634273	0.004006632	1
2 0 3 0 58 e 	8491.105163249	0.004371266	1
1 3 3 1 13 e 	8494.738231529	0.004006515	1
1 3 3 1 14 e 	8500.332413565	0.004010632	1
2 1 3 1 32 f 	8502.231460677	0.002023670	1
0 0 4 0 44 e 	8502.743290187	0.002074244	1
1 3 3 1 15 f 	8506.440324728	0.004007874	1
2 4 2 0 59 e 	8507.415350515	0.002447456	1
1 2 3 0 52 e 	8507.886875452	0.002203260	1
2 0 3 0 59 e 	8514.573100515	0.004447456	1
0 0 4 0 45 e 	8520.550114674	0.002117256	1
1 3 3 1 18 e 	8526.699232941	0.004017414	1
1 3 3 1 18 f 	8526.864072598	0.004010619	1
2 1 3 1 34 e 	8528.519848663	0.002021986	1
1 2 3 0 53 e 	8529.023162842	0.002205262	1
2 4 2 0 60 e 	8531.391220455	0.002447583	1
1 3 3 1 19 e 	8534.288350777	0.004020825	1
1 3 3 1 19 f 	8534.469809881	0.004011897	1
2 0 3 0 60 e 	8538.447190455	0.004447583	1
0 0 4 0 46 e 	8538.750766418	0.004119257	1
1 3 3 1 20 e 	8542.275911316	0.004017437	1
2 1 3 1 35 f 	8542.850431326	0.002022255	1
1 2 3 0 54 e 	8550.556388148	0.002283260	1
1 3 3 1 21 e 	8550.665372347	0.004024825	1
2 1 3 1 36 e 	8556.745181100	0.002019006	1
2 1 3 1 36 f 	8557.182634810	0.002015670	1
0 0 4 0 47 e 	8557.348996304	0.004121259	1
1 3 3 1 22 e 	8559.450962367	0.004020771	1
1 3 3 1 23 e 	8568.640502347	0.004024825	1
1 3 3 1 23 f 	8568.908068026	0.002015173	1
2 1 3 1 37 e 	8571.454001506	0.002024105	1
0 0 4 0 48 e 	8576.342163345	0.004123260	1
1 3 3 1 24 e 	8578.225301547	0.004019541	1
1 3 3 1 24 f 	8578.515607579	0.002019208	1
2 4 2 0 62 e 	8580.520812083	0.002447850	1
2 1 3 1 38 f 	8587.041396720	0.002019670	1
2 0 3 0 62 e 	8587.410762083	0.006447850	1
1 3 3 1 25 e 	8588.211293743	0.004021543	1
1 2 3 0 56 e 	8594.818232398	0.002367263	1
0 0 4 0 49 e 	8595.732126412	0.004125262	1
1 3 3 1 26 f 	8598.935700416	0.002015371	1
2 4 2 0 63 e 	8605.674226839	0.004447943	1
2 0 3 0 63 e 	8612.505706839	0.006447943	1
0 0 4 0 50 e 	8615.513355452	0.004203260	1
0 1 4 1 8 e 	8615.850663733	0.006006488	1
0 1 4 1 8 f 	8615.869760026	0.006006475	1
1 2 3 0 57 e 	8617.545432853	0.002369264	1
2 1 3 1 40 e 	8617.956575059	0.002023006	2
2 1 3 1 40 f 	8618.489104445	0.002539670	1
0 1 4 1 9 e 	8619.420593423	0.006006471	1
0 1 4 1 9 f 	8619.441933875	0.006005842	1
1 3 3 1 28 e 	8620.562874701	0.006021320	1
2 1 3 1 41 e 	8634.252227215	0.002044242	1
0 0 4 0 51 e 	8635.689542842	0.004205262	1
0 1 4 1 13 e 	8637.669861529	0.006006515	1
2 0 3 0 64 e 	8638.001403787	0.006461286	1
1 2 3 0 58 e 	8640.668703249	0.004371266	1
0 1 4 1 14 e 	8643.225647694	0.006014632	1
0 1 4 1 14 f 	8643.276566603	0.006007860	1
1 3 3 1 30 f 	8644.574752232	0.002022706	1
2 1 3 1 42 f 	8651.521485075	0.002059656	1
0 1 4 1 16 f 	8655.589731126	0.006007285	1
1 3 3 1 31 e 	8656.504694190	0.006017342	1
1 2 3 0 59 e 	8664.193830515	0.004447456	1
3 0 3 0 9 e 	8664.506731355	0.004088753	1
3 0 3 0 10 e 	8668.461782030	0.004088741	1
2 1 3 1 43 f 	8668.634048024	0.002053920	1
1 3 3 1 32 f 	8669.796362232	0.002022706	1
0 1 4 1 19 e 	8676.944110777	0.006020825	1
0 1 4 1 19 f 	8677.033209881	0.006011897	1
0 0 4 0 53 e 	8677.227326264	0.004285262	1
3 0 3 0 13 e 	8682.691688209	0.004089782	1
1 3 3 1 33 f 	8683.002371326	0.004022255	1
2 0 3 0 66 e 	8683.481062401	0.004465289	1
0 1 4 1 20 e 	8684.877862367	0.006020771	1
0 1 4 1 20 f 	8684.975865031	0.006014619	1
2 1 3 1 44 e 	8685.510589792	0.002064320	1
1 2 3 0 60 e 	8688.111420455	0.004447583	1
1 3 3 1 34 e 	8696.040708663	0.006021986	1
0 0 4 0 54 e 	8698.587218718	0.004287263	1
3 0 3 0 16 e 	8700.479775305	0.004090127	1
2 1 3 1 45 e 	8703.389385952	0.002097256	1
2 1 3 1 45 f 	8704.047596065	0.002100592	1
2 0 3 0 67 e 	8710.202046826	0.004543287	1
1 3 3 1 35 f 	8710.625840039	0.004024678	1
0 1 4 1 23 f 	8711.188019250	0.006015247	1
0 0 4 0 55 e 	8720.339979228	0.004289264	1
2 1 3 1 46 e 	8721.662294501	0.004170192	1
3 0 3 0 19 e 	8721.824766338	0.004436992	1
3 0 3 0 20 e 	8729.726438020	0.004083546	1
2 4 2 2 68 e 	8734.740472401	0.008465289	1
1 2 3 0 62 e 	8737.143332083	0.004447850	1
3 0 3 0 21 e 	8738.028936338	0.004436992	1
1 3 3 1 37 e 	8739.162969108	0.006021342	1
2 1 3 1 47 e 	8740.333000862	0.004617256	1
0 1 4 1 26 e 	8740.804853031	0.010023541	1
0 1 4 1 26 f 	8740.965190416	0.010015371	1
2 1 3 1 47 f 	8741.046389005	0.002620592	1
0 0 4 0 56 e 	8742.486852398	0.004367263	1
3 0 3 0 22 e 	8746.721652403	0.004083663	1
0 1 4 1 27 e 	8751.511313743	0.006021543	1
0 1 4 1 27 f 	8751.687137487	0.010018920	1
1 3 3 1 38 f 	8755.049306720	0.004019670	1
3 0 3 0 23 e 	8755.810549301	0.004083703	1
2 1 3 1 48 e 	8759.399998655	0.004174194	1
2 1 3 1 48 f 	8760.141043917	0.002170859	1
0 1 4 1 28 e 	8762.616423031	0.006023541	1
2 0 3 0 69 e 	8764.822980481	0.008796796	1
3 0 3 0 24 e 	8765.297045566	0.004083827	1
3 0 3 0 25 e 	8775.174609067	0.004083889	1
2 1 3 1 49 e 	8778.864685332	0.005137256	1
2 1 3 1 49 f 	8779.630779005	0.004620592	1
0 1 4 1 30 e 	8786.008105912	0.010017986	1
0 1 4 1 31 f 	8798.543343988	0.010014920	2
2 1 3 1 50 f 	8799.518036194	0.005454862	1
1 3 3 1 41 e 	8802.243057215	0.006044242	1
1 3 3 1 41 f 	8803.072637273	0.004047578	1
3 0 3 0 28 e 	8807.181897435	0.004083944	1
2 2 3 0 11 e 	8812.771611355	0.016088753	1
1 2 3 0 65 e 	8813.665223192	0.004463287	1
3 0 3 0 29 e 	8818.640307014	0.004083970	1
2 1 3 1 51 f 	8819.799059222	0.010340592	1
1 3 3 1 42 f 	8819.878615075	0.004059656	1
0 1 4 1 33 e 	8824.078479758	0.010018008	1
0 1 4 1 33 f 	8824.348334077	0.010018920	1
2 2 3 0 14 e 	8828.324592508	0.016088781	1
3 0 3 0 30 e 	8830.490237435	0.004083944	1
1 3 3 1 43 e 	8836.178677215	0.006044242	1
1 3 3 1 43 f 	8837.086798024	0.004053920	1
0 1 4 1 34 e 	8837.561818414	0.010018023	1
2 1 3 1 52 f 	8840.476266194	0.007454862	1
2 4 2 2 72 e 	8849.744265754	0.011706147	1
0 1 4 1 35 e 	8851.445559108	0.010021342	1
1 3 3 1 44 e 	8853.739639792	0.006064320	1
3 0 3 0 32 e 	8855.368739850	0.006084049	1
0 0 4 0 61 e 	8859.144675165	0.006447730	1
2 2 3 0 19 e 	8862.213486338	0.016436992	1
2 2 3 0 20 e 	8870.183437810	0.016437026	1
1 3 3 1 45 e 	8871.701810440	0.006057256	1
2 0 3 0 73 e 	8876.441898447	0.009290471	1
3 0 3 0 34 e 	8881.847779850	0.004084049	1
2 1 3 1 54 f 	8883.018771898	0.010254862	1
1 3 3 1 46 e 	8890.058904501	0.006170192	1
0 1 4 1 38 e 	8895.447751100	0.010019006	1
3 0 3 0 35 e 	8895.674990065	0.004084057	1
2 1 3 1 55 f 	8904.887122590	0.015540592	1
3 0 3 0 36 e 	8909.894749542	0.004077392	2
3 0 3 0 37 e 	8924.511954871	0.004077408	1
1 3 3 1 48 e 	8927.975814501	0.006170192	1
0 0 4 0 64 e 	8933.859403787	0.006461286	1
3 0 3 0 38 e 	8939.519623023	0.004077489	1
2 1 3 1 57 f 	8949.809467140	0.015216863	1
1 0 4 0 3 e 	8957.250117431	0.020000294	1
1 0 4 0 4 e 	8958.840662626	0.020000627	1
1 0 4 0 6 e 	8963.191840813	0.020001997	2
1 0 4 0 7 e 	8965.960682871	0.020001961	2
1 0 4 0 8 e 	8969.128754560	0.020002026	1
1 0 4 0 9 e 	8972.713459774	0.020002015	1
2 1 3 1 58 f 	8972.859055804	0.014654862	1
1 0 4 0 10 e 	8976.664332970	0.020002048	1
1 0 4 0 11 e 	8981.035594723	0.020002055	1
1 0 4 0 12 e 	8985.782410774	0.020002048	2
1 3 3 1 51 e 	8987.841345332	0.011137256	1
1 0 4 0 13 e 	8990.927594723	0.020002055	1
1 0 4 0 14 e 	8996.490302829	0.020003389	2
1 0 4 0 15 e 	9002.430411214	0.020003400	2
1 0 4 0 16 e 	9008.773607369	0.020003414	2
1 0 4 0 17 e 	9015.513874595	0.020003427	2
1 0 4 0 18 e 	9022.644097657	0.020003437	1
1 0 4 0 19 e 	9030.166927631	0.020003490	1
1 0 4 0 20 e 	9038.086420484	0.020003517	2
1 0 4 0 21 e 	9046.409673234	0.020003539	2
1 0 4 0 22 e 	9055.119548206	0.020003573	1
1 0 4 0 23 e 	9064.227395797	0.020003608	1
1 0 4 0 24 e 	9073.744693090	0.020003647	1
1 0 4 0 25 e 	9083.646416087	0.020003701	1
1 0 4 0 26 e 	9093.940539838	0.020003722	1
1 0 4 0 27 e 	9104.636038240	0.020003771	1
1 0 4 0 28 e 	9115.716884197	0.020003834	1
1 0 4 0 29 e 	9127.196049591	0.020003889	1
3 0 3 0 49 e 	9130.642261515	0.004199313	1
1 0 4 0 30 e 	9139.079505251	0.020003915	1
3 0 3 0 50 e 	9150.379643063	0.004201314	1
1 0 4 0 31 e 	9151.336220940	0.020003946	2
1 0 4 0 32 e 	9164.010165386	0.020003986	1
3 0 3 0 51 e 	9170.511999147	0.004209987	1
1 0 4 0 33 e 	9177.054306312	0.020003993	1
1 0 4 0 34 e 	9190.529610313	0.020004001	1
3 0 3 0 52 e 	9191.037109047	0.004211988	1
1 0 4 0 35 e 	9204.384043031	0.020004008	2
1 0 4 0 39 e 	9263.718336557	0.020004105	1
1 0 4 0 40 e 	9279.530860350	0.020004118	2
1 0 4 0 41 e 	9295.748284602	0.020004134	1
1 2 4 0 2 e 	9934.727274617	0.020000160	1
1 2 4 0 4 e 	9937.502662626	0.020000627	1
1 2 4 0 5 e 	9939.480905968	0.020001961	1
1 2 4 0 7 e 	9944.653682871	0.020001961	2
1 2 4 0 8 e 	9947.820297687	0.020001997	2
1 2 4 0 9 e 	9951.400087769	0.020002015	2
1 2 4 0 10 e 	9955.382754560	0.020002026	2
1 2 4 0 11 e 	9959.739715764	0.020002038	1
1 2 4 0 12 e 	9964.514410774	0.020002048	2
1 2 4 0 13 e 	9969.690297796	0.020002055	2
1 2 4 0 14 e 	9975.234302829	0.020003389	2
1 2 4 0 15 e 	9981.195911214	0.020003400	2
1 2 4 0 16 e 	9987.535607369	0.020003414	2
1 2 4 0 17 e 	9994.306374595	0.020003427	2
1 2 4 0 18 e 	10001.451195210	0.020003437	2
1 2 4 0 19 e 	10008.999050432	0.020003490	2
1 2 4 0 20 e 	10016.944420484	0.020003517	2
1 2 4 0 21 e 	10025.280284516	0.020003539	2
1 2 4 0 22 e 	10034.017120648	0.020003573	2
1 2 4 0 23 e 	10043.140405942	0.020003608	2
1 2 4 0 24 e 	10052.674616464	0.020003647	2
1 2 4 0 25 e 	10062.599416087	0.020003701	1
1 2 4 0 26 e 	10072.924712017	0.020003722	2
0 0 5 0 0 e 	10080.902713308	0.020000067	1
0 0 5 0 1 e 	10081.286069429	0.020000000	2
0 0 5 0 2 e 	10082.079493963	0.020000067	2
0 0 5 0 3 e 	10083.264628144	0.020000133	2
1 2 4 0 27 e 	10083.642543915	0.020003771	2
0 0 5 0 4 e 	10084.841968622	0.020000160	2
0 0 5 0 5 e 	10086.811511700	0.020000294	2
0 0 5 0 6 e 	10089.174251719	0.020000627	2
0 0 5 0 7 e 	10091.931682871	0.020001961	2
1 2 4 0 28 e 	10094.755091215	0.020003834	3
0 0 5 0 8 e 	10095.086297687	0.020001997	2
0 0 5 0 9 e 	10098.632087769	0.020002015	2
0 0 5 0 10 e 	10102.571473500	0.020002026	3
1 2 4 0 29 e 	10106.272135265	0.020003889	2
0 0 5 0 11 e 	10106.905655243	0.020002038	2
0 0 5 0 12 e 	10111.632910774	0.020002048	2
0 4 4 0 1 e 	10114.424138857	0.020000133	1
0 4 4 0 2 e 	10115.216993963	0.020000067	2
0 4 4 0 3 e 	10116.410128144	0.020000133	2
0 0 5 0 13 e 	10116.754297796	0.020002055	2
0 4 4 0 4 e 	10118.006968622	0.020000160	2
1 2 4 0 30 e 	10118.180835319	0.020003915	2
0 4 4 0 5 e 	10119.997511700	0.020000294	2
0 0 5 0 14 e 	10122.268802829	0.020003389	2
0 4 4 0 6 e 	10122.392251719	0.020000627	2
0 4 4 0 7 e 	10125.188182871	0.020001961	2
0 0 5 0 15 e 	10128.177411214	0.020003400	2
0 4 4 0 8 e 	10128.380297687	0.020001997	2
1 2 4 0 31 e 	10130.487263626	0.020003946	2
0 4 4 0 9 e 	10131.971087769	0.020002015	2
0 0 5 0 16 e 	10134.476607369	0.020003414	2
0 4 4 0 10 e 	10135.959806833	0.020002026	3
0 4 4 0 11 e 	10140.348155243	0.020002038	2
0 0 5 0 17 e 	10141.172374595	0.020003427	2
1 2 4 0 32 e 	10143.191387850	0.020003986	2
0 4 4 0 12 e 	10145.134910774	0.020002048	2
0 0 5 0 18 e 	10148.264195210	0.020003437	2
0 4 4 0 13 e 	10150.317797796	0.020002055	2
0 0 5 0 19 e 	10155.746550432	0.020003490	2
0 4 4 0 14 e 	10155.902302829	0.020003389	2
1 2 4 0 33 e 	10156.292674671	0.020003993	2
0 4 4 0 15 e 	10161.883911214	0.020003400	2
0 0 5 0 20 e 	10163.620920484	0.020003517	2
0 4 4 0 16 e 	10168.265607369	0.020003414	2
1 2 4 0 34 e 	10169.790089662	0.020004001	2
0 0 5 0 21 e 	10171.892284516	0.020003539	2
0 4 4 0 17 e 	10175.046874595	0.020003427	2
0 0 5 0 22 e 	10180.556620648	0.020003573	2
0 4 4 0 18 e 	10182.226695210	0.020003437	2
1 2 4 0 35 e 	10183.681597409	0.020004008	2
0 0 5 0 23 e 	10189.613405942	0.020003608	2
0 4 4 0 19 e 	10189.807550432	0.020003490	2
0 4 4 0 20 e 	10197.783920484	0.020003517	2
1 2 4 0 36 e 	10197.972569012	0.020004023	1
0 0 5 0 24 e 	10199.066116464	0.020003647	2
0 4 4 0 21 e 	10206.151284516	0.020003539	2
0 0 5 0 25 e 	10208.911727163	0.020003701	2
1 2 4 0 37 e 	10212.650213378	0.020004070	3
0 4 4 0 22 e 	10214.934120648	0.020003573	2
0 0 5 0 26 e 	10219.146712017	0.020003722	2
0 4 4 0 23 e 	10224.108405942	0.020003608	2
1 2 4 0 38 e 	10227.729753808	0.020004079	1
0 0 5 0 27 e 	10229.778543915	0.020003771	2
0 4 4 0 24 e 	10233.679116464	0.020003647	2
0 0 5 0 28 e 	10240.800631566	0.020003834	3
1 2 4 0 39 e 	10243.216336557	0.020004105	1
0 4 4 0 25 e 	10243.650727163	0.020003701	2
0 0 5 0 29 e 	10252.220635265	0.020003889	2
0 4 4 0 26 e 	10254.019212017	0.020003722	2
1 2 4 0 40 e 	10259.085860350	0.020004118	1
0 0 5 0 30 e 	10264.026165386	0.020003986	1
0 4 4 0 27 e 	10264.790543915	0.020003771	2
0 4 4 0 28 e 	10275.955964900	0.020003834	3
0 0 5 0 31 e 	10276.233306312	0.020003993	1
0 4 4 0 29 e 	10287.522635265	0.020003889	2
0 0 5 0 32 e 	10288.826610313	0.020004001	1
0 4 4 0 30 e 	10299.486335319	0.020003915	2
0 0 5 0 33 e 	10301.819464125	0.020003993	3
0 4 4 0 31 e 	10311.851263626	0.020003946	2
0 0 5 0 34 e 	10315.204582779	0.020004001	3
0 4 4 0 32 e 	10324.612387850	0.020003986	2
1 2 4 0 44 e 	10326.548537823	0.100004320	2
2 16 0 0 35 e 	10328.607151788	0.020004070	1
0 0 5 0 35 e 	10328.990151788	0.020004070	2
0 4 4 0 33 e 	10337.774174671	0.020003993	2
0 0 5 0 36 e 	10343.134753808	0.020004079	2
2 16 0 0 36 e 	10343.393753808	0.020004079	1
0 4 4 0 34 e 	10351.337089662	0.020004001	2
0 0 5 0 37 e 	10357.711336557	0.020004105	2
0 4 4 0 35 e 	10365.291097409	0.020004008	2
0 0 5 0 38 e 	10372.668860350	0.020004118	1
0 4 4 0 36 e 	10379.651661410	0.020004023	2
0 0 5 0 39 e 	10388.017284602	0.020004134	1
0 4 4 0 37 e 	10394.411880044	0.020004070	3
0 0 5 0 40 e 	10403.757567608	0.020004170	2
0 4 4 0 38 e 	10409.572807079	0.020004079	2
0 0 5 0 41 e 	10419.893666626	0.020004242	1
0 4 4 0 39 e 	10425.125810580	0.020004105	2
0 0 5 0 42 e 	10436.421537823	0.020004320	1
0 4 4 0 40 e 	10441.082429436	0.020004118	3
0 0 5 0 43 e 	10453.330140425	0.020072242	1
0 4 4 0 41 e 	10457.441975614	0.020004134	2
0 0 5 0 44 e 	10470.640420187	0.020074244	1
0 4 4 0 42 e 	10474.199052716	0.020004170	2
0 0 5 0 45 e 	10488.350344674	0.020117256	1
0 4 4 0 43 e 	10491.353903525	0.020004242	2
0 0 5 0 46 e 	10506.439846418	0.020119257	1
0 4 4 0 44 e 	10508.896420187	0.020074244	1
0 0 5 0 47 e 	10524.932886304	0.020121259	2
0 4 4 0 45 e 	10526.851640425	0.020072242	2
0 0 5 0 48 e 	10543.810413345	0.020123260	1
0 0 5 0 49 e 	10563.081376412	0.020125262	1
0 1 5 1 2 e 	10565.474339442	0.020011095	2
0 1 5 1 2 f 	10565.475824790	0.020011088	2
0 1 5 1 3 e 	10566.653955869	0.020009094	2
0 1 5 1 3 f 	10566.656714358	0.020009087	2
0 1 5 1 4 e 	10568.228273338	0.020009762	2
0 1 5 1 4 f 	10568.232729334	0.020009756	2
0 1 5 1 5 e 	10570.204286840	0.020005094	2
0 1 5 1 5 f 	10570.210864696	0.020005087	2
0 1 5 1 6 e 	10572.567792409	0.020005822	1
0 1 5 1 6 f 	10572.579674822	0.020005756	1
0 1 5 1 7 e 	10575.328381264	0.020005094	2
0 1 5 1 7 f 	10575.340475822	0.020005087	2
0 1 5 1 8 e 	10578.489448071	0.020005822	2
0 1 5 1 8 f 	10578.504937424	0.020005756	2
0 1 5 1 9 e 	10582.044123992	0.020005856	3
0 1 5 1 9 f 	10582.064776132	0.020005842	3
0 0 5 0 50 e 	10582.748745452	0.020203260	1
0 1 5 1 10 e 	10585.989079003	0.020006488	2
0 1 5 1 10 f 	10586.004572298	0.020006475	2
0 1 5 1 11 e 	10590.323622903	0.020005856	2
0 1 5 1 11 f 	10590.351842084	0.020005842	2
0 1 5 1 12 e 	10595.064303919	0.020006632	2
0 1 5 1 12 f 	10595.088882762	0.020006498	2
0 1 5 1 13 e 	10600.186977530	0.020009849	1
0 1 5 1 13 f 	10600.231531837	0.020007515	1
0 0 5 0 51 e 	10602.808432842	0.020205262	1
0 1 5 1 14 e 	10605.707025629	0.020010632	2
0 1 5 1 14 f 	10605.765416603	0.020007860	1
0 1 5 1 15 e 	10611.621537985	0.020009849	2
0 1 5 1 15 f 	10611.681804728	0.020007874	1
0 1 5 1 16 e 	10617.934130317	0.020014632	2
0 1 5 1 16 f 	10618.003681126	0.020007285	1
0 0 5 0 52 e 	10623.261368148	0.020283260	1
0 1 5 1 17 e 	10624.645785901	0.020013849	2
0 1 5 1 17 f 	10624.710915762	0.020007874	2
0 1 5 1 18 e 	10631.737987128	0.020017414	2
0 1 5 1 18 f 	10631.821822598	0.020010619	1
0 1 5 1 19 e 	10639.234712069	0.020016825	2
0 1 5 1 19 f 	10639.327049881	0.020011897	1
0 0 5 0 53 e 	10644.105546264	0.020285262	1
0 1 5 1 20 e 	10647.120446841	0.020017437	2
0 1 5 1 20 f 	10647.222685031	0.020014619	1
0 1 5 1 21 e 	10655.408661562	0.020020825	2
0 1 5 1 21 f 	10655.506878954	0.020011897	2
0 1 5 1 22 e 	10664.089343999	0.020020771	2
0 1 5 1 22 f 	10664.196889196	0.020014619	2
0 0 5 0 54 e 	10665.344888718	0.020287263	1
0 1 5 1 23 e 	10673.158553020	0.020025543	1
0 1 5 1 23 f 	10673.285819250	0.020015247	1
0 1 5 1 24 e 	10682.615996242	0.020019541	3
0 1 5 1 24 f 	10682.752857579	0.020019208	2
0 0 5 0 55 e 	10686.971339228	0.020289264	2
0 1 5 1 25 e 	10692.479923382	0.020021543	2
0 1 5 1 25 f 	10692.627184906	0.020019247	1
0 1 5 1 26 e 	10702.729433031	0.020023541	1
0 1 5 1 26 f 	10702.889770416	0.020015371	1
0 0 5 0 56 e 	10708.986092398	0.020367263	1
0 1 5 1 27 e 	10713.376378272	0.020021946	1
0 1 5 1 27 f 	10713.548587487	0.020018920	1
0 1 5 1 28 e 	10724.419104701	0.020021320	1
0 1 5 1 28 f 	10724.603605701	0.020018706	1
0 0 5 0 57 e 	10731.396582853	0.020369264	1
0 1 5 1 29 e 	10735.852574883	0.020017946	1
0 1 5 1 29 f 	10736.049793899	0.020014920	1
0 1 5 1 30 e 	10747.681765912	0.020017986	1
0 1 5 1 30 f 	10747.892122232	0.020022706	1
0 0 5 0 58 e 	10754.202003249	0.020371266	1
0 1 5 1 31 e 	10759.902634190	0.020017342	1
0 1 5 1 31 f 	10760.126554077	0.020018920	1
0 1 5 1 32 e 	10772.521158663	0.020021986	1
0 1 5 1 32 f 	10772.759060677	0.020023670	1
0 0 5 0 59 e 	10777.396290515	0.020447456	1
0 1 5 1 33 e 	10785.531289758	0.020018008	1
0 1 5 1 33 f 	10785.783601326	0.020022255	1
0 1 5 1 34 e 	10798.936008414	0.020018023	1
0 1 5 1 34 f 	10799.203146066	0.020019670	1
0 0 5 0 60 e 	10800.980390455	0.020447583	1
0 1 5 1 35 e 	10812.729259108	0.020021342	2
0 1 5 1 35 f 	10813.017150039	0.020024678	2
0 0 5 0 61 e 	10824.960225165	0.020447730	2
0 1 5 1 36 e 	10826.922021100	0.020019006	1
0 1 5 1 36 f 	10827.220084810	0.020015670	1
0 1 5 1 37 e 	10841.512241506	0.020024105	1
0 1 5 1 37 f 	10841.826400163	0.020027440	1
0 0 5 0 62 e 	10849.328752083	0.020447850	1
0 1 5 1 38 e 	10856.477891740	0.020023006	1
0 1 5 1 39 e 	10871.853918117	0.020020105	1
0 0 5 0 63 e 	10874.080846839	0.020447943	1
0 1 5 1 40 e 	10887.609288377	0.020543006	1
0 0 5 0 64 e 	10899.233513787	0.020461286	1
0 1 5 1 41 e 	10903.772937215	0.020044242	1
0 1 5 1 41 f 	10904.182697273	0.020047578	1
0 1 5 1 42 e 	10920.313873496	0.020056320	1
0 1 5 1 42 f 	10920.747835075	0.020059656	1
1 0 5 0 2 e 	10921.177713308	0.027600067	1
1 0 5 0 3 e 	10922.376128144	0.020000133	2
1 0 5 0 4 e 	10923.952274617	0.020000160	1
0 0 5 0 65 e 	10924.773663192	0.020463287	1
1 0 5 0 5 e 	10925.923667613	0.020000294	2
1 0 5 0 6 e 	10928.302023238	0.014000627	2
1 0 5 0 7 e 	10931.061459774	0.020002015	1
1 0 5 0 8 e 	10934.226754560	0.020002026	1
1 4 4 0 2 e 	10936.153274617	0.033600160	1
0 1 5 1 43 e 	10937.274500440	0.020057256	2
1 4 4 0 3 e 	10937.333117431	0.020000294	1
0 1 5 1 43 f 	10937.723088024	0.020053920	2
1 0 5 0 9 e 	10937.778587769	0.020002015	2
1 4 4 0 4 e 	10938.907662626	0.020000627	1
1 4 4 0 5 e 	10940.888511700	0.020000294	2
1 0 5 0 10 e 	10941.723543765	0.020002026	2
1 4 4 0 6 e 	10943.271459248	0.020000627	3
1 4 4 0 7 e 	10946.054171290	0.023401961	2
1 0 5 0 11 e 	10946.071155243	0.020002038	2
1 4 4 0 8 e 	10949.213797687	0.020001997	2
0 0 5 0 66 e 	10950.702222401	0.020465289	2
1 4 4 0 9 e 	10952.779087769	0.020002015	2
0 1 5 1 44 e 	10954.608279792	0.020064320	1
0 1 5 1 44 f 	10955.084915328	0.020067656	1
1 0 5 0 13 e 	10955.939797796	0.020002055	2
1 4 4 0 10 e 	10956.739043765	0.020002026	2
1 4 4 0 11 e 	10961.099155243	0.020002038	2
1 0 5 0 14 e 	10961.467802829	0.020003389	2
1 4 4 0 12 e 	10965.855910774	0.020002048	2
1 0 5 0 15 e 	10967.387911214	0.020003400	2
1 4 4 0 13 e 	10971.005594723	0.020002055	1
0 1 5 1 45 e 	10972.327675952	0.020097256	1
0 1 5 1 45 f 	10972.835776065	0.020100592	1
1 0 5 0 16 e 	10973.708107369	0.020003414	2
1 4 4 0 14 e 	10976.553802829	0.020003389	2
0 0 5 0 67 e 	10977.032890009	0.020463287	2
1 0 5 0 17 e 	10980.414374595	0.020003427	2
1 4 4 0 15 e 	10982.498911214	0.020003400	2
1 0 5 0 18 e 	10987.518695210	0.020003437	2
1 4 4 0 16 e 	10988.841117081	0.020003414	1
0 1 5 1 46 e 	10990.458174501	0.020170192	1
0 1 5 1 46 f 	10990.981162023	0.020166856	1
1 0 5 0 19 e 	10995.017550432	0.020003490	2
1 4 4 0 17 e 	10995.574726537	0.020003427	2
1 4 4 0 18 e 	11002.713177643	0.020003437	2
1 0 5 0 20 e 	11002.909920484	0.020003517	2
0 0 5 0 68 e 	11003.753251825	0.020465289	2
0 1 5 1 47 e 	11008.975640862	0.020617256	1
0 1 5 1 47 f 	11009.519939005	0.020620592	1
1 4 4 0 19 e 	11010.241927631	0.020003490	1
1 0 5 0 21 e 	11011.192395797	0.020003608	1
1 4 4 0 20 e 	11018.169292763	0.020003517	1
1 0 5 0 22 e 	11019.874693090	0.020003647	1
1 4 4 0 21 e 	11026.490173234	0.020003539	1
0 1 5 1 48 e 	11027.901088655	0.020174194	1
0 1 5 1 48 f 	11028.466113917	0.020170859	1
1 0 5 0 23 e 	11028.949380616	0.020003608	3
0 0 5 0 69 e 	11030.857378653	0.020543287	2
1 0 5 0 24 e 	11038.418116464	0.020003647	2
1 4 4 0 23 e 	11044.331711233	0.020003608	2
0 1 5 1 49 e 	11047.201465332	0.021137256	2
0 1 5 1 49 f 	11047.787639131	0.021140592	2
1 0 5 0 25 e 	11048.281727163	0.020003701	2
1 4 4 0 24 e 	11053.846693090	0.020003647	1
0 0 5 0 70 e 	11058.355201200	0.020718797	2
1 0 5 0 26 e 	11058.536237689	0.020003834	2
0 1 5 1 50 e 	11066.908672130	0.021374194	1
0 1 5 1 50 f 	11067.513436194	0.021454862	1
0 2 5 0 6 e 	11067.719251719	0.020000627	2
1 0 5 0 27 e 	11069.178043915	0.020003771	2
1 4 4 0 26 e 	11074.056539838	0.020003722	1
0 2 5 0 9 e 	11077.233715764	0.045202038	1
1 0 5 0 28 e 	11080.225505251	0.020003915	1
0 2 5 0 10 e 	11081.154332970	0.024602048	1
1 4 4 0 27 e 	11084.765038240	0.020003771	1
0 2 5 0 11 e 	11085.510525476	0.020002038	2
0 0 5 0 71 e 	11086.239645792	0.020796796	3
0 1 5 1 51 e 	11086.986708782	0.022337256	1
0 1 5 1 51 f 	11087.630429222	0.024340592	1
0 2 5 0 12 e 	11090.262332970	0.020002048	1
1 0 5 0 29 e 	11091.650220940	0.020003946	1
0 2 5 0 13 e 	11095.405594723	0.020002055	1
1 4 4 0 28 e 	11095.864884197	0.020003834	1
0 2 5 0 14 e 	11100.946302829	0.020003389	2
1 0 5 0 30 e 	11103.481165386	0.020003986	1
0 2 5 0 15 e 	11106.895732702	0.033803427	2
0 1 5 1 52 e 	11107.471460688	0.022574194	1
0 1 5 1 52 f 	11108.140611898	0.020254862	1
0 2 5 0 16 e 	11113.242117081	0.073403414	1
0 0 5 0 72 e 	11114.513133453	0.021212472	2
1 0 5 0 31 e 	11115.704306312	0.020003993	1
1 4 4 0 30 e 	11119.266165386	0.020003986	1
0 2 5 0 17 e 	11119.925782405	0.020003490	2
0 2 5 0 18 e 	11127.052097657	0.020003437	1
1 0 5 0 32 e 	11128.316596890	0.020004001	2
0 1 5 1 53 e 	11128.342907268	0.021555262	1
0 1 5 1 53 f 	11129.033892590	0.025540592	1
1 4 4 0 31 e 	11131.558911923	0.020003946	2
0 2 5 0 19 e 	11134.563604316	0.020003539	2
1 0 5 0 33 e 	11141.326043031	0.020004008	1
0 2 5 0 20 e 	11142.478920484	0.020003517	2
0 0 5 0 73 e 	11143.186093920	0.021290471	2
1 4 4 0 32 e 	11144.246995154	0.020003986	3
0 1 5 1 54 e 	11149.623149033	0.023774194	1
0 1 5 1 54 f 	11150.331426854	0.020254862	2
0 2 5 0 21 e 	11150.775968672	0.036803539	2
1 0 5 0 34 e 	11154.738569012	0.036404023	1
1 4 4 0 33 e 	11157.331306312	0.020003993	1
0 2 5 0 22 e 	11159.464548206	0.029403573	1
1 0 5 0 35 e 	11168.510597409	0.020004008	2
0 2 5 0 23 e 	11168.576325019	0.028403701	3
1 4 4 0 34 e 	11170.818089662	0.020004001	2
0 1 5 1 55 e 	11171.266310321	0.020355262	2
0 1 5 1 55 f 	11172.013727140	0.025216863	2
0 0 5 0 74 e 	11172.223752153	0.021959656	1
0 2 5 0 24 e 	11178.071371045	0.020003647	2
1 0 5 0 36 e 	11182.692753808	0.020004079	1
1 4 4 0 35 e 	11184.697151788	0.020004070	1
0 2 5 0 25 e 	11187.951727163	0.020003701	2
0 1 5 1 56 e 	11193.322611705	0.022755395	1
1 0 5 0 37 e 	11197.268336557	0.020004105	1
0 2 5 0 26 e 	11198.234216214	0.022403722	2
0 0 5 0 75 e 	11201.652705423	0.021797488	1
0 2 5 0 27 e 	11208.908043915	0.020003771	2
1 4 4 0 37 e 	11213.656151788	0.020004070	1
0 1 5 1 57 e 	11215.771182799	0.021555262	1
0 1 5 1 57 f 	11216.565510287	0.020416863	2
0 2 5 0 28 e 	11219.978420113	0.020003915	2
1 0 5 0 39 e 	11227.597284602	0.020004134	1
1 4 4 0 38 e 	11228.740069244	0.020004079	2
0 2 5 0 29 e 	11231.474049591	0.046403889	1
0 0 5 0 76 e 	11231.511321352	0.022226507	2
0 1 5 1 58 e 	11238.604611705	0.022755395	1
1 0 5 0 40 e 	11243.346896467	0.020004170	2
0 2 5 0 30 e 	11243.347505251	0.068803915	1
0 2 5 0 31 e 	11255.580306312	0.020003993	1
1 0 5 0 41 e 	11259.493666626	0.020004242	1
0 1 5 1 59 e 	11261.835906592	0.021555262	2
0 1 5 1 59 f 	11262.717008210	0.020417083	1
0 2 5 0 32 e 	11268.219128671	0.020003986	3
1 0 5 0 42 e 	11276.024537823	0.020004320	1
0 2 5 0 33 e 	11281.269603256	0.020004008	2
0 2 5 2 34 e 	11283.829422809	0.070017342	1
0 1 5 1 60 e 	11285.467293581	0.021555635	2
0 1 5 1 60 f 	11286.347932863	0.020417183	2
1 0 5 0 43 e 	11292.952140425	0.020072242	1
0 2 5 0 34 e 	11294.718000742	0.020004023	2
0 2 5 2 35 e 	11297.677466880	0.070018023	1
0 2 5 0 35 e 	11308.552614495	0.020004070	3
0 1 5 1 61 e 	11309.463630385	0.021555528	1
1 0 5 0 44 e 	11310.269077905	0.020074244	2
0 2 5 0 36 e 	11322.725450212	0.100006008	1
0 0 5 0 79 e 	11323.373328599	0.022558014	1
0 1 5 1 62 e 	11333.872293581	0.021555635	1
0 2 5 0 37 e 	11337.407336557	0.020004105	1
0 2 5 0 38 e 	11352.445860350	0.030204118	1
0 0 5 0 80 e 	11354.774776925	0.022443190	2
0 1 5 1 63 e 	11358.678164496	0.021555728	1
0 2 5 0 39 e 	11367.846336557	0.020004105	1
0 2 5 0 40 e 	11383.657860350	0.020004118	2
0 1 5 1 64 e 	11383.863676990	0.021555835	2
1 4 4 0 48 e 	11401.364846418	0.020119257	2
0 2 5 0 42 e 	11416.431537823	0.056404320	1
0 2 5 0 44 e 	11450.848420187	0.040074244	1
0 2 5 0 45 e 	11468.629344674	0.020117256	1
2 4 4 0 1 e 	11741.444159084	0.010800133	2
2 4 4 0 2 e 	11742.230043412	0.010000160	2
2 4 4 0 3 e 	11743.423293887	0.011000294	2
2 4 4 0 4 e 	11745.006862522	0.018400627	2
2 4 4 0 5 e 	11747.006117431	0.010000294	1
2 4 4 0 6 e 	11749.382280622	0.017000627	3
2 4 4 0 7 e 	11752.175389204	0.010001961	2
2 4 4 0 8 e 	11755.333754560	0.041602026	1
2 0 5 0 1 e 	11762.384138857	0.020000133	1
2 4 4 0 10 e 	11762.910181058	0.029202026	2
2 0 5 0 2 e 	11763.175493963	0.020000067	2
2 0 5 0 3 e 	11764.337895755	0.020000294	2
2 0 5 0 4 e 	11765.904528842	0.020000627	2
2 4 4 0 11 e 	11767.282003212	0.010002038	2
2 0 5 0 5 e 	11767.861011700	0.020000294	2
2 0 5 0 6 e 	11770.215706723	0.020000627	3
2 4 4 0 12 e 	11772.050674814	0.010002048	2
2 0 5 0 7 e 	11772.953465492	0.020001961	2
2 0 5 0 8 e 	11776.093297687	0.020001997	2
2 4 4 0 13 e 	11777.212232806	0.010002055	2
2 0 5 0 9 e 	11779.620321124	0.020002038	2
2 4 4 0 14 e 	11782.774488578	0.013603389	1
2 0 5 0 10 e 	11783.542543765	0.020002026	2
2 0 5 0 11 e 	11787.855448435	0.020002038	3
2 4 4 0 15 e 	11788.742986316	0.010003427	2
2 0 5 0 12 e 	11792.559410774	0.020002048	2
2 4 4 0 16 e 	11795.101107369	0.010003414	2
2 0 5 0 13 e 	11797.652297796	0.020002055	2
2 4 4 0 17 e 	11801.855499711	0.019203427	2
2 0 5 0 14 e 	11803.137848652	0.020003414	2
2 4 4 0 18 e 	11809.003292763	0.020603517	1
2 0 5 0 15 e 	11809.024911214	0.020003400	2
2 0 5 0 16 e 	11815.297112274	0.020003414	3
2 4 4 0 19 e 	11816.565550432	0.010003490	2
2 0 5 0 17 e 	11821.959115486	0.020003427	3
2 4 4 0 20 e 	11824.520043953	0.010603517	2
2 0 5 0 18 e 	11829.019695210	0.020003437	2
2 4 4 0 21 e 	11832.858395797	0.010003608	1
2 0 5 0 19 e 	11836.461550432	0.020003490	2
2 4 4 0 22 e 	11841.608322186	0.010003573	2
2 0 5 0 20 e 	11844.312420484	0.020003517	2
2 4 4 0 23 e 	11850.743851514	0.010003608	3
2 0 5 0 21 e 	11852.535284516	0.020003539	2
2 4 4 0 24 e 	11860.291856231	0.011403647	2
2 0 5 0 22 e 	11861.158356788	0.020003573	3
2 0 5 0 23 e 	11870.173613766	0.020003701	3
2 4 4 0 25 e 	11870.219038240	0.010003771	1
2 0 5 0 24 e 	11879.579332110	0.020003722	2
2 4 4 0 26 e 	11880.557869310	0.031603722	2
1 2 5 0 0 e 	11886.106713308	0.026000067	1
1 2 5 0 1 e 	11886.516138857	0.020000133	1
1 2 5 0 2 e 	11887.302274617	0.020000160	1
1 2 5 0 3 e 	11888.492117431	0.020000294	1
2 0 5 0 25 e 	11889.375038240	0.020003771	1
1 2 5 0 4 e 	11890.072662626	0.020000627	1
2 4 4 0 27 e 	11891.288101455	0.010003889	2
1 2 5 0 5 e 	11892.040905968	0.020001961	1
1 2 5 0 6 e 	11894.410734647	0.014000627	2
1 2 5 0 7 e 	11897.181000665	0.020001961	2
2 0 5 0 26 e 	11899.577884197	0.020003834	1
1 2 5 0 8 e 	11900.336797687	0.020001997	2
2 4 4 0 28 e 	11902.418848234	0.013003915	2
1 2 5 0 9 e 	11903.896587769	0.020002015	2
1 2 5 0 10 e 	11907.848449940	0.020002048	2
2 0 5 0 27 e 	11910.159049591	0.020003889	1
1 2 5 0 11 e 	11912.190155243	0.020002038	2
2 4 4 0 29 e 	11913.928220940	0.014003946	1
1 2 5 0 12 e 	11916.928910774	0.020002048	2
2 0 5 0 28 e 	11921.118505251	0.033203915	1
1 2 5 0 13 e 	11922.063297796	0.020002055	2
2 4 4 0 30 e 	11925.855326661	0.010003915	2
1 2 5 0 14 e 	11927.600264878	0.020003389	2
2 0 5 0 29 e 	11932.500635265	0.020003889	2
1 2 5 0 15 e 	11933.530382454	0.022003400	2
2 4 4 0 31 e 	11938.174264006	0.010403993	2
1 2 5 0 16 e 	11939.849559836	0.020403437	2
2 0 5 0 30 e 	11944.259335319	0.020003915	2
1 2 5 0 17 e 	11946.557374595	0.020003427	2
2 4 4 0 32 e 	11950.885313695	0.010003986	3
1 2 5 0 18 e 	11953.661695210	0.020003437	2
2 0 5 0 31 e 	11956.408306312	0.020003993	1
1 2 5 0 19 e 	11961.167050432	0.020003490	2
2 4 4 0 33 e 	11963.976043031	0.050804008	1
2 0 5 0 32 e 	11968.955939172	0.020004001	2
1 2 5 0 20 e 	11969.074692788	0.020003517	2
1 2 5 0 21 e 	11977.365284516	0.020003539	2
2 0 5 0 33 e 	11981.895043031	0.020004008	1
1 2 5 0 22 e 	11986.055620648	0.020003573	2
2 4 4 0 35 e 	11991.416151788	0.010004070	1
1 2 5 0 23 e 	11995.137638338	0.020003608	3
2 0 5 0 34 e 	11995.211569012	0.020004023	1
1 2 5 0 24 e 	12004.618442826	0.020003722	2
2 4 4 0 36 e 	12005.722753808	0.010204079	1
2 0 5 0 35 e 	12008.941097409	0.020004008	2
1 2 5 0 25 e 	12014.490227163	0.020003701	2
2 4 4 0 37 e 	12020.426080504	0.018004105	2
2 0 5 0 36 e 	12023.054935348	0.020004023	3
1 2 5 0 26 e 	12024.754212017	0.020003722	2
0 0 6 0 1 e 	12028.290138857	0.020000133	1
0 0 6 0 2 e 	12029.097713308	0.020000067	1
0 0 6 0 3 e 	12030.277628144	0.020000133	2
0 0 6 0 4 e 	12031.835968622	0.020000160	2
0 0 6 0 5 e 	12033.801511700	0.020000294	2
1 2 5 0 27 e 	12035.412543915	0.020003771	2
2 4 4 0 38 e 	12035.505697557	0.010004079	2
0 0 6 0 6 e 	12036.154762626	0.010000627	1
2 0 5 0 37 e 	12037.567744173	0.020004070	2
0 0 6 0 7 e 	12038.886682871	0.020001961	2
0 0 6 0 8 e 	12042.020797687	0.020001997	2
0 0 6 0 9 e 	12045.546587769	0.020002015	2
1 2 5 0 28 e 	12046.480657402	0.020203834	2
0 0 6 0 10 e 	12049.459043765	0.020002026	2
2 4 4 0 39 e 	12050.995336557	0.015804105	1
2 0 5 0 38 e 	12052.467449952	0.020004079	3
0 0 6 0 11 e 	12053.772155243	0.020002038	2
1 2 5 0 29 e 	12057.926007553	0.020003889	2
0 0 6 0 12 e 	12058.477910774	0.020002048	2
0 0 6 0 13 e 	12063.583297796	0.020002055	2
2 4 4 0 40 e 	12066.887767608	0.010004170	2
2 0 5 0 39 e 	12067.794284602	0.020004134	2
0 0 6 0 14 e 	12069.067302829	0.020003389	2
1 2 5 0 30 e 	12069.770835319	0.020003915	2
0 4 5 0 6 e 	12070.169962626	0.010000627	1
0 0 6 0 15 e 	12074.943911214	0.020003400	2
0 0 6 0 16 e 	12081.217180510	0.020003414	3
1 2 5 0 31 e 	12082.011763626	0.020003946	2
2 4 4 0 41 e 	12083.174168483	0.010004242	2
2 0 5 0 40 e 	12083.323567608	0.020004170	2
0 0 6 0 17 e 	12087.875874595	0.020003427	2
1 2 5 0 32 e 	12094.648408478	0.026004001	2
0 0 6 0 18 e 	12094.928695210	0.020003437	2
2 0 5 0 41 e 	12099.436324610	0.020004134	3
2 4 4 0 42 e 	12099.840332565	0.029204170	2
0 0 6 0 19 e 	12102.367550432	0.020003490	2
1 2 5 0 33 e 	12107.672174672	0.020003993	2
0 0 6 0 20 e 	12110.203920484	0.020003517	2
2 0 5 0 42 e 	12115.911552716	0.020004170	2
0 4 5 0 16 e 	12115.923517081	0.010003414	1
2 4 4 0 43 e 	12116.931807589	0.010072242	2
0 0 6 0 21 e 	12118.425784516	0.020003539	2
1 2 5 0 34 e 	12121.094569012	0.020004023	1
0 0 6 0 22 e 	12127.054120648	0.020003573	2
2 0 5 0 43 e 	12132.772096737	0.020072242	2
2 4 4 0 44 e 	12134.427537823	0.044404320	1
1 2 5 0 35 e 	12134.919151788	0.020004070	1
0 0 6 0 23 e 	12136.065112705	0.020003608	3
0 0 6 0 24 e 	12145.464616464	0.020003647	2
1 2 5 0 36 e 	12149.129753808	0.020004079	1
2 0 5 0 44 e 	12150.016484894	0.020074244	2
2 4 4 0 45 e 	12152.274572769	0.010117256	2
0 0 6 0 25 e 	12155.257227163	0.020003701	2
1 2 5 0 37 e 	12163.741744173	0.020004070	2
0 0 6 0 26 e 	12165.440884197	0.020003834	1
2 0 5 0 45 e 	12167.666899318	0.022717256	2
2 4 4 0 46 e 	12170.538846418	0.010119257	1
0 4 5 0 23 e 	12171.648716087	0.010003701	1
0 0 6 0 27 e 	12176.019049591	0.020003889	1
1 2 5 0 38 e 	12178.741259448	0.020004118	2
2 0 5 0 46 e 	12185.703846418	0.020119257	2
0 0 6 0 28 e 	12186.985505251	0.020003915	1
2 4 4 0 47 e 	12189.195286304	0.010121259	2
1 2 5 0 39 e 	12194.136284602	0.020004134	1
0 0 6 0 29 e 	12198.349220940	0.020003946	1
2 0 5 0 47 e 	12204.067201135	0.020117256	3
2 4 4 0 48 e 	12208.248732937	0.010123260	2
1 2 5 0 40 e 	12209.922869622	0.020004170	2
0 0 6 0 30 e 	12210.088165386	0.020003986	1
0 0 6 0 31 e 	12222.226306312	0.020003993	1
2 0 5 0 48 e 	12222.920629882	0.020119257	2
1 2 5 0 41 e 	12226.106666626	0.020004242	1
0 0 6 0 32 e 	12234.757890313	0.020004001	2
2 0 5 0 49 e 	12242.127823859	0.020121259	2
1 2 5 0 42 e 	12242.683102433	0.020004320	2
0 0 6 0 33 e 	12247.670043031	0.020004008	1
1 2 5 0 43 e 	12259.642140425	0.020072242	1
0 0 6 0 34 e 	12260.984569012	0.020004023	1
2 0 5 0 50 e 	12261.732015371	0.020203260	3
0 4 5 0 32 e 	12272.049810313	0.010004001	1
0 0 6 0 35 e 	12274.685151788	0.020004070	1
1 2 5 0 44 e 	12277.023420187	0.021674244	1
2 0 5 0 51 e 	12281.730904627	0.020125262	2
1 2 5 0 45 e 	12294.775344674	0.020117256	1
2 0 5 0 52 e 	12302.105745452	0.020203260	1
0 0 6 0 37 e 	12303.264336557	0.020004105	1
1 2 5 0 46 e 	12312.928846418	0.020119257	1
0 0 6 0 38 e 	12318.136860350	0.020004118	1
2 0 5 0 53 e 	12322.880930497	0.020285262	2
1 2 5 0 47 e 	12331.472886304	0.020121259	2
0 0 6 0 39 e 	12333.396284602	0.020004134	1
2 0 5 0 54 e 	12344.066888718	0.020287263	1
0 0 6 0 40 e 	12349.057767608	0.020004170	2
1 2 5 0 48 e 	12350.404413345	0.020123260	1
0 0 6 0 41 e 	12365.088666626	0.020004242	1
2 0 5 0 55 e 	12365.627858350	0.020285262	3
1 2 5 0 49 e 	12369.746376412	0.020125262	1
1 3 5 1 5 e 	12380.085399106	0.023605094	1
1 3 5 1 5 f 	12380.094311000	0.023605087	1
0 0 6 0 42 e 	12381.523537823	0.020004320	1
1 3 5 1 6 e 	12382.449677485	0.016805822	2
1 3 5 1 6 f 	12382.459527844	0.016805756	2
1 3 5 1 7 e 	12385.219466198	0.010006471	2
1 3 5 1 7 f 	12385.233853214	0.010006457	2
2 0 5 0 56 e 	12387.578092398	0.020367263	1
1 3 5 1 8 e 	12388.370792409	0.029205822	1
1 3 5 1 8 f 	12388.382674822	0.029205756	1
0 4 5 0 40 e 	12388.596967608	0.010004170	1
1 2 5 0 50 e 	12389.573381034	0.020203260	3
1 3 5 1 9 e 	12391.941603041	0.026206471	2
1 3 5 1 9 f 	12391.959048313	0.026206457	2
1 3 5 1 10 e 	12395.923103733	0.040006488	1
1 3 5 1 10 f 	12395.942200026	0.040006475	1
1 3 5 1 11 e 	12400.232843978	0.038805856	2
1 3 5 1 11 f 	12400.293317088	0.038805842	2
1 3 5 1 12 e 	12404.994783360	0.026810632	2
1 3 5 1 12 f 	12405.030844848	0.026806515	2
1 2 5 0 51 e 	12409.593432842	0.010205262	1
2 0 5 0 57 e 	12409.920450907	0.018689264	2
1 3 5 1 13 e 	12410.142241529	0.010006515	1
1 3 5 1 13 f 	12410.175340294	0.010006508	1
0 0 6 0 44 e 	12415.560420187	0.020074244	1
1 3 5 1 15 e 	12421.592098441	0.028413849	1
1 3 5 1 16 e 	12427.889497694	0.025214632	1
2 0 5 0 58 e 	12432.667003249	0.017771266	1
0 0 6 0 45 e 	12433.182344674	0.020117256	1
1 3 5 1 18 e 	12441.727762941	0.016217414	1
1 3 5 1 19 f 	12449.451026796	0.000607897	1
0 0 6 0 46 e 	12451.180726418	0.020119257	2
2 0 5 0 59 e 	12455.799582853	0.031969264	1
1 3 5 1 20 f 	12457.379822598	0.004810619	1
1 3 5 1 21 e 	12465.455132917	0.014624825	2
1 3 5 1 21 f 	12465.696651957	0.007411897	2
0 0 6 0 47 e 	12469.559886304	0.020121259	1
1 3 5 1 22 e 	12474.135682367	0.018620771	1
1 3 5 1 22 f 	12474.416022039	0.008814619	2
2 0 5 0 60 e 	12479.342004559	0.017371266	2
1 3 5 1 23 e 	12483.250372347	0.031024825	1
1 3 5 1 23 f 	12483.512708026	0.039615173	1
0 0 6 0 48 e 	12488.331413345	0.020123260	1
1 3 5 1 24 e 	12492.746005631	0.052623541	1
1 3 5 1 24 f 	12493.065093361	0.044215208	1
1 2 5 0 55 e 	12494.012339228	0.020289264	1
1 3 5 1 25 e 	12502.612553020	0.025825543	1
1 3 5 1 25 f 	12502.971819250	0.044615247	1
2 0 5 0 61 e 	12503.283290515	0.010447456	1
0 4 5 0 47 e 	12511.854286304	0.010121259	1
0 1 6 1 6 e 	12512.315292409	0.010005822	1
0 1 6 1 6 f 	12512.327174822	0.010005756	1
1 3 5 1 26 e 	12512.846991547	0.055019541	1
1 3 5 1 26 f 	12513.235857579	0.032419208	1
1 2 5 0 56 e 	12516.099092398	0.010367263	1
1 3 5 1 27 e 	12523.551981794	0.022221543	2
1 3 5 1 27 f 	12523.936184906	0.028619247	1
1 3 5 1 28 e 	12534.620433031	0.023223541	1
1 3 5 1 28 f 	12535.054770416	0.019815371	1
1 2 5 0 57 e 	12538.566339228	0.029889264	1
1 3 5 1 29 e 	12546.054378272	0.027821946	1
1 3 5 1 30 e 	12557.897104701	0.050821320	1
1 2 5 0 58 e 	12561.471003249	0.030371266	1
0 1 6 1 17 e 	12564.086473361	0.010016825	1
0 1 6 1 17 f 	12564.169026796	0.010007897	1
1 3 5 1 31 e 	12570.163574883	0.016017946	1
1 3 5 1 32 e 	12582.808765912	0.013217986	1
1 2 5 0 59 e 	12584.717936684	0.020369264	2
1 2 5 0 60 e 	12608.374261386	0.020371266	3
1 3 5 1 34 e 	12609.286158663	0.001821986	1
1 3 5 1 35 f 	12623.790601326	0.004822255	1
0 0 6 0 55 e 	12630.679739228	0.010289264	1
1 2 5 0 61 e 	12632.417290515	0.030247456	1
1 3 5 1 37 e 	12651.945259108	0.050021342	2
0 1 6 1 27 e 	12652.297378272	0.020021946	1
0 1 6 1 27 f 	12652.501587487	0.020018920	1
1 3 5 1 37 f 	12652.712650039	0.016424678	1
1 2 5 0 63 e 	12681.738225165	0.046047730	1
1 3 5 1 39 f 	12683.207400163	0.050027440	2
2 2 5 0 1 e 	12707.334138857	0.021200133	1
2 2 5 0 2 e 	12708.141853414	0.020000067	2
2 2 5 0 5 e 	12712.871011700	0.020000294	2
2 2 5 0 6 e 	12715.248723004	0.020001997	2
2 2 5 0 7 e 	12718.005682871	0.020001961	2
2 2 5 0 8 e 	12721.154840813	0.020001997	1
2 2 5 0 9 e 	12724.706459774	0.020002015	1
2 2 5 0 10 e 	12728.651754560	0.020002026	1
2 2 5 0 11 e 	12733.002283903	0.020002038	2
3 0 5 0 27 e 	12736.561038240	0.020003771	1
0 1 6 1 34 e 	12737.364008414	0.040018023	1
0 1 6 1 34 f 	12737.685146066	0.040019670	1
2 2 5 0 12 e 	12737.734910774	0.020002048	2
2 2 5 0 13 e 	12742.863297796	0.020002055	2
0 0 6 0 60 e 	12744.026090455	0.010447583	1
2 2 5 0 14 e 	12748.388302829	0.020003389	2
2 2 5 0 15 e 	12754.307911214	0.020003400	2
2 2 5 0 16 e 	12760.604117081	0.024803414	1
2 2 5 0 17 e 	12767.323301900	0.034203490	3
2 2 5 0 18 e 	12774.433195210	0.020003437	2
2 2 5 0 19 e 	12781.926927631	0.020003490	1
2 2 5 0 20 e 	12789.811420484	0.020003517	2
2 2 5 0 21 e 	12798.100158191	0.020003539	2
2 2 5 0 22 e 	12806.786888965	0.020003573	2
2 2 5 0 23 e 	12815.849742657	0.020003608	3
2 2 5 0 24 e 	12825.320616464	0.020003647	2
2 2 5 0 25 e 	12835.182227163	0.020003701	2
2 2 5 0 26 e 	12845.423539838	0.024603722	1
2 2 5 0 27 e 	12856.082543915	0.020003771	2
2 2 5 0 28 e 	12867.135325230	0.020003834	2
1 0 6 0 5 e 	12867.936217431	0.020000294	1
2 2 5 0 29 e 	12878.571049591	0.020003889	1
1 4 5 0 5 e 	12884.611117431	0.020000294	1
2 2 5 0 30 e 	12890.395505251	0.020003915	1
2 2 5 0 31 e 	12902.623220940	0.020003946	1
1 0 6 0 17 e 	12922.182127631	0.020003490	1
2 2 5 0 33 e 	12928.268306312	0.020003993	1
1 4 5 0 17 e 	12938.918927631	0.020003490	1
0 0 6 0 68 e 	12945.604922401	0.010465289	1
2 2 5 0 35 e 	12955.457043031	0.020004008	2
2 2 5 0 36 e 	12969.649569012	0.020004023	2
1 0 6 0 23 e 	12970.511016087	0.020003701	1
1 4 5 0 23 e 	12987.343416087	0.020003701	1
0 2 6 0 5 e 	12999.410503890	0.025200294	2
0 2 6 0 8 e 	13007.672840813	0.021601997	1
0 2 6 0 9 e 	13011.205459774	0.020002015	1
0 2 6 0 11 e 	13019.464715764	0.020002038	1
0 2 6 0 12 e 	13024.180332970	0.020002048	1
0 2 6 0 13 e 	13029.310594723	0.020002055	1
0 2 6 0 14 e 	13034.817488578	0.020003389	1
0 2 6 0 15 e 	13040.718000869	0.020003400	1
0 2 6 0 16 e 	13047.021117081	0.020003414	1
0 2 6 0 18 e 	13060.773097657	0.020003437	1
0 2 6 0 19 e 	13068.238927631	0.036403490	1
1 0 6 0 32 e 	13069.453710313	0.020004001	1
0 2 6 0 20 e 	13076.134292763	0.020003517	1
0 2 6 0 21 e 	13084.381173234	0.020003539	1
1 4 5 0 32 e 	13086.584610313	0.020004001	1
0 2 6 0 22 e 	13093.038548206	0.020003573	1
1 0 6 0 40 e 	13184.001360350	0.020004118	1
0 2 6 0 32 e 	13201.225165386	0.020003986	1
0 2 6 0 33 e 	13214.202306312	0.050003993	2
1 4 5 0 42 e 	13234.366537823	0.040004320	1
1 0 6 0 47 e 	13304.679944674	0.020117256	1
0 2 6 0 40 e 	13316.041567608	0.040004170	1
1 1 6 1 2 e 	13333.395871378	0.010011095	2
1 1 6 1 2 f 	13333.398103791	0.010011088	2
1 1 6 1 3 e 	13334.574332466	0.010009094	2
1 1 6 1 3 f 	13334.578248600	0.010009087	2
1 1 6 1 4 e 	13336.151355385	0.010011095	1
1 1 6 1 4 f 	13336.153901691	0.010011088	1
1 1 6 1 5 e 	13338.106545329	0.010009094	3
1 1 6 1 5 f 	13338.111567160	0.010009087	3
1 1 6 1 6 e 	13340.470792409	0.011805822	1
1 1 6 1 6 f 	13340.482674822	0.011805756	1
1 1 6 1 7 e 	13343.209082575	0.010006471	2
1 1 6 1 7 f 	13343.222505963	0.010006457	2
1 1 6 1 8 e 	13346.352792409	0.010005822	1
1 1 6 1 8 f 	13346.364674822	0.010005756	1
1 1 6 1 9 e 	13349.883118961	0.010005856	2
1 1 6 1 9 f 	13349.903884036	0.010005842	2
1 1 6 1 10 e 	13353.815079003	0.010006488	2
1 1 6 1 10 f 	13353.838630706	0.010006475	2
1 1 6 1 11 e 	13358.121923513	0.019606515	2
1 1 6 1 11 f 	13358.150659837	0.019606508	2
1 1 6 1 12 e 	13362.844380566	0.010006632	2
1 1 6 1 12 f 	13362.876408142	0.010006498	2
0 2 6 0 43 e 	13365.609666626	0.020004242	1
1 1 6 1 13 e 	13367.944879267	0.010009849	2
1 1 6 1 13 f 	13367.986685387	0.010007515	2
1 1 6 1 14 e 	13373.441205991	0.010014632	2
1 1 6 1 14 f 	13373.490049432	0.010007860	2
1 1 6 1 15 e 	13379.320775603	0.010013849	2
1 1 6 1 15 f 	13379.376479945	0.010007874	2
1 1 6 1 16 e 	13385.612669173	0.020414632	2
1 1 6 1 16 f 	13385.666571459	0.020407860	2
1 1 6 1 17 e 	13392.293473361	0.037816825	1
1 1 6 1 17 f 	13392.366026796	0.037807897	1
1 1 6 1 18 e 	13399.340211316	0.010017437	1
1 1 6 1 18 f 	13399.420822598	0.010010619	1
1 1 6 1 19 e 	13406.800047136	0.010020825	2
1 1 6 1 19 f 	13406.883339927	0.010011897	2
1 1 6 1 20 e 	13414.651548558	0.010017437	3
1 1 6 1 20 f 	13414.747245623	0.010010619	3
0 2 6 0 47 e 	13437.170344674	0.020117256	1
1 1 6 1 23 e 	13440.455372347	0.035224825	1
1 1 6 1 23 f 	13440.662708026	0.000615173	1
1 1 6 1 24 e 	13449.896005631	0.017823541	1
1 1 6 1 24 f 	13450.113093361	0.021815208	1
1 1 6 1 26 e 	13469.894991547	0.021819541	1
1 1 6 1 28 e 	13491.442433031	0.020023541	1
1 1 6 1 28 f 	13491.744770416	0.020015371	1
1 1 6 1 29 e 	13502.812378272	0.050021946	1
1 1 6 1 29 f 	13503.126587487	0.050018920	2
1 0 6 0 57 e 	13510.125782852	0.020369264	1
1 0 6 0 62 e 	13627.407752083	0.020447850	1
0 0 7 0 2 e 	13953.005274617	0.020000160	1
0 0 7 0 3 e 	13954.173117431	0.020000294	1
0 0 7 0 4 e 	13955.707662626	0.045000627	1
0 0 7 0 5 e 	13957.675011700	0.020000294	2
0 0 7 0 6 e 	13960.043840813	0.045401997	1
0 0 7 0 7 e 	13962.757459774	0.020002015	1
0 0 7 0 8 e 	13965.863296317	0.020002026	2
0 0 7 0 9 e 	13969.380587769	0.020002015	2
0 0 7 0 10 e 	13973.285543765	0.020002026	2
0 0 7 0 11 e 	13977.584121487	0.020002038	2
0 0 7 0 12 e 	13982.252910774	0.020002048	2
0 0 7 0 13 e 	13987.322797796	0.020002055	2
0 0 7 0 14 e 	13992.783031412	0.020003389	3
0 0 7 0 15 e 	13998.639911214	0.020003400	2
0 0 7 0 16 e 	14004.870107369	0.020003414	2
0 0 7 0 17 e 	14011.498874595	0.020003427	2
0 0 7 0 18 e 	14018.525054377	0.020003517	2
0 0 7 0 19 e 	14025.931966426	0.020003490	2
0 0 7 0 20 e 	14033.731386823	0.032203517	3
0 0 7 0 25 e 	14078.552416087	0.050003701	1
0 0 7 0 46 e 	14372.947420187	0.035474244	1
0 0 7 0 48 e 	14409.895846418	0.020119257	1
0 0 7 0 51 e 	14468.256957628	0.040925262	2
0 0 7 0 53 e 	14509.102432842	0.059205262	1
0 0 7 0 54 e 	14530.111368148	0.020283260	1
0 0 7 0 55 e 	14551.473746264	0.040285262	2

