nb bootstrap iteration = 100
0 0 0 0 0 e   0.000000000  0.000000000  0.000e+00  0.000e+00  0.000e+00
0 0 0 0 1 e   0.405713308  0.405713308  1.433e-09  3.336e-08  3.336e-08
0 0 0 0 2 e   1.217138857  1.217138855  4.193e-08  4.717e-08  5.777e-08
0 0 0 0 3 e   2.434274617  2.434274616  4.198e-08  4.902e-08  7.577e-08
0 0 0 0 4 e   4.057117431  4.057117429  4.496e-08  5.930e-08  9.621e-08
0 0 0 0 5 e   6.085662626  6.085662652  2.366e-07  1.770e-07  2.554e-07
0 0 0 0 6 e   8.519905969  8.519906000  2.356e-07  1.801e-07  3.474e-07
0 0 0 0 7 e   11.359840813  11.359840844  2.346e-07  1.810e-07  4.192e-07
0 0 0 0 8 e   14.605459774  14.605459805  2.351e-07  1.811e-07  4.806e-07
0 0 0 0 9 e   18.256754560  18.256754591  2.349e-07  1.811e-07  5.349e-07
0 0 0 0 10 e   22.313715764  22.313715796  2.352e-07  1.812e-07  5.844e-07
0 0 0 0 11 e   26.776332970  26.776333003  2.352e-07  1.813e-07  6.299e-07
0 0 0 0 12 e   31.644594723  31.644594757  2.353e-07  1.813e-07  6.724e-07
0 0 0 0 13 e   36.918488578  36.918488621  2.354e-07  1.889e-07  7.124e-07
0 0 0 0 14 e   42.598000869  42.598000911  2.350e-07  1.889e-07  7.502e-07
0 0 0 0 15 e   48.683117081  48.683117122  2.354e-07  1.890e-07  7.863e-07
0 0 0 0 16 e   55.173821559  55.173821605  2.376e-07  1.891e-07  8.214e-07
0 0 0 0 17 e   62.070097656  62.070097703  2.375e-07  1.892e-07  8.551e-07
0 0 0 0 18 e   69.371927630  69.371927679  2.369e-07  1.910e-07  8.873e-07
0 0 0 0 19 e   77.079292763  77.079292810  2.369e-07  1.915e-07  9.183e-07
0 0 0 0 20 e   85.192173234  85.192173281  2.366e-07  1.918e-07  9.483e-07
0 0 0 0 21 e   93.710548206  93.710548253  2.371e-07  1.926e-07  9.775e-07
0 0 0 0 22 e   102.634395797  102.634395844  2.369e-07  1.934e-07  1.006e-06
0 0 0 0 23 e   111.963693090  111.963693136  2.371e-07  1.944e-07  1.033e-06
0 0 0 0 24 e   121.698416087  121.698416133  2.373e-07  1.962e-07  1.060e-06
0 0 0 0 25 e   131.838539838  131.838539883  2.371e-07  1.965e-07  1.086e-06
0 0 0 0 26 e   142.384038240  142.384038286  2.372e-07  1.980e-07  1.112e-06
0 0 0 0 27 e   153.334884197  153.334884243  2.373e-07  2.005e-07  1.137e-06
0 0 0 0 28 e   164.691049591  164.691049637  2.377e-07  2.023e-07  1.162e-06
0 0 0 0 29 e   176.452505251  176.452505298  2.376e-07  2.027e-07  1.186e-06
0 0 0 0 30 e   188.619220940  188.619220985  2.374e-07  2.033e-07  1.209e-06
0 0 0 0 31 e   201.191165386  201.191165431  2.374e-07  2.042e-07  1.232e-06
0 0 0 0 32 e   214.168306312  214.168306357  2.374e-07  2.042e-07  1.255e-06
0 0 0 0 33 e   227.550610313  227.550610358  2.374e-07  2.042e-07  1.277e-06
0 0 0 0 34 e   241.338043031  241.338043076  2.374e-07  2.043e-07  1.299e-06
0 0 0 0 35 e   255.530569012  255.530569057  2.374e-07  2.044e-07  1.321e-06
0 0 0 0 36 e   270.128151788  270.128151834  2.374e-07  2.057e-07  1.342e-06
0 0 0 0 37 e   285.130753808  285.130753854  2.374e-07  2.058e-07  1.363e-06
0 0 0 0 38 e   300.538336557  300.538336603  2.379e-07  2.062e-07  1.383e-06
0 0 0 0 39 e   316.350860350  316.350860396  2.379e-07  2.063e-07  1.404e-06
0 0 0 0 40 e   332.568284602  332.568284648  2.379e-07  2.064e-07  1.424e-06
0 0 0 0 41 e   349.190567608  349.190567654  2.379e-07  2.072e-07  1.443e-06
0 0 0 0 42 e   366.217666626  366.217666672  2.381e-07  2.104e-07  1.463e-06
0 0 0 0 43 e   383.649537823  383.649537869  2.381e-07  2.140e-07  1.482e-06
0 0 0 0 44 e   401.486140708  401.486138315  1.379e-05  2.238e-05  2.458e-05
0 0 0 0 45 e   419.727420470  419.727418084  1.377e-05  2.241e-05  2.583e-05
0 0 0 0 46 e   438.373345291  438.373339553  1.939e-05  2.499e-05  3.225e-05
0 0 0 0 47 e   457.423847036  457.423841318  1.937e-05  2.501e-05  3.697e-05
0 0 0 0 48 e   476.878886923  476.878881220  1.934e-05  2.503e-05  4.142e-05
0 0 0 0 49 e   496.738413966  496.738408287  1.936e-05  2.505e-05  4.640e-05
0 0 0 0 50 e   517.002377035  517.002371385  1.936e-05  2.507e-05  5.137e-05
0 1 0 1 1 e   520.828323502  520.828323637  1.266e-06  2.166e-06  2.166e-06
0 1 0 1 1 f   520.828747891  520.828748027  1.266e-06  2.166e-06  2.166e-06
0 1 0 1 2 e   521.640737171  521.640737313  1.203e-06  1.921e-06  1.921e-06
0 1 0 1 2 f   521.642010330  521.642010473  1.203e-06  1.921e-06  1.922e-06
0 1 0 1 3 e   522.859355391  522.859355534  1.203e-06  1.921e-06  1.922e-06
0 1 0 1 3 f   522.861901697  522.861901840  1.203e-06  1.921e-06  1.922e-06
0 1 0 1 4 e   524.484174589  524.484174575  1.362e-06  2.059e-06  2.061e-06
0 1 0 1 4 f   524.488418408  524.488418394  1.362e-06  2.059e-06  2.062e-06
0 1 0 1 5 e   526.515191339  526.515191467  1.048e-06  1.498e-06  1.501e-06
0 1 0 1 5 f   526.521557026  526.521557154  1.048e-06  1.498e-06  1.520e-06
0 1 0 1 6 e   528.952399153  528.952399282  1.047e-06  1.497e-06  1.519e-06
0 1 0 1 6 f   528.961311047  528.961311176  1.047e-06  1.497e-06  1.537e-06
0 1 0 1 7 e   531.795792445  531.795792603  9.233e-07  1.411e-06  1.453e-06
0 1 0 1 7 f   531.807674857  531.807675014  9.233e-07  1.411e-06  1.472e-06
0 1 0 1 8 e   535.045363458  535.045363619  9.230e-07  1.412e-06  1.473e-06
0 1 0 1 8 f   535.060640680  535.060640841  9.230e-07  1.412e-06  1.492e-06
0 0 0 0 51 e   537.670746864  537.670743651  3.140e-05  3.098e-05  6.082e-05
0 1 0 1 9 e   538.701103727  538.701103840  8.128e-07  1.497e-06  1.572e-06
0 1 0 1 9 f   538.720200020  538.720200133  8.128e-07  1.497e-06  1.590e-06
0 1 0 1 10 e   542.763004268  542.763004400  8.280e-07  1.411e-06  1.509e-06
0 1 0 1 10 f   542.786343867  542.786343998  8.280e-07  1.411e-06  1.527e-06
0 1 0 1 11 e   547.231054256  547.231054432  8.742e-07  1.561e-06  1.667e-06
0 1 0 1 11 f   547.259061369  547.259061544  8.716e-07  1.561e-06  1.683e-06
0 1 0 1 12 e   552.105241512  552.105241690  8.697e-07  1.562e-06  1.684e-06
0 1 0 1 12 f   552.138340277  552.138340455  8.697e-07  1.562e-06  1.701e-06
0 1 0 1 13 e   557.385553540  557.385553766  9.985e-07  1.699e-06  1.827e-06
0 1 0 1 13 f   557.424168250  557.424168312  7.194e-07  1.596e-06  1.747e-06
0 0 0 0 52 e   558.743434286  558.743429423  3.320e-05  3.217e-05  6.615e-05
0 1 0 1 14 e   563.071977502  563.071977753  1.054e-06  1.771e-06  1.909e-06
0 1 0 1 14 f   563.116531818  563.116531889  6.208e-07  1.596e-06  1.764e-06
0 1 0 1 15 e   569.164497663  569.164497948  1.116e-06  1.840e-06  1.987e-06
0 1 0 1 15 f   569.215416583  569.215416659  5.638e-07  1.596e-06  1.780e-06
0 1 0 1 16 e   575.663098406  575.663098742  1.333e-06  1.957e-06  2.109e-06
0 1 0 1 16 f   575.720804707  575.720804820  4.836e-07  1.596e-06  1.795e-06
0 0 0 0 53 e   580.220370649  580.220371016  3.508e-05  4.195e-05  8.257e-05
0 1 0 1 17 e   582.567762905  582.567763091  1.524e-06  2.198e-06  2.347e-06
0 1 0 1 17 f   582.632681100  582.632681262  5.405e-07  1.412e-06  1.651e-06
0 1 0 1 18 e   589.878473325  589.878473486  1.526e-06  2.205e-06  2.365e-06
0 1 0 1 18 f   589.951026770  589.951026950  5.392e-07  1.422e-06  1.676e-06
0 1 0 1 19 e   597.595211275  597.595211927  2.663e-06  2.421e-06  2.807e-06
0 1 0 1 19 f   597.675822563  597.675822793  6.331e-07  1.739e-06  1.966e-06
0 0 0 0 54 e   602.101548767  602.101549118  3.509e-05  4.196e-05  8.925e-05
0 1 0 1 20 e   605.717950736  605.717950511  3.603e-06  2.619e-06  3.718e-06
0 1 0 1 20 f   605.807049843  605.807050121  6.865e-07  2.006e-06  2.218e-06
0 1 0 1 21 e   614.246682324  614.246682813  2.576e-06  2.703e-06  2.865e-06
0 1 0 1 21 f   614.344684992  614.344685226  8.179e-07  2.241e-06  2.445e-06
0 1 0 1 22 e   623.181372307  623.181372653  2.878e-06  2.977e-06  3.133e-06
0 1 0 1 22 f   623.288707985  623.288708091  1.208e-06  2.454e-06  2.652e-06
0 0 0 0 55 e   624.386891224  624.386891623  3.509e-05  4.197e-05  9.863e-05
0 1 0 1 23 e   632.522005592  632.522005565  2.194e-06  3.051e-06  3.212e-06
0 1 0 1 23 f   632.639093326  632.639093465  1.171e-06  2.650e-06  2.845e-06
0 1 0 1 24 e   642.268552986  642.268552960  2.227e-06  2.896e-06  3.075e-06
0 1 0 1 24 f   642.395819214  642.395819200  1.547e-06  2.733e-06  2.931e-06
0 0 0 0 56 e   647.076341736  647.076342353  3.512e-05  4.199e-05  1.072e-04
0 1 0 1 25 e   652.420991514  652.420991399  1.780e-06  2.818e-06  3.011e-06
0 1 0 1 25 f   652.558857545  652.558857453  1.739e-06  2.813e-06  3.015e-06
0 1 0 1 26 e   662.979293711  662.979293597  2.056e-06  2.990e-06  3.182e-06
0 1 0 1 26 f   663.128184875  663.128184905  1.540e-06  2.986e-06  3.186e-06
0 0 0 0 57 e   670.170096006  670.170134211  3.489e-04  5.061e-05  3.659e-04
0 1 0 1 27 e   673.943432997  673.943432801  1.624e-06  3.153e-06  3.343e-06
0 1 0 1 27 f   674.103770390  674.103770528  1.322e-06  3.148e-06  3.347e-06
0 1 0 1 28 e   685.313378248  685.313377737  2.866e-06  3.308e-06  3.498e-06
0 1 0 1 28 f   685.485587464  685.485587686  1.373e-06  3.304e-06  3.502e-06
0 0 0 0 58 e   693.667586462  693.667624489  3.485e-04  5.062e-05  4.181e-04
0 1 0 1 29 e   697.089104667  697.089104430  1.801e-06  3.455e-06  3.645e-06
0 1 0 1 29 f   697.273605678  697.273605840  1.180e-06  3.370e-06  3.573e-06
0 1 0 1 30 e   709.270574864  709.270573966  4.081e-06  3.597e-06  4.250e-06
0 1 0 1 30 f   709.467793881  709.467794179  1.594e-06  3.594e-06  3.792e-06
0 0 0 0 59 e   717.569006860  717.569044838  3.485e-04  5.063e-05  5.443e-04
0 1 0 1 31 e   721.857765879  721.857765678  2.071e-06  3.659e-06  3.853e-06
0 1 0 1 31 f   722.068122212  722.068122265  1.203e-06  3.655e-06  3.857e-06
0 1 0 1 32 e   734.850634175  734.850633656  4.875e-06  3.865e-06  5.028e-06
0 1 0 1 32 f   735.074554063  735.074554246  1.894e-06  3.862e-06  4.061e-06
0 0 0 0 60 e   741.874294413  741.874332556  3.494e-04  5.798e-05  6.468e-04
0 1 0 1 33 e   748.249158634  748.249158511  2.546e-06  3.922e-06  4.118e-06
0 1 0 1 33 f   748.487060658  748.487060579  1.507e-06  3.919e-06  4.122e-06
0 1 0 1 34 e   762.053289746  762.053288341  4.876e-06  4.116e-06  5.041e-06
0 1 0 1 34 f   762.305601314  762.305601369  2.156e-06  4.045e-06  4.248e-06
0 0 0 0 61 e   766.583394370  766.583433250  3.490e-04  5.798e-05  7.343e-04
0 1 0 1 35 e   776.263008391  776.263008287  3.193e-06  4.170e-06  4.367e-06
0 1 0 1 35 f   776.530146047  776.530145723  2.073e-06  4.166e-06  4.371e-06
0 1 0 1 36 e   790.878259097  790.878257592  4.563e-06  4.288e-06  4.750e-06
0 1 0 1 36 f   791.160650029  791.160649278  3.260e-06  4.285e-06  4.490e-06
0 0 0 0 62 e   791.696229088  791.696266162  3.480e-04  5.798e-05  8.121e-04
0 1 0 1 37 e   805.899021080  805.899019939  3.175e-06  4.403e-06  4.603e-06
0 1 0 1 37 f   806.197084793  806.197084114  2.468e-06  4.400e-06  4.606e-06
0 0 0 0 63 e   817.212756026  817.212792297  3.487e-04  5.798e-05  8.839e-04
0 1 0 1 38 e   821.325241497  821.325240326  4.322e-06  4.515e-06  4.716e-06
0 1 0 1 38 f   821.639400154  821.639399172  3.884e-06  4.512e-06  4.823e-06
0 1 0 1 39 e   837.156891722  837.156890561  3.126e-06  4.624e-06  4.827e-06
0 1 0 1 39 f   837.487566704  837.487565734  2.640e-06  4.621e-06  4.830e-06
0 0 0 0 64 e   843.132850789  843.132889518  3.496e-04  5.798e-05  9.500e-04
0 1 0 1 40 e   853.393918109  853.393916721  5.514e-06  4.731e-06  5.690e-06
0 1 0 1 40 f   853.741533724  853.741532675  4.378e-06  4.729e-06  4.938e-06
1 0 0 0 0 e   858.966915048  858.966915121  2.651e-06  4.336e-05  4.336e-05
1 0 0 0 1 e   859.371418453  859.371418526  2.651e-06  4.336e-05  4.336e-05
1 0 0 0 2 e   860.180424362  860.180424435  2.651e-06  4.336e-05  4.336e-05
1 0 0 0 3 e   861.393930607  861.393930680  2.651e-06  4.336e-05  4.336e-05
1 0 0 0 4 e   863.011931794  863.011931311  3.042e-06  4.336e-05  4.336e-05
1 0 0 0 5 e   865.034430699  865.034430220  3.004e-06  4.336e-05  4.336e-05
1 0 0 0 6 e   867.461413808  867.461413346  2.971e-06  4.336e-05  4.336e-05
0 0 0 0 65 e   869.456517736  869.456556509  3.496e-04  5.799e-05  1.012e-03
0 1 0 1 41 e   870.036288392  870.036288990  3.940e-06  5.183e-06  5.375e-06
1 0 0 0 7 e   870.292878902  870.292878441  2.970e-06  4.336e-05  4.337e-05
0 1 0 1 41 f   870.401264458  870.401265042  3.663e-06  4.907e-06  5.115e-06
1 0 0 0 8 e   873.528817447  873.528816987  2.971e-06  4.336e-05  4.337e-05
1 0 0 0 9 e   877.169222030  877.169221565  1.677e-06  4.336e-05  4.337e-05
1 0 0 0 10 e   881.214081355  881.214080887  1.678e-06  4.336e-05  4.337e-05
1 0 0 0 11 e   885.663385712  885.663385255  1.718e-06  4.336e-05  4.337e-05
0 1 0 1 42 e   887.083937271  887.083936177  7.598e-06  8.065e-06  8.193e-06
0 1 0 1 42 f   887.466697327  887.466696466  7.461e-06  8.236e-06  8.364e-06
1 0 0 0 12 e   890.517123744  890.517123265  1.772e-06  4.336e-05  4.337e-05
1 0 0 0 13 e   895.775282508  895.775282029  1.779e-06  4.336e-05  4.337e-05
0 0 0 0 66 e   896.183667141  896.183705907  3.496e-04  5.800e-05  1.070e-03
1 0 0 0 14 e   901.437848209  901.437847730  1.782e-06  4.336e-05  4.337e-05
0 1 0 1 43 e   904.536873669  904.536871238  5.909e-06  1.126e-05  1.136e-05
0 1 0 1 43 f   904.937835242  904.937832928  5.879e-06  1.114e-05  1.124e-05
1 0 0 0 15 e   907.504805305  907.504804826  1.784e-06  4.336e-05  4.337e-05
1 0 0 0 16 e   913.976137582  913.976138144  3.944e-06  4.003e-05  4.004e-05
1 0 0 0 17 e   920.851833276  920.851834768  9.083e-06  4.003e-05  4.004e-05
0 1 0 1 44 e   922.395000733  922.394995241  1.225e-05  1.374e-05  1.382e-05
0 1 0 1 44 f   922.814588311  922.814583213  1.165e-05  1.363e-05  1.873e-05
0 0 0 0 67 e   923.314226351  923.314265109  3.496e-04  5.800e-05  1.126e-03
1 0 0 0 18 e   928.131864514  928.131866136  8.978e-06  4.003e-05  4.004e-05
1 0 0 0 19 e   935.816218019  935.816219117  8.591e-06  4.003e-05  4.004e-05
0 1 0 1 45 e   940.658280151  940.658273056  1.958e-05  1.583e-05  2.342e-05
0 1 0 1 45 f   941.096915686  941.096908814  1.952e-05  1.574e-05  2.823e-05
1 0 0 0 20 e   943.904866338  943.904865019  8.574e-06  4.003e-05  4.004e-05
0 0 0 0 68 e   950.848120776  950.848158555  3.512e-04  5.839e-05  1.178e-03
1 0 0 0 21 e   952.397947810  952.397947518  1.021e-04  4.003e-05  1.021e-04
0 1 0 1 46 e   959.326676389  959.326669862  1.804e-05  1.767e-05  2.722e-05
0 1 0 1 46 f   959.784776498  959.784770050  1.810e-05  1.759e-05  3.269e-05
1 0 0 0 22 e   961.294997802  961.294997911  4.336e-06  4.003e-05  4.004e-05
1 0 0 0 23 e   970.596422403  970.596423192  4.492e-06  4.003e-05  4.004e-05
0 1 0 1 47 e   978.400175047  978.400168539  1.886e-05  1.934e-05  3.578e-05
0 0 0 0 69 e   978.785285201  978.785322828  3.511e-04  5.989e-05  1.229e-03
0 1 0 1 47 f   978.878162565  978.878156119  1.879e-05  1.927e-05  3.822e-05
1 0 0 0 24 e   980.302059301  980.302059732  2.654e-06  4.003e-05  4.004e-05
1 0 0 0 25 e   990.411885566  990.411886747  6.651e-06  4.003e-05  4.004e-05
0 1 0 1 48 e   997.878641494  997.878632754  2.004e-05  2.088e-05  3.906e-05
0 1 0 1 48 f   998.376939634  998.376931112  2.009e-05  2.081e-05  4.425e-05
1 0 0 0 26 e   1000.925859067  1000.925858867  5.230e-06  4.003e-05  4.004e-05
0 0 0 0 70 e   1007.125644434  1007.125681923  3.510e-04  6.026e-05  1.278e-03
1 0 0 0 27 e   1011.843979620  1011.843981893  2.375e-05  4.003e-05  4.004e-05
0 1 0 1 49 e   1017.762089398  1017.762080772  2.073e-05  2.260e-05  4.692e-05
0 1 0 1 49 f   1018.281114655  1018.281106103  2.067e-05  2.254e-05  5.018e-05
1 0 0 0 28 e   1023.166176364  1023.166176653  3.373e-06  4.003e-05  4.004e-05
1 0 0 0 29 e   1034.892457435  1034.892451717  3.664e-05  4.003e-05  4.005e-05
0 0 0 0 71 e   1035.869125106  1035.869162735  3.510e-04  6.063e-05  1.326e-03
0 1 0 1 50 e   1038.050466179  1038.050457136  2.312e-05  2.420e-05  5.233e-05
0 1 0 1 50 f   1038.590639976  1038.590630960  2.292e-05  2.414e-05  5.676e-05
0 2 0 2 2 e   1042.510811566  1042.510839436  9.594e-04  5.126e-03  1.443e-02
0 2 0 2 2 f   1042.510814296  1042.510841855  9.590e-04  5.126e-03  1.443e-02
0 2 0 2 3 e   1043.732165339  1043.732193207  9.594e-04  5.126e-03  1.349e-02
0 2 0 2 3 f   1043.732168068  1043.732195625  9.590e-04  5.126e-03  1.349e-02
0 2 0 2 4 e   1045.360629195  1045.360656301  9.590e-04  5.126e-03  1.248e-02
0 2 0 2 4 f   1045.360631924  1045.360659029  9.590e-04  5.126e-03  1.248e-02
1 0 0 0 30 e   1047.022777014  1047.022776190  5.691e-06  4.003e-05  4.005e-05
0 2 0 0 0 e   1047.042051193  1047.042051202  8.075e-08  1.001e-06  1.001e-06
0 2 0 2 5 e   1047.396202052  1047.396229239  9.589e-04  5.126e-03  1.138e-02
0 2 0 2 5 f   1047.396208420  1047.396235607  9.589e-04  5.126e-03  1.138e-02
0 2 0 0 1 e   1047.449011992  1047.449011999  8.032e-08  1.000e-06  1.000e-06
0 2 0 0 2 e   1048.262932093  1048.262932009  7.739e-07  1.001e-06  1.001e-06
0 2 0 0 3 e   1049.483810566  1049.483810648  6.681e-07  6.698e-07  6.722e-07
0 2 0 2 6 e   1049.841209842  1049.841237234  9.590e-04  5.126e-03  1.016e-02
0 2 0 2 6 f   1049.841222574  1049.841249966  9.590e-04  5.126e-03  1.016e-02
0 2 0 0 4 e   1051.111644853  1051.111644884  6.274e-07  1.001e-06  1.004e-06
0 2 0 2 7 e   1052.690976058  1052.691003464  9.590e-04  5.126e-03  8.770e-03
0 2 0 2 7 f   1052.690998974  1052.691026380  9.590e-04  5.126e-03  8.770e-03
0 2 0 0 5 e   1053.146431533  1053.146431683  6.723e-07  1.002e-06  1.006e-06
0 2 0 0 6 e   1055.588165049  1055.588165216  4.084e-07  8.531e-07  8.905e-07
0 2 0 2 8 e   1055.948633825  1055.948776095  2.401e-04  5.000e-03  5.000e-03
0 2 0 2 8 f   1055.948672025  1055.948814295  2.401e-04  5.000e-03  5.000e-03
0 2 0 0 7 e   1058.436841460  1058.436841520  4.291e-07  6.910e-07  7.734e-07
0 1 0 1 51 e   1058.743674086  1058.743670092  3.674e-05  3.753e-05  6.362e-05
0 1 0 1 51 f   1059.305437079  1059.305426271  2.298e-05  2.564e-05  6.270e-05
1 0 0 0 31 e   1059.557111816  1059.557111856  4.227e-06  4.003e-05  4.005e-05
0 2 0 2 9 e   1059.612558102  1059.612700387  2.401e-04  5.000e-03  5.000e-03
0 2 0 2 9 f   1059.612618140  1059.612760426  2.401e-04  5.000e-03  5.000e-03
0 2 0 0 8 e   1061.692453776  1061.692453911  5.556e-07  1.016e-06  1.099e-06
0 2 0 2 10 e   1063.683545680  1063.683687965  2.400e-04  5.000e-03  5.000e-03
0 2 0 2 10 f   1063.683635758  1063.683778044  2.400e-04  5.000e-03  5.000e-03
0 0 0 0 72 e   1065.015652401  1065.015690067  3.510e-04  6.100e-05  1.371e-03
0 2 0 0 9 e   1065.354995510  1065.354995541  3.650e-07  8.534e-07  9.794e-07
0 2 0 2 11 e   1068.161583601  1068.161725937  2.400e-04  5.000e-03  5.000e-03
0 2 0 2 11 f   1068.161713751  1068.161856087  2.400e-04  5.000e-03  5.000e-03
0 2 0 0 10 e   1069.424458355  1069.424458375  3.654e-07  6.913e-07  8.741e-07
1 0 0 0 32 e   1072.495422069  1072.495423938  1.232e-05  4.003e-05  4.005e-05
0 2 0 2 12 e   1073.046657715  1073.046800078  2.400e-04  5.000e-03  5.000e-03
0 2 0 2 12 f   1073.046839978  1073.046982340  2.400e-04  5.000e-03  5.000e-03
0 2 0 0 11 e   1073.900833225  1073.900832893  2.355e-06  1.016e-06  2.427e-06
0 2 0 2 13 e   1078.338752667  1078.338895033  2.400e-04  5.000e-03  5.000e-03
0 2 0 2 13 f   1078.339001289  1078.339143655  2.400e-04  5.000e-03  5.000e-03
0 2 0 0 12 e   1078.784113609  1078.784113938  1.809e-06  1.016e-06  1.916e-06
0 1 0 1 52 e   1079.841710745  1079.841704180  4.470e-05  3.852e-05  7.261e-05
0 1 0 1 52 f   1080.425431178  1080.425427019  3.619e-05  3.719e-05  7.588e-05
0 2 0 2 14 e   1084.037853308  1084.037995660  2.401e-04  5.000e-03  5.000e-03
0 2 0 2 14 f   1084.038184924  1084.038327276  2.401e-04  5.000e-03  5.000e-03
0 2 0 0 13 e   1084.074282224  1084.074282315  5.277e-07  1.016e-06  1.219e-06
1 0 0 0 33 e   1085.837669850  1085.837670033  6.885e-06  4.003e-05  4.005e-05
0 2 0 0 14 e   1089.771333773  1089.771333797  4.205e-07  1.018e-06  1.242e-06
0 2 0 2 15 e   1090.143941394  1090.144083769  2.400e-04  5.000e-03  5.000e-03
0 2 0 2 15 f   1090.144375207  1090.144517582  2.400e-04  5.000e-03  7.071e-03
0 0 0 0 73 e   1094.565149707  1094.565187638  3.509e-04  6.136e-05  1.415e-03
0 2 0 0 15 e   1095.875254134  1095.875254152  4.554e-07  1.018e-06  1.264e-06
0 2 0 2 16 e   1096.656816924  1096.656941223  2.194e-04  5.000e-03  5.000e-03
0 2 0 2 16 f   1096.657374907  1096.657499206  2.194e-04  5.000e-03  5.000e-03
1 0 0 0 34 e   1099.583820065  1099.583820366  1.306e-06  4.003e-05  4.005e-05
0 1 0 1 53 e   1101.344463177  1101.344455692  1.253e-04  4.259e-04  4.310e-04
0 1 0 1 53 f   1101.950613861  1101.950607363  4.275e-05  3.818e-05  8.962e-05
0 2 0 0 16 e   1102.386029204  1102.386029261  4.058e-07  1.018e-06  1.286e-06
0 2 0 2 17 e   1103.576773838  1103.576899537  2.379e-04  5.000e-03  5.000e-03
0 2 0 2 17 f   1103.577480917  1103.577606616  2.379e-04  5.000e-03  5.000e-03
0 2 0 0 17 e   1109.303646226  1109.303646262  4.396e-07  6.939e-07  1.075e-06
0 2 0 2 18 e   1110.903907043  1110.904029358  2.338e-04  5.000e-03  5.000e-03
0 2 0 2 18 f   1110.904791281  1110.904913596  2.338e-04  5.000e-03  5.000e-03
1 0 0 0 35 e   1113.733846060  1113.733846171  2.240e-06  3.669e-05  3.672e-05
0 2 0 0 18 e   1116.628089876  1116.628089985  5.799e-07  1.018e-06  1.329e-06
0 2 0 2 19 e   1118.637741786  1118.637864123  2.340e-04  5.000e-03  5.000e-03
0 2 0 2 19 f   1118.638834585  1118.638956922  2.340e-04  5.000e-03  5.000e-03
0 1 0 1 54 e   1123.251909800  1123.251908823  4.245e-05  4.717e-05  9.510e-05
0 1 0 1 54 f   1123.880895093  1123.880893800  3.741e-05  4.672e-05  1.007e-04
0 2 0 0 19 e   1124.359343205  1124.359343348  6.819e-07  1.018e-06  1.350e-06
0 0 0 0 74 e   1124.517543346  1124.517581286  3.509e-04  6.136e-05  1.457e-03
0 2 0 2 20 e   1126.778253186  1126.778330357  2.541e-04  5.000e-03  5.000e-03
0 2 0 2 20 f   1126.779589481  1126.779666651  2.541e-04  5.000e-03  5.000e-03
1 0 0 0 36 e   1128.287704871  1128.287705457  4.588e-06  3.669e-05  3.672e-05
0 2 0 0 20 e   1132.497392231  1132.497392326  4.702e-07  1.018e-06  1.371e-06
0 2 0 2 21 e   1135.326039090  1135.326232756  4.114e-04  5.000e-03  5.000e-03
0 2 0 2 21 f   1135.326083964  1135.325943509  1.699e-03  5.000e-03  5.000e-03
0 2 0 0 21 e   1141.042217042  1141.042217095  6.083e-07  1.018e-06  1.391e-06
1 0 0 0 37 e   1143.245353023  1143.245351843  6.613e-06  3.669e-05  3.672e-05
0 2 0 2 22 e   1144.279601652  1144.279827485  3.829e-04  5.000e-03  5.000e-03
0 2 0 2 22 f   1144.282786925  1144.282656663  5.970e-04  5.000e-03  5.000e-03
0 1 0 1 55 e   1145.564152081  1145.564164003  2.263e-04  4.718e-05  2.432e-04
0 1 0 1 55 f   1146.216244343  1146.216242456  4.056e-05  4.673e-05  1.091e-04
0 2 0 0 22 e   1149.993800556  1149.993800628  4.976e-07  1.018e-06  1.412e-06
0 2 0 2 23 e   1153.641239899  1153.641422742  4.115e-04  5.000e-03  5.000e-03
0 2 0 2 23 f   1153.651510768  1153.651046226  2.437e-03  5.000e-03  5.000e-03
0 0 0 0 75 e   1154.872756107  1154.872794064  3.509e-04  6.136e-05  1.499e-03
1 0 0 0 38 e   1158.606766877  1158.606767659  4.019e-06  3.669e-05  3.672e-05
0 2 0 0 23 e   1159.352121656  1159.352121587  6.594e-07  1.019e-06  1.431e-06
0 2 0 2 24 e   1163.408746771  1163.408976255  4.254e-04  5.000e-03  5.000e-03
0 2 0 2 24 f   1163.412900240  1163.412929448  5.207e-04  5.000e-03  5.000e-03
0 1 0 1 56 e   1168.280812888  1168.280812947  4.216e-05  4.884e-05  1.101e-04
0 1 0 1 56 f   1168.956730187  1168.956742164  2.263e-04  4.674e-05  2.504e-04
0 2 0 0 24 e   1169.117162942  1169.117162976  3.632e-07  1.019e-06  1.451e-06
0 2 0 2 25 e   1173.584448971  1173.584596217  4.292e-04  5.000e-03  5.000e-03
0 2 0 2 25 f   1173.588109344  1173.588081964  8.034e-04  5.000e-03  5.000e-03
1 0 0 0 39 e   1174.371893130  1174.371895183  8.963e-06  3.669e-05  3.672e-05
0 2 0 0 25 e   1179.288902907  1179.288902933  4.861e-07  6.959e-07  1.268e-06
0 2 0 2 26 e   1184.165306563  1184.165434190  4.235e-04  5.000e-03  5.000e-03
0 2 0 2 26 f   1184.169480863  1184.169572344  5.344e-04  5.000e-03  5.000e-03
0 0 0 0 76 e   1185.630709377  1185.630747349  3.509e-04  6.136e-05  1.539e-03
0 2 0 0 26 e   1189.867317697  1189.867317880  7.950e-07  1.019e-06  1.490e-06
1 0 0 0 40 e   1190.540684814  1190.540684957  2.589e-06  3.669e-05  3.672e-05
0 1 0 1 57 e   1191.401624765  1191.401432700  1.375e-03  5.314e-04  1.379e-03
0 1 0 1 57 f   1192.102008888  1192.102024140  2.256e-04  4.675e-05  3.365e-04
0 2 0 2 27 e   1195.149774246  1195.150548262  3.628e-03  5.000e-03  5.000e-03
0 2 0 2 27 f   1195.158435049  1195.158233290  6.313e-04  5.000e-03  5.000e-03
0 2 0 0 27 e   1200.852386618  1200.852386708  4.426e-07  1.019e-06  1.509e-06
0 2 0 2 28 e   1206.548752157  1206.548868310  4.329e-04  5.000e-03  5.000e-03
0 2 0 2 28 f   1206.553550357  1206.553578114  5.812e-04  5.000e-03  5.000e-03
1 0 0 0 41 e   1207.113116233  1207.113116360  6.871e-06  3.669e-05  3.672e-05
0 2 0 0 28 e   1212.244085506  1212.244085615  4.659e-07  1.020e-06  1.527e-06
0 1 0 1 58 e   1214.929199357  1214.928974319  9.708e-04  4.271e-04  1.037e-03
0 1 0 1 58 f   1215.652297339  1215.652334536  3.488e-04  5.463e-05  5.445e-04
0 0 0 0 77 e   1216.791325305  1216.791363268  3.509e-04  6.136e-05  1.579e-03
0 2 0 2 29 e   1218.348064500  1218.348539312  2.175e-03  5.000e-03  5.000e-03
0 2 0 2 29 f   1218.356575526  1218.356581626  5.781e-04  5.000e-03  5.000e-03
0 2 0 0 29 e   1224.042389043  1224.042389162  5.523e-07  1.020e-06  1.546e-06
1 0 0 0 42 e   1224.089130047  1224.089130291  5.220e-06  3.669e-05  3.672e-05
0 2 0 2 30 e   1230.558074013  1230.558160190  5.183e-04  5.000e-03  5.000e-03
0 2 0 2 30 f   1230.564372156  1230.564380560  5.387e-04  5.000e-03  5.000e-03
0 2 0 0 30 e   1236.247273596  1236.247273632  3.039e-07  6.977e-07  1.376e-06
0 1 0 1 59 e   1238.859255416  1238.859030378  9.708e-04  4.271e-04  1.057e-03
0 1 0 1 59 f   1239.607277689  1239.607314886  3.488e-04  5.463e-05  6.465e-04
1 0 0 0 43 e   1241.468686351  1241.468685115  8.188e-06  3.669e-05  3.672e-05
0 2 0 2 31 e   1243.170969678  1243.171416709  2.123e-03  5.000e-03  5.000e-03
0 2 0 2 31 f   1243.178962940  1243.179099188  1.034e-03  5.000e-03  5.000e-03
0 0 0 0 78 e   1248.354521949  1248.354559936  3.509e-04  6.136e-05  1.617e-03
0 2 0 0 31 e   1248.858711356  1248.858711394  4.512e-07  1.020e-06  1.582e-06
0 2 0 2 32 e   1256.194362262  1256.194390114  5.791e-04  5.000e-03  5.000e-03
0 2 0 2 32 f   1256.202232763  1256.202234436  1.067e-04  5.000e-03  5.000e-03
1 0 0 0 44 e   1259.251745477  1259.251744983  1.014e-05  3.669e-05  3.672e-05
0 2 0 0 32 e   1261.876676325  1261.876676369  3.012e-07  1.021e-06  1.600e-06
0 1 0 1 60 e   1263.193646943  1263.193421905  9.708e-04  4.271e-04  1.113e-03
0 1 0 1 60 f   1263.967012115  1263.967049310  3.488e-04  5.463e-05  6.356e-04
0 2 0 2 33 e   1269.620353701  1269.620748742  2.183e-03  5.000e-03  5.000e-03
0 2 0 2 33 f   1269.630205562  1269.630160426  2.447e-04  5.000e-03  5.000e-03
0 2 0 0 33 e   1275.301140277  1275.301140341  5.482e-07  6.977e-07  1.436e-06
1 0 0 0 45 e   1277.438253047  1277.438248459  1.501e-05  4.298e-05  4.951e-05
0 0 0 0 79 e   1280.320217379  1280.320255510  3.509e-04  6.137e-05  1.655e-03
0 2 0 2 34 e   1283.455304140  1283.454918612  1.041e-03  5.000e-03  5.000e-03
0 2 0 2 34 f   1283.465429884  1283.465439859  9.251e-05  5.000e-03  5.000e-03
0 1 0 1 61 e   1287.932310139  1287.932085101  9.708e-04  4.271e-04  1.167e-03
0 1 0 1 61 f   1288.731436767  1288.731473961  3.488e-04  5.463e-05  6.989e-04
0 2 0 0 34 e   1289.132075414  1289.132075492  4.806e-07  1.021e-06  1.635e-06
1 0 0 0 46 e   1296.028159479  1296.028155713  1.736e-05  4.587e-05  5.264e-05
0 2 0 2 35 e   1297.694149226  1297.694027982  2.808e-03  5.000e-03  5.000e-03
0 2 0 2 35 f   1297.707222799  1297.707266399  2.812e-04  5.000e-03  5.000e-03
0 2 0 0 35 e   1303.369450211  1303.369450253  6.917e-07  1.021e-06  1.652e-06
0 2 0 2 36 e   1312.342313369  1312.341938292  1.032e-03  5.000e-03  5.000e-03
0 2 0 2 36 f   1312.354848080  1312.354871193  8.940e-05  5.000e-03  5.000e-03
0 0 0 0 80 e   1312.688332553  1312.688370734  3.513e-04  6.173e-05  1.691e-03
0 1 0 1 62 e   1313.075181055  1313.074956017  9.708e-04  4.271e-04  1.217e-03
0 1 0 1 62 f   1313.900486295  1313.900523487  3.488e-04  5.463e-05  7.570e-04
1 0 0 0 47 e   1315.021424433  1315.021418670  1.939e-05  4.719e-05  5.716e-05
0 2 0 0 36 e   1318.013235817  1318.013235801  7.594e-07  1.021e-06  1.669e-06
0 2 0 2 37 e   1327.393716206  1327.393520911  2.895e-03  5.000e-03  5.000e-03
0 2 0 2 37 f   1327.409915395  1327.409856453  4.908e-04  5.018e-03  8.676e-03
0 2 0 0 37 e   1333.063399950  1333.063400104  8.128e-07  1.021e-06  1.686e-06
1 0 0 0 48 e   1334.418012134  1334.418006237  1.937e-05  2.510e-05  4.468e-05
0 1 0 1 63 e   1338.622193548  1338.621968510  9.708e-04  4.271e-04  1.266e-03
0 1 0 1 63 f   1339.474096261  1339.474133453  3.488e-04  5.463e-05  8.335e-04
0 2 0 2 38 e   1342.854411167  1342.855242676  3.164e-03  5.000e-03  5.000e-03
0 2 0 2 38 f   1342.869847880  1342.869871926  8.998e-05  5.000e-03  5.000e-03
0 0 0 0 81 e   1345.458780879  1345.458819096  3.509e-04  6.138e-05  1.727e-03
0 2 0 0 38 e   1348.519911204  1348.519911377  6.755e-07  1.021e-06  1.703e-06
1 0 0 0 49 e   1354.217803684  1354.217798083  1.922e-05  4.721e-05  6.281e-05
0 2 0 2 39 e   1358.717077296  1358.716798037  3.104e-03  5.000e-03  5.000e-03
0 2 0 2 39 f   1358.737615395  1358.737556453  4.908e-04  5.000e-03  5.000e-03
0 2 0 0 39 e   1364.382735871  1364.382735980  9.240e-07  1.021e-06  1.719e-06
0 1 0 1 64 e   1364.573874425  1364.573631909  9.203e-04  5.243e-04  1.276e-03
0 1 0 1 64 f   1365.452209001  1365.452245763  3.486e-04  6.152e-05  1.012e-03
1 1 0 1 1 e   1372.864329859  1372.864346445  1.192e-04  1.311e-04  1.312e-04
1 1 0 1 1 f   1372.864716506  1372.864702261  4.784e-04  6.674e-04  6.674e-04
1 1 0 1 2 e   1373.674517344  1373.674537126  1.169e-04  1.301e-04  1.301e-04
1 1 0 1 2 f   1373.675813733  1373.675801925  4.786e-04  6.671e-04  6.671e-04
1 0 0 0 50 e   1374.420830168  1374.420827417  2.802e-05  5.008e-05  6.827e-05
1 1 0 1 3 e   1374.889771072  1374.889790863  1.169e-04  1.300e-04  1.301e-04
1 1 0 1 3 f   1374.892437735  1374.892425928  4.786e-04  6.671e-04  6.671e-04
0 2 0 2 40 e   1374.989825835  1374.989657798  2.722e-03  5.000e-03  5.000e-03
0 2 0 2 40 f   1375.010351416  1375.010287886  2.079e-04  5.000e-03  5.000e-03
1 1 0 1 4 e   1376.510103025  1376.510122817  1.169e-04  1.300e-04  1.300e-04
1 1 0 1 4 f   1376.514597689  1376.514585884  4.786e-04  6.671e-04  6.671e-04
1 1 0 1 5 e   1378.535510548  1378.535530399  1.169e-04  1.300e-04  1.300e-04
1 1 0 1 5 f   1378.542288709  1378.542276737  4.786e-04  6.671e-04  6.671e-04
0 0 0 0 82 e   1378.631485662  1378.631524080  3.508e-04  6.174e-05  1.763e-03
0 2 0 0 40 e   1380.651840436  1380.651840375  1.001e-06  1.021e-06  1.736e-06
1 1 0 1 6 e   1380.965987527  1380.966007373  1.169e-04  1.300e-04  1.300e-04
1 1 0 1 6 f   1380.975506959  1380.975494987  4.786e-04  6.671e-04  6.671e-04
1 1 0 1 7 e   1383.801639972  1383.801633197  2.023e-05  1.300e-04  1.300e-04
1 1 0 1 7 f   1383.813749110  1383.813558115  9.216e-04  2.402e-03  2.402e-03
1 1 0 1 8 e   1387.040103727  1387.040103840  8.128e-07  4.400e-03  4.400e-03
1 1 0 1 8 f   1387.058650000  1387.058651878  8.833e-05  1.300e-04  1.300e-04
1 1 0 1 9 e   1390.687750415  1390.687753199  3.872e-05  1.300e-04  1.300e-04
1 1 0 1 9 f   1390.709294568  1390.709310417  2.161e-04  1.300e-04  2.161e-04
0 1 0 1 65 e   1390.928968670  1390.928726174  9.203e-04  5.243e-04  1.323e-03
0 2 0 2 41 e   1391.687435376  1391.686914144  1.455e-02  5.000e-03  1.455e-02
0 2 0 2 41 f   1391.689297908  1391.689321421  5.267e-04  5.018e-03  8.676e-03
0 1 0 1 65 f   1391.834712772  1391.834752224  3.506e-04  6.152e-05  1.071e-03
1 1 0 1 10 e   1394.738427021  1394.738429779  3.876e-05  1.300e-04  1.300e-04
1 1 0 1 10 f   1394.763340643  1394.763357678  2.150e-04  1.300e-04  2.150e-04
1 0 0 0 51 e   1395.027000151  1395.026995198  2.711e-05  5.009e-05  7.175e-05
0 2 0 0 41 e   1397.327189470  1397.327189315  8.358e-07  1.021e-06  1.752e-06
1 1 0 1 11 e   1399.194129676  1399.194132459  3.873e-05  1.300e-04  1.300e-04
1 1 0 1 11 f   1399.224069354  1399.224087036  2.142e-04  1.300e-04  2.142e-04
1 1 0 1 12 e   1404.054846556  1404.054849380  3.881e-05  1.300e-04  1.300e-04
1 1 0 1 12 f   1404.090269140  1404.090287147  2.138e-04  1.300e-04  2.138e-04
0 2 0 2 42 e   1408.748602303  1408.746478787  6.126e-03  5.000e-03  6.126e-03
0 2 0 2 42 f   1408.776231537  1408.776220300  2.676e-04  7.142e-03  1.123e-02
1 1 0 1 13 e   1409.320563608  1409.320566430  3.881e-05  1.300e-04  1.300e-04
1 1 0 1 13 f   1409.361924834  1409.361942865  2.138e-04  1.300e-04  2.138e-04
0 0 0 0 83 e   1412.206356261  1412.206394814  3.507e-04  6.210e-05  1.797e-03
0 2 0 0 42 e   1414.408734180  1414.408734861  6.636e-06  7.929e-06  8.059e-06
1 1 0 1 14 e   1414.991295233  1414.991294812  2.268e-06  1.300e-04  1.300e-04
1 1 0 1 14 f   1415.039299294  1415.039298979  1.676e-06  1.300e-04  1.300e-04
1 0 0 0 52 e   1416.036257337  1416.036256903  3.296e-05  5.329e-05  8.087e-05
0 1 0 1 66 e   1417.688705519  1417.688329089  7.884e-04  6.061e-04  1.283e-03
0 1 0 1 66 f   1418.621595581  1418.621635321  3.502e-04  6.153e-05  1.126e-03
1 1 0 1 15 e   1421.067073585  1421.067141581  2.657e-04  1.300e-04  2.657e-04
1 1 0 1 15 f   1421.121796773  1421.121796028  2.024e-05  1.300e-04  1.300e-04
0 2 0 2 43 e   1426.258235376  1426.257714144  1.455e-02  5.018e-03  2.521e-02
0 2 0 2 43 f   1426.267002085  1426.267026456  5.259e-04  5.000e-03  5.000e-03
1 1 0 1 16 e   1427.547494653  1427.547478674  1.236e-04  1.300e-04  1.300e-04
1 1 0 1 16 f   1427.609847311  1427.609845016  7.574e-05  1.300e-04  1.300e-04
0 2 0 0 43 e   1431.896476809  1431.896475510  5.222e-06  1.005e-05  1.016e-05
1 1 0 1 17 e   1434.433144949  1434.433142425  7.719e-06  1.300e-04  1.300e-04
1 1 0 1 17 f   1434.503142916  1434.503147032  7.467e-05  1.300e-04  1.300e-04
1 0 0 0 53 e   1437.448557424  1437.448555593  3.292e-05  5.670e-05  8.713e-05
1 1 0 1 18 e   1441.723710033  1441.723710994  1.091e-04  1.300e-04  1.300e-04
1 1 0 1 18 f   1441.801749439  1441.801748687  8.121e-06  1.300e-04  1.300e-04
0 2 0 2 44 e   1444.131702303  1444.129578787  6.126e-03  5.018e-03  1.061e-02
0 2 0 2 44 f   1444.165461432  1444.165456117  1.967e-04  5.000e-03  5.000e-03
0 1 0 1 67 e   1444.848311833  1444.848336843  4.578e-04  3.504e-03  3.664e-03
0 1 0 1 67 f   1445.812722481  1445.812762272  3.500e-04  6.154e-05  1.179e-03
0 0 0 0 84 e   1446.183311414  1446.183350097  3.507e-04  6.246e-05  1.831e-03
1 1 0 1 19 e   1449.419054229  1449.419048402  1.776e-05  1.300e-04  1.300e-04
1 1 0 1 19 f   1449.505814096  1449.505813344  8.121e-06  1.300e-04  1.300e-04
0 2 0 0 44 e   1449.790350363  1449.790346293  8.109e-06  1.276e-05  1.285e-05
1 1 0 1 20 e   1457.519294492  1457.519305255  4.377e-05  1.300e-04  1.300e-04
1 1 0 1 20 f   1457.615195679  1457.615200704  2.454e-05  1.300e-04  1.300e-04
1 0 0 0 54 e   1459.263820266  1459.263820922  3.626e-05  6.277e-05  1.037e-04
0 2 0 2 45 e   1462.439259325  1462.439058500  1.523e-03  5.000e-03  5.000e-03
0 2 0 2 45 f   1462.469363311  1462.469358213  1.165e-05  5.000e-03  5.000e-03
1 1 0 1 21 e   1466.024415235  1466.024413335  5.799e-06  1.300e-04  1.301e-04
1 1 0 1 21 f   1466.130006676  1466.130005419  4.591e-06  1.300e-04  1.300e-04
0 2 0 0 45 e   1468.090311399  1468.090306638  1.498e-05  1.499e-05  2.039e-05
0 1 0 1 68 e   1472.418025958  1472.417522991  7.814e-04  7.399e-04  1.370e-03
0 1 0 1 68 f   1473.408200162  1473.408239251  3.537e-04  3.503e-03  3.696e-03
1 1 0 1 22 e   1474.934384924  1474.934377912  4.615e-05  1.300e-04  1.301e-04
1 1 0 1 22 f   1475.049960838  1475.049964026  9.450e-06  1.300e-04  1.300e-04
0 0 0 0 85 e   1480.562240443  1480.562279338  3.507e-04  6.247e-05  1.864e-03
0 2 0 2 46 e   1481.143527599  1481.143527253  1.781e-04  5.000e-03  5.000e-03
0 2 0 2 46 f   1481.179759496  1481.179753780  1.970e-04  5.000e-03  5.000e-03
1 0 0 0 55 e   1481.481512044  1481.481450137  1.053e-03  6.530e-05  1.057e-03
1 1 0 1 23 e   1484.249193336  1484.249188393  1.625e-05  6.678e-05  6.685e-05
1 1 0 1 23 f   1484.375181435  1484.375180104  8.447e-06  1.300e-04  1.301e-04
0 2 0 0 46 e   1486.796317766  1486.796311334  1.891e-05  1.693e-05  3.010e-05
1 1 0 1 24 e   1493.968672948  1493.968659948  4.224e-05  1.300e-04  1.301e-04
1 1 0 1 24 f   1494.105644397  1494.105636623  2.341e-05  1.300e-04  1.301e-04
0 2 0 2 47 e   1500.254879974  1500.254698920  1.506e-03  5.000e-03  5.000e-03
0 2 0 2 47 f   1500.295461498  1500.295455050  1.810e-05  5.000e-03  5.000e-03
0 1 0 1 69 e   1500.386303125  1500.386319263  4.551e-04  3.504e-03  3.697e-03
0 1 0 1 69 f   1501.407770738  1501.407813462  3.645e-04  3.503e-03  3.713e-03
1 1 0 1 25 e   1504.093032822  1504.093028818  1.574e-05  1.300e-04  1.301e-04
1 0 0 0 56 e   1504.103199478  1504.103207690  1.916e-04  6.531e-05  2.155e-04
1 1 0 1 25 f   1504.241361934  1504.241388152  1.077e-04  1.300e-04  1.301e-04
0 2 0 0 47 e   1505.908387042  1505.908380714  1.810e-05  1.866e-05  3.301e-05
1 1 0 1 26 e   1514.622107290  1514.622118717  7.011e-05  6.677e-05  7.018e-05
1 1 0 1 26 f   1514.782376743  1514.782376396  5.710e-06  1.300e-04  1.301e-04
0 0 0 0 86 e   1515.343068480  1515.343107464  3.507e-04  6.247e-05  1.896e-03
0 2 0 2 48 e   1519.774914398  1519.774905772  2.073e-05  5.000e-03  5.000e-03
0 2 0 0 48 e   1525.426392165  1525.426385011  2.017e-05  2.025e-05  4.111e-05
1 1 0 1 27 e   1525.555838587  1525.555837166  6.179e-06  1.300e-04  1.301e-04
1 1 0 1 27 f   1525.728341146  1525.728340484  3.825e-06  1.300e-04  1.301e-04
1 0 0 0 57 e   1527.127079271  1527.127111039  2.621e-04  6.791e-05  2.832e-04
0 1 0 1 70 e   1528.763247749  1528.762694128  8.893e-04  8.046e-04  1.517e-03
0 1 0 1 70 f   1529.811352840  1529.811394696  3.549e-04  3.503e-03  3.729e-03
1 1 0 1 28 e   1536.894182103  1536.894160708  2.381e-04  1.300e-04  2.381e-04
1 1 0 1 28 f   1537.079681431  1537.079681533  1.356e-06  1.300e-04  1.301e-04
0 2 0 2 49 e   1539.698906494  1539.698897754  2.004e-05  5.000e-03  5.000e-03
0 2 0 0 49 e   1545.350342244  1545.350333682  1.996e-05  2.202e-05  4.484e-05
1 1 0 1 29 e   1548.637276472  1548.637271327  2.538e-05  1.300e-04  1.301e-04
1 1 0 1 29 f   1548.835933881  1548.835934179  1.594e-06  5.000e-03  5.000e-03
0 0 0 0 87 e   1550.525707293  1550.525746347  3.507e-04  6.247e-05  1.928e-03
1 0 0 0 58 e   1550.553803550  1550.553841889  3.489e-04  7.355e-05  4.493e-04
0 1 0 1 71 e   1557.976185265  1557.976221666  3.513e-04  3.545e-03  6.265e-03
0 1 0 1 71 f   1558.619094948  1558.619116556  3.819e-04  3.503e-03  3.746e-03
0 2 0 2 50 e   1560.028634398  1560.028625772  2.073e-05  5.000e-03  5.000e-03
0 2 0 2 50 f   1560.078666203  1560.078662991  7.464e-05  5.000e-03  5.000e-03
1 1 0 1 30 e   1560.785030393  1560.785028911  1.249e-05  1.300e-04  1.301e-04
1 1 0 1 30 f   1560.997200251  1560.997184324  5.972e-05  1.300e-04  1.301e-04
0 2 0 0 50 e   1565.680203831  1565.680195164  2.189e-05  2.366e-05  5.208e-05
1 1 0 1 31 e   1573.337301856  1573.337300946  4.079e-06  1.300e-04  1.301e-04
1 1 0 1 31 f   1573.563618961  1573.563619363  1.597e-06  1.300e-04  1.301e-04
0 3 0 1 1 e   1573.773609118  1573.773609152  1.269e-06  2.166e-06  2.895e-06
0 3 0 1 1 f   1573.774435604  1573.774435970  1.876e-06  2.166e-06  2.896e-06
1 0 0 0 59 e   1574.383096951  1574.383135290  3.489e-04  7.355e-05  5.445e-04
0 3 0 1 2 e   1574.587833473  1574.587833654  1.218e-06  2.166e-06  2.895e-06
0 3 0 1 2 f   1574.590310157  1574.590310185  1.742e-06  2.166e-06  2.896e-06
0 3 0 1 3 e   1575.809166982  1575.809167089  1.254e-06  2.166e-06  2.895e-06
0 3 0 1 3 f   1575.814121265  1575.814121299  1.229e-06  2.166e-06  2.896e-06
0 3 0 1 4 e   1577.437607550  1577.437607660  1.108e-06  1.640e-06  2.224e-06
0 3 0 1 4 f   1577.445864576  1577.445864713  1.112e-06  1.640e-06  2.236e-06
0 3 0 1 5 e   1579.473150701  1579.473150823  1.163e-06  1.800e-06  2.355e-06
0 3 0 1 5 f   1579.485535533  1579.485535638  1.196e-06  1.800e-06  2.367e-06
0 2 0 2 51 e   1580.763711179  1580.763702136  2.312e-05  5.000e-03  5.000e-03
0 2 0 2 51 f   1580.818075467  1580.818067931  3.342e-05  5.000e-03  5.000e-03
0 3 0 1 6 e   1581.915791684  1581.915791799  1.099e-06  1.730e-06  2.259e-06
0 3 0 1 6 f   1581.933131404  1581.933131507  1.168e-06  1.729e-06  2.271e-06
0 3 0 1 7 e   1584.765524306  1584.765524447  9.819e-07  1.731e-06  2.273e-06
0 3 0 1 7 f   1584.788643359  1584.788643515  1.005e-06  1.731e-06  2.285e-06
0 0 0 0 88 e   1586.110065856  1586.110104965  3.507e-04  6.247e-05  1.959e-03
1 1 0 1 32 e   1586.294147192  1586.294149279  7.759e-06  1.301e-04  1.301e-04
0 2 0 0 51 e   1586.415905084  1586.415894276  2.298e-05  2.519e-05  5.722e-05
1 1 0 1 32 f   1586.535009260  1586.535000200  2.275e-05  1.301e-04  1.301e-04
0 1 0 1 72 e   1587.157026106  1587.157063735  3.510e-04  3.505e-03  3.747e-03
0 1 0 1 72 f   1587.830429401  1587.830467067  3.510e-04  3.503e-03  3.762e-03
0 3 0 1 8 e   1588.022341109  1588.022341252  8.618e-07  1.730e-06  2.259e-06
0 3 0 1 8 f   1588.052065946  1588.052066092  8.342e-07  1.729e-06  2.271e-06
0 3 0 1 9 e   1591.686235335  1591.686235451  8.736e-07  1.729e-06  2.272e-06
0 3 0 1 9 f   1591.723390817  1591.723390981  8.567e-07  1.729e-06  2.284e-06
0 3 0 1 10 e   1595.757196994  1595.757197115  8.358e-07  1.800e-06  2.390e-06
0 3 0 1 10 f   1595.802609132  1595.802609251  8.063e-07  1.800e-06  2.402e-06
1 0 0 0 60 e   1598.615017685  1598.615055596  3.480e-04  7.602e-05  6.460e-04
1 1 0 1 33 e   1599.655480835  1599.655495720  8.099e-05  1.301e-04  1.302e-04
1 1 0 1 33 f   1599.911423182  1599.911421944  3.471e-05  1.301e-04  1.301e-04
0 3 0 1 11 e   1600.235216429  1600.235216595  8.549e-07  1.699e-06  2.272e-06
0 3 0 1 11 f   1600.289711106  1600.289711276  8.451e-07  1.699e-06  2.284e-06
0 2 0 2 52 e   1601.908593890  1601.908521042  3.284e-03  5.000e-03  5.001e-03
0 2 0 2 52 f   1601.963565530  1601.963561824  7.474e-05  5.000e-03  5.000e-03
0 3 0 1 12 e   1605.120281931  1605.120282159  9.361e-07  1.854e-06  2.493e-06
0 3 0 1 12 f   1605.184684876  1605.184684967  7.758e-07  1.854e-06  2.504e-06
0 2 0 0 52 e   1607.557383173  1607.557379005  3.619e-05  3.688e-05  7.113e-05
0 3 0 1 13 e   1610.412383721  1610.412383941  1.009e-06  1.855e-06  2.506e-06
0 3 0 1 13 f   1610.487519683  1610.487519795  7.799e-07  1.730e-06  2.426e-06
1 1 0 1 34 e   1613.421263636  1613.421263515  2.546e-06  1.301e-04  1.301e-04
1 1 0 1 34 f   1613.692664867  1613.692664894  1.498e-05  1.301e-04  1.301e-04
0 3 0 1 14 e   1616.111506590  1616.111506829  1.067e-06  1.971e-06  2.688e-06
0 3 0 1 14 f   1616.198202412  1616.198202473  6.407e-07  1.883e-06  2.569e-06
0 1 0 1 73 e   1616.742085243  1616.742121616  3.513e-04  3.520e-03  3.777e-03
0 1 0 1 73 f   1617.445597865  1617.445621339  3.809e-04  3.503e-03  3.778e-03
0 0 0 0 89 e   1622.096054772  1622.096094110  3.507e-04  6.248e-05  1.990e-03
0 3 0 1 15 e   1622.217637453  1622.217637730  1.174e-06  2.034e-06  2.789e-06
0 3 0 1 15 f   1622.316717262  1622.316717401  6.260e-07  1.884e-06  2.581e-06
1 0 0 0 61 e   1623.249488259  1623.249526171  3.480e-04  7.602e-05  7.338e-04
0 2 0 2 53 e   1623.450185745  1623.450179180  4.470e-05  5.000e-03  5.001e-03
0 2 0 2 53 f   1623.513775687  1623.513768307  3.337e-05  5.000e-03  5.001e-03
1 1 0 1 35 e   1627.591478070  1627.591467315  7.134e-05  1.301e-04  1.302e-04
1 1 0 1 35 f   1627.878824671  1627.878824783  3.876e-06  1.301e-04  1.301e-04
0 3 0 1 16 e   1628.730761784  1628.730762037  1.320e-06  2.094e-06  2.887e-06
0 3 0 1 16 f   1628.843051342  1628.843051475  5.106e-07  1.730e-06  2.392e-06
0 2 0 0 53 e   1629.104637843  1629.104631336  4.276e-05  3.788e-05  7.877e-05
0 3 0 1 17 e   1635.650863365  1635.650863614  1.408e-06  2.198e-06  3.046e-06
0 3 0 1 17 f   1635.777187735  1635.777187894  4.849e-07  1.738e-06  2.415e-06
1 1 0 1 36 e   1642.166078431  1642.166078374  3.222e-06  1.301e-04  1.301e-04
1 1 0 1 36 f   1642.469896417  1642.469896233  8.065e-06  1.301e-04  1.301e-04
0 3 0 1 18 e   1642.977925587  1642.977925939  1.972e-06  2.415e-06  3.367e-06
0 3 0 1 18 f   1643.119109317  1643.119109534  7.222e-07  1.730e-06  2.392e-06
0 2 0 2 54 e   1645.397723372  1645.397671288  3.279e-03  5.018e-03  5.037e-03
0 1 0 1 74 e   1646.730416988  1646.730452422  3.933e-04  3.506e-03  3.780e-03
0 1 0 1 74 f   1647.464891346  1647.464929286  3.509e-04  3.503e-03  3.794e-03
1 0 0 0 62 e   1648.286449863  1648.286487774  3.480e-04  7.602e-05  8.122e-04
0 3 0 1 19 e   1650.711928027  1650.711928065  2.425e-06  2.421e-06  3.387e-06
0 3 0 1 19 f   1650.868798680  1650.868798893  5.940e-07  1.738e-06  2.415e-06
0 2 0 0 54 e   1651.057589088  1651.057587796  3.741e-05  4.647e-05  9.475e-05
1 1 0 1 37 e   1657.145097097  1657.145095595  4.554e-06  1.301e-04  1.302e-04
1 1 0 1 37 f   1657.465692548  1657.465692039  6.993e-06  1.301e-04  1.301e-04
0 0 0 0 90 e   1658.483576766  1658.483616452  3.506e-04  6.248e-05  2.021e-03
0 3 0 1 20 e   1658.852857408  1658.852857844  2.609e-06  2.619e-06  3.839e-06
0 3 0 1 20 f   1659.026236274  1659.026236494  7.026e-07  2.006e-06  2.809e-06
0 3 0 1 21 e   1667.400686018  1667.400686008  3.181e-06  2.804e-06  4.465e-06
0 3 0 1 21 f   1667.591403411  1667.591403585  1.042e-06  2.241e-06  3.153e-06
0 2 0 2 55 e   1667.758371536  1667.758367793  5.436e-05  5.000e-03  5.001e-03
1 1 0 1 38 e   1672.528418766  1672.528416202  1.250e-05  1.301e-04  1.302e-04
1 1 0 1 38 f   1672.866312155  1672.866316334  5.565e-05  1.301e-04  1.302e-04
0 2 0 0 55 e   1673.416215355  1673.416213476  4.056e-05  4.648e-05  1.006e-04
1 0 0 0 63 e   1673.725837521  1673.725875432  3.480e-04  7.602e-05  8.833e-04
0 3 0 1 22 e   1676.355402454  1676.355402755  2.517e-06  2.882e-06  4.064e-06
0 3 0 1 22 f   1676.564276655  1676.564276873  8.818e-07  2.454e-06  3.465e-06
0 1 0 1 75 e   1677.121895034  1677.121931257  3.513e-04  3.506e-03  3.796e-03
0 1 0 1 75 f   1677.887769024  1677.887818205  3.584e-04  3.503e-03  3.811e-03
0 3 0 1 23 e   1685.716976144  1685.716976260  2.321e-06  3.064e-06  4.340e-06
0 3 0 1 23 f   1685.944836482  1685.944836473  1.485e-06  2.650e-06  3.749e-06
1 1 0 1 39 e   1688.316015326  1688.316012870  1.313e-05  1.301e-04  1.302e-04
1 1 0 1 39 f   1688.671642931  1688.671642232  1.385e-05  1.301e-04  1.302e-04
0 2 0 2 56 e   1690.519817081  1690.519829003  2.263e-04  5.000e-03  5.006e-03
0 0 0 0 91 e   1695.272538295  1695.272578221  3.507e-04  6.284e-05  2.051e-03
0 3 0 1 24 e   1695.485391050  1695.485391044  1.897e-06  2.990e-06  4.243e-06
0 3 0 1 24 f   1695.733057932  1695.733057955  1.478e-06  2.833e-06  4.014e-06
0 2 0 0 56 e   1696.180597192  1696.180609173  2.263e-04  4.650e-05  2.468e-04
1 0 0 0 64 e   1699.567583987  1699.567621898  3.480e-04  7.602e-05  9.494e-04
1 1 0 1 40 e   1704.507966736  1704.507972299  2.592e-05  1.301e-04  1.302e-04
1 1 0 1 40 f   1704.881667828  1704.881664132  5.655e-05  1.301e-04  1.302e-04
0 3 0 1 25 e   1705.660618844  1705.660618765  2.114e-06  3.064e-06  4.340e-06
0 3 0 1 25 f   1705.928919041  1705.928919041  1.532e-06  2.910e-06  4.130e-06
0 1 0 1 76 e   1707.916485726  1707.916527097  3.909e-04  3.506e-03  3.813e-03
0 1 0 1 76 f   1708.714082377  1708.714120349  3.509e-04  3.503e-03  3.827e-03
2 0 0 0 0 e   1710.976306685  1710.976306700  8.383e-07  1.268e-04  1.268e-04
2 0 0 0 1 e   1711.379577251  1711.379577265  8.383e-07  1.268e-04  1.268e-04
2 0 0 0 2 e   1712.186117254  1712.186117268  8.383e-07  1.268e-04  1.268e-04
2 0 0 0 3 e   1713.395923592  1713.395923490  1.797e-06  1.268e-04  1.268e-04
0 2 0 2 57 e   1713.686871152  1713.686867093  5.463e-05  5.000e-03  5.001e-03
2 0 0 0 4 e   1715.008995751  1715.008996560  6.239e-06  1.268e-04  1.268e-04
0 3 0 1 26 e   1716.242637252  1716.242637079  1.671e-06  2.990e-06  4.243e-06
0 3 0 1 26 f   1716.532393462  1716.532393488  1.489e-06  2.985e-06  4.243e-06
2 0 0 0 5 e   1717.025325678  1717.025325549  1.720e-06  1.234e-04  1.234e-04
0 2 0 0 57 e   1719.350398726  1719.350413845  2.255e-04  4.651e-05  2.497e-04
2 0 0 0 6 e   1719.444909319  1719.444909292  2.981e-06  1.234e-04  1.234e-04
1 1 0 1 41 e   1721.103872715  1721.103871691  5.283e-06  1.301e-04  1.302e-04
1 1 0 1 41 f   1721.496317572  1721.496315861  2.491e-05  1.301e-04  1.302e-04
2 0 0 0 7 e   1722.267702087  1722.267706207  5.632e-05  1.201e-04  1.201e-04
2 0 0 0 8 e   1725.493790880  1725.493791603  2.378e-05  1.201e-04  1.201e-04
1 0 0 0 65 e   1725.811608906  1725.811648262  3.493e-04  8.590e-05  1.012e-03
0 3 0 1 27 e   1727.231418976  1727.231418640  2.556e-06  3.153e-06  4.479e-06
0 3 0 1 27 f   1727.543455665  1727.543455802  1.419e-06  3.149e-06  4.479e-06
2 0 0 0 9 e   1729.123117070  1729.123115354  7.203e-06  1.167e-04  1.167e-04
0 0 0 0 92 e   1732.462970115  1732.463013423  3.498e-04  4.105e-04  2.092e-03
2 0 0 0 10 e   1733.155607068  1733.155606998  3.095e-05  1.167e-04  1.167e-04
0 2 0 2 58 e   1737.259308717  1737.259070181  1.122e-03  5.018e-03  5.204e-03
0 2 0 2 58 f   1737.348915667  1737.349034905  1.065e-03  5.000e-03  7.092e-03
2 0 0 0 11 e   1737.591369958  1737.591368664  8.930e-06  1.134e-04  1.134e-04
1 1 0 1 42 e   1738.104180768  1738.104178317  1.466e-05  1.301e-04  1.302e-04
1 1 0 1 42 f   1738.515762328  1738.515762668  3.636e-06  1.301e-04  1.302e-04
0 3 0 1 28 e   1738.626939828  1738.626939611  1.698e-06  3.308e-06  4.703e-06
0 3 0 1 28 f   1738.962078212  1738.962078315  1.213e-06  3.303e-06  4.703e-06
0 1 0 1 77 e   1739.114550377  1739.114588349  3.509e-04  3.507e-03  3.829e-03
2 0 0 0 12 e   1742.430295001  1742.430293018  1.955e-05  1.101e-04  1.101e-04
0 2 0 0 58 e   1742.925856132  1742.925893318  3.486e-04  5.442e-05  5.053e-04
2 0 0 0 13 e   1747.672407330  1747.672405728  2.996e-05  1.067e-04  1.067e-04
0 3 0 1 29 e   1750.429166544  1750.429165716  3.682e-06  3.456e-06  5.078e-06
0 3 0 1 29 f   1750.788233173  1750.788233464  1.397e-06  3.452e-06  4.917e-06
1 0 0 0 66 e   1752.457867351  1752.457906664  3.493e-04  8.590e-05  1.070e-03
2 0 0 0 14 e   1753.317679312  1753.317679761  3.612e-05  1.067e-04  1.067e-04
1 1 0 1 43 e   1755.508442634  1755.508439117  8.591e-06  1.302e-04  1.305e-04
1 1 0 1 43 f   1755.939540210  1755.939537176  8.268e-06  1.303e-04  1.305e-04
2 0 0 0 15 e   1759.366077715  1759.366086251  2.053e-05  2.347e-05  2.348e-05
0 2 0 2 59 e   1761.236104144  1761.235865608  1.122e-03  5.018e-03  7.175e-03
0 2 0 2 59 f   1761.332144751  1761.332263989  1.065e-03  5.000e-03  5.030e-03
0 3 0 1 30 e   1762.638079464  1762.638079186  2.020e-06  3.597e-06  5.122e-06
0 3 0 1 30 f   1763.021892440  1763.021892505  1.157e-06  3.515e-06  5.012e-06
2 0 0 0 16 e   1765.817725542  1765.817725779  3.321e-05  1.001e-04  1.001e-04
0 2 0 0 59 e   1766.906644230  1766.906681420  3.486e-04  5.442e-05  5.443e-04
0 0 0 0 93 e   1770.054529438  1770.054572946  3.499e-04  4.105e-04  2.122e-03
2 0 0 0 17 e   1772.672412242  1772.672395974  1.132e-04  9.673e-05  1.132e-04
1 1 0 1 44 e   1773.316802393  1773.316796260  3.652e-05  1.305e-04  1.310e-04
1 1 0 1 44 f   1773.767884893  1773.767879372  1.881e-05  1.305e-04  1.310e-04
0 3 0 1 31 e   1775.253638515  1775.253637774  4.292e-06  3.734e-06  6.040e-06
0 3 0 1 31 f   1775.663023473  1775.663023697  1.738e-06  3.730e-06  5.319e-06
1 0 0 0 67 e   1779.506283701  1779.506322326  3.501e-04  8.591e-05  1.126e-03
2 0 0 0 18 e   1779.930280050  1779.930280611  2.267e-06  9.340e-05  9.340e-05
0 2 0 2 60 e   1785.617782425  1785.617543889  1.122e-03  5.018e-03  5.128e-03
0 2 0 2 60 f   1785.720588459  1785.720707697  1.065e-03  5.000e-03  7.092e-03
2 0 0 0 19 e   1787.591173414  1787.591173213  1.375e-05  9.340e-05  9.340e-05
0 3 0 1 32 e   1788.275823757  1788.275823579  2.304e-06  3.793e-06  5.407e-06
0 3 0 1 32 f   1788.711598935  1788.711598928  1.291e-06  3.789e-06  5.407e-06
0 2 0 0 60 e   1791.292845972  1791.292883164  3.486e-04  5.442e-05  6.463e-04
1 1 0 1 45 e   1791.529043090  1791.529032613  9.042e-05  1.307e-04  1.315e-04
1 1 0 1 45 f   1792.000660708  1792.000654811  1.709e-05  1.307e-04  1.320e-04
2 0 0 0 20 e   1795.655120421  1795.655119789  2.520e-05  9.006e-05  9.007e-05
0 3 0 1 33 e   1801.704592461  1801.704591579  4.966e-06  3.993e-06  7.067e-06
0 3 0 1 33 f   1802.167582553  1802.167582610  2.083e-06  3.989e-06  5.692e-06
2 0 0 0 21 e   1804.122157630  1804.122160222  1.797e-05  8.673e-05  8.673e-05
1 0 0 0 68 e   1806.956777595  1806.956815772  3.502e-04  8.591e-05  1.179e-03
0 0 0 0 94 e   1808.047254328  1808.047298092  3.500e-04  4.107e-04  2.152e-03
1 1 0 1 46 e   1810.145355976  1810.145346777  3.146e-05  1.310e-04  1.330e-04
0 2 0 2 61 e   1810.404268161  1810.404029625  1.122e-03  5.018e-03  7.175e-03
0 2 0 2 61 f   1810.514182159  1810.514301397  1.065e-03  5.000e-03  7.106e-03
1 1 0 1 46 f   1810.637790603  1810.637782112  2.408e-05  1.309e-04  1.340e-04
2 0 0 0 22 e   1812.992170778  1812.992172153  2.731e-05  8.673e-05  8.673e-05
0 3 0 1 34 e   1815.539925513  1815.539925373  2.868e-06  4.048e-06  5.775e-06
0 3 0 1 34 f   1816.030946353  1816.030946171  1.800e-06  4.044e-06  5.775e-06
0 2 0 0 61 e   1816.084407039  1816.084444233  3.486e-04  5.442e-05  7.343e-04
2 0 0 0 23 e   1822.265176285  1822.265176754  6.019e-06  8.339e-05  8.340e-05
1 1 0 1 47 e   1829.165732757  1829.165732286  3.346e-05  1.312e-04  1.340e-04
1 1 0 1 47 f   1829.679366409  1829.679359838  4.774e-05  1.312e-04  1.352e-04
0 3 0 1 35 e   1829.781773685  1829.781772216  4.565e-06  4.236e-06  6.588e-06
0 3 0 1 35 f   1830.301649672  1830.301649465  2.565e-06  4.166e-06  5.950e-06
2 0 0 0 24 e   1831.941143711  1831.941143456  2.923e-05  8.339e-05  8.340e-05
1 0 0 0 69 e   1834.809278315  1834.809315142  3.515e-04  8.617e-05  1.229e-03
0 2 0 2 62 e   1835.595484726  1835.595246189  1.122e-03  5.018e-03  5.152e-03
0 2 0 2 62 f   1835.712860002  1835.712979241  1.065e-03  5.000e-03  5.049e-03
0 2 0 0 62 e   1841.281273201  1841.281310397  3.486e-04  5.442e-05  8.128e-04
2 0 0 0 25 e   1842.020110354  1842.020111868  9.293e-06  8.006e-05  8.006e-05
0 3 0 1 36 e   1844.430119736  1844.430119139  3.210e-06  4.288e-06  6.120e-06
0 3 0 1 36 f   1844.979665920  1844.979665405  2.293e-06  4.285e-06  6.120e-06
0 0 0 0 95 e   1846.441103873  1846.441115573  3.562e-04  6.955e-04  2.262e-03
1 1 0 1 48 e   1848.589824632  1848.589819032  2.099e-05  1.314e-04  1.362e-04
1 1 0 1 48 f   1849.125397518  1849.125391020  1.879e-05  1.314e-04  1.369e-04
2 0 0 0 26 e   1852.501945659  1852.501947008  1.035e-05  8.006e-05  8.006e-05
0 3 0 1 37 e   1859.484911297  1859.484909918  4.389e-06  4.403e-06  6.452e-06
0 3 0 1 37 f   1860.064948592  1860.064947649  3.597e-06  4.400e-06  6.286e-06
0 2 0 2 63 e   1861.191355506  1861.191116970  1.122e-03  5.018e-03  5.164e-03
0 2 0 2 63 f   1861.319890647  1861.320009885  1.065e-03  5.000e-03  5.057e-03
1 0 0 0 70 e   1863.063715344  1863.063753156  3.513e-04  8.720e-05  1.278e-03
2 0 0 0 27 e   1863.386676583  1863.386677228  1.565e-05  8.006e-05  8.006e-05
0 2 0 0 63 e   1866.883389053  1866.883426250  3.486e-04  5.442e-05  8.838e-04
1 1 0 1 49 e   1868.417890289  1868.417879186  7.035e-05  1.317e-04  1.373e-04
1 1 0 1 49 f   1868.975453365  1868.975444287  2.005e-05  1.317e-04  1.389e-04
2 0 0 0 28 e   1874.674440350  1874.674420726  4.861e-05  2.013e-05  4.862e-05
0 3 0 1 38 e   1874.946126401  1874.946125234  3.147e-06  4.515e-06  6.448e-06
0 3 0 1 38 f   1875.557472248  1875.557471381  2.585e-06  4.512e-06  6.448e-06
0 0 0 0 96 e   1885.235550595  1885.235594621  3.499e-04  1.166e-03  2.520e-03
2 0 0 0 29 e   1886.364714579  1886.364714446  6.158e-06  8.006e-05  8.006e-05
0 2 0 2 64 e   1887.192388548  1887.192163510  9.708e-04  5.018e-03  5.175e-03
0 2 0 2 64 f   1887.326061261  1887.326098453  3.488e-04  5.000e-03  5.069e-03
1 2 0 2 2 f   1888.162789049  1888.162816236  9.589e-04  5.130e-03  1.444e-02
1 2 0 2 2 e   1888.162792681  1888.162819869  9.589e-04  5.130e-03  1.444e-02
1 1 0 1 50 e   1888.649403702  1888.649395479  2.065e-05  1.319e-04  1.400e-04
1 1 0 1 50 f   1889.229830562  1889.229821870  2.068e-05  1.319e-04  1.412e-04
1 2 0 2 3 f   1889.381077869  1889.381105057  9.589e-04  5.130e-03  1.349e-02
1 2 0 2 3 e   1889.381081501  1889.381108689  9.589e-04  5.130e-03  1.349e-02
0 3 0 1 39 e   1890.813716303  1890.813714987  4.930e-06  4.625e-06  6.823e-06
1 2 0 2 4 f   1891.005448420  1891.005475607  9.589e-04  5.130e-03  1.248e-02
1 2 0 2 4 e   1891.005452052  1891.005479239  9.589e-04  5.130e-03  1.248e-02
0 3 0 1 39 f   1891.457186939  1891.457185959  4.023e-06  4.622e-06  6.680e-06
1 0 0 0 71 e   1891.720001830  1891.720038542  3.490e-04  8.745e-05  1.325e-03
1 2 0 0 0 e   1892.230535724  1892.230537044  8.697e-06  3.432e-05  3.432e-05
1 2 0 0 1 e   1892.636442453  1892.636443773  8.697e-06  3.432e-05  3.432e-05
0 2 0 0 64 e   1892.890723016  1892.890759784  3.486e-04  6.133e-05  9.501e-04
1 2 0 2 5 f   1893.035908176  1893.035935408  9.589e-04  5.130e-03  1.349e-02
1 2 0 2 5 e   1893.035912068  1893.035939286  9.589e-04  5.130e-03  1.349e-02
1 2 0 0 2 e   1893.448254072  1893.448255396  8.695e-06  3.000e-05  3.000e-05
1 2 0 0 3 e   1894.666024327  1894.666029415  3.992e-05  1.335e-04  1.335e-04
1 2 0 2 6 f   1895.472447823  1895.472475056  9.589e-04  5.130e-03  1.444e-02
1 2 0 2 6 e   1895.472451716  1895.472478934  9.589e-04  5.130e-03  1.444e-02
1 2 0 0 4 e   1896.289642690  1896.289647778  3.992e-05  1.336e-04  1.336e-04
1 2 0 0 5 e   1898.319159977  1898.319165392  4.002e-05  1.336e-04  1.336e-04
2 0 0 0 30 e   1898.457929752  1898.457927660  1.899e-05  8.006e-05  8.006e-05
1 2 0 0 6 e   1900.754570177  1900.754575592  4.002e-05  1.337e-04  1.337e-04
1 2 0 0 7 e   1903.589459774  1903.589459805  2.351e-07  1.000e-01  1.000e-01
1 2 0 0 8 e   1906.842754560  1906.842754591  2.349e-07  1.000e-01  1.000e-01
0 3 0 1 40 e   1907.087654722  1907.087653560  3.126e-06  4.731e-06  6.759e-06
0 3 0 1 40 f   1907.764064703  1907.764063733  2.640e-06  4.728e-06  6.759e-06
1 1 0 1 51 e   1909.284875268  1909.284866367  2.309e-05  1.322e-04  1.422e-04
1 1 0 1 51 f   1909.888151178  1909.888147019  3.619e-05  8.000e-03  8.000e-03
1 2 0 0 9 e   1910.495886122  1910.495868283  1.378e-04  3.337e-04  3.337e-04
2 0 0 0 31 e   1910.953911014  1910.953909657  2.222e-05  8.339e-05  8.340e-05
0 2 0 2 65 e   1913.596955506  1913.596716970  1.122e-03  5.036e-03  8.792e-03
0 2 0 2 65 f   1913.739474001  1913.739510763  3.486e-04  5.000e-03  5.102e-03
1 2 0 0 10 e   1914.554810342  1914.554792499  1.378e-04  3.337e-04  3.337e-04
1 2 0 0 11 e   1919.019593544  1919.019575705  1.378e-04  3.337e-04  3.337e-04
0 2 0 0 65 e   1919.303151895  1919.303191157  3.507e-04  6.133e-05  1.013e-03
1 0 0 0 72 e   1920.778088432  1920.778126636  3.514e-04  8.771e-05  1.371e-03
0 3 0 1 41 e   1923.767888103  1923.767886706  5.513e-06  4.836e-06  7.923e-06
2 0 0 0 32 e   1923.852612150  1923.852614615  3.309e-05  8.339e-05  8.340e-05
1 2 0 0 12 e   1923.890227718  1923.890209883  1.378e-04  3.337e-04  3.337e-04
0 0 0 0 97 e   1924.434550595  1924.434594621  3.499e-04  4.166e-03  4.869e-03
0 3 0 1 41 f   1924.478055724  1924.478054675  4.378e-06  4.833e-06  6.910e-06
1 2 0 0 13 e   1929.118297796  1929.118211783  3.276e-03  1.000e-01  1.000e-01
1 1 0 1 52 e   1930.323305184  1930.323299414  2.297e-05  4.443e-04  4.488e-04
1 1 0 1 52 f   1930.950839256  1930.950828723  2.302e-05  1.325e-04  1.466e-04
1 2 0 0 14 e   1934.848651947  1934.848629885  5.676e-05  1.001e-03  1.001e-03
2 0 0 0 33 e   1937.154052406  1937.154052145  4.005e-06  8.339e-05  8.340e-05
0 2 0 2 66 e   1940.406311765  1940.406073228  1.122e-03  5.036e-03  1.013e-02
0 2 0 2 66 f   1940.557810839  1940.557847601  3.486e-04  5.000e-03  7.144e-03
0 3 0 1 42 e   1940.854212804  1940.854181013  1.748e-04  8.000e-04  8.000e-04
1 2 0 0 15 e   1940.937275798  1940.937275879  3.185e-07  7.902e-07  1.090e-06
0 3 0 1 42 f   1941.598988032  1941.598958690  1.319e-04  8.000e-04  8.000e-04
0 2 0 0 66 e   1946.120680444  1946.120720004  3.504e-04  6.134e-05  1.071e-03
1 2 0 0 16 e   1947.431824703  1947.431810115  4.641e-05  1.001e-03  1.001e-03
1 0 0 0 73 e   1950.237871937  1950.237910424  3.505e-04  8.796e-05  1.415e-03
2 0 0 0 34 e   1950.858149926  1950.858150083  2.454e-05  8.673e-05  8.674e-05
1 1 0 1 53 e   1951.766520272  1951.766515661  5.611e-05  8.000e-03  8.000e-03
1 1 0 1 53 f   1952.417295093  1952.417293800  3.741e-05  8.000e-03  8.001e-03
1 2 0 0 17 e   1954.267821559  1954.267821605  2.376e-07  1.000e-01  1.000e-01
0 3 0 1 43 e   1958.347047728  1958.347017909  1.909e-04  8.000e-04  8.001e-04
0 3 0 1 43 f   1959.127245059  1959.127243070  8.877e-06  1.004e-04  1.008e-04
1 2 0 0 18 e   1961.636382610  1961.636382658  2.375e-07  6.614e-07  1.081e-06
0 0 0 0 98 e   1964.030894573  1964.030938760  3.499e-04  4.167e-03  6.409e-03
2 0 0 0 35 e   1964.964828625  1964.964829294  2.795e-06  8.673e-05  8.674e-05
1 2 0 0 19 e   1969.347622466  1969.347622518  2.373e-07  1.200e-06  1.492e-06
0 2 0 0 67 e   1973.343189480  1973.343229272  3.500e-04  6.135e-05  1.126e-03
1 1 0 1 54 e   1973.611576356  1973.611670492  7.718e-04  5.000e-03  5.006e-03
1 1 0 1 54 f   1974.288079412  1974.288068430  5.913e-05  5.000e-03  5.001e-03
0 3 0 1 44 e   1976.246039725  1976.246032905  1.158e-05  1.007e-04  1.013e-04
0 3 0 1 44 f   1977.062272072  1977.062256254  8.082e-05  8.001e-04  8.002e-04
1 2 0 0 20 e   1977.464605658  1977.464605705  2.371e-07  6.941e-07  1.151e-06
2 0 0 0 36 e   1979.474106699  1979.474106405  5.444e-06  9.006e-05  9.007e-05
1 0 0 0 74 e   1980.099285724  1980.099323771  3.518e-04  8.821e-05  1.458e-03
1 2 0 0 21 e   1985.988211886  1985.988204264  2.423e-05  1.001e-03  1.001e-03
2 0 0 0 37 e   1994.385916370  1994.385915603  1.954e-05  9.006e-05  9.007e-05
0 3 0 1 45 e   1994.550901432  1994.550875796  1.635e-04  8.001e-04  8.002e-04
1 2 0 0 22 e   1994.917463789  1994.917454090  1.037e-04  1.001e-03  1.001e-03
0 3 0 1 45 f   1995.404438935  1995.404557366  3.681e-04  8.001e-04  8.003e-04
1 1 0 1 55 e   1995.861841344  1995.861834444  2.552e-04  8.000e-03  8.001e-03
1 1 0 1 55 f   1996.562502640  1996.562479953  3.056e-04  8.000e-03  8.001e-03
0 2 0 0 68 e   2000.970744220  2000.970781882  3.511e-04  6.314e-05  1.179e-03
0 0 0 0 99 e   2004.027887314  2004.027931372  3.498e-04  4.167e-03  7.644e-03
1 2 0 0 23 e   2004.250083003  2004.250083248  6.843e-07  3.003e-04  3.003e-04
2 0 0 0 38 e   2009.700266313  2009.700265960  3.199e-05  9.340e-05  9.341e-05
1 0 0 0 75 e   2010.362248720  2010.362287896  3.499e-04  8.821e-05  1.499e-03
0 3 0 1 46 e   2013.262219826  2013.262217891  6.248e-05  8.002e-04  8.005e-04
1 2 0 0 24 e   2013.986539838  2013.986539883  2.371e-07  1.000e-01  1.000e-01
0 3 0 1 46 f   2014.153302565  2014.153296119  1.879e-05  8.002e-04  8.011e-04
1 1 0 1 56 e   2018.515072527  2018.515080574  6.267e-05  1.721e-04  1.984e-04
1 1 0 1 56 f   2019.241386616  2019.241404057  2.915e-04  8.000e-03  8.001e-03
1 2 0 0 25 e   2024.133801830  2024.133801992  1.653e-05  1.001e-03  1.001e-03
2 0 0 0 39 e   2025.417064404  2025.417063764  1.148e-05  9.340e-05  9.341e-05
0 2 0 0 69 e   2029.003061107  2029.003095615  3.534e-04  8.021e-04  1.425e-03
0 3 0 1 47 e   2032.379467157  2032.379489993  1.959e-04  8.003e-04  8.012e-04
0 3 0 1 47 f   2033.309113639  2033.309110642  6.110e-05  8.002e-04  8.009e-04
1 2 0 0 26 e   2034.686618705  2034.686615358  1.582e-05  1.001e-03  1.001e-03
1 0 0 0 76 e   2041.026685062  2041.026723040  3.524e-04  9.064e-05  1.540e-03
2 0 0 0 40 e   2041.536342250  2041.536337911  1.282e-05  2.347e-05  2.351e-05
1 1 0 1 57 e   2041.572371122  2041.572305224  7.983e-04  8.000e-03  8.001e-03
1 1 0 1 57 f   2042.323603763  2042.323635475  2.895e-04  8.000e-03  8.004e-03
0 0 0 0 100 e   2044.427887314  2044.427931372  3.498e-04  5.776e-03  9.581e-03
1 2 0 0 27 e   2045.642781427  2045.642804652  7.611e-05  2.003e-04  2.003e-04
0 3 0 1 48 e   2051.902493883  2051.902490360  2.087e-05  1.019e-04  1.080e-04
0 3 0 1 48 f   2052.871565128  2052.871499063  3.227e-04  8.002e-04  8.011e-04
1 2 0 0 28 e   2057.011194724  2057.011102640  5.319e-03  1.000e-01  1.000e-01
0 2 0 0 70 e   2057.440333481  2057.440371453  3.506e-04  1.166e-04  1.278e-03
2 0 0 0 41 e   2058.057878777  2058.057878225  1.823e-05  9.673e-05  9.674e-05
0 0 1 0 0 e   2062.200895577  2062.200895555  1.470e-06  5.000e-05  7.071e-05
0 0 1 0 1 e   2062.604178454  2062.604178432  1.470e-06  5.000e-05  5.000e-05
0 0 1 0 2 e   2063.410743074  2063.410743053  1.470e-06  5.000e-05  5.000e-05
0 0 1 0 3 e   2064.620582294  2064.620582185  4.015e-07  1.579e-06  1.580e-06
1 1 0 1 58 e   2065.031239657  2065.031310570  2.360e-04  4.578e-04  6.071e-04
1 1 0 1 58 f   2065.809328696  2065.809384047  3.583e-04  9.356e-04  9.943e-04
0 0 1 0 4 e   2066.233704762  2066.233704654  4.016e-07  1.115e-06  1.117e-06
0 0 1 0 5 e   2068.250098308  2068.250098250  3.568e-07  8.933e-07  8.984e-07
1 2 0 0 29 e   2068.768192381  2068.772865199  2.081e-02  5.000e-02  5.000e-02
0 0 1 0 6 e   2070.669759001  2070.669759026  2.365e-07  5.940e-07  6.466e-07
0 3 0 1 49 e   2071.831540824  2071.831499580  1.036e-04  8.004e-04  8.013e-04
1 0 0 0 77 e   2072.092509470  2072.092547746  3.521e-04  9.064e-05  1.579e-03
0 3 0 1 49 f   2072.841062961  2072.841053268  2.257e-05  1.022e-04  1.114e-04
0 0 1 0 7 e   2073.492679900  2073.492679931  2.356e-07  8.531e-07  9.212e-07
2 0 0 0 42 e   2074.981793947  2074.981789007  3.978e-05  9.673e-05  9.674e-05
1 2 0 2 30 e   2075.733279678  2075.733726709  2.123e-03  5.003e-03  7.073e-03
1 2 0 2 30 f   2075.742022940  2075.742159188  1.034e-03  5.003e-03  7.073e-03
0 0 1 0 8 e   2076.718855565  2076.718855486  9.916e-07  1.406e-06  1.467e-06
0 0 1 0 9 e   2080.348639497  2080.348639356  2.286e-05  3.564e-03  3.564e-03
1 2 0 0 30 e   2080.938365386  2080.939817530  1.054e-02  5.000e-02  5.000e-02
0 0 1 0 10 e   2084.381298550  2084.381298410  2.286e-05  3.564e-03  3.564e-03
0 2 0 0 71 e   2086.282362826  2086.282399041  3.517e-04  8.023e-04  1.509e-03
0 0 1 0 11 e   2088.817181390  2088.817181250  2.286e-05  3.564e-03  3.564e-03
1 1 0 1 59 e   2088.894131061  2088.894201974  2.360e-04  4.578e-04  7.604e-04
1 1 0 1 59 f   2089.698892292  2089.698947643  3.583e-04  9.356e-04  1.365e-03
0 3 0 1 50 e   2092.166599611  2092.166573315  1.201e-04  8.003e-04  8.017e-04
2 0 0 0 43 e   2092.308048744  2092.308047978  8.538e-06  1.001e-04  1.001e-04
0 3 0 1 50 f   2093.217146221  2093.217133551  2.198e-05  1.026e-04  1.142e-04
1 2 0 0 31 e   2093.527458750  2093.529260458  9.370e-03  5.000e-02  5.000e-02
0 0 1 0 12 e   2093.656274074  2093.656273933  2.286e-05  3.564e-03  3.564e-03
0 0 1 0 13 e   2098.898571697  2098.898571556  2.286e-05  3.564e-03  3.564e-03
0 4 0 2 2 e   2100.745086981  2100.745071482  9.952e-04  5.127e-03  1.443e-02
0 4 0 2 2 f   2100.745089427  2100.745068236  9.917e-04  5.127e-03  1.443e-02
0 4 0 2 3 e   2101.969392967  2101.969377471  9.952e-04  5.127e-03  1.349e-02
0 4 0 2 3 f   2101.969395413  2101.969374225  9.917e-04  5.127e-03  1.349e-02
1 0 0 0 78 e   2103.559657293  2103.559692081  3.499e-04  7.150e-05  1.617e-03
0 4 0 2 4 e   2103.603296133  2103.603280614  9.952e-04  5.127e-03  1.248e-02
0 4 0 2 4 f   2103.603298579  2103.603277376  9.917e-04  5.127e-03  1.248e-02
0 0 1 0 14 e   2104.544022829  2104.544022846  1.256e-05  3.564e-03  3.564e-03
0 4 0 0 0 e   2104.827662291  2104.827661083  5.810e-06  1.001e-04  1.001e-04
0 4 0 0 1 e   2105.235598304  2105.235597094  5.810e-06  1.001e-04  1.001e-04
0 4 0 2 5 e   2105.643783259  2105.643768687  9.951e-04  5.127e-03  1.138e-02
0 4 0 2 5 f   2105.643800871  2105.643779609  9.917e-04  5.127e-03  1.138e-02
0 4 0 0 2 e   2106.051549224  2106.051547604  8.871e-06  1.000e-04  1.000e-04
1 2 0 0 32 e   2106.509377101  2106.509377271  4.260e-06  1.078e-04  1.078e-04
0 4 0 0 3 e   2107.274291476  2107.274409525  8.033e-04  1.001e-03  1.001e-03
0 4 0 2 6 e   2108.092354430  2108.092339859  9.951e-04  5.127e-03  1.248e-02
0 4 0 2 6 f   2108.095393266  2108.095372003  9.917e-04  5.127e-03  1.248e-02
0 4 0 0 4 e   2108.906031456  2108.906149504  8.033e-04  1.001e-03  1.001e-03
2 0 0 0 44 e   2110.036511588  2110.036511368  8.773e-06  1.001e-04  1.001e-04
0 0 1 0 15 e   2110.592730869  2110.592730911  2.350e-07  3.564e-03  3.564e-03
0 4 0 0 5 e   2110.946482229  2110.946520817  2.299e-04  8.000e-04  8.000e-04
0 4 0 2 7 e   2110.949809842  2110.949837234  9.590e-04  5.188e-03  1.141e-02
0 4 0 2 7 f   2110.949822574  2110.949849966  9.590e-04  5.188e-03  1.141e-02
0 3 0 1 51 e   2112.907598966  2112.907593739  2.668e-05  1.030e-04  1.155e-04
1 1 0 1 60 e   2113.160186200  2113.160257113  2.360e-04  4.578e-04  8.876e-04
0 4 0 0 6 e   2113.394578337  2113.394765694  5.079e-04  8.000e-04  8.000e-04
1 1 0 1 60 f   2113.992062109  2113.992117460  3.583e-04  9.356e-04  1.655e-03
0 3 0 1 51 f   2114.000033896  2114.000015980  3.317e-05  1.029e-04  1.175e-04
0 4 0 2 8 f   2114.213629535  2114.213654198  1.132e-03  5.064e-03  7.116e-03
0 4 0 2 8 e   2114.215528804  2114.215697935  2.805e-04  5.064e-03  7.116e-03
0 2 0 0 72 e   2115.528993003  2115.529022862  3.546e-04  8.023e-04  1.549e-03
0 4 0 0 7 e   2116.249826442  2116.249828532  1.264e-05  9.000e-05  9.000e-05
0 0 1 0 16 e   2117.044482369  2117.044482200  3.519e-06  3.564e-03  3.564e-03
0 4 0 2 9 f   2117.886446801  2117.886471383  1.132e-03  5.064e-03  7.116e-03
0 4 0 2 9 e   2117.888278357  2117.888447505  2.804e-04  5.064e-03  7.116e-03
0 4 0 0 8 e   2119.513275613  2119.513278305  9.047e-06  9.000e-05  9.000e-05
1 2 0 0 33 e   2119.924674671  2119.924856456  3.447e-03  1.000e-01  1.000e-01
0 4 0 2 10 f   2121.967322065  2121.967346472  1.132e-03  5.064e-03  7.116e-03
0 4 0 2 10 e   2121.969061060  2121.969230236  2.804e-04  5.064e-03  7.116e-03
0 4 0 0 9 e   2123.184641990  2123.184644687  9.055e-06  9.001e-05  9.001e-05
0 0 1 0 17 e   2123.899404595  2123.899404458  1.286e-05  3.564e-03  3.564e-03
0 4 0 2 11 e   2126.457862200  2126.458031403  2.805e-04  5.064e-03  7.116e-03
0 4 0 2 11 f   2126.460583389  2126.460607552  1.132e-03  5.064e-03  7.116e-03
0 4 0 0 10 e   2127.263923455  2127.263926142  9.076e-06  9.000e-05  9.001e-05
2 0 0 0 45 e   2128.167175150  2128.167171341  1.654e-05  1.031e-04  1.060e-04
0 0 1 0 18 e   2131.157487656  2131.157487703  2.375e-07  3.564e-03  3.564e-03
0 4 0 2 12 e   2131.354666116  2131.354835335  2.805e-04  5.064e-03  7.116e-03
0 4 0 2 12 f   2131.357544022  2131.357568035  1.132e-03  5.064e-03  7.116e-03
0 4 0 0 11 e   2131.751115105  2131.751117762  9.071e-06  9.000e-05  9.001e-05
1 2 0 0 34 e   2133.694079928  2133.694080203  9.019e-07  2.003e-04  2.003e-04
0 3 0 1 52 e   2134.054334622  2134.054330981  7.209e-05  8.009e-04  8.034e-04
0 3 0 1 52 f   2135.189196011  2135.189183575  2.308e-05  1.032e-04  1.208e-04
1 0 0 0 79 e   2135.428005458  2135.428043056  3.499e-04  9.566e-05  1.655e-03
0 4 0 0 12 e   2136.646208686  2136.646211325  9.056e-06  9.001e-05  9.001e-05
0 4 0 2 13 e   2136.659527937  2136.659646405  2.696e-04  5.064e-03  7.116e-03
0 4 0 2 13 f   2136.659784877  2136.659871808  2.982e-04  5.064e-03  7.116e-03
1 1 0 1 61 e   2137.829340075  2137.829410988  2.360e-04  4.578e-04  9.987e-04
1 1 0 1 61 f   2138.688772855  2138.688828206  3.583e-04  9.356e-04  1.789e-03
0 0 1 0 19 e   2138.818655432  2138.818655697  5.888e-06  3.564e-03  3.564e-03
0 4 0 0 13 e   2141.949204699  2141.949206343  1.159e-05  9.001e-05  9.001e-05
0 4 0 2 14 e   2142.372204480  2142.372304545  2.210e-04  5.064e-03  7.116e-03
0 4 0 2 14 f   2142.372545697  2142.372636370  2.273e-04  5.064e-03  7.116e-03
0 2 0 0 73 e   2145.180352873  2145.180390559  3.516e-04  8.023e-04  1.588e-03
2 0 0 0 46 e   2146.699976595  2146.699973714  1.644e-05  1.058e-04  1.089e-04
0 0 1 0 20 e   2146.882885484  2146.882884779  4.796e-06  3.564e-03  3.564e-03
0 4 0 0 14 e   2147.660085982  2147.660084998  3.025e-05  9.001e-05  9.001e-05
1 2 0 0 35 e   2147.907597409  2147.906902815  8.522e-03  1.000e-01  1.000e-01
0 4 0 2 15 e   2148.492895763  2148.493032005  2.273e-04  5.064e-03  7.116e-03
0 4 0 2 15 f   2148.493340563  2148.493457539  2.182e-04  5.064e-03  7.116e-03
0 4 0 0 15 e   2153.778856726  2153.778860304  1.219e-05  9.001e-05  9.001e-05
0 4 0 2 16 e   2155.021710841  2155.021844904  2.275e-04  5.250e-03  7.250e-03
0 4 0 2 16 f   2155.022268695  2155.022410450  2.397e-04  5.064e-03  7.116e-03
0 0 1 0 21 e   2155.350234515  2155.350234265  2.452e-05  3.564e-03  3.564e-03
0 3 0 1 53 e   2155.606993253  2155.606965775  1.673e-04  8.009e-04  8.042e-04
0 3 0 1 53 f   2156.784971223  2156.784960716  5.981e-05  8.009e-04  8.045e-04
0 4 0 0 16 e   2160.305499886  2160.305498466  1.168e-05  9.001e-05  9.001e-05
0 4 0 2 17 e   2161.958630192  2161.958886250  5.624e-04  5.250e-03  7.250e-03
0 4 0 2 17 f   2161.959514431  2161.959817694  6.104e-04  5.250e-03  7.250e-03
1 2 0 0 36 e   2162.500538986  2162.500543881  1.344e-05  1.001e-03  1.001e-03
1 1 0 1 62 e   2162.901526251  2162.901597164  2.360e-04  4.578e-04  1.099e-03
1 1 0 1 62 f   2163.788956409  2163.789011760  3.583e-04  9.356e-04  1.524e-03
0 0 1 0 22 e   2164.220535648  2164.220535327  5.271e-06  3.564e-03  3.564e-03
2 0 0 0 47 e   2165.634913190  2165.634907321  1.943e-05  2.527e-05  4.097e-05
0 4 0 0 17 e   2167.240024678  2167.240017401  1.902e-05  9.001e-05  9.001e-05
1 0 0 0 80 e   2167.697507589  2167.697546506  3.510e-04  1.009e-04  1.691e-03
0 4 0 2 18 e   2169.302881841  2169.303027541  3.197e-04  5.250e-03  7.250e-03
0 4 0 2 18 f   2169.303796903  2169.303930752  2.535e-04  5.064e-03  7.116e-03
0 0 1 0 23 e   2173.493876785  2173.493877984  2.872e-05  3.564e-03  3.564e-03
0 4 0 0 18 e   2174.582415024  2174.582414592  9.636e-06  9.000e-05  9.001e-05
0 2 0 0 74 e   2175.236099707  2175.236137638  3.509e-04  1.601e-03  2.137e-03
0 4 0 2 19 e   2177.054999313  2177.055124935  3.076e-04  5.250e-03  7.250e-03
0 4 0 2 19 f   2177.055879932  2177.056062396  3.331e-04  5.064e-03  7.116e-03
1 2 0 0 37 e   2177.512188883  2177.512181799  7.521e-04  1.001e-03  1.001e-03
0 3 0 1 54 e   2177.564979821  2177.564977169  1.887e-04  8.014e-04  8.375e-04
0 3 0 1 54 f   2178.787480212  2178.787466596  9.424e-05  8.009e-04  8.059e-04
0 4 0 0 19 e   2182.332655627  2182.332650812  1.705e-05  9.001e-05  9.001e-05
0 0 1 0 24 e   2183.170235621  2183.170236821  2.872e-05  3.564e-03  3.564e-03
2 0 0 0 48 e   2184.971819688  2184.971814337  1.925e-05  1.064e-04  1.126e-04
0 4 0 2 20 e   2185.215515256  2185.215663289  4.308e-04  5.250e-03  7.250e-03
0 4 0 2 20 f   2185.216557017  2185.216470852  7.396e-04  5.064e-03  7.116e-03
1 1 0 1 63 e   2188.376678057  2188.376748970  2.360e-04  4.578e-04  1.190e-03
1 1 0 1 63 f   2189.292546743  2189.292602094  3.583e-04  9.356e-04  1.203e-03
0 4 0 0 20 e   2190.491010245  2190.491037061  3.536e-04  8.000e-04  8.000e-04
1 2 0 0 38 e   2192.928194648  2192.928197502  8.969e-06  1.001e-03  1.001e-03
0 0 1 0 25 e   2193.249546087  2193.249546133  2.373e-07  3.564e-03  3.564e-03
0 4 0 2 21 e   2193.782976698  2193.782950661  4.364e-04  5.250e-03  7.250e-03
0 4 0 2 21 f   2193.784442055  2193.784461104  3.410e-04  5.064e-03  7.116e-03
0 4 0 0 21 e   2199.056619556  2199.056619628  4.956e-07  4.128e-06  4.235e-06
0 3 0 1 55 e   2199.928537083  2199.928536468  2.045e-04  9.064e-04  9.113e-04
1 0 0 0 81 e   2200.368070711  2200.368107678  3.521e-04  1.092e-04  1.728e-03
0 3 0 1 55 f   2201.196389168  2201.196365603  1.811e-04  8.014e-04  8.077e-04
0 4 0 2 22 e   2202.757893445  2202.758118798  5.968e-04  5.064e-03  7.116e-03
0 4 0 2 22 f   2202.771281373  2202.770816083  2.067e-03  5.064e-03  7.116e-03
0 0 1 0 26 e   2203.731822017  2203.731821774  1.543e-06  3.564e-03  3.564e-03
2 0 0 0 49 e   2204.710750599  2204.710745052  1.922e-05  1.064e-04  1.142e-04
0 2 0 0 75 e   2205.696545674  2205.696586756  3.505e-04  1.174e-04  1.499e-03
0 4 0 0 22 e   2208.030401537  2208.030576677  4.917e-04  8.000e-04  8.000e-04
1 2 0 0 39 e   2208.750357886  2208.750353421  1.929e-05  2.003e-04  2.003e-04
0 4 0 2 23 e   2212.139768928  2212.139994305  3.945e-04  5.064e-03  7.116e-03
0 4 0 2 23 f   2212.148238058  2212.148123040  6.429e-04  5.064e-03  7.116e-03
1 1 0 1 64 e   2214.256005251  2214.255756333  9.904e-04  5.853e-04  1.607e-03
0 0 1 0 27 e   2214.617008915  2214.617004734  4.174e-05  3.564e-03  3.564e-03
1 1 0 1 64 f   2215.199474338  2215.199529689  3.583e-04  9.356e-04  1.253e-03
0 4 0 0 23 e   2217.411935940  2217.411935968  3.667e-07  4.128e-06  4.248e-06
2 1 0 1 1 e   2218.432538218  2218.432550717  1.535e-04  3.900e-03  5.515e-03
2 1 0 1 1 f   2218.434032735  2218.433857670  8.149e-04  3.900e-03  5.515e-03
2 1 0 1 2 e   2219.240415113  2219.240427611  1.535e-04  3.900e-03  3.900e-03
2 1 0 1 2 f   2219.242881635  2219.242706571  8.149e-04  3.900e-03  3.900e-03
2 1 0 1 3 e   2220.453685837  2220.453698081  1.535e-04  3.900e-03  3.900e-03
2 1 0 1 3 f   2220.454696648  2220.454523280  8.176e-04  3.900e-03  3.900e-03
0 4 0 2 24 e   2221.931682052  2221.931868294  4.727e-04  5.064e-03  7.116e-03
0 4 0 2 24 f   2221.947490768  2221.947026226  2.437e-03  5.064e-03  7.116e-03
2 1 0 1 4 e   2222.068391339  2222.068391467  1.048e-06  3.900e-03  3.900e-03
2 1 0 1 4 f   2222.073257026  2222.073257154  1.048e-06  3.900e-03  3.900e-03
0 3 0 1 56 e   2222.698166489  2222.698097265  8.941e-04  8.014e-04  9.266e-04
0 3 0 1 56 f   2224.011706616  2224.011707775  1.222e-04  8.014e-04  8.088e-04
2 1 0 1 5 e   2224.088060159  2224.088060287  1.048e-06  3.900e-03  5.515e-03
2 1 0 1 5 f   2224.095373940  2224.095374068  1.048e-06  3.900e-03  5.515e-03
2 0 0 0 50 e   2224.851634155  2224.851628180  2.433e-05  1.064e-04  1.161e-04
1 2 0 0 40 e   2224.977713979  2224.977421411  2.211e-03  1.000e-01  1.000e-01
0 0 1 0 28 e   2225.905034724  2225.905031984  3.002e-05  3.564e-03  3.564e-03
2 1 0 1 6 e   2226.512041892  2226.511995856  5.594e-04  3.900e-03  3.900e-03
2 1 0 1 6 f   2226.522265942  2226.522266114  4.606e-04  3.900e-03  3.900e-03
0 4 0 0 24 e   2227.201185882  2227.201230212  2.325e-04  8.000e-04  8.000e-04
2 1 0 1 7 e   2229.339731306  2229.339714552  3.912e-04  3.900e-03  3.900e-03
2 1 0 1 7 f   2229.353375864  2229.353346633  4.505e-04  3.900e-03  3.900e-03
0 2 0 2 76 e   2230.723666107  2230.723704064  3.509e-04  1.173e-04  1.539e-03
0 4 0 2 25 e   2232.129438940  2232.129668093  4.221e-04  5.001e-03  7.072e-03
0 4 0 2 25 f   2232.140745868  2232.140761659  5.230e-04  5.001e-03  7.072e-03
1 0 0 0 82 e   2233.439605557  2233.439641022  3.514e-04  1.146e-04  1.763e-03
2 1 0 1 9 e   2236.206604268  2236.206604400  8.280e-07  3.900e-03  3.900e-03
2 1 0 1 9 f   2236.228543867  2236.228543998  8.280e-07  3.900e-03  3.900e-03
0 4 0 0 25 e   2237.398497039  2237.398550681  2.075e-04  8.000e-04  8.000e-04
0 0 1 0 29 e   2237.596050265  2237.596047185  3.164e-05  3.564e-03  3.564e-03
2 1 0 1 10 e   2240.244728991  2240.244691432  3.693e-04  3.900e-03  3.900e-03
2 1 0 1 10 f   2240.271630694  2240.271616496  3.968e-04  3.900e-03  3.900e-03
1 1 0 1 65 e   2240.535965256  2240.536039570  7.281e-04  3.387e-04  1.197e-03
1 1 0 1 65 f   2241.509504612  2241.509541374  3.486e-04  6.700e-04  1.214e-03
1 2 0 0 41 e   2241.612475614  2241.612425969  6.069e-04  1.000e-01  1.000e-01
0 4 0 2 26 e   2242.732512900  2242.733373497  3.640e-03  5.064e-03  7.116e-03
0 4 0 2 26 f   2242.747910067  2242.747640523  6.111e-04  5.064e-03  7.116e-03
2 1 0 1 11 e   2244.687474344  2244.687484676  3.833e-05  2.001e-04  2.002e-04
2 1 0 1 11 f   2244.720571007  2244.720575862  1.676e-05  2.001e-04  2.002e-04
2 0 0 0 51 e   2245.394389376  2245.394387285  3.663e-05  4.642e-05  6.924e-05
0 3 0 1 57 e   2245.874181122  2245.874130127  8.259e-04  8.015e-04  8.332e-04
0 3 0 1 57 f   2247.233351908  2247.233401708  3.090e-04  8.019e-04  8.400e-04
0 4 0 0 26 e   2248.003442429  2248.003443316  1.282e-05  1.000e-04  1.000e-04
2 1 0 1 12 e   2249.535653540  2249.535653766  9.985e-07  3.900e-03  3.900e-03
2 1 0 1 12 f   2249.573768250  2249.573768312  7.194e-07  3.900e-03  3.900e-03
0 0 1 0 30 e   2249.689755386  2249.689755431  2.374e-07  3.564e-03  3.564e-03
0 4 0 2 27 e   2253.750643568  2253.750887607  6.940e-04  5.250e-03  7.250e-03
0 4 0 2 27 f   2253.763143145  2253.763003918  7.123e-04  5.064e-03  7.116e-03
2 1 0 1 13 e   2254.786059507  2254.786097907  3.030e-04  3.900e-03  3.900e-03
2 1 0 1 13 f   2254.830536047  2254.830522530  2.997e-04  3.900e-03  3.900e-03
1 2 0 0 42 e   2258.655537823  2258.655537869  2.381e-07  1.000e-01  1.000e-01
0 4 0 0 27 e   2259.016114051  2259.016119390  1.724e-05  1.001e-04  1.001e-04
2 1 0 1 14 e   2260.440325601  2260.440321582  1.393e-04  3.900e-03  3.900e-03
2 1 0 1 14 f   2260.490492417  2260.490460316  9.722e-04  3.900e-03  3.900e-03
0 0 1 0 31 e   2262.185915581  2262.185915627  2.374e-07  1.876e-06  2.232e-06
0 4 0 2 28 e   2265.169274707  2265.169907856  2.202e-03  5.064e-03  7.116e-03
0 4 0 2 28 f   2265.186879508  2265.186714348  6.871e-04  5.064e-03  7.116e-03
2 0 0 0 52 e   2266.338975900  2266.338975769  3.326e-05  1.111e-04  1.267e-04
2 1 0 1 15 e   2266.498487954  2266.498475187  5.307e-04  3.900e-03  3.900e-03
2 1 0 1 15 f   2266.557018263  2266.556904614  6.921e-04  3.900e-03  3.900e-03
1 0 0 0 83 e   2266.912030871  2266.912071414  3.522e-04  1.262e-04  1.797e-03
1 1 0 1 66 e   2267.221290593  2267.220991649  9.565e-04  7.229e-04  1.632e-03
0 2 0 0 77 e   2267.830709377  2267.830747349  3.509e-04  8.023e-04  1.736e-03
1 1 0 1 66 f   2268.223027525  2268.223067951  3.480e-04  6.700e-04  1.263e-03
0 3 0 1 58 e   2269.455437719  2269.455188716  9.626e-04  4.386e-04  1.430e-03
0 4 0 0 28 e   2270.436576621  2270.436595442  1.234e-04  8.000e-04  8.000e-04
0 3 0 1 58 f   2270.861157961  2270.861185918  2.907e-04  1.105e-04  4.447e-04
2 1 0 1 16 e   2272.961480534  2272.961441241  9.741e-05  5.004e-04  5.004e-04
2 1 0 1 16 f   2273.026454513  2273.026487777  9.965e-05  5.003e-04  5.004e-04
0 0 1 0 32 e   2275.085202394  2275.085202439  2.374e-07  8.586e-07  1.502e-06
1 2 0 0 43 e   2276.090318093  2276.090319071  6.808e-06  1.001e-03  1.001e-03
0 4 0 2 29 e   2276.999635783  2276.999766738  4.374e-04  5.001e-03  7.072e-03
0 4 0 2 29 f   2277.017227985  2277.017230506  5.757e-04  5.001e-03  7.072e-03
2 1 0 1 17 e   2279.826807305  2279.826808296  2.363e-06  1.334e-04  1.335e-04
2 1 0 1 17 f   2279.901791713  2279.901791729  6.455e-07  1.668e-04  1.668e-04
0 4 0 0 29 e   2282.264941323  2282.265018968  2.900e-04  8.000e-04  8.000e-04
2 1 0 1 18 e   2287.099837090  2287.099861499  1.546e-03  3.900e-03  3.900e-03
2 1 0 1 18 f   2287.183401832  2287.183416540  1.324e-03  3.900e-03  3.900e-03
2 0 0 0 53 e   2287.685329924  2287.685326372  3.297e-05  1.115e-04  1.296e-04
0 0 1 0 33 e   2288.387186197  2288.387199253  3.400e-05  3.336e-04  3.336e-04
0 4 0 2 30 e   2289.233991029  2289.234621304  2.223e-03  5.064e-03  7.116e-03
0 4 0 2 30 f   2289.254737591  2289.254836735  1.084e-03  5.064e-03  7.116e-03
0 3 0 1 59 e   2293.441381858  2293.441132856  9.626e-04  4.386e-04  1.415e-03
1 2 0 0 44 e   2293.937401063  2293.937401160  3.161e-07  2.336e-04  2.336e-04
1 1 0 1 67 e   2294.308490264  2294.308113833  7.884e-04  1.315e-03  1.837e-03
0 4 0 0 30 e   2294.500763014  2294.500764599  1.558e-05  1.001e-04  1.001e-04
2 1 0 1 19 e   2294.770073325  2294.770073486  1.526e-06  3.900e-03  3.900e-03
2 1 0 1 19 f   2294.863226770  2294.863226950  5.392e-07  3.900e-03  3.900e-03
0 3 0 1 59 f   2294.895230339  2294.895258296  2.907e-04  1.105e-04  5.313e-04
1 1 0 1 67 f   2295.339543013  2295.339583440  3.480e-04  6.700e-04  1.310e-03
0 2 0 0 78 e   2299.504455305  2299.504493268  3.509e-04  1.601e-03  2.249e-03
1 0 0 0 84 e   2300.785245373  2300.785283810  3.537e-04  1.382e-04  1.832e-03
0 4 0 2 31 e   2301.879375663  2301.879527140  6.462e-04  5.064e-03  7.116e-03
0 4 0 2 31 f   2301.902452763  2301.902454436  1.067e-04  5.064e-03  7.116e-03
0 0 1 0 34 e   2302.091913794  2302.091913840  2.374e-07  1.185e-06  1.742e-06
2 1 0 1 20 e   2302.847411275  2302.847411927  2.663e-06  3.800e-03  3.800e-03
2 1 0 1 20 f   2302.949522563  2302.949522793  6.331e-07  3.900e-03  3.900e-03
0 4 0 0 31 e   2307.144410872  2307.144412519  3.657e-04  8.000e-04  8.000e-04
2 0 0 0 54 e   2309.433393958  2309.433395623  3.519e-05  1.147e-04  1.413e-04
2 1 0 1 21 e   2311.328750736  2311.328750511  3.603e-06  3.800e-03  3.800e-03
1 2 0 0 45 e   2312.190604156  2312.190598501  1.871e-05  1.001e-03  1.002e-03
0 4 0 2 32 e   2314.928459678  2314.928906709  2.123e-03  5.064e-03  7.116e-03
0 4 0 2 32 f   2314.955885562  2314.955840426  2.447e-04  5.064e-03  7.116e-03
0 0 1 0 35 e   2316.199613031  2316.199613076  2.374e-07  3.564e-03  3.564e-03
0 3 0 1 60 e   2317.832712053  2317.832463051  9.626e-04  4.386e-04  1.430e-03
0 3 0 1 60 f   2319.335462428  2319.335490385  2.907e-04  1.105e-04  6.057e-04
0 4 0 0 32 e   2320.195953911  2320.196016718  2.600e-04  8.000e-04  8.000e-04
2 1 0 1 22 e   2320.213582324  2320.213582813  2.576e-06  3.800e-03  3.800e-03
2 1 0 1 22 f   2320.337884992  2320.337885226  8.179e-07  3.800e-03  3.800e-03
1 1 0 1 68 e   2321.794222193  2321.794247204  4.578e-04  3.527e-03  5.086e-03
0 4 0 2 33 e   2328.388718299  2328.388769770  7.770e-04  5.064e-03  7.116e-03
0 4 0 2 33 f   2328.417792285  2328.417776941  2.047e-04  5.064e-03  7.116e-03
2 1 0 1 23 e   2329.502352986  2329.502352960  2.227e-06  3.800e-03  3.800e-03
2 1 0 1 23 f   2329.637119214  2329.637119200  1.547e-06  3.800e-03  3.800e-03
0 0 1 0 36 e   2330.709621410  2330.709629930  6.958e-05  3.564e-03  3.564e-03
1 2 0 0 46 e   2330.825133753  2330.825068531  1.916e-03  1.000e-01  1.000e-01
2 0 0 0 55 e   2331.583119534  2331.583121041  3.530e-05  1.147e-04  1.453e-04
0 4 0 0 33 e   2333.654840025  2333.654912040  3.831e-04  8.000e-04  8.000e-04
1 0 0 0 85 e   2335.059168025  2335.059209537  3.473e-04  1.534e-04  1.864e-03
2 1 0 1 24 e   2339.193408584  2339.193408469  1.780e-06  1.668e-04  1.668e-04
2 1 0 1 24 f   2339.339900583  2339.339900490  1.739e-06  1.668e-04  1.668e-04
0 4 0 2 34 e   2342.252293479  2342.253123477  2.530e-03  5.064e-03  7.116e-03
0 4 0 2 34 f   2342.286129137  2342.286154729  2.780e-04  5.064e-03  7.116e-03
0 3 0 1 61 e   2342.629371177  2342.629122175  9.626e-04  4.386e-04  1.471e-03
0 3 0 1 61 f   2344.181792969  2344.181820926  2.907e-04  1.105e-04  6.718e-04
1 2 0 2 47 e   2344.741184398  2344.741175772  2.073e-05  5.023e-03  7.088e-03
0 0 1 0 37 e   2345.622109173  2345.622111721  1.689e-05  3.564e-03  3.564e-03
0 4 0 0 34 e   2347.521577360  2347.521619437  2.808e-04  8.000e-04  8.000e-04
2 1 0 1 25 f   2349.449619214  2349.449619200  1.547e-06  3.800e-03  3.800e-03
1 1 0 1 69 e   2349.688727678  2349.688224711  7.814e-04  9.962e-04  1.694e-03
1 2 0 0 47 e   2349.910556667  2349.910560221  2.938e-05  1.101e-04  1.141e-04
1 1 0 1 69 f   2350.781906475  2350.781945564  3.537e-04  3.526e-03  5.108e-03
2 0 0 0 56 e   2354.134566973  2354.134568871  1.728e-04  1.147e-04  1.990e-04
0 4 0 2 35 e   2356.526097617  2356.525711790  1.027e-03  5.064e-03  7.116e-03
0 4 0 2 35 f   2356.563007996  2356.563027501  8.746e-05  5.064e-03  7.116e-03
2 1 0 1 26 e   2359.772242256  2359.772628806  1.284e-02  3.800e-03  1.284e-02
2 1 0 1 26 f   2359.958963968  2359.959005688  9.586e-04  3.800e-03  3.800e-03
0 0 1 0 38 e   2360.937237079  2360.937237853  3.292e-05  3.564e-03  3.564e-03
0 4 0 0 35 e   2361.796097091  2361.796151760  3.056e-04  8.000e-04  8.000e-04
0 3 0 1 62 e   2367.831301357  2367.831052355  9.626e-04  4.386e-04  1.512e-03
1 2 0 0 48 e   2369.378492554  2369.378485488  1.925e-05  6.675e-04  6.685e-04
0 3 0 1 62 f   2369.434160448  2369.434188405  2.907e-04  1.105e-04  7.320e-04
1 0 0 0 86 e   2369.733699015  2369.733738261  3.430e-04  1.719e-04  1.896e-03
2 1 0 1 27 e   2370.690785979  2370.690800025  8.513e-04  3.800e-03  3.800e-03
2 1 0 1 27 f   2370.875333245  2370.875340142  1.923e-05  2.002e-04  2.002e-04
0 4 0 2 36 e   2371.203509226  2371.203387982  2.808e-03  5.064e-03  7.116e-03
0 4 0 2 36 f   2371.246902799  2371.246946399  2.812e-04  5.064e-03  7.116e-03
0 4 0 0 36 e   2376.478066510  2376.478104420  2.036e-04  8.000e-04  8.000e-04
0 0 1 0 39 e   2376.654765580  2376.654771229  2.921e-05  3.564e-03  3.564e-03
2 0 0 0 57 e   2377.087423300  2377.087443803  2.282e-04  1.147e-04  2.521e-04
1 1 0 1 70 e   2377.980695443  2377.980711581  4.551e-04  3.580e-03  5.147e-03
1 1 0 1 70 f   2379.106568618  2379.106611342  3.645e-04  3.526e-03  5.120e-03
2 1 0 1 28 e   2381.996783921  2381.996796290  3.596e-05  2.669e-04  2.669e-04
2 1 0 1 28 f   2382.196205678  2382.196205840  1.180e-06  3.800e-03  3.800e-03
1 2 0 0 49 e   2389.251462016  2389.251271963  4.099e-03  5.000e-02  5.000e-02
0 4 0 0 37 e   2391.567826407  2391.568036914  5.394e-04  8.000e-04  8.000e-04
0 0 1 0 40 e   2392.774871118  2392.774869021  5.859e-05  3.564e-03  3.564e-03
0 3 0 1 63 e   2393.438443953  2393.438194950  9.626e-04  4.386e-04  1.552e-03
2 1 0 1 29 e   2393.708526556  2393.708557026  6.277e-04  3.800e-03  3.800e-03
2 1 0 1 29 f   2393.920790673  2393.920675351  6.400e-04  3.900e-03  3.900e-03
0 3 0 1 63 f   2395.092501863  2395.092529821  2.907e-04  1.105e-04  7.877e-04
2 0 0 0 58 e   2400.441888096  2400.441926162  3.485e-04  1.181e-04  5.053e-04
0 4 0 2 38 e   2401.783806206  2401.783610911  2.895e-03  5.064e-03  7.116e-03
0 4 0 2 38 f   2401.837725395  2401.837666453  4.908e-04  5.081e-03  1.005e-02
1 0 0 0 87 e   2404.808755332  2404.808801381  3.447e-04  1.906e-04  1.928e-03
2 1 0 1 30 e   2405.819804667  2405.819804430  1.801e-06  3.800e-03  3.800e-03
2 1 0 1 30 f   2406.048205678  2406.048205840  1.180e-06  3.900e-03  3.900e-03
0 4 0 0 38 e   2407.065041545  2407.065165656  4.072e-04  8.000e-04  8.000e-04
0 0 1 0 41 e   2409.297343475  2409.297341377  5.859e-05  3.564e-03  3.564e-03
1 2 0 0 50 e   2409.525691381  2409.525495845  4.753e-03  5.000e-02  5.000e-02
1 3 0 1 1 e   2412.528459238  2412.528461092  5.781e-05  2.413e-04  2.413e-04
1 3 0 1 1 f   2412.529410473  2412.529391877  6.225e-05  2.413e-04  2.413e-04
1 3 0 1 2 e   2413.340627763  2413.340629611  5.781e-05  2.407e-04  2.407e-04
1 3 0 1 2 f   2413.343313532  2413.343294930  6.225e-05  2.407e-04  2.407e-04
1 3 0 1 3 e   2414.558877420  2414.558879497  5.800e-05  2.003e-04  2.003e-04
1 3 0 1 3 f   2414.564166370  2414.564148224  6.190e-05  2.003e-04  2.003e-04
1 3 0 1 4 e   2416.183193767  2416.183195845  5.800e-05  2.003e-04  2.003e-04
1 3 0 1 4 f   2416.191972631  2416.191954486  6.190e-05  2.003e-04  2.003e-04
0 4 0 2 39 e   2417.686606708  2417.687527543  3.343e-03  5.064e-03  7.116e-03
0 4 0 2 39 f   2417.742787267  2417.742805022  8.911e-05  5.001e-03  7.072e-03
1 3 0 1 5 e   2418.213581704  2418.213583783  5.800e-05  2.003e-04  2.003e-04
1 3 0 1 5 f   2418.226724069  2418.226705479  6.182e-05  2.003e-04  2.003e-04
2 1 0 1 31 e   2418.336754520  2418.336678910  9.124e-04  3.800e-03  3.800e-03
2 1 0 1 31 f   2418.579123972  2418.579099470  7.271e-04  3.900e-03  3.900e-03
1 3 0 1 6 e   2420.650035525  2420.650037604  5.800e-05  2.003e-04  2.003e-04
1 3 0 1 6 f   2420.668416581  2420.668397990  6.182e-05  2.003e-04  2.003e-04
0 3 0 1 64 f   2421.157106261  2421.157143453  3.488e-04  1.601e-03  1.805e-03
0 4 0 0 39 e   2422.970087159  2422.970112183  2.261e-04  8.000e-04  8.000e-04
1 3 0 1 7 e   2423.492410554  2423.492411814  9.407e-06  4.004e-04  4.004e-04
1 3 0 1 7 f   2423.516651945  2423.516644038  2.803e-05  4.004e-04  4.004e-04
2 0 0 0 59 e   2424.197625014  2424.197663080  3.485e-04  1.181e-04  5.443e-04
0 0 1 0 42 e   2426.221807662  2426.221817667  2.560e-05  2.669e-04  2.669e-04
1 3 0 1 8 e   2426.746443491  2426.746466560  6.810e-03  2.850e-02  2.850e-02
1 3 0 1 8 f   2426.764672873  2426.764772689  3.403e-03  2.850e-02  2.850e-02
1 2 0 0 51 e   2430.210701048  2430.210695649  3.243e-05  1.002e-03  1.003e-03
0 2 0 0 82 e   2430.239729571  2430.239767788  3.509e-04  1.174e-04  1.763e-03
1 3 0 1 9 e   2430.395614327  2430.395614462  8.454e-07  3.040e-05  3.044e-05
1 3 0 1 9 f   2430.420072774  2430.421084287  9.597e-03  2.850e-02  2.850e-02
2 1 0 1 32 e   2431.254665879  2431.254665678  2.071e-06  3.900e-03  3.900e-03
2 1 0 1 32 f   2431.513922212  2431.513922265  1.203e-06  3.900e-03  3.900e-03
0 4 0 2 40 e   2434.013705030  2434.013964176  1.418e-02  5.064e-03  1.503e-02
0 4 0 2 40 f   2434.056823716  2434.056709742  4.997e-04  5.064e-03  7.116e-03
1 3 0 1 10 e   2434.456261476  2434.456261610  8.448e-07  3.022e-05  3.026e-05
1 3 0 1 10 f   2434.489452064  2434.490463576  9.597e-03  2.850e-02  2.850e-02
1 3 0 1 11 e   2438.922934283  2438.922934417  8.445e-07  3.003e-05  3.007e-05
1 3 0 1 11 f   2438.965730150  2438.966741661  9.597e-03  2.850e-02  2.850e-02
0 4 0 0 40 e   2439.282128322  2439.282135338  2.041e-05  1.001e-04  1.001e-04
1 0 0 0 88 e   2440.284241573  2440.284280477  3.566e-04  2.128e-04  1.961e-03
0 0 1 0 43 e   2443.549320708  2443.549318315  1.379e-05  3.564e-03  3.564e-03
1 3 0 1 12 e   2443.795622275  2443.795622408  8.445e-07  3.022e-05  3.027e-05
1 3 0 1 12 f   2443.848896457  2443.849907968  9.597e-03  2.850e-02  2.850e-02
0 3 0 1 65 e   2445.868678841  2445.868436345  9.203e-04  9.565e-04  1.892e-03
0 3 0 1 65 f   2447.626719001  2447.626755763  3.486e-04  1.601e-03  1.894e-03
2 0 0 0 60 e   2448.354708218  2448.354746285  3.485e-04  1.181e-04  6.463e-04
1 3 0 1 13 e   2449.074282563  2449.074285402  3.881e-05  1.300e-04  1.301e-04
1 3 0 1 13 f   2449.126152922  2449.128254536  9.282e-03  2.850e-02  2.850e-02
0 4 0 2 41 e   2450.706547595  2450.706404954  2.719e-03  5.001e-03  7.072e-03
0 4 0 2 41 f   2450.779351416  2450.779287886  2.079e-04  7.071e-03  8.660e-03
1 2 0 0 52 e   2451.297555653  2451.297556020  3.508e-05  4.199e-05  7.391e-05
1 3 0 1 14 e   2454.769497663  2454.769497948  1.116e-06  2.850e-02  2.850e-02
1 3 0 1 14 f   2454.820416583  2454.820416659  5.638e-07  2.850e-02  2.850e-02
0 4 0 0 41 e   2456.002221296  2456.002221977  5.384e-06  1.000e-04  1.000e-04
2 1 0 1 34 e   2458.306308391  2458.306308287  3.193e-06  3.900e-03  3.900e-03
2 1 0 1 34 f   2458.596203353  2458.596165454  2.498e-04  3.900e-03  3.900e-03
1 3 0 1 15 e   2460.849540393  2460.849528370  1.429e-04  2.336e-04  2.336e-04
1 3 0 1 15 f   2460.954735459  2460.954730695  1.370e-05  2.670e-04  2.670e-04
0 0 1 0 44 e   2461.278940470  2461.278938084  1.377e-05  3.564e-03  3.564e-03
1 3 0 1 16 e   2467.360934767  2467.359319261  1.212e-02  2.850e-02  2.850e-02
1 3 0 1 16 f   2467.438849943  2467.439483033  5.303e-03  2.850e-02  2.850e-02
0 4 0 2 42 f   2467.904580573  2467.904604944  5.259e-04  5.099e-03  7.142e-03
2 1 0 1 35 e   2472.435789746  2472.435788341  4.876e-06  3.900e-03  3.900e-03
0 3 0 1 66 e   2472.691098670  2472.690856174  9.203e-04  9.565e-04  1.632e-03
1 2 0 0 53 e   2472.789146299  2472.789146740  3.512e-05  3.363e-04  3.428e-04
2 0 0 0 61 e   2472.913072322  2472.913110388  3.485e-04  1.181e-04  7.343e-04
0 4 0 0 42 e   2473.129189825  2473.129292460  4.006e-04  8.000e-04  8.000e-04
1 3 0 1 17 e   2474.248948731  2474.248957758  2.880e-05  3.337e-04  3.337e-04
1 3 0 1 17 f   2474.383393275  2474.383389081  1.782e-05  3.337e-04  3.337e-04
0 3 0 1 66 f   2474.502593511  2474.502630273  3.486e-04  1.601e-03  2.480e-03
1 0 0 0 89 e   2476.160061260  2476.160096227  3.525e-04  2.353e-04  1.991e-03
0 0 1 0 45 e   2479.410597999  2479.410594553  3.742e-05  3.564e-03  3.564e-03
1 3 0 1 18 e   2481.600007260  2481.598969234  1.838e-02  2.850e-02  2.850e-02
1 3 0 1 18 f   2481.697539145  2481.697939634  2.609e-03  2.850e-02  2.850e-02
0 4 0 2 43 e   2485.403702303  2485.401578787  6.126e-03  7.084e-03  1.276e-02
0 4 0 2 43 f   2485.438422970  2485.438375168  2.320e-04  5.099e-03  7.141e-03
2 1 0 1 36 e   2486.968208391  2486.968208287  3.193e-06  3.900e-03  3.900e-03
1 3 0 1 19 e   2489.325616069  2489.324150144  2.868e-02  2.850e-02  2.868e-02
1 3 0 1 19 f   2489.434333261  2489.433836213  2.303e-03  2.850e-02  2.850e-02
0 4 0 0 43 e   2490.664214514  2490.664297375  3.879e-04  8.000e-04  8.000e-04
1 2 0 0 54 e   2494.685714499  2494.685712727  3.295e-05  1.150e-04  1.416e-04
1 3 0 1 20 e   2497.455611979  2497.451656207  2.829e-02  2.850e-02  2.850e-02
1 3 0 1 20 f   2497.574213636  2497.574042874  1.766e-03  2.850e-02  2.850e-02
2 0 0 0 62 e   2497.872650821  2497.872688888  3.485e-04  1.181e-04  8.128e-04
0 0 1 0 46 e   2497.944583753  2497.944579573  1.759e-05  3.564e-03  3.564e-03
0 2 0 0 84 e   2498.031083713  2498.031122266  3.507e-04  1.178e-04  1.831e-03
2 1 0 1 37 e   2501.907600297  2501.907409777  2.361e-03  3.900e-03  3.900e-03
2 1 0 1 37 f   2502.249300154  2502.249299172  3.884e-06  3.900e-03  3.900e-03
0 4 0 2 44 e   2503.356259325  2503.356058500  1.523e-03  7.071e-03  8.660e-03
0 4 0 2 44 f   2503.386363311  2503.386358213  1.165e-05  7.071e-03  8.660e-03
1 3 0 1 21 e   2505.988811510  2505.977976928  3.466e-02  2.850e-02  3.466e-02
1 3 0 1 21 f   2506.118462759  2506.118401048  3.586e-04  2.850e-02  2.850e-02
0 4 0 0 44 e   2508.606929215  2508.606926269  3.779e-05  1.334e-04  1.334e-04
1 0 0 0 90 e   2512.436127742  2512.436171464  3.564e-04  2.643e-04  2.022e-03
1 3 0 1 22 e   2514.850141746  2514.850141718  2.194e-06  3.109e-06  4.471e-06
1 3 0 1 22 f   2515.070996266  2515.070996405  1.171e-06  2.821e-06  4.006e-06
0 0 1 0 47 e   2516.880496107  2516.880489696  2.504e-05  3.564e-03  3.564e-03
1 2 0 0 55 e   2516.986622766  2516.986623666  3.515e-05  2.702e-04  2.846e-04
0 4 0 2 45 e   2521.698527599  2521.698527253  1.781e-04  7.071e-03  8.660e-03
0 4 0 2 45 f   2521.734759496  2521.734753780  1.970e-04  7.071e-03  8.660e-03
2 0 0 0 63 e   2523.233376837  2523.233414904  3.485e-04  1.181e-04  8.838e-04
1 3 0 1 23 e   2524.269918825  2524.259040503  4.410e-02  2.850e-02  4.410e-02
1 3 0 1 23 f   2524.427838310  2524.427525373  1.380e-03  2.850e-02  2.850e-02
0 4 0 0 45 e   2526.956721234  2526.956812129  4.043e-04  8.001e-04  8.002e-04
2 1 0 1 39 e   2532.987191549  2532.987195016  4.879e-05  2.002e-04  2.002e-04
2 1 0 1 39 f   2533.367338286  2533.367337304  3.884e-06  2.002e-04  2.002e-04
1 3 0 1 24 e   2534.023112127  2534.015622272  4.614e-02  2.850e-02  4.614e-02
1 3 0 1 24 f   2534.191386189  2534.191211455  1.905e-03  2.850e-02  2.850e-02
0 0 1 0 48 e   2536.218757036  2536.218751318  1.937e-05  3.564e-03  3.564e-03
1 2 0 0 56 e   2539.736891224  2539.736891623  3.509e-05  1.000e-01  1.000e-01
0 4 0 2 46 e   2540.450879974  2540.450698920  1.506e-03  7.071e-03  8.660e-03
0 4 0 2 46 f   2540.491461498  2540.491455050  1.810e-05  7.071e-03  8.660e-03
1 3 0 1 25 e   2544.080895823  2544.080968045  2.700e-04  5.005e-04  5.005e-04
1 3 0 1 25 f   2544.358203971  2544.357980754  1.302e-03  2.850e-02  2.850e-02
0 4 0 0 46 e   2545.713942099  2545.713979853  2.148e-04  8.001e-04  8.004e-04
2 0 0 0 64 e   2548.995190644  2548.995227138  3.513e-04  1.274e-04  9.511e-04
1 0 0 0 91 e   2549.112405016  2549.112446145  3.492e-04  2.936e-04  2.051e-03
2 1 0 1 40 e   2549.134390057  2549.134371559  1.303e-03  3.900e-03  3.900e-03
2 1 0 1 40 f   2549.534864458  2549.534865042  3.663e-06  4.000e-03  4.000e-03
1 3 0 1 26 e   2554.733572706  2554.727311107  4.148e-02  2.850e-02  4.148e-02
1 3 0 1 26 f   2554.930694007  2554.931679632  5.422e-03  2.850e-02  2.850e-02
0 0 1 0 49 e   2555.958533830  2555.958528181  1.936e-05  2.508e-05  4.843e-05
3 0 0 0 0 e   2555.990547572  2555.990526400  8.107e-04  4.000e-03  5.657e-03
3 0 0 0 1 e   2556.392559777  2556.392538605  8.107e-04  4.000e-03  4.000e-03
3 0 0 0 2 e   2557.196583039  2557.196561867  8.107e-04  4.000e-03  4.000e-03
3 0 0 0 3 e   2558.402974613  2558.402984790  3.583e-04  4.000e-03  4.000e-03
0 4 0 2 47 e   2559.612914398  2559.612905772  2.073e-05  7.071e-03  8.660e-03
3 0 0 0 4 e   2560.011999637  2560.011964040  4.644e-04  4.000e-03  4.000e-03
3 0 0 0 5 e   2562.021567250  2562.021615407  8.007e-04  4.000e-03  4.000e-03
1 2 0 0 57 e   2562.853568479  2562.853014805  8.548e-03  1.000e-01  1.000e-01
3 0 0 0 6 e   2564.433811379  2564.433770811  3.604e-04  4.000e-03  4.000e-03
0 4 0 0 47 e   2564.878758130  2564.878824943  2.406e-04  8.002e-04  8.007e-04
1 3 0 1 27 e   2565.597308624  2565.597388975  3.956e-04  6.673e-04  6.673e-04
2 1 0 1 41 e   2565.681518109  2565.681516721  5.514e-06  3.900e-03  3.900e-03
1 3 0 1 27 f   2565.927574041  2565.927570866  1.488e-05  2.670e-04  2.670e-04
3 0 0 0 7 e   2567.250013808  2567.250013346  2.971e-06  4.000e-03  4.000e-03
0 2 0 0 86 e   2567.437484649  2567.437523544  3.507e-04  1.180e-04  1.897e-03
3 0 0 0 8 e   2570.463540813  2570.463540844  2.346e-07  4.000e-03  4.000e-03
3 0 0 0 9 e   2574.081454998  2574.081454599  1.678e-06  1.091e-04  1.091e-04
2 0 0 0 65 e   2575.157996133  2575.158035761  3.488e-04  1.274e-04  1.012e-03
0 1 1 1 1 e   2575.711502891  2575.711503027  1.266e-06  2.012e-05  2.023e-05
0 1 1 1 1 f   2575.711933502  2575.711933637  1.266e-06  2.012e-05  2.023e-05
0 0 1 0 50 e   2576.100715660  2576.100710011  1.936e-05  2.514e-05  5.277e-05
0 1 1 1 2 e   2576.519609961  2576.519584674  5.752e-04  4.300e-03  4.300e-03
0 1 1 1 2 f   2576.520378687  2576.520378830  1.203e-06  4.300e-03  6.081e-03
1 3 0 1 28 e   2577.071546889  2577.064406054  4.556e-02  2.850e-02  4.556e-02
1 3 0 1 28 f   2577.296755425  2577.298298199  6.573e-03  2.850e-02  2.850e-02
0 1 1 1 3 e   2577.731050712  2577.731025427  5.752e-04  4.300e-03  4.300e-03
0 1 1 1 3 f   2577.733110330  2577.733110473  1.203e-06  4.300e-03  4.300e-03
3 0 0 0 10 e   2578.102064133  2578.102044218  4.196e-04  3.900e-03  3.900e-03
0 1 1 1 4 e   2579.346164156  2579.346160189  3.442e-04  4.300e-03  6.081e-03
0 1 1 1 4 f   2579.349811318  2579.349786427  2.956e-04  4.300e-03  6.081e-03
0 1 1 1 5 e   2581.365218876  2581.365214942  3.442e-04  4.300e-03  4.300e-03
0 1 1 1 5 f   2581.371022401  2581.370997505  2.956e-04  4.300e-03  4.300e-03
3 0 0 0 11 e   2582.522868105  2582.522849980  3.443e-04  3.900e-03  3.900e-03
2 1 0 1 42 e   2582.633873669  2582.633871238  5.909e-06  4.000e-03  4.000e-03
2 1 0 1 42 f   2583.074064458  2583.074065042  3.663e-06  4.000e-03  4.000e-03
0 1 1 1 6 e   2583.788072722  2583.788068788  3.442e-04  4.300e-03  4.300e-03
0 1 1 1 6 f   2583.796463504  2583.796438608  2.956e-04  4.300e-03  4.300e-03
0 4 0 0 48 e   2584.450984643  2584.450989449  9.384e-05  8.002e-04  8.009e-04
0 3 0 1 70 f   2586.062782306  2586.062825030  3.645e-04  3.505e-03  5.106e-03
1 0 0 0 92 e   2586.188701846  2586.188749335  3.569e-04  3.263e-04  2.082e-03
1 2 0 0 58 e   2586.368196866  2586.367643191  8.548e-03  1.000e-01  1.000e-01
0 1 1 1 7 e   2586.614375573  2586.614375724  9.235e-07  1.592e-06  2.169e-06
0 1 1 1 7 f   2586.626449588  2586.626449753  9.225e-07  1.607e-06  2.193e-06
3 0 0 0 12 e   2587.347326534  2587.347263229  4.985e-04  3.900e-03  3.900e-03
1 3 0 1 29 e   2588.730574864  2588.730573966  4.081e-06  5.000e-02  5.000e-02
1 3 0 1 29 f   2589.100793881  2589.100794179  1.594e-06  5.000e-02  5.000e-02
0 1 1 1 8 e   2589.844806817  2589.844806926  9.202e-07  2.305e-06  2.725e-06
0 1 1 1 8 f   2589.860330457  2589.860330651  9.251e-07  2.316e-06  2.744e-06
3 0 0 0 13 e   2592.572924666  2592.572937679  1.150e-04  3.900e-03  3.900e-03
0 1 1 1 9 e   2593.479016448  2593.479016592  9.136e-07  2.005e-05  2.006e-05
0 1 1 1 9 f   2593.498419685  2593.498419858  9.174e-07  2.005e-05  2.011e-05
0 0 1 0 51 e   2596.645060661  2596.645045597  7.081e-05  3.564e-03  3.564e-03
0 1 1 1 10 e   2597.517529697  2597.517551538  3.991e-04  4.000e-03  4.000e-03
0 1 1 1 10 f   2597.541900020  2597.541900133  8.128e-07  4.300e-03  4.300e-03
3 0 0 0 14 e   2598.200187028  2598.200176348  2.793e-04  3.900e-03  3.900e-03
2 1 0 1 43 e   2599.990119002  2599.990106540  6.016e-05  4.000e-03  4.000e-03
2 1 0 1 43 f   2600.451397327  2600.451396466  7.461e-06  4.000e-03  4.000e-03
1 3 0 1 30 e   2600.905765879  2600.905765678  2.071e-06  5.000e-02  5.000e-02
1 3 0 1 30 f   2601.319122212  2601.319122265  1.203e-06  5.000e-02  5.000e-02
2 0 0 0 66 e   2601.721756011  2601.721794815  3.501e-04  1.304e-04  1.071e-03
0 1 1 1 11 e   2601.958242468  2601.958201645  4.326e-04  4.000e-03  4.000e-03
0 1 1 1 11 f   2601.986743867  2601.986743998  8.280e-07  4.300e-03  4.300e-03
3 0 0 0 15 e   2604.230292896  2604.230264838  6.884e-04  3.900e-03  3.900e-03
0 4 0 0 49 e   2604.430284299  2604.430351627  3.045e-04  8.003e-04  8.013e-04
0 1 1 1 12 e   2606.804845918  2606.804810580  4.661e-04  4.000e-03  4.000e-03
0 1 1 1 12 f   2606.839161369  2606.839161544  8.716e-07  4.300e-03  4.300e-03
1 2 0 0 59 e   2610.287258859  2610.286705185  8.548e-03  1.000e-01  1.000e-01
3 0 0 0 16 e   2610.661539423  2610.661537928  2.949e-05  3.900e-03  3.900e-03
0 1 1 1 13 e   2612.053741512  2612.053741690  8.697e-07  4.300e-03  4.300e-03
0 1 1 1 13 f   2612.092940277  2612.092940455  8.697e-07  4.300e-03  4.300e-03
1 3 0 1 31 e   2613.650608060  2613.638574435  6.635e-02  2.850e-02  6.635e-02
1 3 0 1 31 f   2613.925044515  2613.925191820  6.784e-04  2.850e-02  2.850e-02
3 0 0 0 17 e   2617.494501048  2617.494504089  1.850e-04  3.900e-03  3.900e-03
0 0 1 0 52 e   2617.591208757  2617.591212331  4.557e-05  3.564e-03  3.565e-03
0 1 1 1 14 e   2617.706425601  2617.706422440  5.092e-05  4.300e-03  4.300e-03
2 1 0 1 44 e   2617.746776910  2617.746793582  1.287e-03  4.000e-03  4.000e-03
0 1 1 1 14 f   2617.751992417  2617.751988999  1.307e-04  4.300e-03  4.300e-03
2 1 0 1 44 f   2618.228075464  2618.228111443  1.108e-03  4.000e-03  4.000e-03
1 0 0 0 93 e   2623.664918838  2623.664966362  3.569e-04  3.264e-04  2.112e-03
0 1 1 1 15 e   2623.763475602  2623.763500090  2.311e-04  4.000e-03  4.000e-03
0 1 1 1 15 f   2623.815318263  2623.815303881  1.575e-04  4.300e-03  4.300e-03
3 0 0 0 18 e   2624.730395306  2624.730427649  3.575e-04  3.900e-03  3.900e-03
0 4 0 0 50 e   2624.817038015  2624.817276727  5.474e-04  8.003e-04  8.016e-04
1 3 0 1 32 e   2626.642170711  2626.621189789  7.741e-02  2.850e-02  7.741e-02
1 3 0 1 32 f   2626.934022467  2626.934541679  2.537e-03  2.850e-02  2.850e-02
2 0 0 0 67 e   2628.686376801  2628.686415624  3.501e-04  1.304e-04  1.126e-03
0 1 1 1 16 e   2630.223730284  2630.223726626  1.614e-04  4.300e-03  4.300e-03
0 1 1 1 16 f   2630.282198842  2630.282201013  1.674e-04  4.300e-03  4.300e-03
3 0 0 0 19 e   2632.366740967  2632.366769056  7.194e-05  5.019e-04  5.019e-04
1 2 0 0 60 e   2634.610698770  2634.610145096  8.548e-03  1.000e-01  1.414e-01
2 1 0 1 45 e   2635.905332839  2635.905329093  2.638e-05  1.341e-04  1.348e-04
0 5 0 1 1 e   2635.999497432  2635.999670438  1.728e-03  5.002e-03  7.072e-03
0 5 0 1 1 f   2635.999651060  2635.999540188  1.687e-03  5.002e-03  7.072e-03
2 1 0 1 45 f   2636.409440194  2636.409437004  1.646e-05  1.341e-04  1.354e-04
0 5 0 1 2 e   2636.815079324  2636.815252329  1.728e-03  5.000e-03  5.000e-03
0 5 0 1 2 f   2636.817656628  2636.817545756  1.687e-03  5.000e-03  5.000e-03
0 1 1 1 17 e   2637.087885865  2637.087900091  1.435e-04  4.300e-03  4.300e-03
0 1 1 1 17 f   2637.153715738  2637.153715060  7.745e-05  4.300e-03  4.300e-03
0 5 0 1 3 e   2638.038450657  2638.038623662  1.728e-03  5.000e-03  5.000e-03
0 5 0 1 3 f   2638.044663476  2638.044552602  1.687e-03  5.000e-03  5.000e-03
0 0 1 0 53 e   2638.939059299  2638.939062105  6.387e-05  3.564e-03  3.565e-03
0 5 0 1 4 e   2639.667794490  2639.667938606  1.961e-03  5.000e-03  5.000e-03
0 5 0 1 4 f   2639.681075417  2639.681223341  2.014e-03  5.000e-03  5.000e-03
1 3 0 1 33 e   2640.048378206  2640.033889748  7.770e-02  2.850e-02  7.770e-02
1 3 0 1 33 f   2640.359789253  2640.360958345  4.615e-03  2.850e-02  2.850e-02
3 0 0 0 20 e   2640.406058890  2640.406054788  3.178e-04  3.900e-03  3.900e-03
0 5 0 1 5 e   2641.712796002  2641.712940117  1.961e-03  5.000e-03  5.000e-03
0 5 0 1 5 f   2641.720018672  2641.720166598  2.014e-03  5.000e-03  5.000e-03
0 3 0 1 72 e   2642.564167128  2642.564203529  3.513e-04  3.547e-03  7.199e-03
0 5 0 1 6 e   2644.159517160  2644.159661275  1.961e-03  5.000e-03  7.071e-03
0 5 0 1 6 f   2644.174010493  2644.174158419  2.014e-03  5.000e-03  7.071e-03
0 3 0 1 72 f   2644.275689418  2644.275711025  3.819e-04  3.505e-03  5.130e-03
0 1 1 1 18 e   2644.354837090  2644.354827391  2.734e-04  4.300e-03  4.300e-03
0 1 1 1 18 f   2644.429122563  2644.429122793  6.331e-07  4.300e-03  4.300e-03
0 4 0 0 51 e   2645.615377035  2645.615371385  1.936e-05  5.000e-03  5.000e-03
3 0 0 0 21 e   2648.847037290  2648.847028475  7.792e-04  3.800e-03  3.800e-03
0 1 1 1 19 e   2652.026502948  2652.026499550  1.772e-04  4.000e-03  4.000e-03
0 1 1 1 19 f   2652.108488306  2652.108450572  3.663e-04  4.300e-03  4.300e-03
1 3 0 1 34 e   2653.860456651  2653.846087846  8.925e-02  2.850e-02  8.925e-02
0 5 0 1 9 e   2653.940352284  2653.940304611  7.575e-04  5.000e-03  5.000e-03
0 5 0 1 9 f   2653.994640680  2653.994640841  9.230e-07  5.000e-03  5.000e-03
1 3 0 1 34 f   2654.200654517  2654.200652455  8.438e-06  3.337e-04  3.337e-04
2 1 0 1 46 e   2654.469277599  2654.469094091  1.523e-03  4.000e-03  4.000e-03
2 1 0 1 46 f   2654.993815686  2654.993808814  1.952e-05  4.000e-03  4.000e-03
2 0 0 0 68 e   2656.051800761  2656.051838986  3.501e-04  1.334e-04  1.179e-03
3 0 0 0 22 e   2657.688539179  2657.688550434  5.793e-04  3.800e-03  3.800e-03
0 5 0 1 10 e   2658.018103727  2658.018103840  8.128e-07  5.000e-03  5.000e-03
0 5 0 1 10 f   2658.083630694  2658.083610286  4.456e-04  5.000e-03  5.000e-03
1 2 0 0 61 e   2659.338466031  2659.337912357  8.548e-03  1.000e-01  1.732e-01
0 1 1 1 20 e   2660.101222079  2660.101221048  1.022e-04  4.000e-03  4.000e-03
0 1 1 1 20 f   2660.191953777  2660.191951528  2.448e-05  4.300e-03  4.300e-03
0 0 1 0 54 e   2660.688678164  2660.688680970  6.387e-05  3.564e-03  3.565e-03
1 0 0 0 94 e   2661.541098742  2661.541132854  3.591e-04  5.710e-04  2.198e-03
0 5 0 1 11 e   2662.503824654  2662.503805429  7.015e-04  4.500e-03  4.500e-03
0 5 0 1 11 f   2662.583842072  2662.583906846  1.712e-03  5.000e-03  5.000e-03
0 4 0 0 52 e   2666.816558757  2666.816547989  1.404e-04  5.000e-03  5.000e-03
3 0 0 0 23 e   2666.932488031  2666.932495817  2.090e-05  6.683e-04  6.683e-04
0 5 0 1 12 e   2667.394068862  2667.394116429  1.584e-03  4.500e-03  4.500e-03
0 5 0 1 12 f   2667.491114810  2667.491113135  3.908e-05  5.000e-03  5.000e-03
1 3 0 1 35 e   2668.077990775  2668.058703189  8.547e-02  2.850e-02  8.547e-02
1 3 0 1 35 f   2668.425611838  2668.426101865  2.493e-03  2.850e-02  2.850e-02
0 1 1 1 21 e   2668.579748358  2668.579768823  1.406e-04  4.000e-03  4.000e-03
0 1 1 1 21 f   2668.679549843  2668.679550121  6.865e-07  4.300e-03  4.300e-03
0 5 0 1 13 e   2672.697634754  2672.697631417  1.292e-05  1.000e-04  1.000e-04
0 5 0 1 13 f   2672.807848811  2672.807918219  5.061e-04  4.500e-03  4.500e-03
2 1 0 1 47 f   2673.983658066  2673.983645993  1.046e-03  4.000e-03  4.000e-03
3 0 0 0 24 e   2676.578903984  2676.578898484  3.213e-04  3.800e-03  3.800e-03
0 1 1 1 22 e   2677.461620648  2677.461622899  1.904e-05  4.000e-03  4.000e-03
0 1 1 1 22 f   2677.570562409  2677.570562642  8.179e-07  2.455e-06  3.465e-06
0 5 0 1 14 e   2678.406400434  2678.406455192  5.385e-04  4.500e-03  4.500e-03
0 5 0 1 14 f   2678.532702986  2678.532701058  9.404e-04  4.500e-03  4.500e-03
1 3 0 1 36 e   2682.498227325  2682.498289874  2.074e-04  3.337e-04  3.337e-04
0 0 1 0 55 e   2682.840060252  2682.840059955  4.327e-05  3.564e-03  3.565e-03
0 4 0 2 53 e   2682.977961632  2682.977909547  3.279e-03  5.117e-03  7.180e-03
1 3 0 1 36 f   2683.062272731  2683.063184758  4.578e-03  2.850e-02  2.850e-02
2 0 0 0 69 e   2683.817932414  2683.817965222  3.511e-04  1.335e-04  1.229e-03
1 2 0 0 62 e   2684.419586668  2684.419625397  3.496e-04  1.456e-04  1.071e-03
0 5 0 1 15 e   2684.523269677  2684.523249691  5.489e-04  4.500e-03  4.500e-03
0 5 0 1 15 f   2684.668688110  2684.668725987  5.581e-04  4.500e-03  4.500e-03
3 0 0 0 25 e   2686.627093261  2686.627033336  1.267e-03  3.800e-03  3.800e-03
0 1 1 1 23 e   2686.747511546  2686.747529485  2.262e-04  4.000e-03  4.000e-03
0 1 1 1 23 f   2686.866319214  2686.866319200  1.547e-06  4.300e-03  4.300e-03
0 4 0 0 53 e   2688.427434286  2688.427429423  3.320e-05  5.000e-03  5.001e-03
0 5 0 1 16 e   2691.047832379  2691.047786882  1.192e-03  4.500e-03  4.500e-03
0 5 0 1 16 f   2691.211471831  2691.211465791  3.603e-05  4.500e-03  4.500e-03
2 1 0 1 48 e   2692.803989398  2692.803980772  2.073e-05  4.000e-03  4.000e-03
2 1 0 1 48 f   2693.377314655  2693.377306103  2.067e-05  4.000e-03  4.000e-03
0 1 1 1 24 f   2696.564293326  2696.564293465  1.171e-06  4.300e-03  4.300e-03
3 0 0 0 26 e   2697.074550499  2697.074556278  1.461e-04  3.800e-03  3.800e-03
1 3 0 1 37 e   2697.715332976  2697.697048362  8.631e-02  2.850e-02  8.631e-02
0 5 0 1 17 e   2697.979111172  2697.979025687  1.194e-03  5.000e-03  5.000e-03
1 3 0 1 37 f   2698.105266483  2698.106978102  9.338e-03  2.850e-02  2.850e-02
0 5 0 1 17 f   2698.164729143  2698.164410062  1.489e-03  5.000e-03  5.000e-03
1 0 0 0 95 e   2699.816950595  2699.816994621  3.499e-04  5.997e-04  2.234e-03
0 5 0 1 18 e   2705.318141291  2705.318166536  8.381e-04  4.500e-03  4.500e-03
0 0 1 0 56 e   2705.393198615  2705.393228070  2.259e-04  3.564e-03  3.566e-03
0 5 0 1 18 f   2705.525563800  2705.525694967  2.636e-03  5.000e-03  5.000e-03
0 1 1 1 25 e   2706.528273348  2706.528320544  6.100e-04  4.300e-03  4.300e-03
0 1 1 1 25 f   2706.668684875  2706.668684905  1.540e-06  4.300e-03  4.300e-03
3 0 0 0 27 e   2707.925705038  2707.925700979  2.454e-04  3.800e-03  3.800e-03
1 2 0 0 63 e   2709.955841379  2709.955880108  3.496e-04  1.456e-04  1.012e-03
2 0 0 0 70 e   2711.984732351  2711.984770445  3.507e-04  1.372e-04  1.278e-03
2 1 0 1 49 e   2712.575066179  2712.575057136  2.312e-05  4.000e-03  4.000e-03
0 5 0 1 19 e   2713.064651189  2713.064502912  1.317e-03  4.500e-03  4.500e-03
1 3 0 1 38 e   2713.156059584  2713.144399411  8.989e-02  2.850e-02  8.989e-02
2 1 0 1 49 f   2713.169290426  2713.169434529  1.496e-03  4.000e-03  4.000e-03
0 5 0 1 19 f   2713.295818476  2713.295787135  5.884e-04  4.500e-03  4.500e-03
1 3 0 1 38 f   2713.564716451  2713.566805955  7.703e-03  2.850e-02  2.850e-02
0 1 1 1 26 e   2717.025093120  2717.025090336  8.047e-06  2.669e-04  2.669e-04
0 1 1 1 26 f   2717.176250288  2717.176250196  1.739e-06  2.669e-04  2.669e-04
3 0 0 0 28 e   2719.177684197  2719.177684243  2.373e-07  4.000e-03  4.000e-03
0 5 0 1 20 e   2721.220196189  2721.220171702  7.134e-04  4.500e-03  4.500e-03
0 5 0 1 20 f   2721.475095872  2721.475040883  5.510e-04  4.500e-03  4.500e-03
0 0 1 0 57 e   2728.347207602  2728.347213505  4.102e-05  2.045e-04  2.309e-04
1 3 0 1 39 e   2728.760918109  2728.760916721  5.514e-06  5.000e-02  5.000e-02
1 3 0 1 39 f   2729.431533724  2729.431532675  4.378e-06  5.000e-02  5.000e-02
0 5 0 1 21 e   2729.783016783  2729.783001210  6.605e-04  4.500e-03  4.500e-03
0 5 0 1 21 f   2730.062794174  2730.062843809  1.028e-03  4.500e-03  4.500e-03
3 0 0 0 29 e   2730.832156210  2730.832228372  6.310e-04  3.800e-03  3.800e-03
2 2 0 0 1 e   2731.803938857  2731.803938855  4.193e-08  4.000e-03  4.000e-03
2 2 0 0 2 e   2732.613643963  2732.613642342  2.107e-05  4.000e-03  4.000e-03
2 1 0 1 50 e   2732.749789398  2732.749780772  2.073e-05  4.000e-03  4.000e-03
0 4 0 0 55 e   2732.862548767  2732.862549118  3.509e-05  5.000e-03  5.001e-03
2 1 0 1 50 f   2733.367875867  2733.367788878  1.556e-03  4.100e-03  4.100e-03
2 2 0 0 3 e   2733.828128144  2733.828127974  8.497e-06  4.000e-03  4.000e-03
2 2 0 0 4 e   2735.447418622  2735.447415650  3.411e-05  4.000e-03  4.000e-03
1 2 0 0 64 e   2735.896255668  2735.896294396  3.496e-04  1.456e-04  1.071e-03
2 2 0 0 5 e   2737.471561788  2737.471561297  3.040e-06  5.273e-05  5.273e-05
1 0 0 0 96 e   2738.492517745  2738.492528444  3.559e-04  8.471e-04  2.415e-03
0 5 0 1 22 e   2738.752485803  2738.752566654  6.016e-04  4.500e-03  4.500e-03
0 5 0 1 22 f   2739.059204933  2739.059137095  7.507e-04  5.000e-03  5.000e-03
0 1 1 1 28 e   2739.227405251  2739.227405298  2.376e-07  4.000e-03  4.000e-03
2 2 0 0 6 e   2739.900501719  2739.900501005  2.999e-05  4.000e-03  4.000e-03
2 0 0 0 71 e   2740.552090042  2740.552127301  3.504e-04  1.373e-04  1.326e-03
2 2 0 0 7 e   2742.734259774  2742.734259805  2.351e-07  4.000e-03  4.000e-03
3 0 0 0 30 e   2742.886768062  2742.886764859  3.882e-05  1.078e-04  1.078e-04
1 3 0 1 40 e   2744.997288392  2744.997288990  3.940e-06  5.000e-02  5.000e-02
1 3 0 1 40 f   2745.707264458  2745.707265042  3.663e-06  5.000e-02  5.000e-02
2 2 0 0 8 e   2745.972854560  2745.972854591  2.349e-07  4.000e-03  4.000e-03
0 5 0 1 23 e   2748.129117425  2748.129123967  3.560e-04  4.500e-03  4.500e-03
0 5 0 1 23 f   2748.465992320  2748.466032774  5.617e-04  5.000e-03  5.000e-03
2 2 0 0 9 e   2749.616215764  2749.616215796  2.352e-07  4.000e-03  4.000e-03
0 0 1 0 58 e   2751.703714835  2751.703753030  3.489e-04  5.062e-05  5.056e-04
2 2 0 0 10 e   2753.664055044  2753.664061804  1.758e-05  3.365e-04  3.365e-04
3 0 0 0 31 e   2755.343664923  2755.343661919  4.482e-05  3.800e-03  3.800e-03
0 4 0 0 56 e   2755.694891224  2755.694891623  3.509e-05  5.000e-03  5.001e-03
0 5 0 1 24 e   2757.914540731  2757.914544261  1.387e-03  4.500e-03  4.500e-03
2 2 0 0 11 e   2758.117215764  2758.117215796  2.352e-07  4.000e-03  4.000e-03
0 5 0 1 24 f   2758.277636078  2758.277513390  1.163e-03  4.500e-03  4.500e-03
1 3 0 1 41 e   2761.637937271  2761.637936177  7.598e-06  5.000e-02  5.000e-02
1 2 0 0 65 e   2762.192904230  2762.191963049  1.036e-02  1.000e-01  1.000e-01
1 3 0 1 41 f   2762.383697327  2762.383696466  7.461e-06  5.000e-02  5.000e-02
2 2 0 0 12 e   2762.974932970  2762.974933003  2.352e-07  4.000e-03  4.000e-03
0 1 1 1 30 e   2763.043198047  2763.043204967  1.412e-04  4.000e-03  4.000e-03
0 1 1 1 30 f   2763.243605678  2763.243605840  1.180e-06  4.300e-03  4.300e-03
0 3 0 1 76 f   2765.564319024  2765.564368205  3.584e-04  3.505e-03  5.177e-03
0 5 0 1 25 e   2768.106423348  2768.106435978  6.972e-04  5.000e-03  5.000e-03
3 0 0 0 32 e   2768.202722729  2768.202743325  4.770e-04  3.800e-03  3.800e-03
2 2 0 0 13 e   2768.237394723  2768.237394757  2.353e-07  4.000e-03  4.000e-03
0 5 0 1 25 f   2768.501132517  2768.501147686  4.226e-04  5.000e-03  5.000e-03
2 0 0 0 72 e   2769.519938208  2769.519975267  3.510e-04  1.375e-04  1.371e-03
2 2 0 0 14 e   2773.904652829  2773.904654909  2.677e-05  4.000e-03  4.000e-03
2 1 0 1 52 e   2774.302968631  2774.302965252  1.024e-04  4.000e-03  4.001e-03
0 0 1 0 59 e   2775.461360902  2775.461399090  3.489e-04  5.063e-05  5.445e-04
0 1 1 1 31 e   2775.557474864  2775.557473966  4.081e-06  4.300e-03  4.300e-03
0 1 1 1 31 f   2775.771093881  2775.771094179  1.594e-06  4.300e-03  4.300e-03
1 3 0 1 42 e   2778.675873669  2778.675871238  5.909e-06  5.000e-02  5.000e-02
0 5 0 1 26 e   2778.708614496  2778.708608121  1.218e-03  5.000e-03  5.000e-03
0 4 0 0 57 e   2778.928341736  2778.928342353  3.512e-05  5.000e-03  5.001e-03
0 5 0 1 26 f   2779.132991991  2779.133010554  3.578e-04  4.500e-03  4.500e-03
1 3 0 1 42 f   2779.463835242  2779.463832928  5.879e-06  5.000e-02  5.000e-02
2 2 0 0 15 e   2779.976611214  2779.976611717  8.011e-06  4.000e-03  4.000e-03
3 0 0 0 33 e   2781.462244692  2781.462285135  8.336e-04  3.800e-03  3.800e-03
2 2 0 0 16 e   2786.453307369  2786.453307643  7.643e-06  4.000e-03  4.000e-03
0 1 1 1 32 e   2788.472465879  2788.472465678  2.071e-06  4.300e-03  4.300e-03
0 1 1 1 32 f   2788.700022212  2788.700022265  1.203e-06  4.300e-03  4.300e-03
1 2 0 0 66 e   2788.941464295  2788.940523114  1.036e-02  1.000e-01  1.000e-01
0 5 0 1 27 e   2789.716528743  2789.716514238  1.170e-03  4.500e-03  4.500e-03
0 5 0 1 27 f   2790.173867454  2790.173815687  1.636e-03  4.500e-03  4.500e-03
2 2 0 0 17 e   2793.334724595  2793.334724446  2.171e-06  4.000e-03  4.000e-03
3 0 0 0 34 e   2795.124032797  2795.124078210  5.060e-04  3.800e-03  3.800e-03
2 1 0 1 53 e   2795.684809800  2795.684808823  4.245e-05  4.100e-03  4.101e-03
1 3 0 1 43 e   2796.120000733  2796.119995241  1.225e-05  5.000e-02  5.000e-02
1 3 0 1 43 f   2796.953588311  2796.953583213  1.165e-05  5.000e-02  5.000e-02
2 0 0 0 73 e   2798.888200770  2798.888239104  3.526e-04  1.377e-04  1.415e-03
0 0 1 0 60 e   2799.620432384  2799.620470569  3.489e-04  5.063e-05  6.467e-04
2 2 0 0 18 e   2800.620795210  2800.620795100  1.925e-06  4.000e-03  4.000e-03
0 5 0 1 28 e   2801.132051894  2801.132124892  1.472e-03  4.500e-03  4.500e-03
0 5 0 1 28 f   2801.622442694  2801.622491188  5.927e-04  4.500e-03  4.500e-03
0 1 1 1 33 e   2801.792434175  2801.792433656  4.875e-06  4.300e-03  4.300e-03
0 1 1 1 33 f   2802.033854063  2802.033854246  1.894e-06  4.300e-03  4.300e-03
2 2 0 0 19 e   2808.311600432  2808.311599987  2.019e-05  4.000e-03  4.000e-03
3 0 0 0 35 e   2809.185944849  2809.185871731  1.114e-03  3.800e-03  3.800e-03
0 5 0 1 29 e   2812.953501965  2812.953422591  2.080e-03  4.500e-03  4.500e-03
0 5 0 1 29 f   2813.480160215  2813.480187848  7.908e-04  4.500e-03  4.500e-03
1 3 0 1 44 e   2813.975280151  2813.975273056  1.958e-05  5.000e-02  5.000e-02
1 3 0 1 44 f   2814.835915686  2814.835908814  1.952e-05  5.000e-02  5.000e-02
0 1 1 1 34 e   2815.514983513  2815.514980464  9.443e-05  4.300e-03  4.300e-03
0 1 1 1 34 f   2815.770803353  2815.770803831  1.155e-04  4.300e-03  4.300e-03
1 2 0 0 67 e   2816.126667141  2816.126705907  3.496e-04  1.000e-01  1.000e-01
2 2 0 0 20 e   2816.407128062  2816.407127557  1.006e-04  2.370e-04  2.370e-04
2 1 0 1 54 e   2817.467307629  2817.467306928  9.222e-04  4.100e-03  4.107e-03
2 1 0 1 54 f   2818.186544343  2818.186542456  4.056e-05  4.100e-03  4.102e-03
3 0 0 0 36 e   2823.648834361  2823.648824155  2.115e-04  3.800e-03  3.800e-03
0 0 1 0 61 e   2824.180864625  2824.180902810  3.489e-04  5.063e-05  7.348e-04
2 2 0 0 21 e   2824.907184515  2824.907184666  8.748e-06  4.000e-03  4.000e-03
0 5 0 1 30 f   2825.747479382  2825.747498062  8.815e-04  4.500e-03  4.500e-03
0 4 0 0 59 e   2826.624586462  2826.624624489  3.485e-04  5.000e-03  5.018e-03
2 0 0 0 74 e   2828.656797280  2828.656836172  3.502e-04  1.378e-04  1.458e-03
0 1 1 1 35 e   2829.640753760  2829.640755920  1.164e-05  1.668e-04  1.668e-04
0 1 1 1 35 f   2829.911683067  2829.911683841  6.289e-06  1.668e-04  1.669e-04
1 3 0 1 45 e   2832.240676389  2832.240669862  1.804e-05  5.000e-02  5.000e-02
1 3 0 1 45 f   2833.141776498  2833.141770050  1.810e-05  5.000e-02  5.000e-02
2 2 0 0 22 e   2833.811893090  2833.811893136  2.371e-07  4.000e-03  4.000e-03
0 5 0 1 31 e   2837.821300708  2837.821258941  2.031e-03  4.500e-03  4.500e-03
0 5 0 1 31 f   2838.421970677  2838.421861509  1.067e-03  4.500e-03  4.500e-03
3 0 0 0 37 e   2838.515687538  2838.515750355  1.015e-03  3.900e-03  3.900e-03
2 1 0 1 55 e   2839.654312888  2839.654312947  4.216e-05  4.100e-03  4.102e-03
2 1 0 1 55 f   2840.399495093  2840.399493800  3.741e-05  4.100e-03  4.102e-03
2 2 0 0 23 e   2843.121216087  2843.121216133  2.373e-07  4.000e-03  4.000e-03
1 2 0 0 68 e   2843.744226351  2843.744265109  3.496e-04  1.000e-01  1.000e-01
0 1 1 1 36 e   2844.169779380  2844.169778238  3.175e-06  4.458e-06  4.650e-06
0 1 1 1 36 f   2844.456218049  2844.456217370  2.468e-06  4.460e-06  6.412e-06
0 0 1 0 62 e   2849.142595433  2849.142633618  3.489e-04  5.063e-05  8.129e-04
0 5 0 1 32 e   2850.864088193  2850.864110477  6.222e-05  1.700e-04  1.701e-04
1 3 0 1 46 e   2850.897175047  2850.897168539  1.886e-05  5.000e-02  5.000e-02
0 4 0 0 60 e   2851.081006860  2851.081044838  3.485e-04  5.000e-03  5.030e-03
0 5 0 1 32 f   2851.504237600  2851.504248070  2.281e-05  1.001e-04  1.001e-04
1 3 0 1 46 f   2851.846162565  2851.846156119  1.879e-05  5.000e-02  5.000e-02
2 2 0 0 24 e   2852.835216464  2852.835215760  1.842e-05  4.000e-03  4.000e-03
3 0 0 0 38 e   2853.780336083  2853.780344296  2.848e-05  1.708e-04  1.708e-04
2 0 0 0 75 e   2858.825648955  2858.825687047  3.506e-04  1.378e-04  1.499e-03
0 1 1 1 37 e   2859.102036557  2859.102036603  2.379e-07  4.000e-03  4.000e-03
2 2 0 0 25 e   2862.953727163  2862.953726528  8.640e-06  4.000e-03  4.000e-03
2 1 0 1 56 f   2863.017108888  2863.017124140  2.256e-04  4.100e-03  4.114e-03
0 5 0 1 33 e   2864.318556752  2864.318564060  1.978e-04  5.000e-03  5.000e-03
0 5 0 1 33 f   2864.997715534  2864.997762391  1.101e-03  5.000e-03  5.000e-03
3 0 0 0 39 e   2869.448096570  2869.448086329  4.849e-04  3.900e-03  3.900e-03
1 3 0 1 47 e   2869.969124786  2869.969117972  1.827e-05  2.343e-04  2.359e-04
1 3 0 1 47 f   2870.953939634  2870.953931112  2.009e-05  5.000e-02  5.000e-02
1 2 0 0 69 e   2871.690120776  2871.690158555  3.512e-04  1.000e-01  1.000e-01
2 2 0 0 26 e   2873.476784197  2873.476784243  2.373e-07  4.000e-03  4.000e-03
0 1 1 1 38 e   2874.437350400  2874.437349986  5.914e-06  1.668e-04  1.669e-04
0 0 1 0 63 e   2874.505558703  2874.505596889  3.489e-04  5.063e-05  8.839e-04
0 1 1 1 38 f   2874.755752832  2874.755752851  4.185e-06  1.335e-04  1.336e-04
0 4 0 0 61 e   2875.949294413  2875.949332556  3.494e-04  5.000e-03  5.042e-03
0 5 0 1 34 e   2878.177791512  2878.177760572  4.704e-04  5.000e-03  5.000e-03
0 5 0 1 34 f   2878.898397860  2878.898436585  5.532e-04  5.000e-03  5.000e-03
2 2 0 0 27 e   2884.404449591  2884.404449637  2.377e-07  4.000e-03  4.000e-03
2 1 0 1 57 e   2885.228312888  2885.228312947  4.216e-05  4.100e-03  4.102e-03
3 0 0 0 40 e   2885.516401688  2885.516402637  1.581e-04  3.900e-03  3.900e-03
2 1 0 1 57 f   2886.033730187  2886.033742164  2.263e-04  4.100e-03  4.108e-03
2 0 0 0 76 e   2889.394671691  2889.394710979  3.495e-04  1.378e-04  1.539e-03
0 1 1 1 39 e   2890.175281170  2890.175278258  8.098e-06  2.669e-04  2.669e-04
1 3 0 1 48 f   2890.466104427  2890.466095469  2.062e-05  2.679e-04  2.726e-04
0 1 1 1 39 f   2890.510586450  2890.510590157  1.449e-05  2.669e-04  2.669e-04
0 5 0 1 35 e   2892.445689417  2892.445722687  4.324e-04  5.000e-03  5.000e-03
0 5 0 1 35 f   2893.207665920  2893.207665405  2.293e-06  5.000e-03  5.000e-03
2 2 0 0 28 e   2895.736605251  2895.736605298  2.376e-07  4.000e-03  4.000e-03
0 0 1 0 64 e   2900.270106026  2900.270142297  3.487e-04  3.564e-03  3.672e-03
0 4 0 0 62 e   2901.217394370  2901.217433250  3.490e-04  5.000e-03  5.054e-03
3 0 0 0 41 e   2901.986742459  2901.986696727  4.056e-04  3.900e-03  3.900e-03
0 1 1 1 40 e   2906.316790057  2906.316810194  3.020e-04  4.300e-03  4.300e-03
0 1 1 1 40 f   2906.669715581  2906.669689772  2.639e-04  4.300e-03  4.300e-03
0 5 0 1 36 e   2907.118959844  2907.118975418  7.437e-04  5.000e-03  5.000e-03
2 2 0 0 29 e   2907.472943582  2907.472944876  5.652e-06  2.700e-04  2.700e-04
0 5 0 1 36 f   2907.925146047  2907.925145723  2.073e-06  5.000e-03  5.000e-03
2 1 0 1 58 e   2908.621424765  2908.621232700  1.375e-03  4.134e-03  4.358e-03
1 0 1 0 0 e   2918.105099943  2918.105100928  3.253e-05  1.000e-04  1.000e-04
1 0 1 0 1 e   2918.507306122  2918.507307107  3.253e-05  1.000e-04  1.000e-04
3 0 0 0 42 e   2918.856952969  2918.856959956  2.544e-05  2.035e-04  2.035e-04
1 0 1 0 2 e   2919.311683022  2919.311685275  2.456e-05  5.273e-05  5.273e-05
2 2 0 0 30 e   2919.614265386  2919.614265431  2.374e-07  4.000e-03  4.000e-03
2 0 0 0 77 e   2920.363788449  2920.363828275  3.514e-04  1.378e-04  1.579e-03
1 0 1 0 3 e   2920.518298182  2920.518296874  6.737e-06  1.000e-04  1.000e-04
1 0 1 0 4 e   2922.127161451  2922.127154803  4.321e-05  1.000e-04  1.000e-04
0 1 1 1 41 e   2922.860668195  2922.860680048  1.797e-04  4.000e-03  4.000e-03
0 5 0 1 37 f   2923.050507477  2923.050456570  1.192e-03  5.000e-03  5.000e-03
0 1 1 1 41 f   2923.230233724  2923.230232675  4.378e-06  4.300e-03  4.300e-03
1 0 1 0 5 e   2924.138168307  2924.138161660  4.320e-05  1.000e-04  1.000e-04
0 0 1 0 65 e   2926.435268965  2926.435312573  3.630e-04  3.564e-03  3.689e-03
1 0 1 0 6 e   2926.551362372  2926.551355729  4.319e-05  1.000e-04  1.000e-04
0 4 0 0 63 e   2926.898229088  2926.898266162  3.480e-04  5.000e-03  5.066e-03
1 0 1 0 7 e   2929.366697972  2929.366697923  1.657e-05  1.000e-04  1.000e-04
2 2 0 0 31 e   2932.159806312  2932.159806357  2.374e-07  4.000e-03  4.000e-03
1 0 1 0 8 e   2932.584207813  2932.584206654  2.516e-05  1.000e-04  1.000e-04
1 4 0 2 3 e   2934.655997566  2934.656025436  9.594e-04  5.127e-03  1.532e-02
3 0 0 0 43 e   2936.129970996  2936.129948078  8.395e-04  3.900e-03  3.900e-03
1 0 1 0 9 e   2936.203917898  2936.203920161  4.129e-05  1.000e-04  1.000e-04
0 5 0 1 38 e   2937.686876369  2937.686877453  8.780e-05  5.000e-03  5.000e-03
1 4 0 2 5 e   2938.321239583  2938.321266975  9.590e-04  5.142e-03  1.139e-02
1 4 0 2 5 f   2938.321252316  2938.321279707  9.590e-04  5.142e-03  1.139e-02
1 4 0 0 2 e   2938.367513308  2938.367513308  1.433e-09  4.000e-03  4.000e-03
0 5 0 1 38 f   2938.580876821  2938.580872093  5.070e-04  5.000e-03  5.000e-03
1 4 0 0 3 e   2939.588138857  2939.588138855  4.193e-08  4.000e-03  4.000e-03
0 1 1 1 42 e   2939.808023640  2939.808031398  4.774e-05  4.000e-03  4.000e-03
0 1 1 1 42 f   2940.196264458  2940.196265042  3.663e-06  4.300e-03  4.300e-03
1 0 1 0 10 e   2940.225838835  2940.225839392  1.157e-05  1.000e-04  1.000e-04
1 4 0 0 5 e   2943.249917431  2943.249917429  4.496e-08  4.000e-03  4.000e-03
1 4 0 2 7 e   2943.615275366  2943.615302758  9.590e-04  5.133e-03  1.138e-02
1 4 0 2 7 f   2943.615288098  2943.615315490  9.590e-04  5.133e-03  1.138e-02
1 0 1 0 11 e   2944.649815349  2944.649816374  8.387e-06  1.000e-04  1.000e-04
1 4 0 0 7 e   2948.485453776  2948.485453911  5.556e-07  1.050e-02  1.050e-02
1 0 1 0 12 e   2949.476005844  2949.476006363  5.655e-06  1.000e-04  1.000e-04
2 0 0 0 78 e   2951.732910642  2951.732948395  3.522e-04  1.378e-04  1.617e-03
1 4 0 0 8 e   2951.794255742  2951.793807785  1.533e-03  6.672e-04  1.533e-03
0 0 1 0 66 e   2953.001182652  2953.001221410  3.496e-04  5.801e-05  1.179e-03
0 5 0 1 39 e   2953.585448109  2953.585351778  1.540e-03  5.000e-03  5.000e-03
3 0 0 0 44 e   2953.802330147  2953.802322526  8.006e-04  3.900e-03  3.900e-03
0 5 0 1 39 f   2954.527966939  2954.527963228  4.303e-04  5.000e-03  5.000e-03
1 0 1 0 13 e   2954.704202876  2954.704210136  5.430e-05  1.000e-04  1.000e-04
1 4 0 0 9 e   2955.455987754  2955.455947980  1.692e-04  2.670e-04  2.670e-04
0 1 1 1 43 e   2957.157818549  2957.157813057  1.225e-05  1.377e-05  1.602e-05
0 1 1 1 43 f   2957.564243688  2957.564238590  1.165e-05  1.367e-05  1.603e-05
2 2 0 0 33 e   2958.464075592  2958.464075511  1.851e-06  3.361e-04  3.361e-04
1 4 0 0 10 e   2959.517706906  2959.514133314  1.338e-02  4.000e-03  1.338e-02
1 0 1 0 14 e   2960.334522933  2960.334523104  4.660e-06  1.000e-04  1.000e-04
1 4 0 0 11 e   2963.993105788  2963.988999663  1.622e-02  4.000e-03  1.622e-02
1 0 1 0 15 e   2966.366916322  2966.366917479  1.691e-05  1.000e-04  1.000e-04
1 4 0 0 12 e   2968.876125152  2968.872005330  1.475e-02  4.000e-03  1.475e-02
1 4 0 2 13 e   2969.263868567  2969.264010919  2.401e-04  5.007e-03  7.076e-03
1 4 0 2 13 f   2969.264200183  2969.264342535  2.401e-04  5.007e-03  7.076e-03
0 5 0 1 40 e   2969.885889913  2969.885943344  1.709e-03  5.000e-03  5.000e-03
0 5 0 1 40 f   2970.876566704  2970.876565734  2.640e-06  5.000e-03  5.000e-03
3 0 0 0 45 e   2971.875140708  2971.875138315  1.379e-05  4.000e-03  4.000e-03
2 2 0 0 34 e   2972.222669012  2972.222669057  2.374e-07  4.000e-03  4.000e-03
1 0 1 0 16 e   2972.801307514  2972.801307184  1.534e-05  1.000e-04  1.000e-04
1 4 0 0 13 e   2974.171994604  2974.171908235  3.100e-04  3.337e-04  3.337e-04
0 1 1 1 44 e   2974.911373669  2974.911371238  5.909e-06  4.300e-03  4.300e-03
0 1 1 1 44 f   2975.335735242  2975.335732928  5.879e-06  4.300e-03  4.300e-03
1 0 1 0 17 e   2979.637854036  2979.637855662  8.979e-06  4.003e-05  4.004e-05
1 4 0 0 14 e   2979.862699460  2979.860232507  1.084e-02  4.000e-03  1.084e-02
0 0 1 0 67 e   2979.968727141  2979.968765907  3.496e-04  3.564e-03  3.722e-03
1 4 0 2 15 e   2981.069499514  2981.069623813  2.194e-04  5.099e-03  7.142e-03
1 4 0 2 15 f   2981.883390165  2981.883514465  2.194e-04  5.007e-03  7.076e-03
2 1 0 1 61 f   2982.128112115  2982.128149310  3.488e-04  4.100e-03  4.149e-03
2 0 0 0 79 e   2983.501957202  2983.501994462  3.504e-04  1.378e-04  1.655e-03
1 4 0 0 15 e   2985.966861688  2985.966296704  6.635e-03  4.000e-03  6.635e-03
2 2 0 0 35 e   2986.385647409  2986.385647546  3.367e-06  4.000e-03  4.000e-03
0 5 0 1 41 e   2986.594565456  2986.594551131  2.814e-04  5.000e-03  5.000e-03
1 0 1 0 18 e   2986.876418123  2986.876418142  2.474e-07  2.276e-06  2.432e-06
1 4 0 2 16 e   2987.582682164  2987.582824539  2.400e-04  5.011e-03  7.079e-03
1 4 0 2 16 f   2987.583115978  2987.583258352  2.400e-04  5.011e-03  8.667e-03
0 5 0 1 41 f   2987.640115525  2987.640163461  1.150e-03  5.000e-03  5.000e-03
3 0 0 0 46 e   2990.351899317  2990.351932921  1.249e-03  4.000e-03  4.000e-03
1 4 0 0 16 e   2992.476692061  2992.473830379  9.328e-03  4.000e-03  9.328e-03
0 1 1 1 45 e   2993.066400733  2993.066395241  1.225e-05  4.300e-03  4.300e-03
0 1 1 1 45 f   2993.509888311  2993.509883213  1.165e-05  4.300e-03  4.300e-03
1 3 0 1 53 f   2994.126157901  2994.126156608  3.741e-05  4.675e-05  1.111e-04
1 4 0 2 17 e   2994.502342444  2994.502466743  2.194e-04  5.175e-03  7.196e-03
1 4 0 2 17 f   2994.502900427  2994.503024726  2.194e-04  5.175e-03  7.196e-03
1 0 1 0 19 e   2994.516905497  2994.516904457  2.511e-05  1.000e-04  1.000e-04
1 4 0 0 17 e   2999.392895960  2999.390206698  9.884e-03  4.000e-03  9.884e-03
2 2 0 0 36 e   3000.952961410  3000.952961500  5.591e-06  4.000e-03  4.000e-03
1 0 1 0 20 e   3002.559440581  3002.559440860  1.721e-06  1.000e-04  1.000e-04
0 5 0 1 42 e   3003.710668060  3003.710803243  1.948e-03  5.000e-03  5.000e-03
0 5 0 1 42 f   3004.803264458  3004.803265042  3.663e-06  5.000e-03  5.000e-03
2 1 0 1 62 e   3006.207610139  3006.207385101  9.708e-04  4.122e-03  4.284e-03
1 4 0 0 18 e   3006.718438837  3006.717077170  5.791e-03  4.000e-03  5.791e-03
0 0 1 0 68 e   3007.336635201  3007.336672828  3.511e-04  3.565e-03  3.770e-03
3 0 0 0 47 e   3009.225750957  3009.225757414  9.050e-04  4.000e-03  4.000e-03
1 0 1 0 21 e   3011.003854568  3011.003859129  5.141e-05  1.000e-04  1.000e-04
0 1 1 1 46 e   3011.624316403  3011.624309915  1.884e-05  1.679e-04  1.699e-04
0 1 1 1 46 f   3012.088497696  3012.088491250  1.879e-05  1.679e-04  1.722e-04
1 4 0 0 19 e   3014.450602648  3014.450400223  6.705e-04  6.672e-04  6.705e-04
2 0 0 0 80 e   3015.670841280  3015.670879977  3.519e-04  1.378e-04  1.692e-03
2 2 0 0 37 e   3015.924551788  3015.924551834  2.374e-07  4.000e-03  4.000e-03
1 0 1 0 22 e   3019.850325701  3019.850325040  1.446e-05  1.000e-04  1.000e-04
0 5 0 1 43 e   3021.234937271  3021.234936177  7.598e-06  5.000e-03  5.000e-03
0 5 0 1 43 f   3022.375697327  3022.375696466  7.461e-06  5.000e-03  5.000e-03
1 4 0 0 20 e   3022.581557820  3022.579193599  1.233e-02  4.000e-03  1.233e-02
3 0 0 0 48 e   3028.501322280  3028.501284985  2.029e-04  4.000e-03  4.000e-03
1 0 1 0 23 e   3029.098496101  3029.098500285  4.710e-05  1.000e-04  1.000e-04
0 1 1 1 47 e   3030.585620263  3030.585587514  3.995e-04  4.000e-03  4.000e-03
0 1 1 1 47 f   3031.070176157  3031.070187646  6.693e-04  4.300e-03  4.300e-03
1 4 0 0 21 e   3031.131873234  3031.131873281  2.366e-07  4.000e-03  4.000e-03
2 2 0 0 38 e   3031.300357079  3031.300357334  2.799e-06  4.000e-03  4.000e-03
2 1 0 1 63 f   3032.588686295  3032.588723487  3.488e-04  4.100e-03  4.170e-03
0 0 1 0 69 e   3035.105734434  3035.105771923  3.510e-04  3.565e-03  3.787e-03
1 3 0 1 55 f   3038.429108978  3038.429107685  3.741e-05  3.369e-04  3.517e-04
1 0 1 0 24 e   3038.748586630  3038.748572866  5.612e-05  1.000e-04  1.000e-04
1 4 0 0 22 e   3040.082648206  3040.082648253  2.371e-07  4.000e-03  4.000e-03
1 4 0 2 23 e   3044.561601652  3044.561827485  3.829e-04  5.099e-03  7.141e-03
1 4 0 2 23 f   3044.570986925  3044.570856663  5.970e-04  5.099e-03  7.141e-03
2 2 0 0 39 e   3047.080336557  3047.080336603  2.379e-07  4.000e-03  4.000e-03
3 0 0 0 49 e   3048.178364709  3048.178431615  6.399e-04  4.000e-03  4.000e-03
2 0 0 0 81 e   3048.239478337  3048.239517353  3.524e-04  1.380e-04  1.728e-03
1 0 1 0 25 e   3048.800689996  3048.800690052  2.422e-07  8.571e-07  1.363e-06
1 4 0 0 23 e   3049.440355664  3049.440347968  2.419e-05  5.005e-04  5.005e-04
0 1 1 1 48 e   3049.948844506  3049.948819450  6.707e-05  1.001e-03  1.003e-03
0 1 1 1 48 f   3050.453637068  3050.453637207  4.124e-04  4.300e-03  4.300e-03
1 4 0 2 24 e   3054.329739899  3054.329922742  4.115e-04  5.099e-03  7.141e-03
1 4 0 2 24 f   3054.347310768  3054.346846226  2.437e-03  5.099e-03  7.141e-03
1 4 0 0 24 e   3059.204393090  3059.204393136  2.371e-07  4.000e-03  4.000e-03
1 0 1 0 26 e   3059.254475855  3059.254478134  2.377e-05  4.004e-05  4.005e-05
0 4 0 0 68 e   3061.392616569  3061.392655327  3.496e-04  5.037e-04  1.233e-03
2 2 0 0 40 e   3063.264563979  3063.264564037  2.783e-06  4.000e-03  4.000e-03
1 4 0 2 25 e   3064.504988476  3064.505167679  9.837e-04  5.099e-03  7.141e-03
1 4 0 2 25 f   3064.517829069  3064.517863007  7.539e-04  5.025e-03  7.089e-03
3 0 0 0 50 e   3068.255773508  3068.255785386  4.061e-04  4.000e-03  4.001e-03
1 4 0 0 25 e   3069.375438240  3069.375438286  2.372e-07  4.000e-03  4.000e-03
0 1 1 1 49 e   3069.715056990  3069.715059923  3.756e-04  4.000e-03  4.000e-03
1 0 1 0 27 e   3070.110097851  3070.110097891  2.446e-07  8.257e-07  1.385e-06
0 1 1 1 49 f   3070.240914784  3070.240877219  3.729e-04  4.300e-03  4.300e-03
1 4 0 2 26 e   3075.084548971  3075.084696217  4.292e-04  5.099e-03  7.141e-03
1 4 0 2 26 f   3075.098909344  3075.098881964  8.034e-04  5.099e-03  7.141e-03
2 2 0 0 41 e   3079.853009096  3079.853006662  7.993e-06  4.021e-04  4.021e-04
1 4 0 0 26 e   3079.953384197  3079.953384243  2.373e-07  4.000e-03  4.000e-03
2 0 0 0 82 e   3081.207779757  3081.207819914  3.513e-04  1.408e-04  1.763e-03
1 0 1 0 28 e   3081.367409102  3081.367403369  3.668e-05  4.004e-05  4.006e-05
1 3 0 1 57 e   3082.920429074  3082.920327897  6.583e-04  3.372e-04  6.674e-04
2 1 0 1 65 f   3084.658009001  3084.658045763  3.486e-04  4.100e-03  4.223e-03
1 4 0 2 27 e   3086.071706563  3086.071834190  4.235e-04  5.099e-03  7.141e-03
1 4 0 2 27 f   3086.087180863  3086.087272344  5.344e-04  5.099e-03  7.141e-03
3 0 0 0 51 e   3088.732482227  3088.732561023  5.497e-04  4.000e-03  4.001e-03
0 1 1 1 50 e   3089.883547990  3089.883540555  2.991e-04  4.300e-03  4.300e-03
0 1 1 1 50 f   3090.430795801  3090.430787605  3.146e-04  4.300e-03  4.300e-03
0 2 1 2 3 e   3091.333333695  3091.333361062  9.616e-04  5.232e-03  1.354e-02
1 0 1 0 29 e   3093.026409912  3093.026410451  1.297e-06  1.000e-04  1.000e-04
0 5 0 1 47 e   3095.396493883  3095.396490360  2.087e-05  5.001e-03  5.002e-03
0 2 1 0 0 e   3095.554410992  3095.554410999  8.032e-08  6.001e-05  6.002e-05
2 2 0 0 42 e   3096.845367608  3096.845367654  2.379e-07  4.000e-03  4.000e-03
1 4 0 2 28 e   3097.466674246  3097.467448262  3.628e-03  5.099e-03  7.141e-03
1 4 0 2 28 f   3097.488135049  3097.487933290  6.313e-04  5.099e-03  7.141e-03
0 2 1 0 3 e   3097.982128144  3097.982128303  8.178e-06  4.000e-03  4.000e-03
0 2 1 0 4 e   3099.599830720  3099.599897184  1.993e-04  1.077e-03  1.077e-03
0 2 1 0 5 e   3101.623638400  3101.623638788  1.298e-05  4.000e-03  4.000e-03
0 2 1 0 6 e   3104.051341235  3104.051341623  1.298e-05  4.000e-03  4.000e-03
1 0 1 0 30 e   3105.087145587  3105.087146226  1.363e-06  1.000e-04  1.000e-04
0 2 1 0 7 e   3106.883659774  3106.883659805  2.351e-07  4.000e-03  4.000e-03
1 4 0 2 29 e   3109.265552157  3109.265668310  4.329e-04  5.099e-03  7.141e-03
1 4 0 2 29 f   3109.286950357  3109.286978114  5.812e-04  5.099e-03  7.141e-03
3 0 0 0 52 e   3109.611317062  3109.611277406  4.120e-04  4.000e-03  4.001e-03
0 2 1 0 8 e   3110.120554560  3110.120554591  2.349e-07  4.000e-03  4.000e-03
0 1 1 1 51 e   3110.454260044  3110.454253479  4.470e-05  3.853e-05  6.810e-05
0 1 1 1 51 f   3111.023137541  3111.023133383  3.619e-05  3.719e-05  6.786e-05
2 1 0 1 66 f   3111.296928891  3111.296968683  3.500e-04  1.778e-04  1.230e-03
0 2 1 0 9 e   3113.762015764  3113.762015796  2.352e-07  4.000e-03  4.000e-03
1 4 0 0 29 e   3114.127657159  3114.127655790  4.854e-06  3.337e-04  3.337e-04
2 2 0 0 43 e   3114.241866626  3114.241866672  2.381e-07  4.000e-03  4.000e-03
2 0 0 0 83 e   3114.575661557  3114.575699774  3.538e-04  1.470e-04  1.798e-03
0 5 0 1 48 e   3114.960540824  3114.960499580  1.036e-04  5.064e-03  5.127e-03
1 0 1 0 31 e   3117.549711114  3117.549711500  1.132e-06  1.000e-04  1.000e-04
0 2 1 0 10 e   3117.808132970  3117.808133003  2.352e-07  4.000e-03  4.000e-03
1 4 0 2 30 e   3121.470764500  3121.471239312  2.175e-03  5.099e-03  7.141e-03
1 4 0 2 30 f   3121.496475526  3121.496481626  5.781e-04  5.099e-03  7.141e-03
0 2 1 0 11 e   3122.258794723  3122.258794757  2.353e-07  4.000e-03  4.000e-03
1 4 0 0 30 e   3126.332505251  3126.332505298  2.376e-07  4.000e-03  4.000e-03
0 2 1 0 12 e   3127.113988578  3127.113988621  2.354e-07  4.000e-03  4.000e-03
1 0 1 0 32 e   3130.413713673  3130.413713691  2.548e-07  8.262e-07  1.484e-06
3 0 0 0 53 e   3130.893238801  3130.893259361  1.262e-03  4.100e-03  4.101e-03
0 1 1 1 52 e   3131.428352952  3131.428315737  6.041e-04  4.300e-03  4.301e-03
0 1 1 1 52 f   3132.019196441  3132.019163689  3.418e-04  4.300e-03  4.301e-03
2 2 0 0 44 e   3132.042420470  3132.042418084  1.377e-05  4.000e-03  4.000e-03
0 2 1 0 13 e   3132.373700869  3132.373700911  2.350e-07  4.000e-03  4.000e-03
1 4 0 2 31 e   3134.085874013  3134.085960190  5.183e-04  5.099e-03  7.141e-03
1 4 0 2 31 f   3134.111872156  3134.111880560  5.387e-04  5.099e-03  7.141e-03
0 5 0 1 49 e   3134.924599611  3134.924573315  1.201e-04  5.064e-03  5.127e-03
2 1 0 1 67 e   3137.236005519  3137.235629089  7.884e-04  4.145e-03  4.338e-03
0 2 1 0 14 e   3138.038017081  3138.038017122  2.354e-07  4.000e-03  4.000e-03
1 4 0 0 31 e   3138.944120940  3138.944120985  2.374e-07  4.000e-03  4.000e-03
1 0 1 0 33 e   3143.679451429  3143.679569285  3.572e-04  4.000e-03  4.000e-03
0 2 1 0 15 e   3144.106821559  3144.106821605  2.376e-07  4.000e-03  4.000e-03
1 4 0 2 32 e   3147.101669678  3147.102116709  2.123e-03  5.099e-03  7.141e-03
1 4 0 2 32 f   3147.135462940  3147.135599188  1.034e-03  5.099e-03  7.141e-03
2 0 0 0 84 e   3148.343038244  3148.343082918  3.514e-04  1.532e-04  1.831e-03
2 2 0 0 45 e   3150.247040708  3150.247038315  1.379e-05  4.000e-03  4.000e-03
0 2 1 0 16 e   3150.580197656  3150.580197703  2.375e-07  4.000e-03  4.000e-03
1 4 0 0 32 e   3151.962565386  3151.962565431  2.374e-07  4.000e-03  4.000e-03
3 0 0 0 54 e   3152.570291224  3152.570291623  3.509e-05  4.000e-03  4.001e-03
0 1 1 1 53 e   3152.803416663  3152.803410698  4.486e-05  2.696e-04  2.776e-04
1 0 1 0 34 e   3157.346469598  3157.346469643  2.374e-07  8.262e-07  1.521e-06
0 2 1 0 17 e   3157.458027630  3157.458027679  2.369e-07  4.000e-03  4.000e-03
0 2 1 0 18 e   3164.740292763  3164.740292810  2.369e-07  4.000e-03  4.000e-03
1 4 0 0 33 e   3165.387970838  3165.387969182  5.642e-06  2.003e-04  2.003e-04
0 2 1 2 19 e   3165.805511504  3165.805588674  2.541e-04  5.000e-03  7.071e-03
0 2 1 2 19 f   3165.806483213  3165.806560383  2.541e-04  5.000e-03  7.071e-03
2 2 0 0 46 e   3168.855533753  3168.855530384  1.833e-05  4.000e-03  4.000e-03
1 0 1 0 35 e   3171.415283911  3171.415386039  3.502e-04  4.000e-03  4.000e-03
0 2 1 0 19 e   3172.427073234  3172.427073281  2.366e-07  4.000e-03  4.000e-03
3 0 0 0 55 e   3174.647999478  3174.648007690  1.916e-04  4.101e-03  4.106e-03
0 5 0 1 51 e   3176.076334622  3176.076330981  7.209e-05  5.064e-03  5.127e-03
1 4 0 0 34 e   3179.219510313  3179.219510358  2.374e-07  4.000e-03  4.000e-03
0 0 1 0 74 e   3179.959950818  3179.959984223  3.704e-04  2.414e-04  1.463e-03
0 2 1 0 20 e   3180.518348206  3180.518348253  2.371e-07  4.000e-03  4.000e-03
0 2 1 2 21 e   3182.396693310  3182.396919143  3.829e-04  5.000e-03  7.071e-03
0 2 1 2 21 f   3182.399374234  3182.399243972  5.970e-04  5.000e-03  7.071e-03
2 0 0 0 85 e   3182.509776247  3182.509821213  3.498e-04  1.657e-04  1.864e-03
1 0 1 0 36 e   3185.885535017  3185.885856848  1.136e-03  4.000e-03  4.000e-03
2 2 0 0 47 e   3187.867966107  3187.867959193  2.542e-05  4.000e-03  4.000e-03
1 4 0 2 35 f   3188.644681228  3188.644704341  8.940e-05  5.004e-03  7.074e-03
0 2 1 0 21 e   3189.014054027  3189.014054100  4.976e-07  1.236e-06  1.876e-06
1 4 0 0 35 e   3193.457943031  3193.457943076  2.374e-07  4.000e-03  4.000e-03
0 1 1 1 55 e   3196.762309800  3196.762308823  4.245e-05  4.300e-03  4.301e-03
0 1 1 1 55 f   3197.421995093  3197.421993800  3.741e-05  4.300e-03  4.301e-03
0 2 1 2 23 e   3200.614797768  3200.614333226  2.437e-03  5.000e-03  7.071e-03
1 0 1 0 37 e   3200.756876760  3200.756953233  4.386e-04  4.000e-03  4.000e-03
0 2 1 0 23 e   3207.218578089  3207.218578123  3.632e-07  1.236e-06  1.594e-06
2 2 0 0 48 e   3207.284265147  3207.284259385  1.939e-05  4.720e-05  5.995e-05
1 4 0 0 36 e   3208.103169012  3208.103169057  2.374e-07  4.000e-03  4.000e-03
1 0 1 0 38 e   3216.029793101  3216.029931720  5.541e-04  4.000e-03  4.000e-03
2 0 0 0 86 e   3217.075824946  3217.075866230  3.498e-04  1.812e-04  1.897e-03
0 1 1 1 56 e   3219.343831158  3219.343718406  1.019e-03  4.300e-03  4.307e-03
3 0 0 0 57 e   3220.009799478  3220.009807690  1.916e-04  4.101e-03  4.106e-03
0 1 1 1 56 f   3220.027871813  3220.027915789  3.922e-04  4.300e-03  4.302e-03
2 1 0 1 70 f   3221.867770738  3221.867813462  3.645e-04  5.469e-03  6.610e-03
1 4 0 0 37 e   3223.155051788  3223.155051834  2.374e-07  4.000e-03  4.000e-03
2 2 0 0 49 e   3227.104481979  3227.104476204  1.952e-05  4.000e-03  4.000e-03
1 0 1 0 39 e   3231.703948315  3231.703948361  2.379e-07  8.915e-07  1.646e-06
0 2 1 0 26 e   3237.557984197  3237.557984243  2.373e-07  4.000e-03  4.000e-03
1 4 0 0 38 e   3238.613653808  3238.613653854  2.374e-07  4.000e-03  4.000e-03
0 0 1 0 76 e   3240.704909377  3240.704947349  3.509e-04  1.046e-03  1.894e-03
0 5 0 1 54 e   3240.845537083  3240.845536468  2.045e-04  5.081e-03  5.163e-03
0 1 1 1 57 e   3242.327712888  3242.327712947  4.216e-05  4.300e-03  4.302e-03
0 1 1 1 57 f   3243.036730187  3243.036742164  2.263e-04  4.300e-03  4.308e-03
3 0 0 0 58 e   3243.288079271  3243.288111039  2.621e-04  4.101e-03  4.110e-03
2 2 0 0 50 e   3247.328413966  3247.328408287  1.936e-05  4.000e-03  4.000e-03
1 0 1 0 40 e   3247.779596168  3247.779735489  4.999e-04  4.000e-03  4.000e-03
0 2 1 0 27 e   3248.479703934  3248.479706362  7.908e-06  1.077e-03  1.149e-03
2 3 0 1 4 e   3249.311051072  3249.311070863  1.169e-04  1.432e-04  1.935e-04
2 1 0 1 71 f   3250.515252840  3250.515294696  3.549e-04  5.469e-03  6.620e-03
2 0 0 0 87 e   3252.041082596  3252.041123437  3.511e-04  2.001e-04  1.929e-03
0 2 1 2 28 e   3253.206458102  3253.206932914  2.175e-03  5.000e-03  7.071e-03
0 2 1 2 28 f   3253.213654219  3253.213660319  5.781e-04  5.000e-03  7.071e-03
1 4 0 0 39 e   3254.478836557  3254.478836603  2.379e-07  4.000e-03  4.000e-03
0 2 1 0 28 e   3259.805905251  3259.805905298  2.376e-07  4.000e-03  4.000e-03
0 5 0 1 55 e   3263.253166489  3263.253097265  8.941e-04  5.064e-03  5.148e-03
1 0 1 0 41 e   3264.256343872  3264.256404991  2.592e-04  4.000e-03  4.000e-03
0 1 1 1 58 e   3265.715524765  3265.715332700  1.375e-03  4.333e-03  4.547e-03
0 1 1 1 58 f   3266.448608888  3266.448624140  2.256e-04  4.300e-03  4.313e-03
2 2 0 0 51 e   3267.956328283  3267.956322567  3.124e-05  5.030e-04  5.056e-04
1 4 0 0 40 e   3270.750699515  3270.750697907  5.212e-06  6.672e-04  6.672e-04
0 2 1 0 29 e   3271.536220940  3271.536220985  2.374e-07  4.000e-03  4.000e-03
0 2 1 2 30 e   3277.077469754  3277.077916785  2.123e-03  5.000e-03  7.071e-03
0 2 1 2 30 f   3277.083800866  3277.083937114  1.034e-03  5.000e-03  7.071e-03
2 1 0 1 72 e   3278.731887531  3278.731923900  3.513e-04  3.524e-03  5.166e-03
2 1 0 1 72 f   3279.564294948  3279.564316556  3.819e-04  5.546e-03  6.693e-03
1 0 1 0 42 e   3281.134381459  3281.134514951  5.923e-04  4.000e-03  4.000e-03
1 3 0 1 65 e   3282.256005251  3282.255756333  9.904e-04  3.535e-01  3.535e-01
0 2 1 0 30 e   3283.670833281  3283.670833319  4.512e-07  1.601e-06  2.021e-06
1 3 0 1 65 f   3284.109474338  3284.109529689  3.583e-04  3.535e-01  3.535e-01
2 0 0 0 88 e   3287.405447928  3287.405487992  3.578e-04  2.288e-04  1.961e-03
1 4 0 0 41 e   3287.429084602  3287.429084648  2.379e-07  4.000e-03  4.000e-03
2 2 0 0 52 e   3288.987646864  3288.987643651  3.140e-05  4.000e-03  4.001e-03
0 1 1 1 59 e   3289.505778884  3289.505551274  9.635e-04  4.321e-03  4.444e-03
0 2 1 2 31 e   3289.616867089  3289.617337287  2.138e-03  5.108e-03  8.728e-03
0 1 1 1 59 f   3290.263597339  3290.263634536  3.488e-04  4.300e-03  4.335e-03
3 0 0 0 60 e   3291.052468813  3291.052506725  3.480e-04  3.097e-04  8.122e-04
0 2 1 0 31 e   3296.209513626  3296.209513716  5.793e-06  4.000e-03  4.000e-03
1 0 1 0 43 e   3298.413718419  3298.414096472  1.303e-03  4.000e-03  4.000e-03
2 1 0 1 73 e   3308.147526106  3308.147563735  3.510e-04  5.547e-03  6.694e-03
2 1 0 1 73 f   3309.013629401  3309.013667067  3.510e-04  5.546e-03  6.702e-03
0 2 1 0 32 e   3309.152497205  3309.152497269  5.482e-07  1.994e-06  2.368e-06
2 2 0 0 53 e   3310.422834286  3310.422829423  3.320e-05  4.000e-03  4.001e-03
0 1 1 1 60 e   3313.696755416  3313.696530378  9.708e-04  4.321e-03  4.449e-03
0 1 1 1 60 f   3314.479077689  3314.479114886  3.488e-04  4.300e-03  4.349e-03
3 0 0 0 61 e   3315.529817685  3315.529855596  3.480e-04  4.101e-03  4.151e-03
1 0 1 0 44 e   3316.094004941  3316.094340254  1.002e-03  4.000e-03  4.000e-03
1 4 0 0 43 e   3322.005728177  3322.005724270  8.093e-06  1.674e-04  1.674e-04
0 2 1 0 33 e   3322.499443031  3322.499443076  2.374e-07  4.000e-03  4.000e-03
2 0 0 0 89 e   3323.168832574  3323.168875443  3.532e-04  2.579e-04  1.991e-03
2 2 0 0 54 e   3332.261279954  3332.261225132  9.997e-04  3.400e-04  1.003e-03
1 0 1 0 45 e   3334.175024735  3334.175020968  1.736e-05  4.588e-05  5.205e-05
0 2 1 0 34 e   3336.250639662  3336.250639134  2.263e-05  4.000e-03  4.000e-03
2 1 0 1 74 e   3337.963685243  3337.963721616  3.513e-04  5.635e-03  6.784e-03
0 1 1 1 61 e   3338.288717776  3338.288493393  9.704e-04  4.585e-04  1.477e-03
2 1 0 1 74 f   3338.864230199  3338.864258780  3.772e-04  3.509e-03  5.156e-03
0 1 1 1 61 f   3339.097064494  3339.097102167  3.486e-04  1.755e-04  7.249e-04
1 4 0 0 44 e   3339.903937823  3339.903937869  2.381e-07  4.000e-03  4.000e-03
0 2 1 0 35 e   3350.405897409  3350.405896024  3.197e-05  4.000e-03  4.000e-03
1 0 1 0 46 e   3352.657576653  3352.657896605  1.102e-03  4.000e-03  4.000e-03
1 4 0 2 45 f   3353.419877692  3353.419871976  1.970e-04  5.004e-03  7.074e-03
2 2 0 0 55 e   3354.503845252  3354.503845524  3.551e-05  4.000e-03  4.001e-03
2 0 0 0 90 e   3359.331140358  3359.331175877  3.605e-04  2.936e-04  2.023e-03
0 1 1 1 62 e   3363.283610139  3363.283385101  9.708e-04  4.321e-03  4.476e-03
0 1 1 1 62 f   3364.118036767  3364.118073961  3.488e-04  4.300e-03  4.357e-03
0 2 1 0 36 e   3364.965211410  3364.965208582  3.477e-05  4.000e-03  4.000e-03
0 0 1 0 80 e   3366.996931020  3366.996969188  3.509e-04  6.138e-05  1.691e-03
2 1 0 1 75 e   3368.180748583  3368.180780711  3.936e-04  3.516e-03  5.162e-03
2 1 0 1 75 f   3369.117491346  3369.117529286  3.509e-04  5.624e-03  6.785e-03
1 0 1 0 47 e   3371.540679899  3371.540674154  1.933e-05  2.505e-05  4.084e-05
0 2 1 2 37 e   3373.356648485  3373.357479994  3.164e-03  5.000e-03  7.071e-03
0 2 1 2 37 f   3373.368643817  3373.368667863  8.998e-05  5.000e-03  7.071e-03
0 2 1 0 37 e   3379.928544173  3379.928543869  5.170e-06  4.000e-03  4.000e-03
0 1 1 1 63 e   3388.679281055  3388.679056017  9.708e-04  4.321e-03  4.489e-03
0 1 1 1 63 f   3389.540786295  3389.540823487  3.488e-04  4.300e-03  4.366e-03
1 0 1 0 48 e   3390.824896062  3390.824955001  3.193e-04  4.000e-03  4.000e-03
0 2 1 0 38 e   3395.295757079  3395.295756937  2.373e-06  4.000e-03  4.000e-03
2 0 0 0 91 e   3395.892333015  3395.892375965  3.497e-04  3.361e-04  2.051e-03
0 0 1 0 81 e   3399.569860970  3399.569899388  3.508e-04  1.778e-04  1.797e-03
2 1 0 1 76 f   3399.771569024  3399.771618205  3.584e-04  5.703e-03  6.859e-03
2 2 0 0 57 e   3400.199164099  3400.199156646  1.599e-04  4.000e-03  4.002e-03
1 0 1 0 49 e   3410.510013121  3410.510139200  4.450e-04  4.000e-03  4.000e-03
0 2 1 0 39 e   3411.067036557  3411.067036603  2.379e-07  4.000e-03  4.000e-03
0 1 1 1 64 e   3414.477393548  3414.477168510  9.708e-04  4.321e-03  4.503e-03
0 1 1 1 64 f   3415.366896261  3415.366933453  3.488e-04  4.300e-03  4.380e-03
2 2 0 0 58 e   3423.652101433  3423.652139828  3.488e-04  4.000e-03  4.017e-03
1 1 1 1 1 f   3424.542806733  3424.542794925  4.786e-04  6.678e-04  9.440e-04
1 1 1 1 2 e   3425.347412720  3425.347412956  1.270e-06  1.669e-04  1.669e-04
1 1 1 1 2 f   3425.349961184  3425.349961158  1.430e-06  8.002e-05  8.005e-05
0 2 1 0 40 e   3427.242160350  3427.242160396  2.379e-07  4.000e-03  4.000e-03
2 1 0 1 77 e   3429.816985726  3429.817027097  3.909e-04  5.783e-03  6.927e-03
1 0 1 0 50 e   3430.595730415  3430.595724687  2.606e-05  4.000e-03  4.000e-03
2 1 0 1 77 f   3430.825682377  3430.825720349  3.509e-04  5.782e-03  6.934e-03
2 0 0 0 92 e   3432.852187378  3432.852228041  3.504e-04  3.854e-04  2.087e-03
1 4 0 0 49 e   3435.492786923  3435.492781220  1.934e-05  4.000e-03  4.000e-03
0 1 1 1 65 e   3440.679074425  3440.678831909  9.203e-04  4.332e-03  4.516e-03
0 2 1 0 41 e   3443.821184602  3443.821184648  2.379e-07  4.000e-03  4.000e-03
2 2 0 0 59 e   3447.508290437  3447.508328652  3.485e-04  4.000e-03  4.022e-03
1 1 1 1 11 e   3450.722401394  3450.722401529  8.823e-07  1.400e-04  1.400e-04
1 1 1 1 11 f   3450.755500159  3450.755500300  8.656e-07  1.400e-04  1.400e-04
1 0 1 0 51 e   3451.082485574  3451.082518929  2.600e-04  4.000e-03  4.000e-03
1 4 0 0 50 e   3455.829252864  3455.829245552  2.184e-05  2.015e-04  2.064e-04
2 1 0 1 78 e   3461.236550377  3461.236588349  3.509e-04  5.864e-03  7.004e-03
0 1 1 1 66 e   3467.279068670  3467.278826174  9.203e-04  4.332e-03  4.529e-03
0 1 1 1 66 f   3468.222912772  3468.222952224  3.506e-04  4.300e-03  4.432e-03
2 0 0 0 93 e   3470.210736188  3470.210774536  3.588e-04  5.971e-04  2.175e-03
2 2 0 0 60 e   3471.767794370  3471.767833250  3.490e-04  4.000e-03  4.067e-03
1 0 1 0 52 e   3471.969675430  3471.969675797  3.508e-05  4.196e-05  7.389e-05
1 1 1 1 15 f   3472.529320982  3472.529321052  6.208e-07  2.926e-06  3.416e-06
1 4 0 0 51 e   3476.573577035  3476.573571385  1.936e-05  4.000e-03  4.000e-03
0 2 1 0 43 e   3478.190666626  3478.190666672  2.381e-07  4.000e-03  4.000e-03
1 3 0 1 72 f   3480.421891935  3480.421913543  3.819e-04  3.503e-03  5.129e-03
1 1 1 1 18 e   3493.012013255  3493.012013907  2.663e-06  2.583e-06  3.869e-06
1 1 1 1 18 f   3493.093252644  3493.093252874  6.331e-07  1.958e-06  2.775e-06
1 0 1 0 53 e   3493.257656949  3493.257697430  2.278e-04  4.000e-03  4.001e-03
0 1 1 1 67 e   3494.281069792  3494.280731986  1.299e-03  4.343e-03  4.528e-03
0 1 1 1 67 f   3495.253295581  3495.253335321  3.502e-04  4.300e-03  4.445e-03
0 2 1 0 44 e   3495.981037823  3495.981037869  2.381e-07  4.000e-03  4.000e-03
2 2 0 0 61 e   3496.431049468  3496.431087379  3.480e-04  1.337e-03  1.484e-03
0 0 1 0 84 e   3499.687611414  3499.687650097  3.507e-04  1.046e-03  2.138e-03
2 0 0 0 94 e   3507.967782593  3507.967806641  3.538e-04  6.421e-04  2.217e-03
0 2 1 0 45 e   3514.175240708  3514.175238315  1.379e-05  4.000e-03  4.000e-03
1 4 0 0 53 e   3519.279831023  3519.279829731  3.741e-05  2.710e-04  2.871e-04
0 1 1 1 68 e   3521.681423898  3521.681440036  4.551e-04  3.504e-03  5.070e-03
0 1 1 1 68 f   3522.685722481  3522.685762272  3.500e-04  4.300e-03  4.459e-03
0 2 1 0 46 e   3532.773020470  3532.773018084  1.377e-05  4.000e-03  4.000e-03
1 0 1 0 55 e   3537.035048767  3537.035049118  3.509e-05  4.000e-03  4.001e-03
1 4 0 0 54 e   3541.242470649  3541.242471016  3.508e-05  4.000e-03  4.001e-03
2 0 0 0 95 e   3546.123260230  3546.123303994  3.500e-04  6.948e-04  2.261e-03
0 1 1 1 69 e   3549.489811346  3549.489251213  9.604e-04  4.363e-03  4.573e-03
0 1 1 1 69 f   3550.521000162  3550.521039251  3.537e-04  5.546e-03  6.665e-03
1 1 1 1 25 e   3555.028143578  3555.028143791  2.554e-06  8.005e-05  8.011e-05
1 1 1 1 25 f   3555.182180153  3555.182180513  2.024e-06  8.005e-05  8.010e-05
1 0 1 0 56 e   3559.524643615  3559.524667872  2.210e-04  4.000e-03  4.001e-03
0 2 1 0 48 e   3571.207786923  3571.207781220  1.934e-05  1.000e-01  1.414e-01
0 1 1 1 70 e   3577.694433155  3577.693992121  7.346e-04  1.248e-03  2.016e-03
1 0 1 0 57 e   3582.414564099  3582.414597188  2.711e-04  4.000e-03  4.002e-03
2 0 0 0 96 e   3584.677097121  3584.677108821  3.562e-04  9.409e-04  2.449e-03
1 4 0 0 56 e   3586.386591224  3586.386591623  3.509e-05  4.000e-03  4.001e-03
0 0 1 0 87 e   3603.400575856  3603.400614965  3.507e-04  3.801e-03  4.276e-03
0 1 1 1 71 e   3606.303747749  3606.303194128  8.893e-04  4.375e-03  4.630e-03
0 1 1 1 71 f   3607.392452840  3607.392494696  3.549e-04  5.546e-03  6.684e-03
1 4 0 0 57 e   3609.568041736  3609.568042353  3.512e-05  4.000e-03  4.002e-03
0 3 1 1 1 e   3615.750310473  3615.750310654  1.218e-06  3.008e-05  3.022e-05
0 3 1 1 1 f   3615.751151157  3615.751151185  1.742e-06  3.008e-05  3.022e-05
0 3 1 1 2 e   3616.559939118  3616.559939152  1.269e-06  3.008e-05  3.022e-05
0 3 1 1 2 f   3616.562461604  3616.562461970  1.876e-06  3.008e-05  3.022e-05
0 2 1 2 51 e   3625.261111179  3625.261102136  2.312e-05  5.108e-03  8.728e-03
1 0 1 0 59 e   3629.395286462  3629.395324489  3.485e-04  4.000e-03  4.022e-03
0 2 1 0 51 e   3631.815755661  3631.815751264  3.101e-05  4.000e-03  4.000e-03
0 2 1 0 52 e   3652.834708757  3652.834710106  4.527e-05  4.000e-03  4.001e-03
1 0 1 0 60 e   3653.486006860  3653.486044838  3.485e-04  4.000e-03  4.037e-03
0 0 1 0 89 e   3674.539306766  3674.539346452  3.506e-04  3.801e-03  4.304e-03
1 0 1 0 61 e   3677.976806850  3677.976844761  3.480e-04  7.603e-05  7.345e-04
0 2 1 0 54 e   3696.082691224  3696.082691623  3.509e-05  4.000e-03  4.001e-03
1 0 1 0 62 e   3702.867694370  3702.867733250  3.490e-04  4.000e-03  4.067e-03
0 0 1 0 90 e   3710.707358295  3710.707398221  3.507e-04  3.801e-03  4.319e-03
0 2 1 0 55 e   3718.311595252  3718.311597620  5.279e-05  4.000e-03  4.001e-03
1 0 1 0 63 e   3728.158629088  3728.158666162  3.480e-04  4.000e-03  4.082e-03
0 2 1 0 56 e   3740.943893615  3740.943924474  2.318e-04  4.000e-03  4.001e-03
1 0 1 0 64 e   3753.849456026  3753.849492297  3.487e-04  4.000e-03  4.097e-03
3 0 0 0 77 e   3761.561585062  3761.561623040  3.524e-04  4.301e-03  4.568e-03
0 2 1 0 57 e   3763.979286462  3763.979324489  3.485e-04  4.000e-03  4.022e-03
2 4 0 0 2 e   3764.041183308  3764.041183308  1.433e-09  5.000e-05  5.000e-05
2 0 1 0 0 e   3768.495713308  3768.495713308  1.433e-09  1.000e-01  1.000e-01
2 0 1 0 1 e   3768.897069429  3768.897418621  7.949e-03  1.000e-01  1.000e-01
2 0 1 0 2 e   3769.702263310  3769.702263312  1.352e-08  5.000e-05  5.000e-05
2 0 1 0 3 e   3770.922628144  3770.923101195  1.379e-02  1.000e-01  1.000e-01
2 0 1 0 4 e   3772.552662626  3772.552662652  2.366e-07  1.000e-01  1.000e-01
2 4 0 0 7 e   3774.170755969  3774.170756000  2.356e-07  5.000e-05  5.000e-05
2 0 1 0 5 e   3774.548511700  3774.547778955  1.563e-02  1.000e-01  1.000e-01
2 0 1 0 6 e   3776.932962627  3776.932962654  2.380e-07  5.000e-05  5.000e-05
2 0 1 0 7 e   3779.744965979  3779.744966031  2.401e-07  5.000e-05  5.000e-05
2 0 1 0 8 e   3782.975297687  3782.975529087  3.413e-03  1.000e-01  1.000e-01
2 0 1 0 9 e   3786.600087769  3786.599840074  1.665e-03  1.000e-01  1.000e-01
2 0 1 0 10 e   3790.591704572  3790.591704620  2.422e-07  5.000e-05  5.000e-05
3 0 0 0 78 e   3792.831009470  3792.831047746  3.521e-04  4.301e-03  4.582e-03
2 4 0 0 12 e   3794.427442970  3794.427443003  2.352e-07  5.000e-05  5.000e-05
2 0 1 0 11 e   3795.040155243  3795.040450136  7.435e-03  1.000e-01  1.000e-01
2 0 1 0 12 e   3799.869910774  3799.869927986  1.270e-02  1.000e-01  1.000e-01
2 0 1 0 13 e   3805.055134740  3805.055134802  2.603e-07  5.000e-05  5.000e-05
2 0 1 0 14 e   3810.712302829  3810.712069459  1.725e-03  1.000e-01  1.000e-01
2 0 1 0 15 e   3816.738411214  3816.738834078  4.192e-03  1.000e-01  1.000e-01
2 4 0 0 16 e   3817.920747081  3817.920747122  2.354e-07  5.000e-05  5.001e-05
2 0 1 0 16 e   3823.136427096  3823.136427176  2.403e-07  5.000e-05  5.001e-05
3 0 0 0 79 e   3824.498657293  3824.498692081  3.499e-04  4.401e-03  4.688e-03
2 0 1 0 17 e   3829.985874595  3829.987078530  7.407e-03  1.000e-01  1.000e-01
0 2 1 0 60 e   3835.638130902  3835.638169090  3.489e-04  1.121e-04  6.467e-04
2 0 1 0 18 e   3837.221695210  3837.221721250  2.965e-04  1.000e-01  1.000e-01
2 4 0 0 19 e   3839.789117630  3839.789117679  2.369e-07  5.000e-05  5.001e-05
2 0 1 0 19 e   3844.837107638  3844.837107699  2.319e-07  5.000e-05  5.001e-05
2 0 1 0 20 e   3852.893420484  3852.893674675  2.175e-03  1.000e-01  1.000e-01
2 4 0 0 21 e   3856.389563234  3856.389563281  2.366e-07  5.000e-05  5.001e-05
3 0 0 0 80 e   3856.564705458  3856.564743056  3.499e-04  4.401e-03  4.702e-03
2 0 1 0 21 e   3861.347284515  3861.347195009  6.285e-03  1.000e-01  1.000e-01
2 0 1 0 22 e   3870.159643104  3870.159643167  2.407e-07  5.000e-05  5.001e-05
2 0 1 0 23 e   3879.427405942  3879.427387433  1.504e-03  1.000e-01  1.000e-01
2 4 0 0 24 e   3884.319819838  3884.319819883  2.371e-07  5.000e-05  5.001e-05
2 0 1 0 24 e   3889.055079851  3889.055079919  2.524e-07  5.000e-05  5.001e-05
2 0 1 0 25 e   3899.134416087  3899.134416133  2.373e-07  1.000e-01  1.000e-01
2 0 1 0 26 e   3909.604212017  3909.604458600  3.683e-03  1.000e-01  1.000e-01
2 4 0 0 27 e   3915.881158240  3915.881158286  2.372e-07  5.000e-05  5.001e-05
2 0 1 0 27 e   3920.422048261  3920.422048346  2.456e-07  5.000e-05  5.001e-05
2 0 1 0 28 e   3931.725694724  3931.725720699  1.509e-03  1.000e-01  1.000e-01
1 2 1 2 2 e   3932.509129501  3932.509156689  9.589e-04  5.131e-03  1.444e-02
1 2 1 2 3 f   3933.720586420  3933.720613607  9.589e-04  5.130e-03  1.350e-02
1 2 1 0 0 e   3937.427412771  3937.427412167  2.703e-06  3.000e-04  3.000e-04
1 2 1 0 1 e   3937.831038642  3937.831038412  1.193e-06  3.000e-04  3.000e-04
1 2 1 0 2 e   3938.638413415  3938.638413565  5.642e-07  3.000e-04  3.000e-04
1 2 1 0 3 e   3939.849439536  3939.849440261  2.238e-06  3.000e-04  3.000e-04
1 2 1 0 4 e   3941.464063263  3941.464064035  2.675e-06  3.000e-04  3.000e-04
2 0 1 0 29 e   3943.351780952  3943.351781013  2.526e-07  5.000e-05  5.001e-05
1 2 1 0 5 e   3943.482406726  3943.482408281  4.146e-06  3.000e-04  3.000e-04
1 2 1 0 6 e   3945.904402029  3945.904403956  2.947e-05  3.000e-04  3.000e-04
2 4 0 2 30 e   3948.439145386  3948.439145431  2.374e-07  1.000e-04  1.000e-04
1 2 1 0 7 e   3948.730060415  3948.730061788  3.197e-06  3.000e-04  3.000e-04
2 4 0 0 30 e   3951.067355251  3951.067355298  2.376e-07  5.000e-05  5.001e-05
1 2 1 0 8 e   3951.959355126  3951.959356250  3.057e-06  3.000e-04  3.000e-04
3 0 0 0 83 e   3955.154005557  3955.154041022  3.514e-04  4.601e-03  4.928e-03
2 0 1 0 30 e   3955.438335319  3955.438252516  9.206e-03  1.000e-01  1.000e-01
1 2 1 0 9 e   3955.592287996  3955.592288211  2.390e-05  3.000e-04  3.000e-04
1 2 1 0 10 e   3959.641043765  3959.640957844  8.071e-03  1.000e-01  1.000e-01
1 2 1 0 11 e   3964.069094723  3964.069094757  2.353e-07  3.000e-04  3.000e-04
2 0 1 0 31 e   3967.933763626  3967.932861099  7.704e-03  1.000e-01  1.000e-01
1 2 1 0 12 e   3968.912710817  3968.912709465  1.562e-05  3.000e-04  3.000e-04
2 4 0 2 32 e   3974.003325386  3974.003325431  2.374e-07  1.000e-04  1.000e-04
1 2 1 0 13 e   3974.160097840  3974.160097881  2.204e-06  3.000e-04  3.000e-04
2 4 0 0 32 e   3976.534655386  3976.534655431  2.374e-07  5.000e-05  5.002e-05
1 2 1 0 14 e   3979.811117129  3979.811117206  8.944e-07  3.000e-04  3.000e-04
2 0 1 0 32 e   3980.779385392  3980.779385443  2.403e-07  5.000e-05  5.002e-05
1 2 1 0 15 e   3985.865561366  3985.865560927  3.025e-05  3.000e-04  3.000e-04
2 4 0 2 33 e   3987.392806312  3987.392806357  2.374e-07  1.000e-04  1.000e-04
1 6 0 0 1 e   3990.514638857  3990.514638855  4.193e-08  3.000e-04  3.000e-04
1 2 1 0 16 e   3992.323617818  3992.323618811  3.090e-06  3.000e-04  3.000e-04
2 0 1 0 33 e   3994.092674671  3994.092516806  1.483e-02  1.000e-01  1.000e-01
1 6 0 0 4 e   3994.184374617  3994.184374616  4.198e-08  3.000e-04  3.000e-04
1 6 0 0 5 e   3996.223117431  3996.223117429  4.496e-08  3.000e-04  3.000e-04
1 2 1 0 17 e   3999.185324910  3999.185325209  2.621e-06  3.000e-04  3.000e-04
1 6 0 0 7 e   4001.523732871  4001.523727998  5.584e-05  3.000e-04  3.000e-04
2 4 0 0 34 e   4003.606550313  4003.606550358  2.374e-07  5.000e-05  5.002e-05
1 2 1 0 18 e   4006.468695210  4006.468865269  6.824e-03  1.000e-01  1.000e-01
2 0 1 0 34 e   4007.757090312  4007.757090356  2.376e-07  5.000e-05  5.002e-05
1 6 0 0 9 e   4008.455615764  4008.455615796  2.352e-07  3.000e-04  3.000e-04
1 6 0 0 10 e   4012.532854560  4012.532854591  2.349e-07  3.000e-04  3.000e-04
1 2 1 0 19 e   4014.119100531  4014.119100958  2.136e-05  3.000e-04  3.000e-04
2 4 0 0 35 e   4017.743253031  4017.743253076  2.374e-07  5.000e-05  5.002e-05
2 0 1 0 35 e   4021.872043031  4021.872043076  2.374e-07  1.000e-01  1.000e-01
1 2 1 0 20 e   4022.191270603  4022.191271135  1.628e-05  3.000e-04  3.000e-04
3 0 0 0 85 e   4022.869645373  4022.869683810  3.537e-04  4.802e-03  5.139e-03
1 6 0 0 13 e   4027.212200869  4027.212200911  2.350e-07  3.000e-04  3.000e-04
2 4 0 2 36 e   4029.989033808  4029.989033854  2.374e-07  1.000e-04  1.000e-04
1 2 1 0 21 e   4030.666884623  4030.666885382  8.968e-06  3.000e-04  3.000e-04
1 6 0 0 14 e   4032.920788578  4032.920788621  2.354e-07  3.000e-04  3.000e-04
2 0 1 0 36 e   4036.370661410  4036.372164516  1.182e-02  1.000e-01  1.000e-01
1 6 0 0 15 e   4039.036721559  4039.036721605  2.376e-07  3.000e-04  3.000e-04
1 2 1 0 22 e   4039.545970770  4039.545970866  1.621e-05  3.000e-04  3.000e-04
1 6 0 0 16 e   4045.560757369  4045.560759884  9.869e-05  3.000e-04  3.000e-04
2 4 0 0 37 e   4047.216146557  4047.216146603  2.379e-07  5.000e-05  5.002e-05
1 2 1 0 23 e   4048.828516346  4048.828516823  1.618e-06  3.000e-04  3.000e-04
2 0 1 0 37 e   4051.270361807  4051.270361884  2.376e-07  5.000e-05  5.002e-05
3 0 0 0 86 e   4057.320768025  4057.320809537  3.473e-04  4.902e-03  5.245e-03
1 2 1 0 24 e   4058.514393436  4058.514394019  1.954e-06  3.000e-04  3.000e-04
1 6 0 0 18 e   4059.832697656  4059.832697703  2.375e-07  3.000e-04  3.000e-04
2 4 0 2 38 e   4060.408640350  4060.408640396  2.379e-07  1.000e-04  1.000e-04
2 0 1 0 38 e   4066.648307079  4066.645558169  2.088e-02  1.000e-01  1.000e-01
1 6 0 0 19 e   4067.580400432  4067.580403130  1.152e-04  3.000e-04  3.000e-04
1 2 1 0 25 e   4068.603727370  4068.603728214  8.015e-06  3.000e-04  3.000e-04
1 6 0 0 20 e   4075.735570484  4075.735571558  5.565e-05  3.000e-04  3.000e-04
1 2 1 0 26 e   4079.096440221  4079.096440729  1.659e-06  3.000e-04  3.000e-04
2 0 1 0 39 e   4082.354336557  4082.354336603  2.379e-07  1.000e-01  1.000e-01
1 2 1 0 27 e   4089.992538415  4089.992538784  1.134e-06  3.000e-04  3.000e-04
2 4 0 2 40 e   4092.444217608  4092.444217654  2.379e-07  1.000e-04  1.000e-04
1 6 0 0 22 e   4093.269993090  4093.269993136  2.371e-07  3.000e-04  3.000e-04
2 4 0 0 40 e   4094.418500350  4094.418500396  2.379e-07  5.000e-05  5.002e-05
2 0 1 0 40 e   4098.449920350  4098.449920396  2.379e-07  5.000e-05  5.002e-05
1 2 1 0 28 e   4101.291905598  4101.291906182  1.588e-06  3.000e-04  3.000e-04
0 0 2 0 0 e   4101.410489662  4101.410613274  5.240e-03  1.000e-01  1.000e-01
0 0 2 0 1 e   4101.811358206  4101.811481817  5.240e-03  1.000e-01  1.000e-01
0 0 2 0 2 e   4102.613094152  4102.613217764  5.240e-03  1.000e-01  1.000e-01
1 6 0 0 23 e   4102.648555942  4102.648554317  4.328e-05  3.000e-04  3.000e-04
0 0 2 0 3 e   4103.761121716  4103.765983122  2.326e-02  1.000e-01  1.000e-01
0 0 2 0 4 e   4105.395170888  4105.395169204  1.395e-05  3.000e-04  3.000e-04
0 0 2 0 5 e   4107.399491690  4107.399490007  1.395e-05  3.000e-04  3.000e-04
0 0 2 0 6 e   4109.804664638  4109.804662954  1.395e-05  3.000e-04  3.000e-04
1 6 0 0 24 e   4112.435466464  4112.435463034  1.770e-05  3.000e-04  3.000e-04
0 0 2 0 7 e   4112.610637278  4112.610638179  2.553e-05  3.000e-04  3.000e-04
1 2 1 0 29 e   4112.994449990  4112.994450664  2.066e-06  3.000e-04  3.000e-04
2 0 1 0 41 e   4115.026284602  4115.026284648  2.379e-07  1.000e-01  1.000e-01
0 0 2 0 8 e   4115.817493603  4115.817494504  2.553e-05  3.000e-04  3.000e-04
0 0 2 0 9 e   4119.425188078  4119.425190455  1.950e-05  3.000e-04  3.000e-04
1 6 0 0 25 e   4122.629877163  4122.629874766  2.726e-05  3.000e-04  3.000e-04
0 0 2 0 10 e   4123.433655062  4123.433655881  2.307e-06  3.000e-04  3.000e-04
1 2 1 0 30 e   4125.100335638  4125.100334139  2.379e-05  3.000e-04  3.000e-04
0 0 2 0 11 e   4127.842905479  4127.842900765  6.695e-05  3.000e-04  3.000e-04
2 4 0 0 42 e   4127.878677608  4127.878677654  2.379e-07  5.000e-05  5.002e-05
2 0 1 0 42 e   4131.945177831  4131.945177887  2.405e-07  5.000e-05  5.002e-05
0 0 2 0 12 e   4132.653110769  4132.653112364  1.748e-05  3.000e-04  3.000e-04
1 6 0 0 26 e   4133.232339838  4133.232339883  2.371e-07  3.000e-04  3.000e-04
1 2 1 0 31 e   4137.609521691  4137.609522709  2.700e-06  3.000e-04  3.000e-04
0 0 2 0 13 e   4137.863997949  4137.863998225  2.300e-06  3.000e-04  3.000e-04
0 4 1 0 0 e   4141.222713308  4141.222713308  1.433e-09  1.000e-01  1.000e-01
0 4 1 0 1 e   4141.658111086  4141.657435093  3.230e-03  1.000e-01  1.000e-01
0 4 1 0 2 e   4142.400962356  4142.405344470  1.713e-02  1.000e-01  1.000e-01
0 0 2 0 14 e   4143.475652966  4143.475655911  2.495e-05  3.000e-04  3.000e-04
2 4 0 2 43 e   4143.522736626  4143.522736672  2.381e-07  1.000e-04  1.000e-04
0 4 1 0 3 e   4143.667721716  4143.668929912  5.339e-03  1.000e-01  1.000e-01
1 6 0 0 27 e   4144.242638240  4144.242638286  2.372e-07  3.000e-04  3.000e-04
1 2 1 2 32 e   4144.469810313  4144.469810358  2.374e-07  3.000e-04  3.000e-04
0 4 1 0 4 e   4145.317952219  4145.318505503  2.537e-03  1.000e-01  1.000e-01
0 4 1 0 5 e   4147.360511700  4147.361612134  2.561e-02  1.000e-01  1.000e-01
2 0 1 0 43 e   4149.326666626  4149.326666672  2.381e-07  1.000e-01  1.000e-01
0 0 2 0 15 e   4149.488101640  4149.488103112  4.172e-06  3.000e-04  3.000e-04
0 4 1 0 6 e   4149.730862698  4149.730862915  7.144e-07  3.000e-04  3.000e-04
1 2 1 0 32 e   4150.521965826  4150.521966305  2.005e-06  3.000e-04  3.000e-04
0 4 1 0 7 e   4152.570306061  4152.570306204  4.828e-07  3.000e-04  3.000e-04
0 4 1 0 8 e   4155.815554637  4155.815554782  7.352e-07  3.000e-04  3.000e-04
0 0 2 0 16 e   4155.901217808  4155.901218960  3.830e-06  3.000e-04  3.000e-04
0 4 1 0 9 e   4159.466316902  4159.466317908  4.206e-06  3.000e-04  3.000e-04
0 0 2 0 17 e   4162.715124770  4162.715124824  2.379e-06  3.000e-04  3.000e-04
0 4 1 0 10 e   4163.522694348  4163.522693548  2.959e-05  3.000e-04  3.000e-04
1 2 1 0 33 e   4163.837424786  4163.837424784  5.629e-05  3.000e-04  3.000e-04
2 0 1 0 44 e   4167.095537823  4167.095537869  2.381e-07  1.000e-01  1.000e-01
1 6 0 0 29 e   4167.486949591  4167.486949637  2.377e-07  3.000e-04  3.000e-04
0 4 1 0 11 e   4167.984795420  4167.984796478  3.540e-06  3.000e-04  3.000e-04
0 0 2 0 18 e   4169.929695705  4169.929696124  2.814e-06  3.000e-04  3.000e-04
1 2 1 2 34 e   4171.510769012  4171.510769057  2.374e-07  3.000e-04  3.000e-04
0 4 1 0 12 e   4172.852411399  4172.852413579  5.672e-05  3.000e-04  3.000e-04
0 0 2 0 19 e   4177.544950946  4177.544951969  1.861e-05  3.000e-04  3.000e-04
1 2 1 0 34 e   4177.556139581  4177.556137505  2.113e-05  3.000e-04  3.000e-04
0 4 1 0 13 e   4178.125601656  4178.125602921  4.492e-06  3.000e-04  3.000e-04
2 4 0 2 45 e   4179.586490708  4179.586488315  1.379e-05  5.478e-05  6.004e-05
1 6 0 0 30 e   4179.720965386  4179.720965431  2.374e-07  3.000e-04  3.000e-04
2 4 0 0 45 e   4181.056180708  4181.056178315  1.379e-05  5.478e-05  6.004e-05
0 4 1 0 14 e   4183.804518517  4183.804520412  6.528e-06  3.000e-04  3.000e-04
2 0 1 0 45 e   4185.257695296  4185.257689567  1.940e-05  5.590e-05  6.106e-05
0 0 2 0 20 e   4185.560820746  4185.560822688  2.158e-05  3.000e-04  3.000e-04
1 2 1 2 35 e   4185.636451788  4185.636451834  2.374e-07  3.000e-04  3.000e-04
0 4 1 0 15 e   4189.888922990  4189.888925106  6.534e-06  3.000e-04  3.000e-04
1 2 1 0 35 e   4191.677943231  4191.677943532  8.516e-07  3.000e-04  3.000e-04
1 6 0 0 31 e   4192.363006312  4192.363006357  2.374e-07  3.000e-04  3.000e-04
0 0 2 0 21 e   4193.977384614  4193.977383802  8.015e-06  3.000e-04  3.000e-04
0 4 1 0 16 e   4196.378999233  4196.379002356  8.102e-06  3.000e-04  3.000e-04
0 0 2 0 22 e   4202.794548392  4202.794548709  9.843e-07  3.000e-04  3.000e-04
0 4 1 0 17 e   4203.274629039  4203.274631456  6.870e-06  3.000e-04  3.000e-04
2 0 1 0 46 e   4203.879420470  4203.879418084  1.377e-05  1.000e-01  1.000e-01
1 6 0 0 32 e   4205.413110313  4205.413110358  2.374e-07  3.000e-04  3.000e-04
1 2 1 0 36 e   4206.202811607  4206.202810646  3.101e-05  3.000e-04  3.000e-04
0 4 1 0 18 e   4210.575894262  4210.575897167  8.935e-06  3.000e-04  3.000e-04
0 0 2 0 23 e   4212.012306384  4212.012307232  7.496e-06  3.000e-04  3.000e-04
1 2 1 2 37 e   4215.095236557  4215.095236603  2.379e-07  3.000e-04  3.000e-04
0 4 1 0 19 e   4218.282651133  4218.282651301  1.634e-05  3.000e-04  3.000e-04
1 6 0 0 33 e   4218.870724671  4218.870724307  1.450e-05  3.000e-04  3.000e-04
1 2 1 0 37 e   4221.130794195  4221.130793557  3.079e-05  3.000e-04  3.000e-04
0 0 2 0 24 e   4221.630616828  4221.630618594  1.796e-05  3.000e-04  3.000e-04
0 4 1 0 20 e   4226.394871092  4226.394871340  1.692e-05  3.000e-04  3.000e-04
0 0 2 0 25 e   4231.649527539  4231.649528324  8.625e-06  3.000e-04  3.000e-04
0 4 1 0 21 e   4234.912685142  4234.912685398  9.097e-06  3.000e-04  3.000e-04
1 2 1 0 38 e   4236.461753925  4236.461754157  7.511e-07  3.000e-04  3.000e-04
2 4 0 0 48 e   4237.832967036  4237.832961318  1.937e-05  5.591e-05  6.703e-05
0 0 2 0 26 e   4242.068862133  4242.068862386  1.670e-05  3.000e-04  3.000e-04
2 0 1 0 48 e   4242.257637046  4242.257631350  1.936e-05  5.591e-05  6.703e-05
0 4 1 0 22 e   4243.836071251  4243.836071321  1.744e-05  3.000e-04  3.000e-04
1 2 1 2 39 e   4246.165836557  4246.165836603  2.379e-07  3.000e-04  3.000e-04
0 4 1 2 23 e   4246.900595797  4246.900595844  2.369e-07  3.000e-04  3.000e-04
1 6 0 0 35 e   4247.010147409  4247.010147479  3.239e-06  3.000e-04  3.000e-04
1 2 1 0 39 e   4252.195737108  4252.195738206  3.160e-06  3.000e-04  3.000e-04
0 0 2 0 27 e   4252.888743984  4252.888744365  4.481e-06  3.000e-04  3.000e-04
0 4 1 0 23 e   4253.164956531  4253.164956506  2.853e-05  3.000e-04  3.000e-04
2 4 0 2 49 e   4256.501786923  4256.501781220  1.934e-05  5.592e-05  6.959e-05
1 6 0 0 36 e   4261.692453808  4261.692453854  2.374e-07  3.000e-04  3.000e-04
1 2 1 2 40 e   4262.305160350  4262.305160396  2.379e-07  3.000e-04  3.000e-04
0 4 1 0 24 e   4262.899417221  4262.899418057  1.811e-05  3.000e-04  3.000e-04
0 0 2 0 28 e   4264.108994991  4264.108995064  8.140e-06  3.000e-04  3.000e-04
1 2 1 0 40 e   4268.332564129  4268.332564362  2.910e-06  3.000e-04  3.000e-04
0 4 1 0 25 e   4273.039217464  4273.039220160  6.771e-06  3.000e-04  3.000e-04
0 0 2 0 29 e   4275.729785448  4275.729786370  2.591e-05  3.000e-04  3.000e-04
1 6 0 0 37 e   4276.802436557  4276.802436603  2.379e-07  3.000e-04  3.000e-04
2 4 0 0 50 e   4277.709093966  4277.709088287  1.936e-05  5.593e-05  7.267e-05
2 0 1 0 50 e   4282.306363974  4282.306358303  1.937e-05  5.593e-05  7.267e-05
0 4 1 0 26 e   4283.584562752  4283.584563997  1.739e-05  3.000e-04  3.000e-04
1 2 1 0 41 e   4284.872384676  4284.872384856  6.815e-07  3.000e-04  3.000e-04
0 0 2 0 30 e   4287.750935732  4287.750936862  2.480e-05  3.000e-04  3.000e-04
0 4 1 2 27 e   4288.282049591  4288.282049637  2.377e-07  3.000e-04  3.000e-04
1 6 0 0 38 e   4292.278857079  4292.278840736  1.516e-04  3.000e-04  3.000e-04
0 4 1 0 27 e   4294.535444596  4294.535445903  4.871e-06  3.000e-04  3.000e-04
0 4 1 2 28 e   4299.640594724  4299.640549106  5.216e-04  3.000e-04  5.216e-04
0 0 2 0 31 e   4300.172413728  4300.172412996  5.269e-06  3.000e-04  3.000e-04
1 2 1 0 42 e   4301.815102864  4301.815102780  2.793e-05  3.000e-04  3.000e-04
2 0 1 0 51 e   4302.974377035  4302.974371385  1.936e-05  1.000e-01  1.000e-01
0 4 1 0 28 e   4305.891795394  4305.891796023  8.231e-06  3.000e-04  3.000e-04
0 4 1 2 29 e   4311.403485265  4311.403474961  2.472e-04  3.000e-04  3.000e-04
0 0 2 0 32 e   4312.994288044  4312.994288175  1.634e-05  3.000e-04  3.000e-04
0 4 1 0 29 e   4317.653485973  4317.653485065  4.962e-05  3.000e-04  3.000e-04
1 2 1 0 43 e   4319.160603800  4319.160604704  5.109e-05  3.000e-04  3.000e-04
2 4 0 2 52 e   4319.240596864  4319.240593651  3.140e-05  5.882e-05  8.461e-05
0 4 1 2 30 e   4323.572805251  4323.572805298  2.376e-07  3.000e-04  3.000e-04
2 0 1 0 52 e   4323.993046864  4323.993043651  3.140e-05  5.882e-05  8.461e-05
0 0 2 0 33 e   4326.216374868  4326.216373648  2.353e-05  3.000e-04  3.000e-04
0 4 1 0 30 e   4329.820536131  4329.820540064  5.358e-05  3.000e-04  3.000e-04
0 4 1 2 31 e   4336.146720940  4336.146720985  2.374e-07  3.000e-04  3.000e-04
1 2 1 0 44 e   4336.908929307  4336.908928772  9.899e-06  3.000e-04  3.000e-04
2 4 0 0 53 e   4339.648604286  4339.648599423  3.320e-05  5.945e-05  8.894e-05
0 0 2 0 34 e   4339.838789859  4339.838794056  5.632e-05  3.000e-04  3.000e-04
1 6 0 0 41 e   4341.220066626  4341.220066672  2.381e-07  3.000e-04  3.000e-04
0 4 1 0 31 e   4342.393114343  4342.393114680  6.130e-06  3.000e-04  3.000e-04
1 2 1 2 45 e   4349.043442999  4349.043439186  1.538e-05  3.008e-04  3.018e-04
0 4 1 2 32 e   4349.125787850  4349.125792049  5.848e-05  3.000e-04  3.000e-04
0 0 2 0 35 e   4353.861343782  4353.861344346  2.131e-06  3.000e-04  3.000e-04
1 2 1 0 45 e   4355.059941190  4355.059939537  1.468e-05  3.008e-04  3.018e-04
0 4 1 0 32 e   4355.370988573  4355.370989020  1.694e-05  3.000e-04  3.000e-04
1 6 0 0 42 e   4358.349337823  4358.349337869  2.381e-07  3.000e-04  3.000e-04
2 4 0 2 54 e   4362.452760649  4362.452761016  3.508e-05  6.527e-05  1.053e-04
0 4 1 2 33 e   4362.509906312  4362.509906357  2.374e-07  3.000e-04  3.000e-04
2 0 1 0 54 e   4367.316061224  4367.316061623  3.509e-05  6.528e-05  1.183e-04
1 2 1 2 46 e   4367.597847036  4367.597841318  1.937e-05  3.010e-04  3.033e-04
0 0 2 0 36 e   4368.284211738  4368.284211000  4.338e-05  3.000e-04  3.000e-04
0 4 1 0 33 e   4368.754225036  4368.754226493  1.441e-05  3.000e-04  3.000e-04
1 2 1 0 46 e   4373.613820791  4373.613818670  1.383e-05  3.008e-04  3.019e-04
0 4 1 2 34 e   4376.299310313  4376.299310358  2.374e-07  3.000e-04  3.000e-04
0 4 1 0 34 e   4382.542990352  4382.542989896  1.545e-05  3.000e-04  3.000e-04
0 0 2 0 37 e   4383.107044318  4383.107045129  5.770e-06  3.000e-04  3.000e-04
0 4 1 2 35 e   4390.493243031  4390.493243076  2.374e-07  3.000e-04  3.000e-04
1 2 1 0 47 e   4392.570245900  4392.570241604  2.019e-05  3.010e-04  3.028e-04
1 6 0 0 44 e   4393.832329147  4393.832344540  1.519e-04  3.000e-04  3.000e-04
0 4 1 0 35 e   4396.736898136  4396.736899149  3.353e-05  3.000e-04  3.000e-04
0 0 2 0 38 e   4398.330057401  4398.330057828  2.594e-06  3.000e-04  3.000e-04
2 4 0 0 56 e   4406.003731224  4406.003731623  3.509e-05  6.528e-05  1.183e-04
2 4 0 2 56 e   4407.338211224  4407.338211623  3.509e-05  6.528e-05  1.183e-04
0 4 1 0 36 e   4411.336262197  4411.336262458  6.141e-06  3.000e-04  3.000e-04
1 2 1 0 48 e   4411.929330783  4411.929325220  2.319e-05  3.010e-04  3.033e-04
1 6 0 0 45 e   4412.185045291  4412.185039553  1.939e-05  3.010e-04  3.028e-04
2 0 1 0 56 e   4412.273761224  4412.273761623  3.509e-05  6.528e-05  1.183e-04
0 0 2 0 39 e   4413.953161031  4413.953159544  1.819e-05  3.000e-04  3.000e-04
0 4 1 2 37 e   4420.096551788  4420.096551834  2.374e-07  3.000e-04  3.000e-04
1 2 1 2 49 e   4425.677486923  4425.677481220  1.934e-05  3.010e-04  3.039e-04
0 4 1 0 37 e   4426.340794915  4426.340794471  3.244e-05  3.000e-04  3.000e-04
0 0 2 0 40 e   4429.976314154  4429.976312654  4.103e-05  3.000e-04  3.000e-04
1 6 0 0 46 e   4430.946933753  4430.946904012  4.466e-04  3.008e-04  4.474e-04
1 2 1 0 49 e   4431.690982228  4431.690977090  1.994e-05  3.010e-04  3.039e-04
0 4 1 2 38 e   4435.504953808  4435.504953854  2.374e-07  3.000e-04  3.000e-04
0 4 1 0 38 e   4441.750757759  4441.750758516  3.508e-06  3.000e-04  3.000e-04
0 0 2 0 41 e   4446.399375916  4446.399375969  7.105e-06  3.000e-04  3.000e-04
0 4 1 2 39 e   4451.318436557  4451.318436603  2.379e-07  3.000e-04  3.000e-04
1 2 1 0 50 e   4451.855230711  4451.855225672  2.653e-05  3.010e-04  3.046e-04
1 3 1 1 2 e   4451.971255391  4451.971255534  1.203e-06  3.000e-04  3.000e-04
1 3 1 1 3 e   4453.183374589  4453.183374575  1.362e-06  3.000e-04  3.000e-04
2 4 0 2 58 e   4453.873906006  4453.873944211  3.489e-04  7.115e-05  5.056e-04
1 3 1 1 4 e   4454.798673365  4454.798681700  2.407e-04  3.000e-04  3.000e-04
1 3 1 1 5 e   4456.817686871  4456.817685159  6.517e-05  3.000e-04  3.000e-04
0 4 1 0 39 e   4457.565811005  4457.565810970  2.110e-05  3.000e-04  3.000e-04
2 0 1 0 58 e   4458.864436006  4458.864474211  3.489e-04  7.115e-05  5.056e-04
1 3 1 1 6 e   4459.240891339  4459.240891467  1.048e-06  3.000e-04  3.000e-04
1 3 1 1 7 e   4462.067963458  4462.067963619  9.230e-07  3.000e-04  3.000e-04
1 3 1 1 7 f   4462.093011047  4462.093011176  1.047e-06  3.000e-04  3.000e-04
0 0 2 0 42 e   4463.222453054  4463.222454197  6.292e-05  3.000e-04  3.000e-04
1 3 1 1 8 f   4465.331074857  4465.331075014  9.233e-07  3.000e-04  3.000e-04
0 4 1 2 40 e   4467.535760350  4467.535760396  2.379e-07  3.000e-04  3.000e-04
1 3 1 1 9 e   4468.933563458  4468.933563619  9.230e-07  3.000e-04  3.000e-04
1 3 1 1 9 f   4468.973840680  4468.973840841  9.230e-07  3.000e-04  3.000e-04
1 6 0 0 48 e   4469.693013966  4469.693008287  1.936e-05  3.010e-04  3.046e-04
1 2 1 0 51 e   4472.421955912  4472.421948563  3.225e-05  3.010e-04  3.054e-04
1 3 1 1 10 e   4472.971903727  4472.971903840  8.128e-07  3.000e-04  3.000e-04
1 3 1 1 10 f   4473.021500020  4473.021500133  8.128e-07  3.000e-04  3.000e-04
0 4 1 0 40 e   4473.786214695  4473.786213531  3.409e-05  3.000e-04  3.000e-04
1 3 1 1 11 e   4477.414304268  4477.414304400  8.280e-07  3.000e-04  3.000e-04
1 3 1 1 11 f   4477.473692072  4477.473691430  3.849e-05  3.000e-04  3.000e-04
2 4 0 2 59 e   4477.754564413  4477.754602556  3.494e-04  7.656e-05  7.351e-04
0 0 2 0 43 e   4480.445354131  4480.445353326  1.288e-05  3.000e-04  3.000e-04
1 3 1 1 12 e   4482.260453898  4482.260454110  9.087e-07  3.000e-04  3.000e-04
1 3 1 1 12 f   4482.330564810  4482.330564785  2.462e-06  3.000e-04  3.000e-04
2 0 1 0 59 e   4482.771286462  4482.771324489  3.485e-04  7.115e-05  5.443e-04
0 4 1 2 41 e   4484.158584602  4484.158584648  2.379e-07  3.000e-04  3.000e-04
1 2 1 2 52 e   4487.376658757  4487.376656494  7.232e-05  3.016e-04  3.077e-04
1 3 1 1 13 e   4487.510459507  4487.510459879  1.305e-05  3.000e-04  3.000e-04
1 3 1 1 13 f   4487.592386047  4487.592382124  1.158e-04  3.000e-04  3.000e-04
1 6 0 0 49 e   4489.678486923  4489.678481220  1.934e-05  3.010e-04  3.039e-04
0 4 1 0 41 e   4490.411776300  4490.411776740  6.992e-06  3.000e-04  3.000e-04
1 3 1 1 14 e   4493.164225601  4493.164226053  2.246e-05  3.000e-04  3.000e-04
1 3 1 1 14 f   4493.258592417  4493.258592271  1.658e-05  3.000e-04  3.000e-04
1 2 1 0 52 e   4493.391208917  4493.391207813  4.256e-05  3.016e-04  3.077e-04
0 0 2 0 44 e   4498.068129510  4498.068128393  1.163e-05  3.000e-04  3.000e-04
1 3 1 1 15 e   4499.221687954  4499.221687369  7.943e-06  3.000e-04  3.000e-04
1 3 1 1 15 f   4499.329504707  4499.329504820  4.836e-07  3.000e-04  3.000e-04
2 4 0 0 60 e   4499.905426860  4499.905464838  3.485e-04  7.116e-05  6.463e-04
0 4 1 2 42 e   4501.185667608  4501.185667654  2.379e-07  3.000e-04  3.000e-04
1 3 1 1 16 e   4505.682980284  4505.682980130  1.217e-05  3.000e-04  3.000e-04
1 3 1 1 16 f   4505.805148842  4505.805147204  2.434e-05  3.000e-04  3.000e-04
2 0 1 0 60 e   4507.085656860  4507.085694838  3.485e-04  7.116e-05  6.463e-04
0 4 1 0 42 e   4507.442569264  4507.442571077  6.325e-06  3.000e-04  3.000e-04
1 2 1 2 53 e   4508.747048767  4508.747049118  3.509e-05  3.029e-04  3.158e-04
1 6 0 0 50 e   4510.070830415  4510.070820612  9.386e-05  3.010e-04  3.046e-04
1 3 1 1 17 e   4512.547773325  4512.547773486  1.526e-06  3.000e-04  3.000e-04
1 3 1 1 17 f   4512.685365738  4512.685368591  2.768e-05  3.000e-04  3.000e-04
1 2 1 0 53 e   4514.762691750  4514.762692329  4.807e-05  3.017e-04  3.089e-04
0 0 2 0 45 e   4516.090643101  4516.090639668  1.594e-05  3.008e-04  3.018e-04
0 4 1 2 43 e   4518.617566626  4518.617566672  2.381e-07  3.000e-04  3.000e-04
1 3 1 1 18 e   4519.816537090  4519.816534945  2.197e-05  3.000e-04  3.000e-04
1 3 1 1 18 f   4519.970251832  4519.970251710  2.283e-05  3.000e-04  3.000e-04
0 4 1 0 43 e   4524.878454088  4524.878453809  1.303e-05  3.000e-04  3.000e-04
2 4 0 2 61 e   4526.735204413  4526.735242556  3.494e-04  7.656e-05  7.351e-04
1 3 1 1 19 e   4527.488962030  4527.488962116  8.277e-06  3.000e-04  3.000e-04
1 3 1 1 19 f   4527.659738306  4527.659737995  8.998e-06  3.000e-04  3.000e-04
1 2 1 2 54 e   4530.519570649  4530.519571016  3.508e-05  3.029e-04  3.140e-04
0 0 2 0 46 e   4534.553847036  4534.553841318  1.937e-05  1.000e-01  1.000e-01
1 3 1 1 20 e   4535.564946800  4535.564949017  2.485e-05  3.000e-04  3.000e-04
1 3 1 1 20 f   4535.753684992  4535.753685226  8.179e-07  3.000e-04  3.000e-04
0 4 1 2 44 e   4536.453437823  4536.453437869  2.381e-07  3.000e-04  3.000e-04
1 2 1 0 54 e   4536.536571298  4536.536572948  3.527e-05  3.029e-04  3.140e-04
0 4 1 0 44 e   4542.719529426  4542.719527971  1.035e-05  3.000e-04  3.000e-04
1 3 1 1 21 e   4544.044650736  4544.044650511  3.603e-06  3.000e-04  3.000e-04
2 4 0 0 62 e   4549.215404370  4549.215443250  3.490e-04  7.656e-05  8.130e-04
2 4 0 2 62 e   4551.833476026  4551.833512297  3.487e-04  1.156e-04  9.502e-04
1 6 0 0 52 e   4552.079970649  4552.079971016  3.508e-05  3.029e-04  3.140e-04
1 3 1 1 22 e   4552.927943958  4552.927944956  2.916e-05  3.000e-04  3.000e-04
0 0 2 0 47 e   4553.335066169  4553.335060558  2.606e-05  3.010e-04  3.028e-04
0 4 1 2 45 e   4554.693640708  4554.693638315  1.379e-05  3.008e-04  3.018e-04
2 0 1 0 62 e   4556.935824370  4556.935863250  3.490e-04  1.156e-04  8.130e-04
1 2 1 0 55 e   4558.712845617  4558.712846687  3.555e-05  3.029e-04  3.158e-04
0 4 1 0 45 e   4560.965746578  4560.965742425  2.016e-05  3.010e-04  3.020e-04
1 3 1 1 23 e   4562.214852986  4562.214852960  2.227e-06  3.000e-04  3.000e-04
1 3 1 1 23 f   4562.462807985  4562.462808091  1.208e-06  3.000e-04  3.000e-04
1 3 1 1 24 e   4571.905448553  4571.905448763  3.356e-05  3.000e-04  3.000e-04
1 3 1 1 24 f   4572.174893326  4572.174893465  1.171e-06  3.000e-04  3.000e-04
0 0 2 0 48 e   4572.556730778  4572.556724292  2.348e-05  3.010e-04  3.033e-04
0 4 1 2 46 e   4573.338420470  4573.338418084  1.377e-05  3.008e-04  3.019e-04
1 6 0 0 53 e   4573.697448767  4573.697449118  3.509e-05  3.029e-04  3.158e-04
0 4 1 0 46 e   4579.617034447  4579.617030373  1.779e-05  3.008e-04  3.019e-04
1 2 1 0 56 e   4581.291443922  4581.291465143  2.180e-04  3.029e-04  3.186e-04
1 3 1 1 25 e   4581.999473348  4581.999472353  1.698e-05  3.000e-04  3.000e-04
1 3 1 1 25 f   4582.291402045  4582.291401572  1.328e-05  3.000e-04  3.000e-04
2 0 1 0 63 e   4582.471449088  4582.471486162  3.480e-04  1.156e-04  8.836e-04
0 0 2 0 49 e   4592.177932044  4592.177928923  3.715e-05  3.010e-04  3.039e-04
0 4 1 2 47 e   4592.387245291  4592.387239553  1.939e-05  3.010e-04  3.028e-04
1 3 1 1 26 e   4592.497112256  4592.497111807  1.522e-05  3.000e-04  3.000e-04
1 3 1 1 26 f   4592.812263968  4592.812263740  5.078e-06  3.000e-04  3.000e-04
1 6 0 0 54 e   4595.721470649  4595.721471016  3.508e-05  3.029e-04  3.140e-04
1 2 1 2 57 e   4598.248241736  4598.248242353  3.512e-05  3.029e-04  3.213e-04
0 4 1 0 47 e   4598.673366816  4598.673360540  2.260e-05  3.010e-04  3.028e-04
2 4 0 0 64 e   4600.106736026  4600.106772297  3.487e-04  7.656e-05  9.502e-04
2 4 0 2 64 e   4603.242701881  4603.242742359  3.558e-04  1.156e-04  9.528e-04
1 3 1 1 27 e   4603.398235979  4603.398238522  3.273e-05  3.000e-04  3.000e-04
1 2 1 0 57 e   4604.271942151  4604.271943259  3.473e-05  3.029e-04  3.213e-04
2 0 1 0 64 e   4608.413617736  4608.413656509  3.496e-04  1.156e-04  1.070e-03
0 1 2 1 3 e   4609.517405880  4609.517407568  7.609e-04  3.000e-04  7.609e-04
3 0 1 0 1 e   4610.245214362  4610.245214435  2.651e-06  6.618e-05  7.912e-05
3 0 1 0 2 e   4611.044758453  4611.044758526  2.651e-06  6.618e-05  7.912e-05
0 1 2 1 4 e   4611.122923365  4611.122979483  8.478e-04  3.000e-04  8.478e-04
0 4 1 2 48 e   4611.840547036  4611.840541318  1.937e-05  3.010e-04  3.033e-04
0 0 2 0 50 e   4612.198814523  4612.198809821  1.949e-05  3.010e-04  3.046e-04
0 1 2 1 5 f   4613.136911318  4613.136886427  2.956e-04  4.415e-03  7.515e-03
3 0 1 0 4 e   4613.842830699  4613.842830220  3.004e-06  6.618e-05  7.913e-05
1 3 1 1 28 e   4614.702804667  4614.702804430  1.801e-06  3.000e-04  3.000e-04
1 3 1 1 28 f   4615.067288034  4615.067287503  1.328e-05  3.000e-04  3.000e-04
0 4 1 0 48 e   4618.134781193  4618.134777963  2.971e-05  3.010e-04  3.033e-04
0 1 2 1 7 e   4618.348781306  4618.348810494  9.822e-04  3.000e-04  9.822e-04
3 0 1 0 7 e   4621.037863808  4621.037863346  2.971e-06  6.618e-05  7.913e-05
0 1 2 1 9 e   4625.173363458  4625.173363619  9.230e-07  3.000e-04  3.000e-04
1 3 1 1 29 e   4626.410826556  4626.410827664  3.544e-05  3.000e-04  3.000e-04
1 3 1 1 29 f   4626.801240673  4626.801238159  3.659e-05  3.000e-04  3.000e-04
1 2 1 0 58 e   4627.655001681  4627.655039647  3.494e-04  3.042e-04  5.059e-04
0 1 2 1 10 e   4629.183454256  4629.183454432  8.742e-07  3.000e-04  3.000e-04
0 4 1 2 49 e   4631.698286923  4631.698281220  1.934e-05  3.010e-04  3.039e-04
0 0 2 0 51 e   4632.619155661  4632.619150565  2.995e-05  3.010e-04  3.054e-04
2 0 1 0 65 e   4634.762160789  4634.762199518  3.496e-04  1.156e-04  1.012e-03
0 4 1 0 49 e   4638.001182667  4638.001177412  1.972e-05  3.010e-04  3.039e-04
1 3 1 1 30 e   4638.522304667  4638.522304430  1.801e-06  3.000e-04  3.000e-04
1 3 1 1 30 f   4638.939522212  4638.939522265  1.203e-06  3.000e-04  3.000e-04
3 0 1 0 12 e   4641.023452508  4641.023452029  1.779e-06  6.618e-05  7.913e-05
0 1 2 1 13 e   4643.633877502  4643.633877753  1.054e-06  3.000e-04  3.000e-04
1 2 1 2 59 e   4645.408086462  4645.408124489  3.485e-04  3.042e-04  5.443e-04
1 2 1 0 59 e   4651.439990594  4651.440028895  3.493e-04  3.042e-04  5.448e-04
1 3 1 1 31 f   4651.482073972  4651.482074225  1.584e-05  3.000e-04  3.000e-04
3 0 1 0 14 e   4651.815305305  4651.815304826  1.784e-06  6.618e-05  7.913e-05
2 4 0 0 66 e   4652.582337736  4652.582376509  3.496e-04  7.657e-05  1.070e-03
0 0 2 0 52 e   4653.438858757  4653.438856403  3.314e-05  3.016e-04  3.077e-04
0 1 2 1 15 e   4655.278537954  4655.278536243  1.794e-04  3.000e-04  3.000e-04
2 4 0 2 66 e   4656.267017736  4656.267056509  3.496e-04  1.156e-04  1.070e-03
0 4 1 0 50 e   4658.272531068  4658.272527541  2.575e-05  3.010e-04  3.046e-04
0 1 2 1 16 e   4661.698830284  4661.698702574  1.642e-03  3.000e-04  1.642e-03
1 3 1 1 32 e   4663.955265879  4663.955265678  2.071e-06  3.000e-04  3.000e-04
1 3 1 1 32 f   4664.428991435  4664.428995479  2.232e-05  3.000e-04  3.000e-04
3 0 1 0 17 e   4671.000094514  4671.000096136  8.978e-06  6.405e-05  7.553e-05
0 5 1 1 5 e   4672.175899153  4672.175899282  1.047e-06  3.000e-04  3.000e-04
0 5 1 1 6 e   4674.609292445  4674.609292603  9.233e-07  3.000e-04  3.000e-04
0 0 2 0 53 e   4674.658041527  4674.658039451  3.372e-05  3.017e-04  3.089e-04
1 2 1 0 60 e   4675.626907315  4675.626946046  3.487e-04  3.042e-04  6.464e-04
0 1 2 1 18 e   4675.747037090  4675.746853071  1.791e-03  3.000e-04  1.791e-03
1 3 1 1 33 e   4677.276911961  4677.276910018  1.718e-05  3.000e-04  3.001e-04
0 5 1 1 7 e   4677.448263458  4677.448263619  9.230e-07  3.000e-04  3.000e-04
1 3 1 1 33 f   4677.779927689  4677.779927125  1.870e-05  3.000e-04  3.001e-04
0 4 1 0 51 e   4678.948906349  4678.948904015  3.518e-05  3.010e-04  3.054e-04
0 5 1 1 8 e   4680.692703727  4680.692703840  8.128e-07  3.000e-04  3.000e-04
0 1 2 1 19 e   4683.372750736  4683.372750511  3.603e-06  3.000e-04  3.000e-04
2 4 0 2 67 e   4683.384067141  4683.384105907  3.496e-04  1.156e-04  1.126e-03
0 5 1 1 9 e   4684.342563458  4684.342563619  9.230e-07  3.000e-04  3.000e-04
1 6 0 0 58 e   4687.895496006  4687.895534211  3.489e-04  3.042e-04  5.056e-04
0 5 1 1 10 e   4688.397728991  4688.397724688  8.955e-05  3.000e-04  3.000e-04
1 3 1 1 34 e   4691.001633513  4691.001632019  1.876e-05  3.000e-04  3.001e-04
0 1 2 1 20 e   4691.396682324  4691.396682813  2.576e-06  3.000e-04  3.000e-04
1 3 1 1 34 f   4691.535153353  4691.535153460  5.910e-06  3.000e-04  3.001e-04
0 5 1 1 11 e   4692.858572890  4692.858575079  2.053e-04  3.000e-04  3.000e-04
0 4 1 2 52 e   4693.691946864  4693.691943651  3.140e-05  3.016e-04  3.077e-04
3 0 1 0 20 e   4693.781008019  4693.781009117  8.591e-06  6.405e-05  7.553e-05
1 2 1 2 61 e   4694.175129088  4694.175166162  3.480e-04  3.056e-04  8.836e-04
0 0 2 0 54 e   4696.276470649  4696.276471016  3.508e-05  3.029e-04  3.140e-04
0 5 1 1 12 e   4697.724903898  4697.724896190  1.783e-04  3.000e-04  3.000e-04
0 1 2 1 21 e   4699.828661521  4699.828683955  1.821e-03  3.000e-04  1.821e-03
0 4 1 0 52 e   4700.030109404  4700.030110979  4.029e-05  3.016e-04  3.077e-04
1 2 1 0 61 e   4700.215929238  4700.215966542  3.481e-04  3.056e-04  7.345e-04
0 5 1 1 13 e   4702.996541512  4702.996541690  8.697e-07  3.000e-04  3.000e-04
1 3 1 1 35 e   4705.129674422  4705.129674088  1.259e-05  3.000e-04  3.001e-04
1 3 1 1 35 f   4705.694550029  4705.694549278  3.260e-06  3.000e-04  3.001e-04
2 4 0 0 68 e   4706.644025201  4706.644062828  3.511e-04  7.802e-05  1.278e-03
0 1 2 1 22 e   4708.660582324  4708.660582813  2.576e-06  3.000e-04  3.000e-04
0 5 1 1 14 e   4708.673953540  4708.673953766  9.985e-07  3.000e-04  3.000e-04
2 4 0 2 68 e   4710.904206351  4710.904245109  3.496e-04  1.156e-04  1.179e-03
3 0 1 0 22 e   4710.966007810  4710.966007518  1.021e-04  6.405e-05  1.443e-04
0 4 1 2 53 e   4715.164934286  4715.164929423  3.320e-05  3.017e-04  3.089e-04
2 0 1 0 68 e   4716.245096351  4716.245135109  3.496e-04  2.082e-04  1.179e-03
0 1 2 1 23 e   4717.888962647  4717.889004463  1.819e-03  3.000e-04  1.819e-03
0 0 2 0 55 e   4718.294248767  4718.294249118  3.509e-05  3.029e-04  3.158e-04
1 2 1 2 62 e   4719.159494370  4719.159533250  3.490e-04  3.056e-04  8.130e-04
1 3 1 1 36 e   4719.661021080  4719.661019939  3.175e-06  3.000e-04  3.001e-04
1 3 1 1 36 f   4720.257884793  4720.257884114  2.468e-06  3.000e-04  3.001e-04
0 5 1 1 16 e   4721.245162905  4721.245163091  1.524e-06  3.000e-04  3.000e-04
0 4 1 0 53 e   4721.516235947  4721.516234551  3.513e-05  3.017e-04  3.089e-04
1 2 1 0 62 e   4725.228075198  4725.227344207  4.558e-03  1.000e-01  1.000e-01
0 1 2 1 24 e   4727.520648553  4727.520580980  1.920e-03  3.000e-04  1.920e-03
0 5 1 1 17 e   4728.138573325  4728.138573486  1.526e-06  3.000e-04  3.000e-04
1 3 1 1 37 e   4734.595441497  4734.595440326  4.322e-06  3.000e-04  3.001e-04
1 3 1 1 37 f   4735.225375092  4735.225373948  1.899e-05  3.000e-04  3.001e-04
0 5 1 1 18 e   4735.437537090  4735.437536078  1.956e-05  3.000e-04  3.000e-04
0 4 1 2 54 e   4737.041570649  4737.041571016  3.508e-05  3.029e-04  3.140e-04
0 1 2 1 25 e   4737.554623348  4737.554628243  1.270e-03  3.000e-04  1.270e-03
3 0 1 0 25 e   4739.738869301  4739.738869732  2.654e-06  6.405e-05  7.554e-05
0 0 2 0 56 e   4740.711343615  4740.711350081  2.080e-04  3.029e-04  3.186e-04
0 5 1 1 19 e   4743.141912030  4743.141904455  4.165e-05  3.000e-04  3.000e-04
0 4 1 0 54 e   4743.407181383  4743.407182025  3.651e-05  3.029e-04  3.140e-04
1 2 1 2 63 e   4744.545829088  4744.545866162  3.480e-04  3.056e-04  8.836e-04
0 1 2 1 26 e   4747.990591514  4747.990591399  1.780e-06  3.000e-04  3.000e-04
1 3 1 1 38 e   4749.932956401  4749.932947663  4.471e-05  3.000e-04  3.001e-04
1 3 1 1 38 f   4750.596984793  4750.596984114  2.468e-06  3.000e-04  3.001e-04
1 2 1 0 63 e   4750.599529791  4750.599567777  3.478e-04  3.056e-04  8.835e-04
0 5 1 1 20 e   4751.251796800  4751.251807379  9.091e-05  3.000e-04  3.000e-04
0 1 2 1 27 e   4758.822485979  4758.822375626  2.143e-03  3.000e-04  2.143e-03
0 1 2 1 27 f   4758.992284875  4758.992284905  1.540e-06  3.000e-04  3.000e-04
0 4 1 2 55 e   4759.321648767  4759.321649118  3.509e-05  3.029e-04  3.158e-04
0 5 1 1 21 e   4759.766961521  4759.766957582  6.616e-05  3.000e-04  3.000e-04
2 4 0 0 70 e   4762.292765106  4762.292802735  3.510e-04  7.859e-05  1.371e-03
0 0 2 0 57 e   4763.527414099  4763.527416136  2.119e-04  3.029e-04  3.213e-04
0 4 1 0 55 e   4765.702945574  4765.702946352  3.523e-05  3.029e-04  3.158e-04
0 5 1 1 22 e   4768.687543958  4768.687547554  1.074e-04  3.000e-04  3.000e-04
0 1 2 1 28 e   4770.058918832  4770.058475309  2.073e-03  3.000e-04  2.073e-03
0 1 2 1 28 f   4770.240770390  4770.240770528  1.322e-06  3.000e-04  3.000e-04
3 0 1 0 28 e   4772.106297435  4772.106291717  3.664e-05  6.405e-05  7.554e-05
2 2 1 0 1 e   4773.563569429  4773.568454499  5.183e-02  2.000e-01  2.000e-01
2 2 1 0 2 e   4774.426918121  4774.426917808  2.964e-06  3.031e-04  3.031e-04
2 2 1 0 3 e   4775.617138857  4775.617138855  4.193e-08  1.000e-01  1.000e-01
1 2 1 0 64 e   4776.394037075  4776.394074634  3.482e-04  3.056e-04  9.500e-04
2 2 1 0 4 e   4777.246229866  4777.246228115  5.068e-06  3.031e-04  3.031e-04
0 5 1 1 23 e   4778.013572307  4778.013572653  2.878e-06  3.000e-04  3.000e-04
2 2 1 0 5 e   4779.259731232  4779.259730175  3.583e-06  3.031e-04  3.031e-04
2 2 1 0 6 e   4781.676278299  4781.676276728  3.908e-06  3.031e-04  3.031e-04
0 1 2 1 29 e   4781.696376556  4781.696372391  2.096e-03  3.000e-04  2.096e-03
0 1 2 1 29 f   4781.890687464  4781.890687686  1.373e-06  3.000e-04  3.000e-04
0 4 1 2 56 e   4782.004591224  4782.004591623  3.509e-05  3.029e-04  3.186e-04
1 3 1 1 40 f   4782.551766704  4782.551765734  2.640e-06  3.000e-04  3.001e-04
2 2 1 0 7 e   4784.495516496  4784.495514575  6.016e-06  3.031e-04  3.031e-04
0 0 2 0 58 e   4786.742751433  4786.742788429  3.529e-04  3.042e-04  5.083e-04
2 2 1 0 8 e   4787.678297687  4787.678332178  1.199e-03  1.000e-01  1.000e-01
0 5 1 1 24 e   4787.744691514  4787.744691399  1.780e-06  3.000e-04  3.000e-04
0 4 1 0 56 e   4788.403592064  4788.403593588  3.555e-05  3.029e-04  3.186e-04
2 2 1 0 9 e   4791.289587769  4791.288335093  1.921e-02  1.000e-01  1.000e-01
0 1 2 1 30 f   4793.943293881  4793.943294179  1.594e-06  4.415e-03  6.163e-03
2 2 1 0 10 e   4795.331543765  4795.331290565  1.135e-02  1.000e-01  1.000e-01
3 0 1 0 30 e   4795.681091816  4795.681091856  4.227e-06  6.405e-05  7.554e-05
1 2 1 2 65 e   4796.521858965  4796.521904051  3.656e-04  3.056e-04  1.018e-03
0 5 1 1 25 e   4797.881293711  4797.881293597  2.056e-06  3.000e-04  3.000e-04
1 3 1 1 41 e   4798.364237271  4798.364236177  7.598e-06  3.001e-04  3.002e-04
1 3 1 1 41 f   4799.135115525  4799.135114734  1.335e-05  3.000e-04  3.001e-04
2 2 1 0 11 e   4799.779155243  4799.779172700  3.919e-03  1.000e-01  1.000e-01
1 2 1 0 65 e   4802.590408965  4802.590453282  3.516e-04  3.056e-04  1.013e-03
2 2 1 0 12 e   4804.631485009  4804.631483619  3.770e-06  3.031e-04  3.031e-04
0 1 2 1 31 e   4806.176354520  4806.176363059  9.258e-05  3.000e-04  3.001e-04
0 1 2 1 31 f   4806.394793881  4806.394794179  1.594e-06  3.000e-04  3.000e-04
0 5 1 1 26 e   4808.423012256  4808.423011413  1.493e-05  3.000e-04  3.000e-04
2 2 1 0 13 e   4809.826297796  4809.826296147  1.253e-03  1.000e-01  1.000e-01
0 0 2 0 59 e   4810.356986462  4810.357024489  3.485e-04  3.042e-04  5.443e-04
0 4 1 0 57 e   4811.508942271  4811.508944029  3.541e-05  3.029e-04  3.213e-04
1 3 1 1 42 e   4815.313988392  4815.313988990  3.940e-06  3.000e-04  3.001e-04
2 2 1 0 14 e   4815.470802829  4815.470776264  5.956e-03  1.000e-01  1.000e-01
1 3 1 1 42 f   4816.122199850  4816.122200891  2.406e-05  3.000e-04  3.001e-04
0 1 2 1 32 e   4819.011158634  4819.011158511  2.546e-06  3.000e-04  3.001e-04
0 1 2 1 32 f   4819.248922212  4819.248922265  1.203e-06  3.000e-04  3.000e-04
0 5 1 1 27 e   4819.369993711  4819.369993597  2.056e-06  3.000e-04  3.000e-04
2 4 0 0 72 e   4819.529175106  4819.529212735  3.510e-04  7.859e-05  1.371e-03
3 0 1 0 32 e   4820.852711816  4820.852711856  4.227e-06  6.405e-05  7.554e-05
2 2 1 0 15 e   4821.544937150  4821.544936826  4.826e-06  3.027e-04  3.027e-04
1 2 1 2 66 e   4823.111317736  4823.111356509  3.496e-04  3.056e-04  1.070e-03
2 2 1 0 16 e   4827.988032440  4827.988031867  1.015e-05  3.027e-04  3.027e-04
0 4 1 2 58 e   4828.582596006  4828.582634211  3.489e-04  3.042e-04  5.056e-04
1 2 1 0 66 e   4829.188326533  4829.188365616  3.496e-04  3.056e-04  1.070e-03
0 5 1 1 28 e   4830.722268832  4830.722269500  2.741e-05  3.000e-04  3.000e-04
0 1 2 1 33 e   4832.252589746  4832.252588341  4.876e-06  3.000e-04  3.001e-04
0 1 2 1 33 f   4832.504054063  4832.504054246  1.894e-06  3.000e-04  3.001e-04
1 3 1 1 43 e   4832.666619002  4832.666615375  1.807e-05  3.001e-04  3.002e-04
1 3 1 1 43 f   4833.513142819  4833.513141033  3.320e-05  3.001e-04  3.002e-04
0 0 2 0 60 e   4834.370194370  4834.370233250  3.490e-04  3.056e-04  8.130e-04
2 2 1 0 17 e   4834.833664050  4834.833664896  8.953e-06  3.027e-04  3.027e-04
0 4 1 0 58 e   4835.065096006  4835.065134211  3.489e-04  1.000e-01  1.000e-01
2 2 1 0 18 e   4842.054695210  4842.054420375  3.307e-03  1.000e-01  1.000e-01
0 5 1 1 29 e   4842.479726556  4842.479725701  3.670e-05  3.000e-04  3.000e-04
3 0 1 0 34 e   4847.621009850  4847.621010033  6.885e-06  6.405e-05  7.554e-05
2 4 0 0 73 e   4848.742843346  4848.742881286  3.509e-04  1.173e-04  1.499e-03
2 2 1 0 19 e   4849.732963957  4849.732964235  1.038e-05  3.027e-04  3.027e-04
1 2 1 2 67 e   4850.102220776  4850.102258555  3.512e-04  3.056e-04  1.229e-03
1 3 1 1 44 e   4850.422276910  4850.422272166  1.183e-05  3.002e-04  3.004e-04
1 3 1 1 44 f   4851.308035242  4851.308032928  5.879e-06  3.002e-04  3.004e-04
0 4 1 2 59 e   4852.475086462  4852.475124489  3.485e-04  3.042e-04  5.443e-04
0 5 1 1 30 e   4854.642285273  4854.642284557  1.479e-05  3.000e-04  3.000e-04
1 2 1 0 67 e   4856.187943959  4856.187982403  3.482e-04  3.056e-04  1.126e-03
2 2 1 0 20 e   4857.786546881  4857.786545343  1.023e-04  3.027e-04  3.027e-04
0 0 2 0 61 e   4858.782394413  4858.782432556  3.494e-04  3.056e-04  7.351e-04
0 4 1 0 59 e   4858.933786462  4858.933824489  3.485e-04  3.042e-04  5.443e-04
0 1 2 1 35 e   4859.941489746  4859.941488341  4.876e-06  3.000e-04  3.001e-04
0 1 2 1 35 f   4860.218501314  4860.218501369  2.156e-06  3.000e-04  3.001e-04
2 2 1 0 21 e   4866.242265726  4866.242263270  9.981e-06  3.027e-04  3.027e-04
1 3 1 1 45 e   4868.580676389  4868.580669862  1.804e-05  3.005e-04  3.018e-04
0 1 2 1 36 f   4874.677446047  4874.677445723  2.073e-06  3.000e-04  3.001e-04
2 2 1 0 22 e   4875.100747385  4875.100746317  1.019e-04  3.027e-04  3.027e-04
0 4 1 2 60 e   4876.773206860  4876.773244838  3.485e-04  3.042e-04  6.463e-04
0 5 1 1 32 e   4880.182962257  4880.182962284  3.395e-06  3.000e-04  3.000e-04
0 4 1 0 60 e   4883.253250615  4883.253291608  3.690e-04  3.042e-04  6.576e-04
1 2 1 0 68 e   4883.589226360  4883.589265133  3.496e-04  3.056e-04  1.179e-03
0 0 2 0 62 e   4883.593294370  4883.593333250  3.490e-04  3.056e-04  8.130e-04
2 2 1 0 23 e   4884.301405942  4884.301420321  2.251e-03  1.000e-01  1.000e-01
1 3 1 1 46 e   4887.141880151  4887.141873056  1.958e-05  3.004e-04  3.013e-04
1 3 1 1 46 f   4888.108339126  4888.108333252  2.805e-05  3.004e-04  3.017e-04
0 1 2 1 37 e   4889.228341497  4889.228340326  4.322e-06  3.000e-04  3.001e-04
0 1 2 1 37 f   4889.537650029  4889.537649278  3.260e-06  3.000e-04  3.001e-04
0 5 1 1 33 e   4893.560911961  4893.560910219  1.937e-05  3.000e-04  3.001e-04
2 2 1 0 24 e   4894.025153588  4894.025146423  1.187e-04  3.027e-04  3.027e-04
2 2 1 0 25 e   4904.090858264  4904.090856710  6.744e-06  3.027e-04  3.027e-04
0 1 2 1 38 e   4904.471306401  4904.471341562  1.498e-03  3.000e-04  1.498e-03
0 1 2 1 38 f   4904.798884793  4904.798884114  2.468e-06  3.000e-04  3.001e-04
3 0 1 0 38 e   4905.946303023  4905.946301843  6.613e-06  6.202e-05  7.207e-05
1 3 1 1 47 e   4906.105958942  4906.105958287  7.001e-05  3.005e-04  3.018e-04
1 3 1 1 47 f   4907.113976498  4907.113970050  1.810e-05  3.005e-04  3.023e-04
0 5 1 1 34 e   4907.343933513  4907.343932928  1.824e-05  3.000e-04  3.001e-04
0 4 1 0 61 e   4907.976994875  4907.977033818  3.495e-04  3.056e-04  7.352e-04
0 0 2 0 63 e   4908.803029088  4908.803066162  3.480e-04  3.056e-04  8.836e-04
1 2 1 0 69 e   4911.391921030  4911.391959012  3.512e-04  3.056e-04  1.229e-03
2 2 1 0 26 e   4914.558884897  4914.558885251  7.305e-06  3.027e-04  3.027e-04
0 1 2 1 39 e   4920.118541497  4920.118540326  4.322e-06  3.000e-04  3.001e-04
0 1 2 1 39 f   4920.461200154  4920.461199172  3.884e-06  3.000e-04  3.001e-04
2 2 1 0 27 e   4925.429858486  4925.429857028  5.929e-06  3.027e-04  3.027e-04
1 3 1 1 48 e   4925.472589398  4925.472580772  2.073e-05  3.009e-04  3.045e-04
1 3 1 1 48 f   4926.523214655  4926.523206103  2.067e-05  3.008e-04  3.050e-04
0 4 1 2 62 e   4926.575594370  4926.575633250  3.490e-04  3.056e-04  8.130e-04
0 4 1 0 62 e   4933.105394370  4933.105433250  3.490e-04  3.056e-04  8.130e-04
0 0 2 0 64 e   4934.411536881  4934.411573698  3.513e-04  3.056e-04  9.511e-04
0 5 1 1 36 e   4936.125208391  4936.125208287  3.193e-06  3.000e-04  3.001e-04
0 1 2 1 40 e   4936.161990057  4936.162040249  1.778e-03  3.000e-04  1.778e-03
2 2 1 0 28 e   4936.663694724  4936.662628015  8.098e-03  1.000e-01  1.000e-01
3 0 1 0 40 e   4937.502656233  4937.502656360  6.871e-06  6.202e-05  7.207e-05
2 4 0 0 76 e   4938.765876107  4938.765914064  3.509e-04  1.173e-04  1.539e-03
1 2 1 0 70 e   4939.596105167  4939.596142593  3.520e-04  3.059e-04  1.279e-03
1 3 1 1 49 e   4945.242066179  4945.242057136  2.312e-05  3.010e-04  3.055e-04
2 2 1 0 29 e   4948.340135265  4948.340048527  6.719e-04  1.000e-01  1.000e-01
0 5 1 1 37 e   4951.123400297  4951.123396237  3.110e-05  3.000e-04  3.001e-04
0 4 1 2 63 e   4952.081629088  4952.081666162  3.480e-04  3.056e-04  8.836e-04
0 1 2 1 41 e   4952.608427690  4952.608354169  1.784e-03  3.000e-04  1.784e-03
0 1 2 1 41 f   4952.988833724  4952.988832675  4.378e-06  3.000e-04  3.001e-04
1 0 2 0 0 e   4953.879118333  4953.879118136  2.737e-06  3.031e-04  3.031e-04
1 0 2 0 1 e   4954.278957108  4954.278958466  5.372e-06  4.000e-04  4.000e-04
1 0 2 0 2 e   4955.114993963  4955.114949691  4.973e-04  1.000e-01  1.000e-01
1 0 2 0 3 e   4956.279481661  4956.279483169  1.811e-05  4.000e-04  4.000e-04
1 0 2 0 4 e   4957.879560768  4957.879560987  2.330e-05  4.000e-04  4.000e-04
0 4 1 0 63 e   4958.638329088  4958.638366162  3.480e-04  3.056e-04  8.836e-04
1 0 2 0 5 e   4959.879616600  4959.879618447  2.721e-05  3.031e-04  3.031e-04
0 0 2 0 65 e   4960.418550789  4960.418589518  3.496e-04  3.056e-04  1.012e-03
2 2 1 0 30 e   4960.426835319  4960.426680961  3.156e-03  1.000e-01  1.000e-01
1 0 2 0 6 e   4962.279744088  4962.279740453  1.179e-04  4.000e-04  4.000e-04
1 0 2 0 7 e   4965.079844699  4965.079846000  3.745e-06  4.000e-04  4.000e-04
1 3 1 1 50 e   4965.413974086  4965.413970092  3.674e-05  3.023e-04  3.090e-04
0 5 1 1 38 e   4966.526406401  4966.526416626  8.415e-05  3.000e-04  3.001e-04
1 2 1 0 71 e   4968.201644650  4968.201682489  3.512e-04  3.060e-04  1.326e-03
1 0 2 0 8 e   4968.279979555  4968.279976407  2.818e-05  3.031e-04  3.031e-04
2 4 0 0 77 e   4969.567561949  4969.567599936  3.509e-04  1.173e-04  1.655e-03
3 0 1 0 42 e   4970.654396233  4970.654396360  6.871e-06  6.202e-05  7.207e-05
1 4 1 0 1 e   4970.834522857  4970.834522855  4.193e-08  4.000e-04  4.000e-04
1 4 1 0 2 e   4971.643247193  4971.643250653  3.756e-05  3.000e-04  3.000e-04
1 0 2 0 9 e   4971.879995482  4971.879996242  3.856e-05  4.000e-04  4.000e-04
1 4 1 0 3 e   4972.856505362  4972.856533752  1.924e-04  3.031e-04  3.031e-04
2 2 1 0 31 e   4972.935424379  4972.935428614  1.670e-05  3.027e-04  3.027e-04
1 4 1 0 4 e   4974.474907188  4974.474893346  2.542e-04  3.031e-04  3.031e-04
1 0 2 0 10 e   4975.880144320  4975.880138216  2.367e-05  3.031e-04  3.031e-04
1 4 1 0 5 e   4976.496863503  4976.496872515  2.541e-04  3.031e-04  3.031e-04
1 4 1 2 8 e   4978.853758102  4978.853900387  2.401e-04  5.009e-03  7.077e-03
1 4 1 0 6 e   4978.924019683  4978.924026794  1.651e-04  3.031e-04  3.031e-04
1 0 2 0 11 e   4980.280170100  4980.280158793  7.902e-05  3.031e-04  3.031e-04
1 4 1 0 7 e   4981.755674435  4981.755666764  4.664e-05  3.031e-04  3.031e-04
0 5 1 1 39 e   4982.334618109  4982.334616721  5.514e-06  3.000e-04  3.001e-04
1 4 1 2 9 e   4982.498545680  4982.498687965  2.400e-04  5.009e-03  7.077e-03
0 4 1 0 64 e   4984.575556855  4984.575594771  3.494e-04  3.056e-04  9.504e-04
1 4 1 0 8 e   4984.991454525  4984.991471606  1.655e-04  3.031e-04  3.031e-04
1 0 2 0 12 e   4985.079987142  4985.079989806  6.786e-05  3.031e-04  3.031e-04
2 2 1 0 32 e   4985.817472071  4985.817474961  1.567e-05  3.027e-04  3.027e-04
1 3 1 1 51 e   4985.988610745  4985.988604180  4.470e-05  3.025e-04  3.111e-04
1 4 1 2 10 e   4986.548383601  4986.548525937  2.400e-04  5.009e-03  7.077e-03
0 1 2 1 43 e   4986.705037271  4986.705036177  7.598e-06  3.001e-04  3.002e-04
0 0 2 0 66 e   4986.824317736  4986.824356509  3.496e-04  3.056e-04  1.070e-03
0 1 2 1 43 f   4987.120097327  4987.120096466  7.461e-06  3.001e-04  3.002e-04
1 4 1 0 9 e   4988.631960662  4988.631961184  5.623e-05  3.031e-04  3.031e-04
1 0 2 0 13 e   4990.279825890  4990.279827963  5.853e-06  4.000e-04  4.000e-04
1 4 1 2 11 e   4991.002557715  4991.002700078  2.400e-04  5.009e-03  7.077e-03
1 4 1 0 10 e   4992.676698240  4992.676707499  7.401e-05  3.031e-04  3.031e-04
1 4 1 2 12 e   4995.860452667  4995.860595033  2.400e-04  5.009e-03  7.077e-03
1 0 2 0 14 e   4995.879708942  4995.879732219  1.270e-04  3.031e-04  3.031e-04
1 4 1 0 11 e   4997.126053939  4997.126047324  9.407e-05  3.000e-04  3.000e-04
0 5 1 1 40 e   4998.547090057  4998.547089845  2.730e-06  3.000e-04  3.001e-04
2 2 1 0 33 e   4999.218174671  4999.217332050  1.144e-01  1.000e-01  1.144e-01
1 0 2 0 15 e   5001.879297963  5001.879299767  8.636e-05  3.031e-04  3.031e-04
1 4 1 0 12 e   5001.980042986  5001.980067061  1.540e-04  3.000e-04  3.000e-04
0 1 2 1 44 e   5004.352773669  5004.352771238  5.909e-06  3.002e-04  3.004e-04
0 1 2 1 44 f   5004.787035242  5004.787032928  5.879e-06  3.002e-04  3.004e-04
1 3 1 1 52 e   5006.965474086  5006.965470092  3.674e-05  3.023e-04  3.090e-04
1 4 1 0 13 e   5007.238174234  5007.238175835  7.217e-05  3.031e-04  3.031e-04
1 3 1 1 52 f   5008.194925470  5008.194915567  3.370e-05  3.011e-04  3.076e-04
1 0 2 0 16 e   5008.278640928  5008.278624718  1.056e-04  3.031e-04  3.031e-04
0 4 1 0 65 e   5010.917451594  5010.917491556  3.496e-04  3.056e-04  1.012e-03
2 2 1 0 34 e   5012.788458829  5012.788459632  1.051e-05  3.022e-04  3.022e-04
1 4 1 0 14 e   5012.901141323  5012.901132410  6.816e-05  3.031e-04  3.031e-04
0 0 2 0 67 e   5013.628493959  5013.628533286  3.447e-04  3.056e-04  1.124e-03
1 0 2 0 17 e   5015.077848357  5015.077846944  1.538e-05  3.027e-04  3.027e-04
0 5 1 1 41 e   5015.164777690  5015.164776218  3.033e-05  3.000e-04  3.001e-04
1 4 1 0 15 e   5018.968698085  5018.968694854  4.164e-05  3.027e-04  3.027e-04
1 0 2 0 18 e   5022.276984813  5022.276996540  1.810e-04  4.000e-04  4.000e-04
0 1 2 1 45 e   5022.400920192  5022.400914099  1.228e-05  5.185e-05  5.366e-05
3 0 1 0 45 e   5023.372640384  5023.372638358  3.676e-05  1.031e-04  1.080e-04
1 4 1 0 16 e   5025.440398652  5025.440400279  9.560e-05  3.000e-04  3.000e-04
1 4 1 2 17 e   5026.231107043  5026.231229358  2.338e-04  5.009e-03  7.077e-03
1 2 1 0 73 e   5026.616452401  5026.616490067  3.510e-04  3.061e-04  1.415e-03
2 2 1 0 35 e   5026.877222061  5026.877224416  1.353e-05  3.027e-04  3.027e-04
1 3 1 1 53 e   5028.345160272  5028.345154437  5.087e-05  3.025e-04  3.111e-04
1 3 1 1 53 f   5029.621113135  5029.621108465  3.982e-05  3.023e-04  3.117e-04
1 0 2 0 19 e   5029.875749532  5029.875737884  1.085e-04  3.027e-04  3.027e-04
1 4 1 0 17 e   5032.316874452  5032.316889534  1.176e-04  3.000e-04  3.000e-04
2 4 0 0 79 e   5032.361971949  5032.362009936  3.509e-04  1.173e-04  1.655e-03
1 4 1 2 18 e   5033.519357812  5033.519483359  2.332e-04  5.009e-03  7.077e-03
0 4 1 0 66 e   5037.663317736  5037.663356509  3.496e-04  3.056e-04  1.070e-03
1 0 2 0 20 e   5037.874332214  5037.874333125  7.095e-05  4.000e-04  4.000e-04
1 4 1 0 18 e   5039.597704289  5039.597717248  9.121e-05  3.027e-04  3.027e-04
0 0 2 0 68 e   5040.831155776  5040.831194356  3.514e-04  3.056e-04  1.179e-03
0 1 2 1 46 e   5040.847677599  5040.847805223  1.247e-03  3.004e-04  1.247e-03
1 4 1 2 19 e   5041.211853186  5041.211930357  2.541e-04  5.009e-03  7.077e-03
0 1 2 1 46 f   5041.325476157  5041.325487646  6.693e-04  4.415e-03  6.163e-03
2 2 1 0 36 e   5041.367950646  5041.367951686  7.923e-06  3.022e-04  3.022e-04
3 0 1 0 46 e   5041.742604433  5041.742598670  1.939e-05  1.106e-04  1.245e-04
1 0 2 0 21 e   5046.272363137  5046.272351593  6.592e-05  3.027e-04  3.027e-04
1 4 1 0 19 e   5047.283016814  5047.283019598  4.187e-05  3.000e-04  3.000e-04
1 4 1 2 20 e   5049.310639090  5049.310832756  4.114e-04  5.009e-03  7.077e-03
1 3 1 1 54 e   5050.126957629  5050.126952702  1.477e-04  3.037e-04  3.891e-04
1 3 1 1 54 f   5051.450629102  5051.450625353  3.922e-05  3.024e-04  3.154e-04
1 0 2 0 22 e   5055.070350564  5055.070347262  1.309e-04  3.027e-04  3.027e-04
1 4 1 0 20 e   5055.372802215  5055.372804690  3.596e-05  3.000e-04  3.000e-04
2 2 1 0 37 e   5056.260886796  5056.260887127  1.393e-05  3.022e-04  3.022e-04
0 1 2 1 47 e   5059.698076310  5059.698069699  1.800e-05  5.303e-05  5.961e-05
0 1 2 1 47 f   5060.192376498  5060.192370050  1.810e-05  3.005e-04  3.023e-04
3 0 1 0 47 e   5060.511326923  5060.511321220  1.934e-05  1.031e-04  1.111e-04
1 4 1 0 21 e   5063.866972712  5063.866962640  1.250e-04  3.000e-04  3.000e-04
1 0 2 0 23 e   5064.267665402  5064.267662443  5.269e-05  4.000e-04  4.000e-04
2 4 0 0 80 e   5064.354617379  5064.354655510  3.509e-04  1.173e-04  1.691e-03
0 4 1 0 67 e   5064.813867141  5064.813905907  3.496e-04  3.056e-04  1.126e-03
1 4 1 2 22 e   5066.718089494  5066.718320585  4.910e-04  5.009e-03  7.077e-03
0 5 1 1 44 e   5067.446776910  5067.446772186  1.227e-05  3.002e-04  3.004e-04
0 0 2 0 69 e   5068.432182605  5068.432223797  3.627e-04  3.056e-04  1.233e-03
2 2 1 0 38 e   5071.555695023  5071.555701233  1.809e-05  3.022e-04  3.022e-04
1 4 1 0 22 e   5072.765829134  5072.765847146  1.089e-04  3.000e-04  3.000e-04
1 3 1 1 55 f   5073.683530187  5073.683542164  2.263e-04  3.036e-04  3.935e-04
1 0 2 0 24 e   5073.864958231  5073.864966001  4.099e-05  3.027e-04  3.027e-04
1 4 1 2 23 e   5076.028801652  5076.029027485  3.829e-04  5.009e-03  7.077e-03
0 1 2 1 48 e   5078.944589398  5078.944580772  2.073e-05  3.009e-04  3.045e-04
3 0 1 0 48 e   5079.678354433  5079.678348670  1.939e-05  1.106e-04  1.245e-04
1 2 1 2 75 e   5080.447909377  5080.447947349  3.509e-04  3.062e-04  1.579e-03
1 4 1 0 23 e   5082.069003797  5082.069003844  2.369e-07  4.000e-04  4.000e-04
1 0 2 0 25 e   5083.861638738  5083.861644494  6.321e-05  3.027e-04  3.027e-04
0 5 1 1 45 e   5085.683388561  5085.683383240  1.765e-05  3.003e-04  3.006e-04
1 2 1 0 75 e   5086.636009377  5086.636047349  3.509e-04  3.062e-04  1.579e-03
2 2 1 0 39 e   5087.343310580  5087.336739338  1.223e-01  1.000e-01  1.223e-01
1 4 1 0 24 e   5091.776684332  5091.776690521  8.327e-05  3.000e-04  3.000e-04
0 4 1 0 68 e   5092.368526351  5092.368565109  3.496e-04  3.056e-04  1.179e-03
1 0 2 0 26 e   5094.257816020  5094.257823144  8.491e-05  3.027e-04  3.027e-04
1 3 1 1 56 e   5094.897524765  5094.897332700  1.375e-03  6.102e-04  1.947e-03
1 3 1 1 56 f   5096.319044343  5096.319042456  4.056e-05  3.036e-04  3.226e-04
0 0 2 0 70 e   5096.431455153  5096.431490701  3.570e-04  3.059e-04  1.280e-03
2 4 0 0 81 e   5096.744585662  5096.744624080  3.508e-04  1.175e-04  1.797e-03
0 1 2 1 49 e   5098.595969512  5098.595812554  5.057e-04  5.418e-05  5.072e-04
0 1 2 1 49 f   5099.132539634  5099.132531112  2.009e-05  3.007e-04  3.040e-04
3 0 1 0 49 e   5099.244024584  5099.244020701  4.533e-05  1.031e-04  1.124e-04
1 4 1 0 25 e   5101.888797683  5101.888788841  5.880e-05  3.000e-04  3.000e-04
2 2 1 0 40 e   5103.435713979  5103.428004287  1.066e-01  1.000e-01  1.066e-01
0 5 1 1 46 e   5104.324927599  5104.324918655  4.179e-05  3.004e-04  3.013e-04
1 0 2 0 27 e   5105.053453629  5105.053464944  5.711e-05  3.027e-04  3.027e-04
1 4 1 2 26 e   5106.389948971  5106.390096217  4.292e-04  5.009e-03  7.077e-03
1 4 1 0 26 e   5112.405413597  5112.405402500  9.950e-05  3.000e-04  3.000e-04
0 4 1 2 69 e   5113.574920776  5113.574958555  3.512e-04  3.056e-04  1.229e-03
1 0 2 0 28 e   5116.248705061  5116.248714482  1.276e-04  3.027e-04  3.027e-04
1 2 1 0 76 e   5117.247456107  5117.247494064  3.509e-04  3.062e-04  1.539e-03
0 2 2 2 4 e   5117.412133695  5117.412161062  9.616e-04  5.135e-03  1.248e-02
1 3 1 1 57 e   5117.886612888  5117.886612947  4.216e-05  3.040e-04  3.233e-04
0 1 2 1 50 e   5118.643731742  5118.643732565  1.163e-03  3.009e-04  1.164e-03
0 1 2 1 50 f   5119.203514655  5119.203506103  2.067e-05  3.008e-04  3.050e-04
3 0 1 0 50 e   5119.208136864  5119.208133651  3.140e-05  1.047e-04  1.211e-04
1 3 1 1 57 f   5119.358197339  5119.358234536  3.488e-04  3.049e-04  6.466e-04
2 2 1 0 41 e   5119.852608559  5119.852610030  1.352e-04  3.022e-04  3.022e-04
0 4 1 0 69 e   5120.327420776  5120.327458555  3.512e-04  3.056e-04  1.229e-03
0 2 2 0 0 e   5120.983578662  5120.983579235  2.302e-06  4.000e-04  4.000e-04
0 2 2 0 1 e   5121.385515546  5121.385514885  3.024e-06  4.000e-04  4.000e-04
0 2 2 2 6 e   5121.841076058  5121.841103464  9.590e-04  5.135e-03  1.016e-02
0 2 2 0 2 e   5122.190132647  5122.190145456  1.842e-04  3.000e-04  3.000e-04
1 4 1 0 27 e   5123.326488569  5123.326482498  7.130e-05  3.027e-04  3.027e-04
0 5 1 1 47 e   5123.371158942  5123.371151319  6.254e-05  3.005e-04  3.018e-04
0 2 2 0 3 e   5123.396896088  5123.396898459  3.302e-05  4.000e-04  4.000e-04
0 2 2 2 7 e   5124.658833825  5124.658976095  2.401e-04  5.009e-03  7.077e-03
0 0 2 0 71 e   5124.828998417  5124.829037656  3.544e-04  3.060e-04  1.327e-03
0 2 2 0 4 e   5125.006213602  5125.006213998  1.105e-04  4.000e-04  4.000e-04
0 2 2 0 5 e   5127.017644733  5127.017650480  6.347e-05  4.000e-04  4.000e-04
1 0 2 0 29 e   5127.843177769  5127.843177925  6.377e-06  3.027e-04  3.027e-04
0 2 2 2 8 e   5127.878058102  5127.878200387  2.401e-04  5.009e-03  7.077e-03
0 2 2 0 6 e   5129.431391141  5129.431398377  4.061e-05  4.000e-04  4.000e-04
2 4 0 0 82 e   5129.532146261  5129.532184814  3.507e-04  2.094e-04  1.831e-03
0 2 2 2 9 e   5131.499733825  5131.499876095  2.401e-04  5.009e-03  7.077e-03
0 2 2 0 7 e   5132.247520014  5132.247520389  5.169e-05  4.000e-04  4.000e-04
1 4 1 0 28 e   5134.652124087  5134.652123156  7.472e-05  3.000e-04  3.000e-04
0 2 2 0 8 e   5135.465870768  5135.465848107  1.161e-04  3.000e-04  3.000e-04
2 2 1 0 42 e   5136.755318478  5136.755322991  1.685e-05  3.022e-04  3.022e-04
0 2 2 0 9 e   5139.086664083  5139.086655787  6.125e-05  3.000e-04  3.000e-04
0 1 2 1 51 e   5139.094530510  5139.094493143  1.456e-04  5.555e-05  1.547e-04
3 0 1 0 51 e   5139.570544286  5139.570539423  3.320e-05  1.050e-04  1.241e-04
0 1 2 1 51 f   5139.674939976  5139.674930960  2.292e-05  3.010e-04  3.063e-04
1 0 2 0 30 e   5139.836984984  5139.836983919  5.567e-05  3.027e-04  3.027e-04
0 2 2 2 11 e   5139.950101697  5139.950244739  2.261e-04  5.009e-03  7.077e-03
1 4 1 2 29 e   5140.390074013  5140.390160190  5.183e-04  5.009e-03  7.077e-03
1 3 1 1 58 e   5141.278090090  5141.277984972  1.275e-03  5.219e-04  1.656e-03
1 3 1 1 58 f   5142.800008888  5142.800024140  2.256e-04  3.036e-04  4.533e-04
0 5 1 1 48 e   5142.821832222  5142.821842274  1.130e-04  3.006e-04  3.027e-04
0 2 2 0 10 e   5143.109732594  5143.109738965  2.120e-04  4.000e-04  4.000e-04
0 2 2 2 12 e   5144.778918134  5144.779061975  2.369e-04  5.009e-03  7.077e-03
1 4 1 0 29 e   5146.382138566  5146.382123937  1.463e-04  3.027e-04  3.027e-04
0 2 2 0 11 e   5147.534601495  5147.534589364  7.639e-05  3.000e-04  3.000e-04
0 4 1 0 70 e   5148.690355153  5148.690396192  3.562e-04  3.059e-04  1.280e-03
0 2 2 2 13 e   5150.009953308  5150.010095660  2.401e-04  5.009e-03  7.077e-03
1 0 2 0 31 e   5152.230322671  5152.230325701  1.297e-05  3.027e-04  3.027e-04
0 2 2 0 12 e   5152.362032404  5152.362018433  7.405e-05  3.000e-04  3.000e-04
1 4 1 2 30 e   5152.530464500  5152.530939312  2.175e-03  5.009e-03  7.077e-03
0 0 2 0 72 e   5153.624637407  5153.624675359  3.534e-04  3.061e-04  1.372e-03
2 2 1 0 43 e   5154.059831705  5154.059836038  1.606e-05  3.022e-04  3.022e-04
0 2 2 2 14 e   5155.643341394  5155.643483769  2.400e-04  5.009e-03  7.077e-03
0 2 2 0 13 e   5157.591713418  5157.591713384  1.699e-05  3.000e-04  3.000e-04
1 4 1 0 30 e   5158.516572236  5158.516586485  1.559e-04  3.000e-04  3.000e-04
0 1 2 1 52 e   5159.943715707  5159.943713059  3.616e-05  6.252e-05  8.920e-05
3 0 1 0 52 e   5160.331235400  5160.331229723  4.218e-05  1.084e-04  1.300e-04
0 1 2 1 52 f   5160.546837079  5160.546826271  2.298e-05  3.011e-04  3.076e-04
0 5 1 1 49 e   5162.677003837  5162.676997830  3.551e-05  3.007e-04  3.033e-04
2 4 0 0 83 e   5162.721301414  5162.721340097  3.507e-04  2.095e-04  1.864e-03
0 2 2 0 14 e   5163.223336839  5163.223339158  7.015e-06  4.000e-04  4.000e-04
1 0 2 0 32 e   5165.022712323  5165.022713068  4.580e-06  3.027e-04  3.027e-04
1 3 1 1 59 e   5165.072146943  5165.071921905  9.708e-04  5.219e-04  1.477e-03
1 4 1 2 31 f   5165.101232763  5165.101234436  1.067e-04  5.009e-03  7.077e-03
0 2 2 2 16 e   5168.116573838  5168.116699537  2.379e-04  5.009e-03  7.077e-03
0 2 2 0 15 e   5169.257484720  5169.257476536  9.386e-05  3.000e-04  3.000e-04
1 4 1 0 31 e   5171.055464371  5171.055454767  1.534e-04  3.000e-04  3.000e-04
2 2 1 0 44 e   5171.766354166  5171.766350677  1.659e-05  3.031e-04  3.031e-04
1 2 1 2 78 e   5173.430625305  5173.430663268  3.509e-04  3.062e-04  1.617e-03
0 2 2 2 17 e   5174.957011983  5174.957137141  2.185e-04  5.009e-03  7.077e-03
0 2 2 0 16 e   5175.693688755  5175.693690546  1.245e-05  4.000e-04  4.000e-04
0 4 1 0 71 e   5177.457444434  5177.457481923  3.510e-04  3.060e-04  1.326e-03
1 4 1 2 32 e   5178.027569678  5178.028016709  2.123e-03  5.009e-03  7.077e-03
1 0 2 0 33 e   5178.214522495  5178.214524967  1.271e-05  3.027e-04  3.027e-04
1 2 1 0 78 e   5179.672725305  5179.672763268  3.509e-04  3.062e-04  1.617e-03
0 1 2 1 53 e   5181.192984931  5181.192939665  1.657e-04  6.312e-05  1.809e-04
3 0 1 0 53 e   5181.490303052  5181.490301640  3.974e-05  1.084e-04  1.353e-04
0 1 2 1 53 f   5181.818931178  5181.818927019  3.619e-05  3.023e-04  3.117e-04
0 2 2 2 18 e   5182.199341786  5182.199464123  2.340e-04  5.009e-03  7.077e-03
0 2 2 0 17 e   5182.531986499  5182.531988689  8.084e-06  4.000e-04  4.000e-04
0 0 2 0 73 e   5182.818397873  5182.818436221  3.484e-04  3.061e-04  1.414e-03
0 5 1 1 50 e   5182.936689398  5182.936680772  2.073e-05  3.009e-04  3.045e-04
1 4 1 0 32 e   5183.998700277  5183.998691147  1.292e-04  3.000e-04  3.000e-04
0 2 2 0 18 e   5189.772546272  5189.772548732  6.456e-06  4.000e-04  4.000e-04
2 2 1 0 45 e   5189.874746466  5189.874747015  1.487e-05  3.022e-04  3.032e-04
1 3 1 1 60 f   5190.892536767  5190.892573961  3.488e-04  3.049e-04  7.811e-04
1 4 1 2 33 e   5191.384362262  5191.384390114  5.791e-04  5.009e-03  7.077e-03
1 4 1 2 33 f   5191.412431323  5191.412437918  9.675e-05  5.009e-03  7.077e-03
1 0 2 0 34 e   5191.805558225  5191.805558286  9.531e-06  3.022e-04  3.022e-04
2 4 0 0 84 e   5196.267030443  5196.267069338  3.507e-04  2.095e-04  1.897e-03
1 4 1 0 33 e   5197.346544120  5197.346496840  2.480e-04  3.000e-04  3.000e-04
0 2 2 0 19 e   5197.415274411  5197.415276334  4.897e-06  4.000e-04  4.000e-04
0 2 2 2 20 e   5197.891041786  5197.891164123  2.340e-04  5.009e-03  7.077e-03
0 6 1 0 5 e   5202.111654951  5202.111646448  2.389e-04  3.000e-04  3.000e-04
0 1 2 1 54 e   5202.841963177  5202.841955692  1.253e-04  4.288e-04  6.080e-04
3 0 1 0 54 e   5203.047699324  5203.047702926  4.935e-05  1.085e-04  1.391e-04
0 1 2 1 54 f   5203.491513861  5203.491507363  4.275e-05  3.024e-04  3.154e-04
0 5 1 1 51 e   5203.601038462  5203.601036790  6.801e-05  3.010e-04  3.055e-04
0 6 1 0 6 e   5204.551618626  5204.551618652  2.366e-07  4.000e-04  4.000e-04
1 4 1 2 34 e   5205.141449226  5205.141327982  2.808e-03  5.009e-03  7.077e-03
1 4 1 2 34 f   5205.174205562  5205.174160426  2.447e-04  5.009e-03  7.077e-03
0 2 2 0 20 e   5205.460330570  5205.460331450  9.937e-06  3.000e-04  3.000e-04
1 0 2 0 35 e   5205.808097409  5205.806857330  2.281e-02  1.000e-01  1.000e-01
0 4 1 0 72 e   5206.628325106  5206.628362735  3.510e-04  3.061e-04  1.371e-03
0 6 1 0 7 e   5207.397365049  5207.397365216  4.084e-07  3.000e-04  3.000e-04
2 2 1 0 46 e   5208.505633753  5208.489470253  1.163e-01  1.000e-01  1.163e-01
0 6 1 0 8 e   5210.650395510  5210.650395541  3.650e-07  3.000e-04  3.000e-04
1 4 1 0 34 e   5211.098697968  5211.098682668  1.496e-04  3.000e-04  3.000e-04
0 0 2 0 74 e   5212.410152907  5212.410190758  3.511e-04  3.062e-04  1.458e-03
1 3 1 1 61 e   5213.864581055  5213.864356017  9.708e-04  5.219e-04  1.557e-03
0 2 2 0 21 e   5213.968284515  5213.968126242  2.798e-03  1.000e-01  1.000e-01
0 6 1 0 9 e   5214.308390826  5214.308381424  7.385e-05  3.000e-04  3.000e-04
0 2 2 2 22 e   5215.190789659  5215.190993157  3.951e-04  5.009e-03  7.077e-03
0 2 2 2 22 f   5215.193574234  5215.193443972  5.970e-04  5.099e-03  8.718e-03
1 3 1 1 61 f   5215.543012115  5215.543049310  3.488e-04  3.049e-04  7.250e-04
1 4 1 2 35 e   5219.305608755  5219.305228323  1.039e-03  5.009e-03  7.077e-03
1 4 1 2 35 f   5219.341129884  5219.341139859  9.251e-05  5.009e-03  7.077e-03
1 0 2 0 36 e   5220.184952946  5220.184951553  6.911e-06  3.022e-04  3.022e-04
0 2 2 0 22 e   5222.756251566  5222.756247310  8.390e-05  3.000e-04  3.000e-04
0 2 2 2 23 e   5224.443146771  5224.443376255  4.254e-04  5.009e-03  7.077e-03
0 5 1 1 52 e   5224.669868631  5224.669864976  1.139e-04  3.023e-04  3.090e-04
0 1 2 1 55 e   5224.890410990  5224.890354591  2.378e-04  1.106e-04  2.561e-04
3 0 1 0 55 e   5225.003292560  5225.003333411  1.323e-04  1.181e-04  1.681e-04
1 4 1 0 35 e   5225.255597740  5225.255598304  1.838e-05  3.000e-04  3.000e-04
0 1 2 1 55 f   5225.564395093  5225.564393800  3.741e-05  3.036e-04  3.199e-04
2 2 1 0 47 e   5227.406116107  5227.398440473  8.358e-02  1.000e-01  1.000e-01
0 4 1 2 73 e   5229.284352401  5229.284390067  3.510e-04  3.061e-04  1.415e-03
2 4 0 0 85 e   5230.259238480  5230.259277464  3.507e-04  2.095e-04  1.929e-03
0 2 2 0 23 e   5232.007269960  5232.007263684  9.469e-05  3.000e-04  3.000e-04
0 6 1 0 13 e   5233.009813609  5233.009813938  1.809e-06  3.000e-04  3.000e-04
1 4 1 2 36 e   5233.870982716  5233.870823723  2.840e-03  5.009e-03  7.077e-03
1 4 1 2 36 f   5233.912915395  5233.912856453  4.908e-04  5.027e-03  1.003e-02
0 2 2 2 24 e   5234.099394435  5234.099565617  4.178e-04  5.009e-03  7.077e-03
1 0 2 0 37 e   5234.973235678  5234.973237872  5.410e-05  3.022e-04  3.022e-04
0 6 1 0 14 e   5238.701465972  5238.701465706  1.636e-05  3.000e-04  3.000e-04
1 3 1 1 62 e   5238.863601844  5238.863376939  9.704e-04  5.219e-04  1.517e-03
1 4 1 0 36 e   5239.816550211  5239.816550253  6.917e-07  3.000e-04  3.000e-04
1 3 1 1 62 f   5240.596336767  5240.596373961  3.488e-04  3.049e-04  7.811e-04
0 2 2 0 24 e   5241.660475209  5241.660466737  1.217e-04  3.000e-04  3.000e-04
0 0 2 0 75 e   5242.399909377  5242.399947349  3.509e-04  3.062e-04  1.579e-03
1 2 1 0 80 e   5243.701517379  5243.701555510  3.509e-04  3.062e-04  1.691e-03
0 2 2 2 25 e   5244.156276667  5244.156442914  4.181e-04  5.009e-03  7.077e-03
0 6 1 0 15 e   5244.799733773  5244.799733797  4.205e-07  3.000e-04  3.000e-04
0 5 1 1 53 e   5246.143010745  5246.143004180  4.470e-05  3.025e-04  3.111e-04
2 2 1 0 48 e   5246.609403405  5246.609397382  1.944e-05  3.037e-04  3.072e-04
3 0 1 0 56 e   5247.343869549  5247.344863466  7.667e-03  1.121e-04  7.668e-03
0 1 2 1 56 f   5248.037144343  5248.037142456  4.056e-05  3.036e-04  3.226e-04
1 4 1 2 37 e   5248.843011167  5248.843842676  3.164e-03  5.009e-03  7.077e-03
1 4 1 2 37 f   5248.887147980  5248.887171643  8.949e-05  5.009e-03  7.077e-03
1 0 2 0 38 e   5250.160392798  5250.160394515  8.955e-06  3.022e-04  3.022e-04
0 6 1 0 16 e   5251.304756242  5251.304691839  3.226e-04  3.000e-04  3.226e-04
0 2 2 0 25 e   5251.715678782  5251.715689091  5.935e-05  3.000e-04  3.000e-04
0 2 2 2 26 e   5254.611774246  5254.612548262  3.628e-03  5.009e-03  7.077e-03
1 4 1 0 37 e   5254.782204871  5254.782205457  4.588e-06  3.022e-04  3.045e-04
0 6 1 0 17 e   5258.215429204  5258.215429261  4.058e-07  3.000e-04  3.000e-04
0 4 1 2 74 e   5259.217149707  5259.217187638  3.509e-04  3.062e-04  1.458e-03
0 2 2 0 26 e   5262.172403934  5262.172406362  7.908e-06  4.000e-04  4.000e-04
1 4 1 2 38 e   5264.215216206  5264.215020911  2.895e-03  5.009e-03  7.077e-03
1 3 1 1 63 e   5264.264581055  5264.264356017  9.708e-04  5.219e-04  1.557e-03
1 4 1 2 38 f   5264.267215395  5264.267156453  4.908e-04  5.009e-03  7.077e-03
2 4 0 0 86 e   5264.634367293  5264.634406347  3.507e-04  2.095e-04  1.960e-03
0 2 2 2 27 e   5265.477329360  5265.477450131  4.267e-04  5.009e-03  7.077e-03
1 0 2 0 39 e   5265.746666581  5265.746666786  4.734e-06  3.022e-04  3.022e-04
1 3 1 1 63 f   5266.052386295  5266.052423487  3.488e-04  3.049e-04  8.335e-04
0 4 1 0 74 e   5266.182149707  5266.182187638  3.509e-04  3.062e-04  1.458e-03
2 2 1 0 49 e   5266.324212657  5266.324207630  1.996e-05  3.010e-04  3.043e-04
0 5 1 1 54 e   5268.020663177  5268.020655692  1.253e-04  5.210e-04  6.762e-04
3 0 1 0 57 e   5270.106561879  5270.106594119  3.471e-04  1.121e-04  5.434e-04
1 4 1 0 38 e   5270.151829615  5270.151831842  6.024e-05  3.000e-04  3.000e-04
0 1 2 1 57 e   5270.188306122  5270.188212358  1.182e-03  3.040e-04  1.187e-03
0 1 2 1 57 f   5270.910330187  5270.910342164  2.263e-04  3.036e-04  3.935e-04
0 0 2 0 76 e   5272.787525305  5272.787563268  3.509e-04  3.062e-04  1.617e-03
0 2 2 0 27 e   5273.031778755  5273.031760447  1.196e-04  3.000e-04  3.000e-04
0 6 1 0 19 e   5273.257268234  5273.257268281  2.366e-07  4.000e-04  4.000e-04
1 2 1 0 81 e   5276.316809107  5276.316846921  3.520e-04  3.063e-04  1.728e-03
0 2 2 2 28 e   5276.736974246  5276.737748262  3.628e-03  5.009e-03  7.077e-03
2 3 1 1 1 e   5280.943062171  5280.943062313  1.203e-06  4.000e-04  4.000e-04
0 6 1 0 20 e   5281.388186206  5281.388186253  2.371e-07  4.000e-04  4.000e-04
1 0 2 0 40 e   5281.716626157  5281.720291486  2.608e-02  1.000e-01  1.000e-01
2 3 1 1 2 e   5281.749704946  5281.749761060  5.324e-04  4.000e-04  5.324e-04
2 3 1 1 2 f   5281.751557697  5281.751557840  1.203e-06  4.000e-04  4.000e-04
2 3 1 1 3 e   5282.959217880  5282.959159013  1.141e-03  4.000e-04  1.141e-03
2 3 1 1 3 f   5282.962601408  5282.962601394  1.362e-06  4.000e-04  4.000e-04
0 2 2 0 28 e   5284.292042744  5284.292045732  8.370e-06  4.000e-04  4.000e-04
2 3 1 1 4 e   5284.568605865  5284.568586984  1.494e-03  4.000e-04  1.494e-03
2 3 1 1 4 f   5284.573156861  5284.572939010  2.803e-03  4.000e-04  2.803e-03
1 4 1 0 39 e   5285.926066877  5285.926067659  4.019e-06  3.022e-04  3.045e-04
2 2 1 0 50 e   5286.330746864  5286.330743651  3.140e-05  1.000e-01  1.000e-01
2 3 1 1 5 e   5286.589063371  5286.589096566  1.046e-03  4.000e-04  1.046e-03
2 3 1 1 5 f   5286.596205228  5286.596316933  8.334e-04  4.000e-04  8.334e-04
0 2 2 2 29 e   5288.406452157  5288.406568310  4.329e-04  5.009e-03  7.077e-03
2 3 1 1 6 e   5289.002450392  5289.002452666  7.949e-04  4.000e-04  7.949e-04
2 3 1 1 6 f   5289.015385442  5289.015386231  3.568e-05  4.000e-04  4.000e-04
0 4 1 2 75 e   5289.553043346  5289.553081286  3.509e-04  3.062e-04  1.499e-03
1 3 1 1 64 e   5290.067968670  5290.067726174  9.203e-04  6.041e-04  1.611e-03
0 5 1 1 55 e   5290.302612888  5290.302612947  4.216e-05  3.040e-04  3.233e-04
2 3 1 1 7 e   5291.825577806  5291.825775435  2.527e-03  4.000e-04  2.527e-03
2 3 1 1 7 f   5291.848646864  5291.848647175  1.660e-05  4.000e-04  4.000e-04
3 0 1 0 58 e   5293.256741342  5293.256737621  3.472e-04  1.121e-04  4.480e-04
0 1 2 1 58 e   5293.436650278  5293.436418307  1.408e-03  5.219e-04  1.761e-03
0 1 2 1 58 f   5294.183408888  5294.183424140  2.256e-04  3.036e-04  4.533e-04
2 3 1 1 8 e   5295.045539586  5295.045562245  1.776e-04  4.000e-04  4.000e-04
2 3 1 1 8 f   5295.078645939  5295.078615726  2.465e-04  4.000e-04  4.000e-04
0 2 2 0 29 e   5295.955874483  5295.955876269  4.545e-06  3.000e-04  3.000e-04
1 4 1 2 40 e   5296.174077296  5296.173798037  3.104e-03  5.009e-03  7.077e-03
0 4 1 0 75 e   5296.564743346  5296.564781286  3.509e-04  3.062e-04  1.499e-03
1 0 2 0 41 e   5298.115985210  5298.115986044  3.596e-06  3.022e-04  3.022e-04
2 3 1 1 9 e   5298.671994863  5298.671960925  5.705e-04  4.000e-04  5.705e-04
2 3 1 1 9 f   5298.713877773  5298.713855589  1.835e-04  4.000e-04  4.000e-04
0 6 1 0 22 e   5298.869982090  5298.869982136  2.371e-07  4.000e-04  4.000e-04
0 2 2 2 30 e   5300.471367089  5300.471837287  2.138e-03  5.009e-03  7.077e-03
2 3 1 1 10 e   5302.700432991  5302.700425756  2.964e-04  4.000e-04  4.000e-04
2 3 1 1 10 f   5302.753689194  5302.753732217  7.230e-04  4.000e-04  7.230e-04
2 2 1 0 51 e   5306.883434286  5306.883429423  3.320e-05  1.000e-01  1.000e-01
2 3 1 1 11 e   5307.131971390  5307.131968498  3.037e-05  4.000e-04  4.000e-04
2 3 1 1 11 f   5307.195614572  5307.195615822  1.469e-05  4.000e-04  4.000e-04
0 2 2 0 30 e   5308.020655486  5308.020639328  7.033e-05  3.000e-04  3.000e-04
2 3 1 1 12 e   5311.966675898  5311.966675867  6.737e-06  4.000e-04  4.000e-04
2 3 1 1 12 f   5312.041494810  5312.041492207  7.870e-05  4.000e-04  4.000e-04
1 4 1 2 41 e   5312.760725835  5312.760557798  2.722e-03  5.009e-03  7.077e-03
0 2 2 2 31 e   5312.942518137  5312.942568492  5.646e-04  5.009e-03  7.077e-03
0 5 1 1 56 e   5312.988352081  5312.988364003  2.263e-04  3.037e-04  3.891e-04
1 0 2 0 42 e   5314.898716797  5314.898717945  7.268e-06  3.022e-04  3.022e-04
1 3 1 1 65 e   5316.272574425  5316.272331909  9.203e-04  6.041e-04  1.573e-03
3 0 1 0 59 e   5316.804378240  5316.804417875  3.485e-04  1.156e-04  5.686e-04
0 1 2 1 59 e   5317.086238276  5317.086012019  9.708e-04  4.300e-04  1.421e-03
2 3 1 1 13 e   5317.204049007  5317.204039079  1.626e-04  4.000e-04  4.000e-04
2 3 1 1 13 f   5317.291849277  5317.291849455  8.697e-07  4.000e-04  4.000e-04
0 1 2 1 59 f   5317.856697339  5317.856734536  3.488e-04  3.049e-04  6.466e-04
0 6 1 0 24 e   5317.977224090  5317.977224136  2.371e-07  4.000e-04  4.000e-04
1 3 1 1 65 f   5318.171952291  5318.171994744  3.524e-04  3.062e-04  1.072e-03
1 4 1 0 41 e   5318.687512625  5318.687515297  9.584e-05  3.000e-04  3.000e-04
0 2 2 0 31 e   5320.563763626  5320.564395897  1.767e-02  1.000e-01  1.000e-01
2 3 1 1 14 e   5322.846005601  5322.845992385  9.838e-04  4.000e-04  9.838e-04
2 3 1 1 14 f   5322.945779250  5322.945779312  7.194e-07  4.000e-04  4.000e-04
0 2 2 2 32 e   5325.811611689  5325.812035461  2.144e-03  5.009e-03  7.077e-03
0 4 1 0 76 e   5327.351856107  5327.351894064  3.509e-04  3.062e-04  1.539e-03
2 2 1 0 52 e   5327.877956905  5327.877954411  3.337e-05  3.053e-04  3.163e-04
2 3 1 1 15 e   5328.887728454  5328.887726678  1.073e-04  4.000e-04  4.000e-04
2 3 1 1 15 f   5329.003368763  5329.003378556  9.882e-05  4.000e-04  4.000e-04
1 4 1 2 42 f   5329.825199996  5329.825223568  5.263e-04  5.009e-03  7.077e-03
1 0 2 0 43 e   5332.080430524  5332.080431490  5.928e-06  3.022e-04  3.022e-04
0 2 2 0 32 e   5333.355868177  5333.355860110  8.012e-05  3.000e-04  3.000e-04
2 4 0 0 88 e   5334.570227293  5334.570266347  3.507e-04  2.095e-04  1.960e-03
2 3 1 1 16 e   5335.334192284  5335.334196988  5.539e-05  4.000e-04  4.000e-04
2 3 1 1 16 f   5335.464368342  5335.464358582  1.633e-04  4.000e-04  4.000e-04
1 4 1 0 42 e   5335.674692216  5335.674692076  4.600e-05  3.000e-04  3.000e-04
0 6 1 0 26 e   5338.711203838  5338.711203883  2.371e-07  4.000e-04  4.000e-04
0 2 2 2 33 e   5339.085104140  5339.084718612  1.041e-03  5.009e-03  7.077e-03
3 0 1 0 60 e   5340.749788886  5340.749833924  3.501e-04  1.156e-04  6.474e-04
0 1 2 1 60 e   5341.133291593  5341.133031785  9.748e-04  4.300e-04  1.438e-03
0 1 2 1 60 f   5341.929777689  5341.929814886  3.488e-04  3.049e-04  7.346e-04
2 3 1 1 17 e   5342.183059365  5342.183055308  1.962e-04  4.000e-04  4.000e-04
2 3 1 1 17 f   5342.329739238  5342.329739936  1.108e-05  4.000e-04  4.000e-04
1 2 1 0 83 e   5342.749185662  5342.749224080  3.508e-04  3.063e-04  1.797e-03
1 3 1 1 66 e   5342.876311833  5342.876336843  4.578e-04  3.517e-03  5.079e-03
1 3 1 1 66 f   5344.835412772  5344.835452224  3.506e-04  3.062e-04  1.127e-03
0 2 2 0 33 e   5346.626255612  5346.626246420  1.174e-04  3.000e-04  3.000e-04
1 4 1 2 43 e   5347.139702303  5347.137578787  6.126e-03  5.009e-03  8.663e-03
2 2 1 0 53 e   5349.151548767  5349.151549118  3.509e-05  1.000e-01  1.000e-01
2 3 1 1 18 e   5349.434434905  5349.434435091  1.524e-06  4.000e-04  4.000e-04
2 3 1 1 18 f   5349.598565832  5349.598559282  6.468e-05  4.000e-04  4.000e-04
1 0 2 0 44 e   5349.687420470  5349.687418084  1.377e-05  1.000e-01  1.000e-01
0 2 2 2 34 e   5352.757949226  5352.757827982  2.808e-03  5.009e-03  7.077e-03
1 4 1 0 43 e   5353.066471530  5353.066467934  6.450e-05  3.001e-04  3.002e-04
2 3 1 1 19 e   5357.088918325  5357.088918486  1.526e-06  4.000e-04  4.000e-04
2 3 1 1 19 f   5357.271187306  5357.271189878  4.402e-05  4.000e-04  4.000e-04
0 5 1 1 58 e   5359.572924765  5359.572732700  1.375e-03  6.102e-04  1.947e-03
0 2 2 0 34 e   5360.298304240  5360.298299284  5.820e-05  3.000e-04  3.000e-04
1 4 1 2 44 f   5365.029402085  5365.029426456  5.259e-04  5.009e-03  7.077e-03
3 0 1 0 61 e   5365.093136808  5365.093182404  3.499e-04  1.156e-04  7.347e-04
2 3 1 1 20 e   5365.145604800  5365.145605122  4.223e-05  4.000e-04  4.000e-04
2 3 1 1 20 f   5365.347065777  5365.347067256  2.535e-05  4.000e-04  4.000e-04
0 1 2 1 61 e   5365.579903000  5365.579638313  1.009e-03  4.300e-04  1.503e-03
0 0 2 0 79 e   5366.336132553  5366.336170734  3.513e-04  3.063e-04  1.728e-03
0 1 2 1 61 f   5366.403012115  5366.403049310  3.488e-04  3.049e-04  7.250e-04
0 2 2 2 35 e   5366.836404140  5366.836018612  1.041e-03  5.009e-03  7.077e-03
1 0 2 0 45 e   5367.639602675  5367.639596766  4.566e-05  3.022e-04  3.040e-04
1 3 1 1 67 e   5369.887415739  5369.886965996  8.016e-04  6.763e-04  1.513e-03
2 4 0 0 89 e   5370.132465856  5370.132504965  3.507e-04  2.095e-04  1.990e-03
1 4 1 0 44 e   5370.862381580  5370.862373940  7.175e-05  3.002e-04  3.003e-04
2 2 1 0 54 e   5370.920211564  5370.920148888  1.053e-03  3.070e-04  1.057e-03
1 3 1 1 67 f   5371.901500162  5371.901539251  3.537e-04  3.516e-03  5.101e-03
2 3 1 1 21 e   5373.605324736  5373.605324511  3.603e-06  4.000e-04  4.000e-04
2 3 1 1 21 f   5373.827086843  5373.827087121  6.865e-07  4.000e-04  4.000e-04
0 2 2 0 35 e   5374.372204689  5374.372197910  6.242e-05  3.000e-04  3.000e-04
1 2 1 0 84 e   5376.565856261  5376.565894814  3.507e-04  3.064e-04  1.831e-03
0 2 2 2 36 e   5381.312549226  5381.312427982  2.808e-03  5.009e-03  7.077e-03
2 3 1 1 22 e   5382.467767324  5382.467767813  2.576e-06  4.000e-04  4.000e-04
2 3 1 1 22 f   5382.710438159  5382.710438366  9.539e-05  4.000e-04  4.000e-04
1 4 1 2 45 f   5383.237660464  5383.237654945  1.966e-04  5.009e-03  7.077e-03
0 5 1 1 59 e   5383.474023150  5383.473798758  9.827e-04  5.219e-04  1.429e-03
1 0 2 0 46 e   5386.017253557  5386.017249784  1.547e-05  3.031e-04  3.053e-04
0 2 2 0 36 e   5388.847639194  5388.847637659  6.316e-05  3.000e-04  3.000e-04
1 4 1 0 45 e   5389.062354921  5389.062346737  6.859e-05  3.003e-04  3.005e-04
3 0 1 0 62 e   5389.834018259  5389.834056171  3.480e-04  2.140e-04  8.122e-04
0 1 2 1 62 e   5390.426110139  5390.425885101  9.708e-04  5.219e-04  1.518e-03
0 1 2 1 62 f   5391.275636767  5391.275673961  3.488e-04  3.049e-04  7.811e-04
2 3 1 1 23 e   5391.732711147  5391.732705798  7.778e-05  4.000e-04  4.000e-04
2 3 1 1 23 f   5391.997575600  5391.997577196  8.298e-05  4.000e-04  4.000e-04
2 2 1 0 55 e   5393.044520192  5393.044520766  3.630e-05  3.065e-04  3.236e-04
0 2 2 2 37 e   5396.193313369  5396.192938292  1.032e-03  5.009e-03  7.077e-03
1 3 1 1 68 e   5397.294903125  5397.294919263  4.551e-04  3.517e-03  5.103e-03
0 6 1 0 31 e   5397.661000573  5397.661001963  1.786e-05  3.000e-04  3.000e-04
0 0 2 0 80 e   5398.314280879  5398.314319096  3.509e-04  3.062e-04  1.763e-03
2 3 1 1 24 e   5401.400158553  5401.400159304  2.812e-05  4.000e-04  4.000e-04
2 3 1 1 24 f   5401.688039545  5401.688039453  1.739e-06  4.000e-04  4.000e-04
1 4 1 2 46 e   5401.737079974  5401.736898920  1.506e-03  5.009e-03  7.078e-03
0 2 2 0 37 e   5403.724798428  5403.724801159  8.656e-06  4.000e-04  4.000e-04
1 0 2 0 47 e   5404.793312184  5404.793306349  1.939e-05  3.010e-04  3.039e-04
2 4 0 0 90 e   5406.090714772  5406.090754110  3.507e-04  3.064e-04  2.021e-03
1 4 1 0 46 e   5407.666899221  5407.666905266  8.653e-05  3.004e-04  3.011e-04
0 5 1 1 60 e   5407.776682777  5407.776444633  9.568e-04  5.219e-04  1.426e-03
0 6 1 0 32 e   5410.670340277  5410.670340341  5.482e-07  3.000e-04  3.000e-04
2 3 1 1 25 e   5411.470446848  5411.470442948  5.244e-05  4.000e-04  4.000e-04
0 2 2 2 38 e   5411.472446751  5411.472208986  3.010e-03  5.009e-03  7.077e-03
2 3 1 1 25 f   5411.782170545  5411.782169570  1.338e-05  4.000e-04  4.000e-04
3 0 1 0 63 e   5414.972850789  5414.972889518  3.496e-04  1.156e-04  1.012e-03
2 2 1 0 56 e   5415.530096006  5415.530134211  3.489e-04  1.000e-01  1.000e-01
0 1 2 1 63 e   5415.671339301  5415.671110244  9.703e-04  4.300e-04  1.557e-03
0 1 2 1 63 f   5416.548186295  5416.548223487  3.488e-04  3.049e-04  8.335e-04
0 2 2 0 38 e   5419.003835807  5419.003836209  1.831e-06  3.000e-04  3.000e-04
2 3 1 1 26 e   5421.943367756  5421.943367667  2.717e-05  4.000e-04  4.000e-04
2 3 1 1 26 f   5422.279972545  5422.279972453  1.739e-06  4.000e-04  4.000e-04
1 0 2 0 48 e   5423.967903959  5423.967898728  1.918e-05  3.037e-04  3.072e-04
0 6 1 0 33 e   5424.086675870  5424.086673429  7.218e-05  3.000e-04  3.000e-04
1 3 1 1 69 e   5425.108247749  5425.107694128  8.893e-04  8.587e-04  1.759e-03
1 4 1 0 47 e   5426.675492165  5426.675485011  2.017e-05  3.007e-04  3.035e-04
0 2 2 2 39 e   5427.156625835  5427.156457798  2.722e-03  5.009e-03  7.077e-03
1 3 1 1 69 f   5427.240100162  5427.240139251  3.537e-04  3.516e-03  5.101e-03
0 0 2 0 81 e   5430.690085662  5430.690124080  3.508e-04  3.063e-04  1.797e-03
0 5 1 1 61 e   5432.483146943  5432.482921905  9.708e-04  5.219e-04  1.477e-03
2 3 1 1 27 e   5432.818401979  5432.818404243  8.688e-05  4.000e-04  4.000e-04
2 3 1 1 27 f   5433.181083670  5433.181081348  1.218e-04  4.000e-04  4.000e-04
0 2 2 0 39 e   5434.684218604  5434.684210531  1.154e-04  3.000e-04  3.000e-04
0 6 1 0 34 e   5437.909345244  5437.909351308  7.334e-05  3.000e-04  3.000e-04
2 2 1 0 57 e   5438.467586462  5438.467624489  3.485e-04  1.000e-01  1.000e-01
3 0 1 0 64 e   5440.509455970  5440.509497435  3.510e-04  1.156e-04  1.071e-03
0 1 2 1 64 e   5441.315831109  5441.315581577  9.372e-04  5.219e-04  1.575e-03
0 1 2 1 64 f   5442.220296261  5442.220333453  3.488e-04  3.049e-04  9.035e-04
2 4 0 0 91 e   5442.445536766  5442.445576452  3.506e-04  5.039e-04  2.083e-03
0 2 2 2 40 e   5443.260535376  5443.260014144  1.455e-02  5.009e-03  2.058e-02
1 0 2 0 49 e   5443.541021382  5443.541017572  2.404e-05  3.010e-04  3.043e-04
2 3 1 1 28 e   5444.096463332  5444.096464968  1.147e-04  4.000e-04  4.000e-04
2 3 1 1 28 f   5444.485503534  5444.485505113  5.033e-05  4.000e-04  4.000e-04
1 2 1 0 86 e   5445.400407293  5445.400446347  3.507e-04  3.064e-04  1.960e-03
1 4 1 0 48 e   5446.088514643  5446.088510911  2.481e-05  3.006e-04  3.024e-04
4 0 1 0 3 e   5447.351266431  5447.351266429  4.496e-08  4.000e-04  4.000e-04
0 2 2 0 40 e   5450.766190361  5450.766192176  5.194e-06  3.000e-04  3.000e-04
4 0 1 0 5 e   5450.937370200  5450.937370597  1.367e-05  4.000e-04  4.000e-04
0 6 1 0 35 e   5452.138605616  5452.138595169  1.272e-04  3.000e-04  3.000e-04
4 0 1 0 6 e   5453.328250813  5453.328250844  2.346e-07  4.000e-04  4.000e-04
1 1 2 1 2 e   5453.663798347  5453.663806241  2.248e-04  3.270e-04  3.270e-04
1 1 2 1 2 f   5453.665740891  5453.665741027  1.266e-06  4.000e-04  4.000e-04
0 4 1 0 80 e   5454.533517379  5454.533555510  3.509e-04  3.062e-04  1.691e-03
1 1 2 1 3 e   5454.865733589  5454.865733575  1.362e-06  4.000e-04  4.000e-04
1 1 2 1 3 f   5454.868466330  5454.868466473  1.203e-06  4.000e-04  4.000e-04
1 3 1 1 70 f   5455.513194948  5455.513216556  3.819e-04  3.516e-03  5.137e-03
2 3 1 1 29 e   5455.776466556  5455.776491431  1.835e-04  4.000e-04  4.000e-04
4 0 1 0 7 e   5456.117684969  5456.117685000  2.356e-07  4.000e-04  4.000e-04
2 3 1 1 29 f   5456.193760881  5456.193761179  1.594e-06  4.000e-04  4.000e-04
0 5 1 1 62 e   5457.594101844  5457.593879452  9.909e-04  5.219e-04  1.531e-03
1 1 2 1 5 e   5458.470518154  5458.470518282  1.047e-06  4.000e-04  4.000e-04
4 0 1 0 8 e   5459.305692813  5459.305692844  2.346e-07  4.000e-04  4.000e-04
1 4 1 2 49 e   5459.963834398  5459.963825772  2.073e-05  5.009e-03  7.078e-03
1 1 2 1 6 e   5460.875710548  5460.875730399  1.169e-04  3.270e-04  3.519e-04
1 1 2 1 6 f   5460.883897857  5460.883898014  9.233e-07  4.000e-04  4.000e-04
2 2 1 0 58 e   5461.829006860  5461.829044838  3.485e-04  1.000e-01  1.000e-01
4 0 1 0 9 e   5462.891730269  5462.891714927  1.511e-04  4.000e-04  4.000e-04
0 0 2 0 82 e   5463.462756261  5463.462794814  3.507e-04  3.064e-04  1.831e-03
1 0 2 0 50 e   5463.512403849  5463.512398519  1.932e-05  3.037e-04  3.097e-04
1 1 2 1 7 e   5463.677531458  5463.677531619  9.230e-07  4.000e-04  4.000e-04
1 4 1 0 49 e   5465.905807983  5465.905794524  1.424e-04  3.009e-04  3.042e-04
3 0 1 0 65 e   5466.443337183  5466.443384730  3.506e-04  1.156e-04  1.126e-03
0 6 1 0 36 e   5466.774375080  5466.774362780  1.745e-04  3.000e-04  3.000e-04
4 0 1 0 10 e   5466.876107765  5466.876107621  1.005e-05  4.000e-04  4.000e-04
1 1 2 1 8 e   5466.881185607  5466.881258630  2.490e-04  3.270e-04  3.270e-04
0 2 2 0 41 e   5467.249692811  5467.249697718  1.229e-05  4.000e-04  4.000e-04
0 1 2 1 65 e   5467.360438927  5467.360189526  9.164e-04  5.267e-04  1.571e-03
2 3 1 1 30 e   5467.859270273  5467.859270650  9.889e-06  4.000e-04  4.000e-04
0 1 2 1 65 f   5468.294012772  5468.294052224  3.506e-04  4.415e-03  6.256e-03
2 3 1 1 30 f   5468.304954445  5468.304954587  1.308e-06  4.000e-04  4.000e-04
1 1 2 1 9 e   5470.485839030  5470.485914351  4.887e-04  3.270e-04  4.887e-04
4 0 1 0 11 e   5471.259205243  5471.259205259  4.556e-07  4.000e-04  4.000e-04
1 1 2 1 10 e   5474.491881256  5474.491881432  8.742e-07  4.000e-04  4.000e-04
0 2 2 2 42 e   5476.630335376  5476.629814144  1.455e-02  5.009e-03  2.058e-02
1 1 2 1 11 e   5478.897330512  5478.897330690  8.697e-07  4.000e-04  4.000e-04
2 4 0 0 92 e   5479.195748295  5479.195788221  3.507e-04  5.039e-04  2.112e-03
1 4 1 2 50 e   5480.178311179  5480.178302136  2.312e-05  5.009e-03  7.078e-03
2 3 1 1 31 e   5480.344315520  5480.344309283  1.504e-04  4.000e-04  4.000e-04
1 2 1 0 87 e   5480.390568480  5480.390607464  3.507e-04  3.064e-04  1.929e-03
2 3 1 1 31 f   5480.819922472  5480.819925864  4.477e-05  4.000e-04  4.000e-04
0 6 1 0 37 e   5481.816473510  5481.816474618  4.813e-05  3.000e-04  3.000e-04
1 3 1 1 71 e   5481.934647749  5481.934094128  8.893e-04  8.587e-04  1.759e-03
0 5 1 1 63 e   5483.108777740  5483.108551248  9.488e-04  5.219e-04  1.543e-03
1 1 2 1 12 e   5483.702263608  5483.702266430  3.881e-05  3.270e-04  3.519e-04
1 1 2 1 12 f   5483.742780310  5483.742782042  1.191e-04  4.000e-04  4.000e-04
1 0 2 0 51 e   5483.882144028  5483.882140786  2.907e-05  3.042e-04  3.113e-04
0 2 2 0 42 e   5484.134783592  5484.134783346  5.416e-06  3.000e-04  3.000e-04
1 3 1 1 71 f   5484.188052840  5484.188094696  3.549e-04  3.516e-03  5.125e-03
2 2 1 0 59 e   5485.550818346  5485.550857109  3.478e-04  3.095e-04  7.337e-04
1 4 1 0 50 e   5486.127203684  5486.127198083  1.922e-05  3.037e-04  3.101e-04
4 0 1 0 14 e   5486.799191081  5486.799191122  2.354e-07  4.000e-04  4.000e-04
1 1 2 1 13 f   5488.945493277  5488.945493455  8.697e-07  4.000e-04  4.000e-04
3 0 1 0 66 e   5492.775147736  5492.775186509  3.496e-04  1.156e-04  1.070e-03
4 0 1 0 15 e   5492.775521214  5492.775523909  1.291e-04  4.000e-04  4.000e-04
2 3 1 1 32 e   5493.232067634  5493.232067511  2.546e-06  4.000e-04  4.000e-04
2 3 1 1 32 f   5493.737861658  5493.737861579  1.507e-06  4.000e-04  4.000e-04
0 1 2 1 66 e   5493.799911833  5493.799936843  4.578e-04  3.517e-03  5.079e-03
0 2 2 2 43 e   5493.895502303  5493.893378787  6.126e-03  5.009e-03  8.663e-03
1 1 2 1 14 e   5494.516518597  5494.516581787  4.895e-04  3.270e-04  5.065e-04
1 1 2 1 14 f   5494.569386917  5494.569409778  1.220e-04  4.000e-04  4.000e-04
0 1 2 1 66 f   5494.763512772  5494.763552224  3.506e-04  1.174e-04  1.127e-03
0 0 2 0 83 e   5496.632911414  5496.632950097  3.507e-04  3.064e-04  1.864e-03
0 6 1 0 38 e   5497.265099950  5497.265100104  8.128e-07  3.000e-04  3.000e-04
4 0 1 0 16 e   5499.150277656  5499.150277703  2.375e-07  4.000e-04  4.000e-04
1 4 1 2 51 e   5500.799793890  5500.799721042  3.284e-03  5.009e-03  7.078e-03
1 4 1 2 51 f   5500.963965867  5500.963962436  7.473e-05  5.009e-03  7.078e-03
0 2 2 0 43 e   5501.421342727  5501.421341559  7.836e-06  3.001e-04  3.001e-04
1 0 2 0 52 e   5504.650078789  5504.650075705  3.199e-05  3.042e-04  3.125e-04
4 0 1 0 17 e   5505.923730595  5505.923720986  1.068e-04  4.000e-04  4.000e-04
2 3 1 1 33 e   5506.521965746  5506.521964341  4.876e-06  4.000e-04  4.001e-04
1 1 2 1 16 e   5506.931444949  5506.931442425  7.719e-06  3.270e-04  3.519e-04
2 3 1 1 33 f   5507.059238314  5507.059238369  2.156e-06  4.000e-04  4.000e-04
2 2 1 0 60 e   5509.679096951  5509.679135290  3.489e-04  3.089e-04  6.467e-04
1 3 1 1 72 e   5511.385185254  5511.385221641  3.513e-04  3.533e-03  5.172e-03
0 2 2 2 44 e   5511.604435376  5511.603914144  1.455e-02  5.027e-03  2.911e-02
4 0 1 0 18 e   5513.095583710  5513.095584056  3.509e-05  4.000e-04  4.000e-04
0 6 1 0 39 e   5513.120575820  5513.120575751  9.515e-05  3.000e-04  3.000e-04
1 3 1 1 72 f   5513.264796407  5513.264818654  3.813e-04  3.516e-03  5.137e-03
1 1 2 1 17 e   5513.740252343  5513.740251068  3.453e-04  3.270e-04  3.690e-04
1 1 2 1 17 f   5513.817317707  5513.817317820  4.836e-07  4.000e-04  4.000e-04
0 2 2 0 44 e   5519.168479147  5519.168529823  7.471e-04  1.000e-01  1.000e-01
3 0 1 0 67 e   5519.504457595  5519.504495772  3.502e-04  2.177e-04  1.230e-03
2 3 1 1 34 e   5520.214072391  5520.214072287  3.193e-06  4.000e-04  4.000e-04
0 1 2 1 67 e   5520.645025958  5520.644522991  7.814e-04  7.984e-04  1.586e-03
4 0 1 0 19 e   5520.665279932  5520.665289567  1.936e-04  4.000e-04  4.000e-04
2 3 1 1 34 f   5520.783411658  5520.783411579  1.507e-06  4.000e-04  4.000e-04
1 1 2 1 18 e   5520.949444949  5520.949442425  7.719e-06  3.270e-04  3.519e-04
0 1 2 1 67 f   5521.634313581  5521.634352268  3.503e-04  1.174e-04  1.179e-03
1 4 1 2 52 f   5521.997575577  5521.997568121  3.339e-05  5.009e-03  7.078e-03
1 0 2 0 53 e   5525.816220854  5525.816222594  3.653e-05  3.065e-04  3.192e-04
1 1 2 1 19 e   5528.557652262  5528.557652646  6.955e-05  3.270e-04  3.519e-04
4 0 1 0 20 e   5528.633398763  5528.633398810  2.369e-07  4.000e-04  4.000e-04
0 6 1 0 40 e   5529.382435871  5529.382435980  9.240e-07  3.000e-04  3.000e-04
0 2 2 2 45 e   5529.678227599  5529.678227253  1.781e-04  5.009e-03  7.078e-03
0 0 2 0 84 e   5530.200240443  5530.200279338  3.507e-04  3.064e-04  1.897e-03
2 3 1 1 35 e   5534.308792746  5534.308791341  4.876e-06  4.000e-04  4.001e-04
2 3 1 1 35 f   5534.911389314  5534.911389369  2.156e-06  4.000e-04  4.000e-04
1 1 2 1 20 e   5536.567854229  5536.567848402  1.776e-05  3.270e-04  3.519e-04
4 0 1 0 21 e   5536.999780515  5536.999782436  1.269e-05  4.000e-04  4.000e-04
0 2 2 0 45 e   5537.198402745  5537.198396518  4.681e-05  3.003e-04  3.005e-04
1 3 1 1 73 f   5542.744029401  5542.744067067  3.510e-04  3.516e-03  5.149e-03
1 4 1 2 53 f   5543.435365530  5543.435361824  7.474e-05  5.009e-03  7.078e-03
1 1 2 1 21 e   5544.976489708  5544.976492961  7.338e-05  3.270e-04  3.519e-04
1 1 2 1 21 f   5545.091927843  5545.091928121  6.865e-07  4.000e-04  4.000e-04
4 0 1 0 22 e   5545.764364206  5545.764364253  2.371e-07  4.000e-04  4.000e-04
0 6 1 0 41 e   5546.051240436  5546.051240375  1.001e-06  3.000e-04  3.000e-04
3 0 1 0 68 e   5546.631198315  5546.631235142  3.515e-04  2.178e-04  1.279e-03
1 0 2 0 54 e   5547.416891224  5547.416891623  3.509e-05  1.000e-01  1.000e-01
0 1 2 1 68 e   5547.884010962  5547.884034901  4.573e-04  3.506e-03  5.071e-03
0 2 2 2 46 e   5548.168069649  5548.167880125  1.512e-03  5.009e-03  7.078e-03
0 2 2 2 46 f   5548.198261498  5548.198255050  1.810e-05  5.009e-03  7.078e-03
2 3 1 1 36 e   5548.805418736  5548.805418463  9.010e-06  4.000e-04  4.000e-04
0 1 2 1 68 f   5548.904472481  5548.904512272  3.500e-04  1.174e-04  1.230e-03
2 3 1 1 36 f   5549.442441920  5549.442434241  4.708e-05  4.000e-04  4.000e-04
1 1 2 1 22 e   5553.786593336  5553.786588393  1.625e-05  3.073e-04  3.145e-04
1 1 2 1 22 f   5553.912828992  5553.912829226  8.179e-07  4.000e-04  4.000e-04
4 0 1 0 23 e   5554.927233087  5554.927233133  2.373e-07  4.000e-04  4.000e-04
0 2 2 0 46 e   5555.688749379  5555.688743380  3.311e-05  3.004e-04  3.011e-04
2 2 1 0 62 e   5559.141037521  5559.141075432  3.480e-04  3.095e-04  9.494e-04
0 5 1 1 66 e   5562.076868670  5562.076626174  9.203e-04  6.041e-04  1.611e-03
1 1 2 1 23 e   5562.996284924  5562.996277912  4.615e-05  3.270e-04  3.519e-04
0 6 1 0 42 e   5563.125976809  5563.125975510  5.222e-06  3.002e-04  3.003e-04
1 1 2 1 23 f   5563.134429985  5563.134430091  1.208e-06  4.000e-04  4.000e-04
2 3 1 1 37 e   5563.704441497  5563.704440326  4.322e-06  4.000e-04  4.001e-04
0 0 2 0 85 e   5564.164668480  5564.164707464  3.507e-04  3.064e-04  1.929e-03
2 3 1 1 37 f   5564.376529092  5564.376520877  6.423e-05  4.000e-04  4.000e-04
4 0 1 0 24 e   5564.488015090  5564.488015136  2.371e-07  4.000e-04  4.000e-04
0 2 2 2 47 e   5567.062114398  5567.062105772  2.073e-05  5.009e-03  7.078e-03
1 0 2 0 55 e   5569.343020746  5569.343022362  3.714e-05  3.065e-04  3.236e-04
1 3 1 1 74 e   5570.619795034  5570.619831257  3.513e-04  3.518e-03  5.176e-03
1 4 1 0 54 e   5571.053826599  5571.053822158  3.933e-05  3.024e-04  3.125e-04
1 3 1 1 74 f   5572.624397865  5572.624421339  3.809e-04  3.516e-03  5.161e-03
4 0 1 0 25 e   5574.447101163  5574.447098515  6.399e-05  4.000e-04  4.000e-04
0 2 2 0 47 e   5574.608886923  5574.608881220  1.934e-05  1.000e-01  1.000e-01
0 1 2 1 69 e   5575.526991512  5575.526484757  7.923e-04  7.466e-04  1.583e-03
2 3 1 1 38 e   5579.005485401  5579.005485062  3.297e-05  4.000e-04  4.001e-04
2 3 1 1 38 f   5579.713618748  5579.713624129  6.008e-05  4.000e-04  4.001e-04
1 1 2 1 25 e   5582.617507290  5582.617518717  7.011e-05  3.073e-04  3.153e-04
4 0 1 0 26 e   5584.804463017  5584.804462046  6.166e-05  4.000e-04  4.000e-04
0 5 1 1 67 e   5589.208305519  5589.207929089  7.884e-04  6.763e-04  1.506e-03
1 0 2 0 56 e   5591.730096006  5591.730134211  3.489e-04  1.000e-01  1.000e-01
1 1 2 1 26 e   5593.028638587  5593.028637166  6.179e-06  3.270e-04  3.519e-04
1 1 2 1 26 f   5593.202704545  5593.202704453  1.739e-06  4.000e-04  4.000e-04
0 2 2 0 48 e   5593.873687445  5593.873681676  1.842e-05  3.006e-04  3.024e-04
2 3 1 1 39 e   5594.708791497  5594.708790326  4.322e-06  4.000e-04  4.001e-04
2 3 1 1 39 f   5595.453989939  5595.453989818  5.504e-05  4.000e-04  4.001e-04
4 0 1 0 27 e   5595.559556415  5595.559556562  3.671e-06  4.000e-04  4.000e-04
0 6 1 0 44 e   5598.495294104  5598.495290909  6.518e-05  3.002e-04  3.003e-04
0 0 2 0 86 e   5598.526107293  5598.526146347  3.507e-04  3.064e-04  1.960e-03
3 0 1 0 70 e   5602.076993468  5602.077026983  3.686e-04  2.090e-04  1.375e-03
1 3 1 1 75 f   5602.907282377  5602.907320349  3.509e-04  3.516e-03  5.197e-03
1 1 2 1 27 e   5603.838694697  5603.838644012  5.858e-04  3.073e-04  5.900e-04
1 1 2 1 27 f   5604.027037875  5604.027037905  1.540e-06  4.000e-04  4.000e-04
0 1 2 1 70 f   5604.643652840  5604.643694696  3.549e-04  5.636e-03  8.743e-03
3 2 1 0 4 e   5606.488648626  5606.488648652  2.366e-07  6.000e-04  6.000e-04
4 0 1 0 28 e   5606.712967724  5606.712968208  7.407e-05  4.000e-04  4.000e-04
3 2 1 0 5 e   5608.499927969  5608.499928000  2.356e-07  6.000e-04  6.000e-04
2 3 1 1 40 e   5610.813921057  5610.813921042  7.623e-05  4.000e-04  4.001e-04
3 2 1 0 6 e   5610.911936626  5610.911936652  2.366e-07  6.000e-04  6.000e-04
2 3 1 1 40 f   5611.597965081  5611.597913989  6.824e-04  4.000e-04  6.824e-04
0 2 2 0 49 e   5613.602377035  5613.602371385  1.936e-05  1.000e-01  1.000e-01
3 2 1 0 7 e   5613.726945871  5613.726940448  2.246e-04  6.000e-04  6.000e-04
1 1 2 1 28 e   5615.048738587  5615.048737166  6.179e-06  3.270e-04  3.519e-04
1 1 2 1 28 f   5615.251296390  5615.251296528  1.322e-06  4.000e-04  4.000e-04
1 4 1 0 56 e   5615.941998726  5615.942013845  2.255e-04  3.036e-04  3.931e-04
0 6 1 0 45 e   5616.789550363  5616.789546293  8.109e-06  3.003e-04  3.005e-04
3 2 1 0 8 e   5616.943569187  5616.943529182  3.772e-04  6.000e-04  6.000e-04
4 0 1 0 29 e   5618.264172265  5618.264173694  3.007e-05  4.000e-04  4.000e-04
3 2 1 0 9 e   5620.562233764  5620.562233796  2.352e-07  6.000e-04  6.000e-04
0 2 2 2 50 e   5626.144911179  5626.144902136  2.312e-05  5.009e-03  7.078e-03
1 1 2 1 29 e   5626.661630393  5626.661628911  1.249e-05  3.270e-04  3.519e-04
1 1 2 1 29 f   5626.876388464  5626.876388686  1.373e-06  4.000e-04  4.000e-04
2 3 1 1 41 e   5627.321116109  5627.321114721  5.514e-06  4.000e-04  4.001e-04
2 3 1 1 41 f   5628.143779724  5628.143778675  4.378e-06  4.000e-04  4.001e-04
3 2 1 0 11 e   5629.006675743  5629.006705705  3.380e-04  6.000e-04  6.000e-04
4 0 1 0 30 e   5630.213543386  5630.213543431  2.374e-07  4.000e-04  4.000e-04
3 0 1 0 71 e   5630.396222401  5630.396260067  3.510e-04  2.091e-04  1.415e-03
1 3 1 1 76 e   5631.458195034  5631.458231257  3.513e-04  3.518e-03  5.176e-03
0 1 2 1 71 e   5632.438326106  5632.438363735  3.510e-04  3.517e-03  5.139e-03
0 1 2 1 71 f   5633.110932840  5633.110974696  3.549e-04  3.505e-03  5.118e-03
1 4 1 2 57 f   5633.217715667  5633.217834905  1.065e-03  5.009e-03  8.683e-03
0 0 2 0 87 e   5633.284365856  5633.284404965  3.507e-04  3.064e-04  1.990e-03
0 2 2 0 50 e   5633.663273878  5633.663266254  3.000e-05  3.008e-04  3.041e-04
3 2 1 0 12 e   5633.831553274  5633.831559234  9.295e-05  6.000e-04  6.000e-04
0 3 2 1 2 e   5635.452709118  5635.452709152  1.269e-06  3.000e-04  3.000e-04
0 6 1 0 46 e   5635.492511399  5635.492506638  1.498e-05  3.004e-04  3.011e-04
0 3 2 1 3 e   5636.650425589  5636.650425575  1.362e-06  4.000e-04  4.000e-04
1 4 1 0 57 e   5638.991497192  5638.991509173  2.263e-04  3.036e-04  3.913e-04
3 2 1 0 13 e   5639.058079296  5639.058078874  4.278e-05  6.000e-04  6.000e-04
0 3 2 1 5 e   5640.270491684  5640.270491799  1.099e-06  3.000e-04  3.000e-04
4 0 1 0 31 e   5642.560753126  5642.560750225  3.480e-05  4.000e-04  4.000e-04
0 3 2 1 6 e   5642.688687445  5642.688687603  9.233e-07  4.000e-04  4.000e-04
2 3 1 1 42 e   5644.230796530  5644.230787098  1.046e-04  4.000e-04  4.001e-04
3 2 1 0 14 e   5644.687493829  5644.687495460  5.064e-05  6.000e-04  6.000e-04
2 3 1 1 42 f   5645.092443458  5645.092444042  3.663e-06  4.000e-04  4.001e-04
0 2 2 2 51 e   5646.645193890  5646.645121042  3.284e-03  5.009e-03  7.078e-03
0 3 2 1 8 e   5648.725979556  5648.726097976  2.925e-03  3.000e-04  2.925e-03
0 3 2 1 8 f   5648.757560857  5648.757561014  9.233e-07  4.000e-04  4.000e-04
3 2 1 0 15 e   5650.718361214  5650.718385214  2.057e-04  6.000e-04  6.000e-04
1 1 2 1 31 f   5651.328046881  5651.328047179  1.594e-06  4.000e-04  4.000e-04
0 3 2 1 9 e   5652.349027458  5652.349027619  9.230e-07  4.000e-04  4.000e-04
0 3 2 1 9 f   5652.388112680  5652.388112841  9.230e-07  4.000e-04  4.000e-04
0 2 2 0 51 e   5654.159704045  5654.159695792  2.190e-05  3.009e-04  3.054e-04
4 0 1 0 32 e   5655.306228850  5655.306240991  1.420e-04  4.000e-04  4.000e-04
0 3 2 1 10 e   5656.374360156  5656.374358367  1.692e-04  3.000e-04  3.000e-04
0 3 2 1 10 f   5656.421500369  5656.421500544  8.716e-07  4.000e-04  4.000e-04
1 4 1 2 58 f   5656.671644751  5656.671763989  1.065e-03  5.009e-03  7.099e-03
3 2 1 0 16 e   5657.150789869  5657.150785454  1.031e-04  6.000e-04  6.000e-04
3 0 1 0 72 e   5659.112729707  5659.112767638  3.509e-04  2.092e-04  1.458e-03
0 3 2 1 11 e   5660.802309733  5660.802279156  2.477e-04  3.000e-04  3.000e-04
0 3 2 1 11 f   5660.858569384  5660.858581234  1.672e-04  3.000e-04  3.000e-04
2 3 1 1 43 e   5661.541967502  5661.541963282  7.207e-05  4.001e-04  4.002e-04
1 4 1 0 58 e   5662.445644230  5662.445681420  3.486e-04  3.049e-04  6.464e-04
2 2 1 0 66 e   5662.873508906  5662.873548262  3.493e-04  3.121e-04  1.070e-03
1 1 2 1 32 e   5663.891801856  5663.891800946  4.079e-06  3.270e-04  3.519e-04
3 2 1 0 17 e   5663.985512559  5663.985512605  2.376e-07  6.000e-04  6.000e-04
1 1 2 1 32 f   5664.154528212  5664.154528265  1.203e-06  4.000e-04  4.000e-04
0 3 2 1 12 e   5665.632112898  5665.632113396  2.638e-04  4.000e-04  4.000e-04
0 3 2 1 12 f   5665.698965310  5665.698964185  2.815e-05  4.000e-04  4.000e-04
0 2 2 2 52 e   5667.530711179  5667.530702136  2.312e-05  5.009e-03  7.078e-03
0 2 2 2 52 f   5667.584675687  5667.584668307  3.337e-05  5.009e-03  7.078e-03
4 0 1 0 33 e   5668.449547312  5668.449547357  2.374e-07  4.000e-04  4.000e-04
0 3 2 1 13 e   5670.864911809  5670.864917248  5.502e-05  3.000e-04  3.000e-04
3 2 1 0 18 e   5671.222004210  5671.222005233  2.839e-04  6.000e-04  6.000e-04
0 2 2 0 52 e   5675.057138142  5675.057132075  4.275e-05  3.024e-04  3.125e-04
0 3 2 1 14 e   5676.499724357  5676.499729532  1.233e-04  3.000e-04  3.000e-04
0 3 2 1 14 f   5676.589919683  5676.589919795  7.799e-07  3.000e-04  3.000e-04
1 1 2 1 33 f   5677.381476063  5677.381476246  1.894e-06  4.000e-04  4.000e-04
3 2 1 0 19 e   5678.860266432  5678.860274804  1.092e-04  6.000e-04  6.000e-04
2 3 1 1 44 e   5679.255576151  5679.255569056  1.958e-05  4.003e-04  4.010e-04
2 3 1 1 44 f   5680.199151464  5680.199146396  7.575e-05  4.002e-04  4.003e-04
1 4 1 2 59 f   5680.528915667  5680.529034905  1.065e-03  5.009e-03  8.683e-03
4 0 1 0 34 e   5681.990172662  5681.990164678  1.097e-04  4.000e-04  4.000e-04
0 3 2 1 15 e   5682.537394768  5682.537399554  3.265e-05  3.000e-04  3.000e-04
0 3 2 1 15 f   5682.640345818  5682.640345889  6.208e-07  4.000e-04  4.000e-04
3 2 1 0 20 e   5686.900386763  5686.900386810  2.369e-07  6.000e-04  6.000e-04
0 2 2 2 53 e   5688.831608631  5688.831543114  3.280e-03  5.009e-03  7.078e-03
0 3 2 1 16 e   5688.977232784  5688.977220168  1.681e-04  4.000e-04  4.000e-04
0 3 2 1 16 f   5689.094191363  5689.094190867  1.795e-04  3.000e-04  3.000e-04
0 1 2 1 73 e   5690.510416988  5690.510452422  3.933e-04  3.518e-03  5.164e-03
1 1 2 1 34 e   5690.713229452  5690.713222126  1.755e-04  3.270e-04  3.519e-04
1 1 2 1 34 f   5691.008904658  5691.008904579  1.507e-06  4.000e-04  4.000e-04
0 1 2 1 73 f   5691.244209401  5691.244247067  3.510e-04  3.505e-03  5.142e-03
3 2 1 0 21 e   5695.342185015  5695.342187659  2.238e-05  6.000e-04  6.000e-04
4 0 1 0 35 e   5695.928805409  5695.928814819  1.420e-04  4.000e-04  4.000e-04
0 3 2 1 17 f   5695.950890770  5695.950890950  5.392e-07  4.000e-04  4.000e-04
2 3 1 1 45 f   5698.356505905  5698.356500306  1.819e-05  4.002e-04  4.007e-04
0 5 1 1 71 e   5701.766647749  5701.766094128  8.893e-04  8.587e-04  1.759e-03
0 3 2 1 18 e   5703.064528027  5703.064528065  2.425e-06  3.000e-04  3.000e-04
0 3 2 1 18 f   5703.211289478  5703.211249986  1.952e-04  3.000e-04  3.000e-04
3 2 1 0 22 e   5704.185923148  5704.185915345  1.617e-04  6.000e-04  6.000e-04
1 1 2 1 35 f   5705.036268314  5705.036268369  2.156e-06  4.000e-04  4.000e-04
4 0 1 0 36 e   5710.265354910  5710.265341350  1.157e-04  4.000e-04  4.000e-04
0 2 2 2 54 e   5710.533971536  5710.533967793  5.436e-05  5.009e-03  7.078e-03
0 3 2 1 19 f   5710.874380770  5710.874380950  5.392e-07  4.000e-04  4.000e-04
3 2 1 0 23 e   5713.431175942  5713.431175773  1.005e-05  6.000e-04  6.000e-04
2 3 1 1 46 e   5715.887013047  5715.887006539  1.886e-05  4.005e-04  4.021e-04
2 3 1 1 46 f   5716.917199686  5716.917192814  1.952e-05  4.003e-04  4.013e-04
0 2 2 0 54 e   5718.055015355  5718.055013476  4.056e-05  3.036e-04  3.198e-04
0 3 2 1 20 f   5718.941215277  5718.941216071  1.446e-04  4.000e-04  4.000e-04
1 1 2 1 36 e   5719.133497097  5719.133495595  4.554e-06  3.270e-04  3.519e-04
1 1 2 1 36 f   5719.464401047  5719.464400723  2.073e-06  4.000e-04  4.000e-04
0 1 2 1 74 e   5720.144095222  5720.144131583  3.513e-04  3.518e-03  5.162e-03
0 1 2 1 74 f   5720.909147865  5720.909171339  3.809e-04  3.505e-03  5.154e-03
3 2 1 0 24 e   5723.077772464  5723.077767951  5.669e-05  6.000e-04  6.000e-04
4 0 1 0 37 e   5724.999842557  5724.999842603  2.379e-07  4.000e-04  4.000e-04
0 3 2 1 21 e   5727.212329931  5727.212332214  5.224e-05  3.000e-04  3.000e-04
0 3 2 1 21 f   5727.410853914  5727.410852705  4.778e-05  4.000e-04  4.000e-04
0 5 1 1 72 e   5731.350485265  5731.350521666  3.513e-04  3.558e-03  7.205e-03
3 2 1 0 25 e   5733.125863087  5733.125863133  2.373e-07  6.000e-04  6.000e-04
1 1 2 1 37 e   5733.943418766  5733.943416202  1.250e-05  3.270e-04  3.519e-04
1 0 2 0 62 e   5734.220762890  5734.220798547  3.474e-04  3.095e-04  8.119e-04
1 1 2 1 37 f   5734.292084029  5734.292083278  3.260e-06  4.000e-04  4.000e-04
2 3 1 1 47 e   5734.805961942  5734.805960128  6.112e-05  4.004e-04  4.013e-04
1 4 1 0 61 e   5735.230845972  5735.230883164  3.486e-04  3.049e-04  7.343e-04
2 3 1 1 47 f   5735.879938566  5735.879923929  1.364e-04  4.004e-04  4.017e-04
0 0 2 0 90 e   5739.940138295  5739.940178221  3.507e-04  3.065e-04  2.081e-03
4 0 1 0 38 e   5740.131587079  5740.131585747  1.791e-04  4.000e-04  4.000e-04
0 2 2 0 55 e   5740.155497192  5740.155509173  2.263e-04  3.036e-04  3.913e-04
0 3 2 1 23 f   5745.559876655  5745.559876873  8.818e-07  3.000e-04  3.000e-04
3 0 1 0 75 e   5747.646799377  5747.646837349  3.509e-04  2.092e-04  1.579e-03
1 1 2 1 38 e   5749.152615326  5749.152612870  1.313e-05  3.270e-04  3.519e-04
1 1 2 1 38 f   5749.520368793  5749.520368114  2.468e-06  4.000e-04  4.001e-04
0 1 2 1 75 e   5750.176268862  5750.176304720  3.934e-04  3.507e-03  5.157e-03
0 1 2 1 75 f   5750.973331346  5750.973369286  3.509e-04  3.505e-03  5.165e-03
2 3 1 1 48 e   5754.126168047  5754.126161539  1.886e-05  4.005e-04  4.021e-04
0 3 2 1 24 e   5754.981347494  5754.981346413  1.391e-04  3.000e-04  3.000e-04
0 2 2 2 56 e   5755.132071344  5755.132067469  5.450e-05  5.009e-03  7.078e-03
0 3 2 1 24 f   5755.239421436  5755.239423567  8.061e-05  4.000e-04  4.000e-04
1 0 2 0 63 e   5759.365666925  5759.365705677  3.944e-04  3.095e-04  9.028e-04
1 4 1 0 62 e   5760.300607039  5760.300644233  3.486e-04  3.049e-04  8.129e-04
0 3 2 1 25 e   5765.041791050  5765.041791044  1.897e-06  3.000e-04  3.000e-04
0 3 2 1 25 f   5765.321264214  5765.321264200  1.547e-06  4.000e-04  4.000e-04
4 0 1 0 40 e   5771.588082350  5771.588082396  2.379e-07  4.000e-04  4.000e-04
2 3 1 1 49 e   5773.848428179  5773.848419136  2.312e-05  4.007e-04  4.041e-04
1 2 1 0 95 e   5774.951954328  5774.951998092  3.500e-04  5.086e-04  2.211e-03
2 3 1 1 49 f   5775.013302305  5775.013290602  2.926e-05  4.005e-04  4.030e-04
0 3 2 1 26 f   5775.806681545  5775.806681453  1.739e-06  4.000e-04  4.000e-04
0 2 2 2 57 e   5778.032408717  5778.032170181  1.122e-03  5.027e-03  7.236e-03
0 1 2 1 76 e   5780.607050377  5780.607088349  3.509e-04  3.519e-03  5.201e-03
1 1 2 1 40 e   5780.771072715  5780.771071691  5.283e-06  3.270e-04  3.520e-04
1 1 2 1 40 f   5781.177083704  5781.177082734  2.640e-06  4.000e-04  4.001e-04
0 1 2 1 76 f   5781.436199024  5781.436248205  3.584e-04  3.505e-03  5.177e-03
1 0 2 0 64 e   5784.907637521  5784.907675432  3.480e-04  3.095e-04  9.494e-04
0 2 2 0 57 e   5785.558756132  5785.558793318  3.486e-04  3.049e-04  6.139e-04
0 3 2 1 27 e   5786.370139828  5786.370139611  1.698e-06  3.000e-04  3.001e-04
0 3 2 1 27 f   5786.695069670  5786.695067964  2.950e-04  4.000e-04  4.000e-04
4 0 1 0 41 e   5787.912656602  5787.912656648  2.379e-07  4.000e-04  4.000e-04
0 5 1 1 74 e   5790.857185243  5790.857221616  3.513e-04  3.533e-03  5.172e-03
2 4 1 0 2 e   5793.206702273  5793.206691879  3.269e-04  4.023e-04  4.023e-04
2 3 1 1 50 e   5793.971977242  5793.971972339  3.121e-05  4.006e-04  4.034e-04
2 4 1 0 3 e   5794.417081506  5794.417070688  1.432e-04  4.023e-04  4.023e-04
1 1 2 1 41 e   5797.179980768  5797.179978317  1.466e-05  3.270e-04  3.520e-04
0 3 2 1 28 f   5797.986459678  5797.986459840  1.180e-06  4.000e-04  4.000e-04
2 4 1 0 5 e   5798.047430700  5798.047433396  9.527e-05  6.000e-04  6.000e-04
2 4 1 0 6 e   5800.468024219  5800.468016959  1.364e-04  6.000e-04  6.000e-04
0 2 2 2 58 e   5801.332604144  5801.332365608  1.122e-03  5.027e-03  8.761e-03
2 2 1 0 71 e   5801.552088432  5801.552126636  3.514e-04  3.126e-04  1.416e-03
2 0 2 0 0 e   5801.906436308  5801.906436308  1.433e-09  6.000e-04  6.000e-04
2 0 2 0 1 e   5802.305939099  5802.305913718  1.436e-04  4.023e-04  4.023e-04
2 0 2 0 2 e   5803.104509530  5803.104505119  1.280e-04  4.023e-04  4.047e-04
2 4 1 0 7 e   5803.291594069  5803.291613552  1.467e-04  4.023e-04  4.023e-04
2 0 2 0 3 e   5804.301463959  5804.301446248  8.813e-05  4.023e-04  4.023e-04
4 0 1 0 42 e   5804.634574823  5804.634574869  2.381e-07  4.000e-04  4.000e-04
2 0 2 0 4 e   5805.897736614  5805.897741587  1.297e-04  4.023e-04  4.023e-04
2 4 1 0 8 e   5806.519276813  5806.519276844  2.346e-07  6.000e-04  6.000e-04
2 0 2 0 5 e   5807.893114962  5807.893118758  5.667e-05  4.023e-04  4.023e-04
3 0 1 0 77 e   5808.656711949  5808.656749936  3.509e-04  2.092e-04  1.655e-03
0 3 2 1 29 f   5809.680792173  5809.680787828  4.640e-05  4.000e-04  4.000e-04
2 4 1 0 9 e   5810.149296609  5810.149262126  1.452e-04  4.023e-04  4.023e-04
2 0 2 0 6 e   5810.287784160  5810.287785908  9.372e-05  4.023e-04  4.023e-04
0 1 2 1 77 f   5812.297532377  5812.297570349  3.509e-04  3.505e-03  5.189e-03
2 0 2 0 7 e   5813.081413836  5813.081416897  2.472e-05  3.244e-04  3.244e-04
1 1 2 1 42 e   5813.987542634  5813.987539117  8.591e-06  3.271e-04  3.521e-04
2 4 1 0 10 e   5814.182889560  5814.182889591  2.349e-07  6.000e-04  6.000e-04
2 3 1 1 51 e   5814.497164179  5814.497155136  2.312e-05  4.007e-04  4.041e-04
2 3 1 1 51 f   5815.757107178  5815.757103019  3.619e-05  4.017e-04  4.088e-04
2 0 2 0 8 e   5816.274185035  5816.274191267  1.437e-04  3.231e-04  3.231e-04
2 4 1 0 11 e   5818.620056743  5818.620052506  6.168e-05  6.000e-04  6.000e-04
2 0 2 0 9 e   5819.866349213  5819.866329820  2.206e-04  3.219e-04  3.219e-04
0 5 1 1 75 e   5821.216316988  5821.216352422  3.933e-04  3.518e-03  5.164e-03
2 4 1 0 12 e   5823.460390578  5823.460390621  2.354e-07  6.000e-04  6.000e-04
2 0 2 0 10 e   5823.857516265  5823.857500893  1.784e-04  6.000e-04  6.000e-04
0 2 2 2 59 f   5825.108688459  5825.108807697  1.065e-03  5.009e-03  8.683e-03
2 0 2 0 11 e   5828.247515148  5828.247509238  5.935e-05  4.023e-04  4.023e-04
2 4 1 0 13 e   5828.705296796  5828.705397189  8.685e-04  6.000e-04  8.685e-04
1 1 2 1 43 e   5831.194891580  5831.194888164  2.481e-05  3.270e-04  3.520e-04
1 1 2 1 43 f   5831.662600327  5831.662599466  7.461e-06  4.001e-04  4.002e-04
0 2 2 0 59 e   5832.564845972  5832.564883164  3.486e-04  3.049e-04  7.343e-04
2 0 2 0 12 e   5833.036651633  5833.036652213  2.073e-05  4.023e-04  4.023e-04
0 3 2 1 31 e   5833.852223757  5833.852223579  2.304e-06  3.000e-04  3.001e-04
2 4 1 0 14 e   5834.351098189  5834.351094142  6.709e-05  4.023e-04  4.023e-04
2 3 1 1 52 e   5835.423819086  5835.423815092  3.674e-05  4.018e-04  4.068e-04
2 0 2 0 13 e   5838.225326229  5838.225312527  9.190e-05  4.023e-04  4.023e-04
4 0 1 0 44 e   5839.271647470  5839.271645084  1.377e-05  4.006e-04  4.015e-04
2 4 1 0 15 e   5840.400829714  5840.400829027  1.534e-04  6.000e-04  6.000e-04
2 0 2 0 14 e   5843.812953037  5843.812949141  8.138e-05  4.023e-04  4.023e-04
2 4 1 0 16 e   5846.854284864  5846.854308920  2.469e-04  4.023e-04  4.023e-04
1 1 2 1 44 e   5848.801942634  5848.801939117  8.591e-06  3.271e-04  3.521e-04
0 2 2 2 60 e   5849.133768161  5849.133529625  1.122e-03  5.027e-03  8.761e-03
0 2 2 2 60 f   5849.214682159  5849.214801397  1.065e-03  5.009e-03  8.694e-03
2 0 2 0 15 e   5849.799461214  5849.799461268  2.639e-05  6.000e-04  6.000e-04
0 5 1 1 76 e   5851.978995034  5851.979031257  3.513e-04  3.518e-03  5.176e-03
2 4 1 0 17 e   5853.710560059  5853.710592939  1.974e-04  4.020e-04  4.020e-04
2 0 2 0 16 e   5856.186591987  5856.186441941  6.614e-04  3.152e-04  6.614e-04
2 3 1 1 53 e   5856.752347800  5856.752346823  4.245e-05  4.028e-04  4.138e-04
4 0 1 0 45 e   5857.185693708  5857.185691315  1.379e-05  4.006e-04  4.014e-04
0 3 2 1 33 f   5860.487039063  5860.487039246  1.894e-06  4.000e-04  4.000e-04
2 4 1 0 18 e   5860.970077316  5860.970158401  3.526e-04  4.020e-04  4.020e-04
2 0 2 0 17 e   5862.970371630  5862.970371679  2.369e-07  6.000e-04  6.000e-04
1 0 2 0 67 e   5863.918472473  5863.918511683  3.500e-04  3.121e-04  1.126e-03
1 1 2 1 45 e   5866.808355976  5866.808346777  3.146e-05  3.273e-04  3.533e-04
2 4 1 0 19 e   5868.632621652  5868.632634387  4.896e-05  4.020e-04  4.020e-04
2 0 2 0 18 e   5870.155293009  5870.155297415  1.710e-04  4.020e-04  4.020e-04
3 0 1 0 79 e   5871.257532553  5871.257570734  3.513e-04  3.063e-04  1.728e-03
0 3 2 1 34 e   5873.685173685  5873.685172216  4.565e-06  3.000e-04  3.001e-04
0 2 2 2 61 f   5873.720960002  5873.721079241  1.065e-03  5.009e-03  7.112e-03
0 3 2 1 34 f   5874.195459047  5874.195458723  2.073e-06  4.000e-04  4.000e-04
4 0 1 0 46 e   5875.497203036  5875.497197318  1.937e-05  4.008e-04  4.025e-04
2 4 1 0 20 e   5876.698410763  5876.698410810  2.369e-07  6.000e-04  6.000e-04
2 0 2 0 19 e   5877.738716652  5877.738677582  1.741e-04  4.020e-04  4.020e-04
2 3 1 1 54 e   5878.481787081  5878.481799003  2.263e-04  4.028e-04  4.705e-04
0 2 2 0 61 e   5881.173273201  5881.173310397  3.486e-04  3.049e-04  8.844e-04
2 4 1 0 21 e   5885.167122245  5885.167092872  1.654e-04  4.020e-04  4.020e-04
1 1 2 1 46 e   5885.213532757  5885.213532286  3.346e-05  3.274e-04  3.538e-04
2 0 2 0 20 e   5885.721551474  5885.721535492  1.118e-04  4.020e-04  4.020e-04
2 0 2 0 21 e   5894.103482015  5894.103481670  6.786e-06  6.000e-04  6.000e-04
4 0 1 0 47 e   5894.206493607  5894.206479352  1.024e-04  4.008e-04  4.021e-04
0 2 2 2 62 e   5898.535455506  5898.535216970  1.122e-03  5.027e-03  7.207e-03
0 2 2 2 62 f   5898.627882159  5898.628001397  1.065e-03  5.009e-03  8.694e-03
2 3 1 1 55 e   5900.613105888  5900.613105947  4.216e-05  4.030e-04  4.177e-04
2 0 2 0 22 e   5902.884918469  5902.884915397  4.694e-05  3.123e-04  3.123e-04
2 4 1 0 23 e   5903.313148087  5903.313148133  2.373e-07  6.000e-04  6.000e-04
1 1 2 1 47 e   5904.018424632  5904.018419032  2.099e-05  3.275e-04  3.547e-04
0 2 2 0 62 e   5906.078098046  5906.078136950  3.812e-04  3.049e-04  8.274e-04
2 0 2 0 23 e   5912.065026942  5912.065025181  7.339e-05  6.000e-04  6.000e-04
2 4 1 0 24 e   5912.989957403  5912.989958192  4.492e-06  4.020e-04  4.040e-04
4 0 1 0 48 e   5913.312584966  5913.312579287  1.936e-05  4.008e-04  4.035e-04
0 3 2 1 37 e   5917.134926401  5917.134925234  3.147e-06  3.000e-04  3.001e-04
0 3 2 1 37 f   5917.737468029  5917.737467278  3.260e-06  4.000e-04  4.000e-04
1 0 2 0 69 e   5918.578377595  5918.578415772  3.502e-04  3.121e-04  1.230e-03
2 0 2 0 24 e   5921.645662011  5921.645646590  1.208e-04  3.114e-04  3.114e-04
2 4 1 0 25 e   5923.070342301  5923.070342732  2.654e-06  4.020e-04  4.040e-04
1 1 2 1 48 e   5923.222811523  5923.222805177  4.980e-05  3.274e-04  3.538e-04
0 2 2 2 63 f   5923.935861261  5923.935898453  3.488e-04  5.009e-03  7.127e-03
2 3 1 1 56 f   5924.654847888  5924.654863140  2.256e-04  4.027e-04  5.248e-04
0 0 2 0 95 e   5925.629050595  5925.629094621  3.499e-04  1.204e-03  2.793e-03
2 0 2 0 25 e   5931.626649217  5931.626423214  6.734e-04  3.114e-04  6.734e-04
0 3 2 1 38 e   5932.422016303  5932.422014987  4.930e-06  3.000e-04  3.001e-04
4 0 1 0 49 e   5932.816003479  5932.815994979  4.269e-05  4.008e-04  4.029e-04
0 3 2 1 38 f   5933.056986248  5933.056984417  1.573e-05  4.000e-04  4.001e-04
3 0 1 0 81 e   5935.451365662  5935.451404080  3.508e-04  3.063e-04  1.797e-03
2 0 2 0 26 e   5942.005910354  5942.005911868  9.293e-06  3.105e-04  3.207e-04
1 1 2 1 49 e   5942.825624632  5942.825619032  2.099e-05  3.275e-04  3.547e-04
1 0 2 0 70 e   5946.504101830  5946.504138542  3.490e-04  3.125e-04  1.370e-03
0 3 2 1 39 f   5948.779222724  5948.779221675  4.378e-06  4.000e-04  4.001e-04
0 2 2 2 64 e   5949.537355506  5949.537116970  1.122e-03  5.027e-03  7.207e-03
0 2 2 2 64 f   5949.642974001  5949.643010763  3.486e-04  5.009e-03  7.150e-03
4 0 1 0 50 e   5952.715730966  5952.715725287  1.936e-05  4.008e-04  4.035e-04
1 2 2 2 3 e   5954.675175195  5954.675202301  9.590e-04  5.142e-03  1.350e-02
1 2 2 0 1 e   5959.730447857  5959.730447855  4.193e-08  6.000e-04  6.000e-04
1 2 2 0 2 e   5960.533549963  5960.533539367  1.534e-04  6.000e-04  6.000e-04
1 2 2 2 6 e   5960.700155058  5960.700182464  9.590e-04  5.142e-03  1.017e-02
1 2 2 0 3 e   5961.737983387  5961.737980688  1.014e-05  6.000e-04  6.000e-04
1 1 2 1 50 e   5962.828275268  5962.828266367  2.309e-05  3.278e-04  3.574e-04
1 2 2 0 4 e   5963.344130923  5963.344087156  3.471e-04  4.000e-04  4.000e-04
1 2 2 2 7 e   5963.511499825  5963.511642095  2.401e-04  5.016e-03  7.082e-03
0 3 2 1 40 e   5964.200788103  5964.200786706  5.513e-06  3.000e-04  3.001e-04
0 3 2 1 40 f   5964.903690458  5964.903691042  3.663e-06  4.000e-04  4.001e-04
1 2 2 0 5 e   5965.351482101  5965.351441383  1.742e-04  4.000e-04  4.000e-04
1 2 2 2 8 e   5966.724269102  5966.724411387  2.401e-04  5.016e-03  7.082e-03
1 2 2 2 8 f   5966.724429140  5966.724571426  2.401e-04  5.016e-03  7.082e-03
1 2 2 0 6 e   5967.759536975  5967.759542079  6.974e-05  6.000e-04  6.000e-04
1 2 2 2 9 f   5970.339046025  5970.339188295  2.401e-04  5.016e-03  7.082e-03
1 2 2 0 7 e   5970.569837474  5970.569831327  1.067e-04  6.000e-04  6.000e-04
4 0 1 0 51 e   5973.014454035  5973.014448385  1.936e-05  4.008e-04  4.041e-04
1 2 2 0 8 e   5973.781671745  5973.781672507  6.266e-05  6.000e-04  6.000e-04
1 2 2 2 10 e   5974.354709102  5974.354851387  2.401e-04  5.016e-03  7.082e-03
1 2 2 2 10 f   5974.354864140  5974.355006426  2.401e-04  5.016e-03  7.082e-03
0 2 2 2 65 e   5975.638788548  5975.638563510  9.708e-04  5.027e-03  7.215e-03
0 2 2 2 65 f   5975.750461261  5975.750498453  3.488e-04  5.009e-03  7.127e-03
1 2 2 0 9 e   5977.394615728  5977.394615334  1.808e-05  6.000e-04  6.000e-04
1 2 2 2 11 e   5978.772291715  5978.772434078  2.400e-04  5.016e-03  7.082e-03
1 2 2 0 10 e   5981.409684015  5981.409671380  1.983e-04  4.000e-04  4.000e-04
0 3 2 1 41 f   5981.431273327  5981.431272466  7.461e-06  4.001e-04  4.002e-04
0 2 2 0 65 e   5983.195980444  5983.196020004  3.504e-04  3.062e-04  1.127e-03
1 1 2 1 51 e   5983.229404443  5983.229397454  2.144e-05  3.277e-04  3.564e-04
1 2 2 2 12 e   5983.591314667  5983.591457033  2.400e-04  5.016e-03  7.082e-03
1 2 2 0 11 e   5985.825019812  5985.825020805  1.758e-05  6.000e-04  6.000e-04
1 2 2 2 13 e   5988.811684715  5988.811827078  2.400e-04  5.016e-03  7.082e-03
1 2 2 2 13 f   5988.812167978  5988.812310340  2.400e-04  5.016e-03  7.082e-03
1 2 2 0 12 e   5990.642465502  5990.642467040  6.448e-05  6.000e-04  6.000e-04
2 3 1 1 59 e   5993.148701943  5993.148476905  9.708e-04  5.851e-04  1.477e-03
1 2 2 2 14 e   5994.434127667  5994.434270033  2.400e-04  5.016e-03  7.082e-03
1 2 2 2 14 f   5994.434399289  5994.434541655  2.400e-04  5.016e-03  7.082e-03
1 2 2 0 13 e   5995.861201927  5995.861190352  1.088e-04  4.000e-04  4.000e-04
0 3 2 1 42 f   5998.360856458  5998.360857042  3.663e-06  4.000e-04  4.001e-04
1 2 2 2 15 e   6000.457490116  6000.457624268  2.242e-04  5.016e-03  7.082e-03
1 2 2 2 15 f   6000.458363907  6000.458488206  2.194e-04  5.016e-03  7.082e-03
1 2 2 0 14 e   6001.481619318  6001.481556698  3.701e-04  4.000e-04  4.000e-04
1 2 2 2 16 e   6006.882718838  6006.882844537  2.379e-04  5.016e-03  7.082e-03
1 2 2 2 16 f   6006.883409917  6006.883535616  2.379e-04  5.016e-03  7.082e-03
1 2 2 0 15 e   6007.502952711  6007.502956592  1.450e-04  4.000e-04  4.000e-04
0 2 2 0 66 e   6009.702289480  6009.702329272  3.500e-04  3.062e-04  1.179e-03
1 2 2 2 17 e   6013.709400483  6013.709524406  2.275e-04  5.016e-03  7.082e-03
1 2 2 2 17 f   6013.710100281  6013.710222596  2.338e-04  5.016e-03  7.082e-03
1 2 2 0 16 e   6013.926035806  6013.926016132  1.239e-04  4.000e-04  4.000e-04
0 3 2 1 43 f   6015.692893327  6015.692892466  7.461e-06  4.001e-04  4.002e-04
2 3 1 1 60 f   6019.016899767  6019.016936961  3.488e-04  4.037e-04  8.072e-04
1 2 2 0 17 e   6020.749683612  6020.749680065  1.049e-04  4.000e-04  4.000e-04
1 2 2 2 18 e   6020.937298812  6020.937423123  2.344e-04  5.016e-03  7.082e-03
2 0 2 0 33 e   6025.849181038  6025.849183882  2.394e-04  3.114e-04  3.224e-04
1 2 2 0 18 e   6027.975281421  6027.975264744  1.163e-04  4.000e-04  4.000e-04
1 2 2 2 19 e   6028.566703114  6028.566800359  2.406e-04  5.016e-03  7.082e-03
1 2 2 2 19 f   6028.567735281  6028.567857596  2.338e-04  5.016e-03  7.082e-03
1 6 1 0 9 e   6030.310785764  6030.310785796  2.352e-07  6.000e-04  6.000e-04
0 3 2 1 44 f   6033.427505464  6033.427505642  5.185e-05  4.002e-04  4.003e-04
1 2 2 0 19 e   6035.601728101  6035.601700926  1.835e-04  4.000e-04  4.000e-04
1 2 2 2 20 f   6036.599232585  6036.599354922  2.340e-04  5.016e-03  7.082e-03
1 2 2 0 20 e   6043.629796572  6043.629769477  2.527e-04  4.000e-04  4.000e-04
1 6 1 0 13 e   6048.967344723  6048.967344757  2.353e-07  6.000e-04  6.000e-04
0 3 2 1 45 e   6050.677119826  6050.677117891  6.248e-05  8.545e-04  1.171e-03
1 2 2 0 21 e   6052.058737539  6052.058742816  4.588e-05  6.000e-04  6.000e-04
1 2 2 2 22 e   6053.862341899  6053.862524742  4.115e-04  5.016e-03  7.082e-03
1 6 1 0 15 e   6060.729001559  6060.729001605  2.376e-07  6.000e-04  6.000e-04
1 2 2 0 22 e   6060.889673776  6060.889615758  2.075e-04  4.000e-04  4.000e-04
1 2 2 2 23 e   6063.096910652  6063.097136485  3.829e-04  5.016e-03  7.082e-03
1 2 2 2 23 f   6063.099874925  6063.099744663  5.970e-04  5.016e-03  7.082e-03
3 0 1 0 85 e   6068.636901414  6068.636940097  3.507e-04  3.064e-04  1.864e-03
1 1 2 1 55 e   6068.824072527  6068.824080574  6.267e-05  3.459e-04  3.987e-04
0 3 2 1 46 f   6070.103600565  6070.103594119  1.879e-05  4.005e-04  4.023e-04
1 2 2 0 23 e   6070.121039824  6070.121034252  6.186e-05  4.000e-04  4.000e-04
1 2 2 2 24 e   6072.733454971  6072.733602217  4.292e-04  5.016e-03  7.082e-03
1 2 2 2 24 f   6072.735804768  6072.735340226  2.437e-03  5.016e-03  7.082e-03
1 2 2 0 24 e   6079.753850893  6079.753850547  2.817e-06  6.000e-04  6.000e-04
0 0 2 0 99 e   6081.316587314  6081.316631372  3.498e-04  5.784e-03  1.119e-02
1 2 2 2 25 e   6082.770023771  6082.770253255  4.254e-04  5.016e-03  7.082e-03
1 2 2 2 25 f   6082.773756552  6082.773813798  4.892e-04  5.016e-03  7.082e-03
1 6 1 0 19 e   6089.119423234  6089.119423281  2.366e-07  6.000e-04  6.000e-04
1 2 2 0 25 e   6089.788023729  6089.788000440  2.348e-04  4.000e-04  4.000e-04
1 0 2 0 75 e   6092.085485062  6092.085523040  3.524e-04  3.134e-04  1.580e-03
1 2 2 2 26 e   6093.204734246  6093.205508262  3.628e-03  5.016e-03  7.082e-03
1 2 2 2 26 f   6093.213068049  6093.212866290  6.313e-04  5.016e-03  7.082e-03
1 2 2 0 26 e   6100.223020104  6100.223020770  6.741e-05  4.000e-04  4.000e-04
1 2 2 2 27 e   6104.047811860  6104.047935245  4.356e-04  5.016e-03  7.082e-03
1 2 2 2 27 f   6104.052132863  6104.052224344  5.344e-04  5.016e-03  7.082e-03
1 6 1 0 21 e   6105.748165797  6105.748165844  2.369e-07  6.000e-04  6.000e-04
0 3 2 1 48 e   6107.380240824  6107.380199580  1.036e-04  8.547e-04  1.172e-03
0 3 2 1 48 f   6108.388322565  6108.388316119  1.879e-05  4.005e-04  4.023e-04
1 2 2 0 27 e   6111.059364195  6111.059349938  1.723e-04  4.000e-04  4.000e-04
1 1 2 1 57 e   6114.014806092  6114.014843620  1.313e-04  3.459e-04  3.987e-04
1 2 2 2 28 e   6115.288543500  6115.289018312  2.175e-03  5.016e-03  7.082e-03
1 2 2 2 28 f   6115.294005049  6115.293803290  6.313e-04  5.016e-03  7.082e-03
0 0 3 0 0 e   6117.576413789  6117.576425863  7.350e-05  6.000e-04  6.000e-04
0 0 3 0 1 e   6117.974903867  6117.974915941  7.350e-05  6.000e-04  6.000e-04
0 0 3 0 2 e   6118.771874531  6118.771856907  1.479e-04  4.023e-04  4.023e-04
0 0 3 0 3 e   6119.967382295  6119.967380832  3.310e-05  6.000e-04  6.000e-04
0 0 3 0 4 e   6121.561241016  6121.561237723  6.098e-05  6.000e-04  6.000e-04
1 2 2 0 28 e   6122.297006475  6122.296997497  8.142e-05  4.000e-04  4.000e-04
0 0 3 0 5 e   6123.553663562  6123.553654091  3.047e-05  4.023e-04  4.023e-04
1 6 1 0 23 e   6123.999686087  6123.999686133  2.373e-07  6.000e-04  6.000e-04
0 0 3 0 6 e   6125.944510856  6125.944513705  1.009e-05  6.000e-04  6.000e-04
1 2 2 2 29 f   6126.936024156  6126.936032560  5.387e-04  5.016e-03  7.082e-03
0 3 2 1 49 f   6128.134150634  6128.134142112  2.009e-05  4.005e-04  4.030e-04
0 0 3 0 7 e   6128.733843349  6128.733838921  4.699e-05  6.000e-04  6.000e-04
2 0 2 0 40 e   6129.306264404  6129.306263764  1.148e-05  3.142e-04  3.278e-04
0 0 3 0 8 e   6131.921533770  6131.921532633  4.581e-05  6.000e-04  6.000e-04
1 6 1 0 24 e   6133.733559838  6133.733559883  2.371e-07  6.000e-04  6.000e-04
1 2 2 0 29 e   6133.935072047  6133.935083627  1.075e-04  6.000e-04  6.000e-04
0 0 3 0 9 e   6135.507966906  6135.507962779  6.586e-05  4.023e-04  4.023e-04
1 1 2 1 58 e   6137.207631061  6137.207701974  2.360e-04  5.474e-04  9.369e-04
3 0 1 0 87 e   6137.651478480  6137.651517464  3.507e-04  4.048e-04  1.939e-03
1 2 2 2 30 f   6138.979714940  6138.979851188  1.034e-03  5.016e-03  7.082e-03
0 0 3 0 10 e   6139.492726761  6139.492722478  3.686e-05  4.023e-04  4.023e-04
0 0 3 0 11 e   6143.875792240  6143.875787695  3.911e-05  4.023e-04  4.023e-04
2 0 2 0 41 e   6145.692042250  6145.692037911  1.282e-05  3.009e-04  3.018e-04
1 2 2 0 30 e   6145.974753353  6145.974739179  1.001e-04  4.000e-04  4.000e-04
0 3 2 1 50 e   6147.190498966  6147.190493739  2.668e-05  3.172e-04  3.375e-04
0 0 3 0 12 e   6148.657231754  6148.657234892  1.109e-05  4.023e-04  4.023e-04
0 0 3 0 13 e   6153.837121106  6153.837121597  2.285e-05  6.000e-04  6.000e-04
0 4 2 0 2 e   6155.910271963  6155.910277639  1.805e-04  6.000e-04  6.000e-04
0 4 2 0 3 e   6157.120437644  6157.120444408  6.301e-05  6.000e-04  6.000e-04
1 2 2 0 31 e   6158.414853221  6158.414853666  1.293e-06  6.000e-04  6.000e-04
0 4 2 0 4 e   6158.733797575  6158.733789006  4.535e-05  6.000e-04  6.000e-04
0 0 3 0 14 e   6159.415496709  6159.415496468  2.619e-05  4.023e-04  4.023e-04
0 4 2 0 5 e   6160.750515828  6160.750507554  1.794e-04  6.000e-04  6.000e-04
0 4 2 0 6 e   6163.170641525  6163.170639697  5.614e-06  6.000e-04  6.000e-04
1 2 2 2 32 e   6164.260490678  6164.260937709  2.123e-03  5.016e-03  7.082e-03
1 2 2 2 32 f   6164.269898562  6164.269853426  2.447e-04  5.016e-03  7.082e-03
0 0 3 0 15 e   6165.392161188  6165.392159962  3.757e-05  4.020e-04  4.020e-04
0 4 2 0 7 e   6165.994180277  6165.994182772  7.737e-05  6.000e-04  6.000e-04
0 4 2 0 8 e   6169.220960311  6169.220962589  2.612e-05  6.000e-04  6.000e-04
1 2 2 0 32 e   6171.256608130  6171.256590931  1.680e-04  4.000e-04  4.000e-04
0 0 3 0 16 e   6171.767358681  6171.767361963  2.961e-05  6.000e-04  6.000e-04
3 0 1 0 88 e   6172.777104772  6172.777144110  3.507e-04  4.048e-04  2.031e-03
0 4 2 0 9 e   6172.851173932  6172.851174813  3.377e-06  6.000e-04  6.000e-04
0 4 2 0 10 e   6176.884628794  6176.884629048  5.930e-05  6.000e-04  6.000e-04
0 2 2 0 72 e   6177.143152873  6177.143190559  3.516e-04  8.566e-04  1.805e-03
1 2 2 2 33 e   6177.506477140  6177.506091612  1.041e-03  5.016e-03  7.082e-03
0 0 3 0 17 e   6178.540793409  6178.540795803  1.710e-04  4.020e-04  4.020e-04
0 4 2 0 11 e   6181.321466719  6181.321465034  2.691e-05  6.000e-04  6.000e-04
1 2 2 0 33 e   6184.499142387  6184.499125987  8.382e-05  4.000e-04  4.000e-04
0 0 3 0 18 e   6185.712508222  6185.712505933  2.312e-05  4.020e-04  4.020e-04
0 4 2 0 12 e   6186.161699176  6186.161697659  1.713e-05  6.000e-04  6.000e-04
0 4 2 0 13 e   6191.405069980  6191.405074233  3.278e-05  6.000e-04  6.000e-04
0 0 3 0 19 e   6193.282603979  6193.282604444  9.744e-06  4.020e-04  4.020e-04
0 4 2 0 14 e   6197.052166240  6197.052166842  1.157e-05  6.000e-04  6.000e-04
1 2 2 0 34 e   6198.142180044  6198.142185506  7.976e-05  4.000e-04  4.000e-04
0 0 3 0 20 e   6201.250882115  6201.250889080  1.531e-04  4.020e-04  4.020e-04
0 4 2 0 15 e   6203.102129410  6203.102130262  1.066e-04  6.000e-04  6.000e-04
1 1 2 1 61 e   6209.177786200  6209.177857113  2.360e-04  5.474e-04  1.043e-03
0 4 2 0 16 e   6209.555261557  6209.555262296  2.967e-05  6.000e-04  6.000e-04
0 0 3 0 21 e   6209.618065931  6209.618019310  2.275e-04  2.000e-04  2.275e-04
1 2 2 0 35 e   6212.186230457  6212.186215410  1.496e-04  4.000e-04  4.000e-04
0 4 2 0 17 e   6216.412103723  6216.412101803  1.096e-05  6.000e-04  6.000e-04
0 0 3 0 22 e   6218.382624499  6218.382624852  9.734e-05  4.020e-04  4.020e-04
1 2 2 2 36 e   6219.646890206  6219.646694911  2.895e-03  5.016e-03  7.082e-03
0 4 2 0 18 e   6223.672055945  6223.672054772  1.081e-04  6.000e-04  6.000e-04
1 6 1 0 32 e   6226.210280313  6226.210280358  2.374e-07  6.000e-04  6.000e-04
1 2 2 0 36 e   6226.631008978  6226.631017750  9.436e-05  6.000e-04  6.000e-04
0 0 3 0 23 e   6227.546314486  6227.546240479  2.182e-04  2.000e-04  2.182e-04
0 4 2 0 19 e   6231.335361653  6231.335357431  1.416e-04  6.000e-04  6.000e-04
0 3 2 1 54 e   6231.625115168  6231.625107639  1.887e-04  8.553e-04  1.174e-03
0 2 2 0 74 e   6236.156445674  6236.156486756  3.505e-04  3.221e-04  1.539e-03
0 0 3 0 24 e   6237.107257887  6237.107262447  1.365e-05  6.000e-04  6.000e-04
0 4 2 0 20 e   6239.402144044  6239.402142760  2.486e-05  6.000e-04  6.000e-04
1 2 2 0 37 e   6241.477160072  6241.477160252  7.773e-06  6.000e-04  6.000e-04
0 0 3 0 25 e   6247.067562434  6247.067543005  1.490e-04  2.000e-04  2.000e-04
0 4 2 0 21 e   6247.871830528  6247.871824195  7.761e-05  6.000e-04  6.000e-04
0 3 2 1 55 e   6253.736766489  6253.736697265  8.941e-04  8.557e-04  1.288e-03
1 10 0 0 26 e   6256.178379838  6256.178379883  2.371e-07  4.000e-04  4.000e-04
1 2 2 0 38 e   6256.723617618  6256.723618981  2.702e-05  6.000e-04  6.000e-04
0 4 2 0 22 e   6256.744709409  6256.744714648  5.936e-05  6.000e-04  6.000e-04
0 0 3 0 26 e   6257.491712017  6257.491622724  2.449e-03  1.000e-01  1.000e-01
1 2 2 2 39 e   6265.394809835  6265.394641798  2.722e-03  5.016e-03  7.082e-03
0 4 2 0 23 e   6266.020934099  6266.020933903  2.643e-05  6.000e-04  6.000e-04
0 0 3 0 27 e   6268.183729820  6268.183730340  1.674e-06  2.000e-04  2.000e-04
1 2 2 0 39 e   6272.370457648  6272.370452127  1.781e-05  6.000e-04  6.000e-04
5 0 1 0 1 e   6273.512220000  6273.512220000  4.331e-13  1.000e-03  1.000e-03
5 0 1 0 3 e   6275.499517431  6275.499517429  4.496e-08  1.000e-03  1.000e-03
0 4 2 0 24 e   6275.700444488  6275.700444765  1.234e-06  6.000e-04  6.000e-04
0 3 2 1 56 e   6276.249381122  6276.249330127  8.259e-04  8.558e-04  1.194e-03
5 0 1 0 5 e   6279.075055969  6279.075056000  2.356e-07  1.000e-03  1.000e-03
0 0 3 0 28 e   6279.341665587  6279.341666313  1.940e-06  2.000e-04  2.000e-04
1 0 2 0 81 e   6279.869705557  6279.869741022  3.514e-04  3.211e-04  1.797e-03
0 4 2 0 25 e   6285.782852285  6285.782853831  2.964e-05  6.000e-04  6.000e-04
5 0 1 0 8 e   6287.415764560  6287.415764591  2.349e-07  1.000e-03  1.000e-03
1 2 2 0 40 e   6288.418765793  6288.418758460  1.001e-04  4.000e-04  4.000e-04
1 10 0 0 29 e   6290.540880265  6290.540874653  2.157e-04  4.000e-04  4.000e-04
0 0 3 0 29 e   6290.950135265  6290.950408722  1.476e-02  1.000e-01  1.000e-01
2 1 2 1 2 f   6292.114961697  6292.114961840  1.203e-06  6.000e-04  6.000e-04
2 1 2 1 3 e   6293.313452881  6293.313439136  1.994e-04  4.206e-04  4.206e-04
0 4 2 0 26 e   6296.268669627  6296.268670303  7.917e-06  6.000e-04  6.000e-04
2 1 2 1 5 e   6296.912518154  6296.912518282  1.047e-06  6.000e-04  6.000e-04
2 1 2 1 6 e   6299.311823272  6299.311819176  1.157e-05  4.206e-04  4.206e-04
2 1 2 1 6 f   6299.324721026  6299.324721154  1.048e-06  6.000e-04  6.000e-04
2 1 2 1 7 e   6302.111326458  6302.111326619  9.230e-07  6.000e-04  6.000e-04
1 10 0 0 30 e   6302.743415386  6302.743415431  2.374e-07  2.000e-04  2.000e-04
0 0 3 0 30 e   6302.932675957  6302.932659827  2.331e-04  4.000e-04  4.000e-04
1 2 2 0 41 e   6304.867509705  6304.867498144  9.301e-05  4.001e-04  4.001e-04
0 4 2 0 27 e   6307.157761128  6307.157761841  1.395e-05  6.000e-04  6.000e-04
5 0 1 0 13 e   6309.261890869  6309.261890911  2.350e-07  1.000e-03  1.000e-03
1 1 2 1 65 e   6310.716797922  6310.716507345  9.676e-04  6.577e-04  1.876e-03
1 10 0 0 31 e   6315.153400940  6315.153400985  2.374e-07  3.000e-04  3.000e-04
0 0 3 0 31 e   6315.561600940  6315.561600985  2.374e-07  2.000e-04  2.000e-04
0 4 2 0 28 e   6318.450091354  6318.450103905  1.295e-04  6.000e-04  6.000e-04
1 2 2 0 42 e   6321.716303716  6321.716308583  1.135e-04  4.001e-04  4.001e-04
2 1 2 1 12 f   6322.151975369  6322.151975544  8.716e-07  6.000e-04  6.000e-04
5 0 1 0 16 e   6327.134697656  6327.134697703  2.375e-07  1.000e-03  1.000e-03
2 1 2 1 13 e   6327.302015512  6327.302015690  8.697e-07  6.000e-04  6.000e-04
2 1 2 1 13 f   6327.358894277  6327.358894455  8.697e-07  6.000e-04  6.000e-04
1 10 0 0 32 e   6327.909425386  6327.909425431  2.374e-07  3.000e-04  3.000e-04
0 0 3 0 32 e   6328.030887850  6328.033187614  7.007e-02  1.000e-01  1.000e-01
0 4 2 0 29 e   6330.145444757  6330.145440725  1.427e-05  6.000e-04  6.000e-04
2 1 2 1 14 e   6332.899841540  6332.899841766  9.985e-07  6.000e-04  6.000e-04
2 1 2 1 14 f   6332.964623250  6332.964623312  7.194e-07  6.000e-04  6.000e-04
2 1 2 1 15 e   6338.898004502  6338.898004753  1.054e-06  6.000e-04  6.000e-04
1 2 2 0 43 e   6338.966403345  6338.966392469  2.012e-04  4.002e-04  4.002e-04
0 0 3 0 33 e   6341.098043031  6341.098043076  2.374e-07  1.000e-01  1.000e-01
0 4 2 0 30 e   6342.243650673  6342.243649733  1.564e-05  6.000e-04  6.000e-04
2 1 2 1 16 e   6345.295448663  6345.295448948  1.116e-06  6.000e-04  6.000e-04
2 1 2 1 16 f   6345.378049583  6345.378049659  5.638e-07  6.000e-04  6.000e-04
0 3 2 1 59 e   6346.190137719  6346.189888716  9.626e-04  5.314e-04  1.723e-03
5 0 1 0 19 e   6348.580623234  6348.580623281  2.366e-07  1.000e-03  1.000e-03
2 1 2 1 17 e   6352.091454406  6352.091454742  1.333e-06  6.000e-04  6.000e-04
2 1 2 1 17 f   6352.184996707  6352.184996820  4.836e-07  6.000e-04  6.000e-04
1 10 0 0 34 e   6354.599419012  6354.599419057  2.374e-07  2.000e-04  2.000e-04
0 0 3 0 34 e   6354.670569012  6354.670569057  2.374e-07  1.000e-01  1.000e-01
0 4 2 0 31 e   6354.745255852  6354.745243412  1.477e-04  6.000e-04  6.000e-04
1 2 2 0 44 e   6356.616653106  6356.616582960  2.828e-04  4.003e-04  4.008e-04
2 1 2 1 18 e   6359.287809905  6359.287810091  1.524e-06  6.000e-04  6.000e-04
2 1 2 1 19 e   6366.884158325  6366.884158486  1.526e-06  6.000e-04  6.000e-04
2 1 2 1 19 f   6366.999818770  6366.999818950  5.392e-07  6.000e-04  6.000e-04
0 4 2 0 32 e   6367.649871966  6367.649869610  3.470e-05  6.000e-04  6.000e-04
0 0 3 0 35 e   6368.618151788  6368.618151834  2.374e-07  1.000e-01  1.000e-01
5 0 1 0 22 e   6373.600043090  6373.600043136  2.371e-07  1.000e-03  1.000e-03
1 2 2 0 45 e   6374.653345291  6374.653339553  1.939e-05  1.000e-01  1.000e-01
2 1 2 1 20 e   6374.879872275  6374.879872927  2.663e-06  6.000e-04  6.000e-04
0 4 2 0 33 e   6380.957500821  6380.957499220  4.557e-05  6.000e-04  6.000e-04
1 10 0 0 36 e   6382.876759012  6382.876759057  2.374e-07  2.000e-04  2.000e-04
0 0 3 0 36 e   6382.930753808  6382.930753854  2.374e-07  1.000e-01  1.000e-01
2 1 2 1 21 e   6383.274998736  6383.274998511  3.603e-06  6.000e-04  6.000e-04
2 1 2 1 21 f   6383.414495843  6383.414496121  6.865e-07  6.000e-04  6.000e-04
2 1 2 1 22 f   6392.222125992  6392.222126226  8.179e-07  6.000e-04  6.000e-04
1 2 2 0 46 e   6393.118649663  6393.118646245  2.100e-05  6.005e-04  6.017e-04
0 4 2 0 34 e   6394.668455219  6394.668457771  2.696e-05  6.000e-04  6.000e-04
0 0 3 0 37 e   6397.658336557  6397.658336603  2.379e-07  1.000e-01  1.000e-01
2 1 2 1 23 e   6401.263574307  6401.263574653  2.878e-06  6.000e-04  6.000e-04
5 0 1 0 25 e   6402.191458240  6402.191458286  2.372e-07  1.000e-03  1.000e-03
0 4 2 0 35 e   6408.782128064  6408.782126263  4.379e-05  6.000e-04  6.000e-04
2 1 2 1 24 f   6411.037831555  6411.037831069  9.554e-06  4.206e-04  4.206e-04
1 2 2 0 47 e   6411.970371310  6411.970368465  2.303e-05  6.005e-04  6.019e-04
1 10 0 0 38 e   6412.743930350  6412.743930396  2.379e-07  2.000e-04  2.000e-04
0 0 3 0 38 e   6412.830860350  6412.830860396  2.379e-07  1.000e-01  1.000e-01
2 1 2 1 25 e   6420.850317652  6420.850295407  1.620e-04  4.206e-04  4.206e-04
2 1 2 1 25 f   6421.045656397  6421.045648623  2.341e-05  4.206e-04  4.403e-04
4 6 0 0 4 e   6422.709784617  6422.709784616  4.198e-08  1.000e-03  1.000e-03
0 4 2 0 36 e   6423.298981791  6423.298989991  1.242e-04  6.000e-04  6.000e-04
1 10 0 0 39 e   6428.274666557  6428.274666603  2.379e-07  2.000e-04  2.000e-04
0 0 3 0 39 e   6428.348284602  6428.348284648  2.379e-07  1.000e-01  1.000e-01
4 2 1 0 1 e   6429.488738857  6429.488738855  4.193e-08  1.000e-03  1.000e-03
1 2 2 0 48 e   6431.168413966  6431.168408287  1.936e-05  1.000e-01  1.000e-01
2 1 2 1 26 e   6431.242009822  6431.242005818  1.574e-05  4.206e-04  4.403e-04
4 2 1 0 4 e   6433.096182626  6433.096182652  2.366e-07  1.000e-03  1.000e-03
0 4 2 0 37 e   6438.218885710  6438.218879240  4.356e-05  6.000e-04  6.000e-04
4 2 1 0 7 e   6440.312159774  6440.312159805  2.351e-07  1.000e-03  1.000e-03
4 6 0 0 10 e   6440.909842970  6440.909843003  2.352e-07  1.000e-03  1.000e-03
2 1 2 1 27 f   6442.259602875  6442.259602905  1.540e-06  6.000e-04  6.000e-04
0 0 3 0 40 e   6443.964140350  6443.964140396  2.379e-07  2.000e-04  2.000e-04
1 10 0 0 40 e   6444.204237608  6444.204237654  2.379e-07  2.000e-04  2.000e-04
5 0 1 0 29 e   6445.868650940  6445.868650985  2.374e-07  1.000e-03  1.000e-03
1 2 2 0 49 e   6450.874344640  6450.874335560  2.183e-05  4.007e-04  4.040e-04
2 1 2 1 28 f   6453.464118390  6453.464118528  1.322e-06  6.000e-04  6.000e-04
0 4 2 0 38 e   6453.541604600  6453.541605320  1.222e-04  6.000e-04  6.000e-04
4 2 1 0 11 e   6455.545694723  6455.545694757  2.353e-07  1.000e-03  1.000e-03
0 0 3 0 41 e   6460.519916857  6460.519917161  1.281e-06  2.000e-04  2.000e-04
1 10 0 0 41 e   6460.699596626  6460.699596672  2.381e-07  2.000e-04  2.000e-04
4 6 0 0 14 e   6461.133187081  6461.133187122  2.354e-07  1.000e-03  1.000e-03
0 4 2 0 39 e   6469.267457875  6469.267454950  1.552e-04  6.000e-04  6.000e-04
5 0 1 0 31 e   6470.087746312  6470.087746357  2.374e-07  1.000e-03  1.000e-03
1 3 2 1 4 f   6470.172223697  6470.172223840  1.203e-06  6.000e-04  6.000e-04
1 2 2 0 50 e   6470.940746864  6470.940743651  3.140e-05  1.000e-01  1.000e-01
4 2 1 0 14 e   6471.180487081  6471.180487122  2.354e-07  1.000e-03  1.000e-03
1 3 2 1 5 e   6472.171967871  6472.171967892  1.292e-06  6.000e-04  6.000e-04
0 0 3 0 42 e   6477.245728079  6477.245728478  1.525e-06  2.000e-04  2.000e-04
1 3 2 1 8 e   6480.607136445  6480.607136603  9.233e-07  6.000e-04  6.000e-04
1 3 2 1 8 f   6480.639764857  6480.639765014  9.233e-07  6.000e-04  6.000e-04
1 3 2 1 9 e   6484.221677458  6484.221677619  9.230e-07  6.000e-04  6.000e-04
1 3 2 1 9 f   6484.263509680  6484.263509841  9.230e-07  6.000e-04  6.000e-04
0 4 2 0 40 e   6485.396067700  6485.396072985  4.163e-05  6.000e-04  6.000e-04
1 3 2 1 10 e   6488.238411727  6488.238411840  8.128e-07  6.000e-04  6.000e-04
1 3 2 1 10 f   6488.289399020  6488.289399133  8.128e-07  6.000e-04  6.000e-04
1 2 2 0 51 e   6491.380525054  6491.380589471  3.633e-04  4.017e-04  4.071e-04
1 3 2 1 11 e   6492.657085512  6492.657085690  8.697e-07  6.000e-04  6.000e-04
1 3 2 1 11 f   6492.718057277  6492.718057455  8.697e-07  6.000e-04  6.000e-04
0 0 3 0 43 e   6494.386140708  6494.386138315  1.379e-05  1.000e-01  1.000e-01
4 6 0 0 19 e   6495.512103234  6495.512103281  2.366e-07  1.000e-03  1.000e-03
0 3 2 1 65 e   6496.890798670  6496.890556174  9.203e-04  1.002e-03  1.916e-03
1 3 2 1 12 e   6497.476856256  6497.476856432  8.742e-07  6.000e-04  6.000e-04
1 3 2 1 12 f   6497.549604369  6497.549604544  8.716e-07  6.000e-04  6.000e-04
4 2 1 0 18 e   6497.639152763  6497.639152810  2.369e-07  1.000e-03  1.000e-03
0 3 2 1 65 f   6498.712593511  6498.712630273  3.486e-04  1.629e-03  2.967e-03
0 4 2 0 41 e   6501.927829614  6501.927834317  1.507e-04  6.000e-04  6.000e-04
1 3 2 1 13 e   6502.697762502  6502.697762753  1.054e-06  6.000e-04  6.000e-04
1 3 2 1 14 f   6508.419061250  6508.419061312  7.194e-07  6.000e-04  6.000e-04
0 0 3 0 44 e   6511.883670605  6511.883668370  1.367e-05  2.013e-04  2.029e-04
1 2 2 0 52 e   6512.232696843  6512.232690336  4.276e-05  4.018e-04  4.094e-04
1 3 2 1 15 e   6514.346316454  6514.346332463  1.865e-04  6.000e-04  6.000e-04
0 4 2 0 42 e   6518.862467716  6518.862475100  1.031e-04  6.000e-04  6.000e-04
1 3 2 1 16 e   6520.772671905  6520.772672091  1.524e-06  6.000e-04  6.000e-04
1 3 2 1 16 f   6520.898773583  6520.898773659  5.638e-07  6.000e-04  6.000e-04
4 6 0 0 22 e   6520.993743090  6520.993743136  2.371e-07  1.000e-03  1.000e-03
4 2 1 0 21 e   6521.693875797  6521.693875844  2.369e-07  1.000e-03  1.000e-03
1 3 2 1 17 f   6527.742467238  6527.742465815  2.400e-05  6.000e-04  6.000e-04
0 0 3 0 45 e   6529.798145591  6529.798140104  1.932e-05  2.016e-04  2.041e-04
1 2 2 0 53 e   6533.486454088  6533.486452796  3.741e-05  4.027e-04  4.137e-04
1 3 2 1 18 e   6534.829577275  6534.829577927  2.663e-06  6.000e-04  6.000e-04
1 3 2 1 18 f   6534.988477563  6534.988477793  6.331e-07  6.000e-04  6.000e-04
0 4 2 0 43 e   6536.199390167  6536.199399089  1.942e-04  6.000e-04  6.000e-04
5 0 1 0 36 e   6537.575443808  6537.575443854  2.374e-07  1.000e-03  1.000e-03
0 0 3 0 46 e   6548.143847036  6548.143841318  1.937e-05  1.000e-01  1.000e-01
4 2 1 0 24 e   6549.356729838  6549.356729883  2.371e-07  1.000e-03  1.000e-03
1 3 2 1 20 e   6550.493067800  6550.493072197  1.616e-04  6.000e-04  6.000e-04
1 3 2 1 20 f   6550.687920992  6550.687921226  8.179e-07  6.000e-04  6.000e-04
0 4 2 0 44 e   6553.940026823  6553.940026869  2.381e-07  6.000e-04  6.000e-04
1 2 2 0 54 e   6555.139278355  6555.139276476  4.056e-05  4.027e-04  4.151e-04
1 3 2 1 21 f   6559.141312914  6559.141312575  1.295e-05  6.000e-04  6.000e-04
4 6 0 0 26 e   6560.631199838  6560.631199883  2.371e-07  1.000e-03  1.000e-03
0 0 3 0 47 e   6566.819317202  6566.819311863  1.928e-05  2.016e-04  2.058e-04
1 3 2 1 22 e   6567.761768958  6567.761758513  6.844e-05  6.000e-04  6.000e-04
1 3 2 1 22 f   6567.996970326  6567.996970465  1.171e-06  6.000e-04  6.000e-04
1 3 2 1 23 e   6576.998403307  6576.998403653  2.878e-06  6.000e-04  6.000e-04
1 3 2 1 23 f   6577.254977985  6577.254978091  1.208e-06  6.000e-04  6.000e-04
4 2 1 0 27 e   6580.631019591  6580.631019637  2.377e-07  1.000e-03  1.000e-03
0 0 3 0 48 e   6585.978413966  6585.978408287  1.936e-05  1.000e-01  1.000e-01
1 3 2 1 24 e   6586.636330053  6586.636325377  1.126e-04  6.000e-04  6.000e-04
1 3 2 1 24 f   6586.914729545  6586.914729453  1.739e-06  6.000e-04  6.000e-04
0 4 2 0 46 e   6590.629528470  6590.629526084  1.377e-05  6.004e-04  6.010e-04
4 6 0 0 29 e   6594.603359591  6594.603359637  2.377e-07  1.000e-03  1.000e-03
1 3 2 1 25 e   6596.675771348  6596.675765247  1.150e-04  6.000e-04  6.000e-04
1 3 2 1 25 f   6596.977385214  6596.977385200  1.547e-06  6.000e-04  6.000e-04
5 0 1 0 40 e   6598.700877608  6598.700877654  2.379e-07  1.000e-03  1.000e-03
0 0 3 0 49 e   6605.428647410  6605.428642510  1.966e-05  2.016e-04  2.080e-04
1 3 2 1 26 e   6607.116492256  6607.116490992  1.894e-05  6.000e-04  6.000e-04
1 3 2 1 26 f   6607.442210390  6607.442210528  1.322e-06  6.000e-04  6.000e-04
3 4 1 0 4 e   6615.129192626  6615.129192652  2.366e-07  1.000e-03  1.000e-03
4 2 1 0 30 e   6615.515375386  6615.515375431  2.374e-07  1.000e-03  1.000e-03
0 1 3 1 1 e   6616.252382171  6616.252382313  1.203e-06  6.000e-04  6.000e-04
0 1 3 1 1 f   6616.252395330  6616.252395473  1.203e-06  6.000e-04  6.000e-04
0 1 3 1 2 e   6617.050893502  6617.050893637  1.266e-06  6.000e-04  6.000e-04
0 1 3 1 2 f   6617.051838294  6617.051841188  7.663e-05  6.000e-04  6.000e-04
1 3 2 1 27 e   6617.958479711  6617.958479597  2.056e-06  6.000e-04  6.000e-04
0 1 3 1 3 e   6618.249065171  6618.249065313  1.203e-06  6.000e-04  6.000e-04
0 1 3 1 3 f   6618.250783369  6618.250769336  1.686e-04  6.000e-04  6.000e-04
1 3 2 1 27 f   6618.309562170  6618.309561418  4.873e-05  6.000e-04  6.000e-04
3 4 1 0 6 e   6619.560452626  6619.560452652  2.366e-07  1.000e-03  1.000e-03
0 1 3 1 4 e   6619.843469339  6619.843469467  1.048e-06  6.000e-04  6.000e-04
0 1 3 1 5 e   6621.840259589  6621.840259575  1.362e-06  6.000e-04  6.000e-04
3 4 1 0 7 e   6622.382949774  6622.382949805  2.351e-07  1.000e-03  1.000e-03
0 1 3 1 6 e   6624.235381339  6624.235381467  1.048e-06  6.000e-04  6.000e-04
0 0 3 0 50 e   6625.330746864  6625.330743651  3.140e-05  1.000e-01  1.000e-01
0 1 3 1 7 f   6627.040617680  6627.040617841  9.230e-07  6.000e-04  6.000e-04
1 3 2 1 28 e   6629.201597997  6629.201597801  1.624e-06  6.000e-04  6.000e-04
3 4 1 0 9 e   6629.231329774  6629.231329805  2.351e-07  1.000e-03  1.000e-03
1 3 2 1 28 f   6629.578602678  6629.578602840  1.180e-06  6.000e-04  6.000e-04
0 1 3 1 8 e   6630.219299445  6630.219299603  9.233e-07  6.000e-04  6.000e-04
3 4 1 0 10 e   6633.262702970  6633.262703003  2.352e-07  1.000e-03  1.000e-03
0 1 3 1 9 f   6633.832243867  6633.832243998  8.280e-07  6.000e-04  6.000e-04
3 0 2 0 0 e   6640.104823308  6640.104823308  1.433e-09  1.000e-03  1.000e-03
3 0 2 0 1 e   6640.502160000  6640.502160000  4.884e-13  1.000e-03  1.000e-03
1 3 2 1 29 e   6640.846196864  6640.846195966  4.081e-06  6.000e-04  6.000e-04
1 3 2 1 29 f   6641.250178464  6641.250178686  1.373e-06  6.000e-04  6.000e-04
3 0 2 0 2 e   6641.298202117  6641.298180042  3.932e-04  1.000e-03  1.000e-03
3 0 2 0 3 e   6642.489163715  6642.489197785  5.547e-04  1.000e-03  1.000e-03
3 0 2 0 4 e   6644.079109287  6644.079079329  4.721e-04  1.000e-03  1.000e-03
4 6 0 0 33 e   6645.553966312  6645.553966357  2.374e-07  1.000e-03  1.000e-03
0 0 3 0 51 e   6645.626734673  6645.626730270  3.320e-05  2.026e-04  2.131e-04
3 0 2 0 5 e   6646.066048789  6646.066072066  7.447e-04  1.000e-03  1.000e-03
3 4 1 0 13 e   6647.770960869  6647.770960911  2.350e-07  1.000e-03  1.000e-03
3 0 2 0 6 e   6648.451590219  6648.451591719  3.311e-05  1.000e-03  1.000e-03
3 0 2 0 7 e   6651.233319871  6651.233318003  3.880e-05  1.000e-03  1.000e-03
1 3 2 1 30 e   6652.892240773  6652.892233759  6.632e-05  6.000e-04  6.000e-04
4 2 1 0 33 e   6654.011596312  6654.011596357  2.374e-07  1.000e-03  1.000e-03
3 0 2 0 8 e   6654.413074187  6654.413089302  1.410e-04  1.000e-03  1.000e-03
3 0 2 0 9 e   6657.990123269  6657.990107338  1.912e-04  1.000e-03  1.000e-03
3 0 2 0 10 e   6661.964712711  6661.964721559  1.501e-04  6.016e-04  6.016e-04
1 3 2 1 31 e   6665.339473175  6665.339472656  4.875e-06  6.000e-04  6.000e-04
1 3 2 1 31 f   6665.798882063  6665.798882246  1.894e-06  6.000e-04  6.000e-04
5 0 1 0 44 e   6666.166690470  6666.166688084  1.377e-05  1.000e-03  1.001e-03
3 0 2 0 11 e   6666.337596403  6666.337656216  6.155e-04  1.000e-03  1.000e-03
0 0 3 0 52 e   6666.360370649  6666.360371016  3.508e-05  1.000e-01  1.000e-01
3 0 2 0 12 e   6671.106820932  6671.106854390  2.997e-04  6.016e-04  6.016e-04
4 6 0 0 35 e   6673.450543031  6673.450543076  2.374e-07  1.000e-03  1.000e-03
3 0 2 0 13 e   6676.273780771  6676.273772102  4.205e-04  1.000e-03  1.000e-03
1 3 2 1 32 e   6678.187748879  6678.187748678  2.071e-06  6.000e-04  6.000e-04
1 3 2 1 32 f   6678.677610935  6678.677622877  1.135e-04  6.000e-04  6.000e-04
3 4 1 0 18 e   6680.009417656  6680.009417703  2.375e-07  1.000e-03  1.000e-03
3 0 2 0 14 e   6681.838420412  6681.838431292  3.743e-04  1.000e-03  1.000e-03
0 0 3 0 53 e   6687.412579123  6687.412580232  3.518e-05  2.044e-04  2.230e-04
3 0 2 0 15 e   6687.799676099  6687.799676687  3.726e-04  1.000e-03  1.000e-03
1 3 2 1 33 e   6691.436294961  6691.436274167  1.752e-04  6.000e-04  6.000e-04
3 0 2 0 16 e   6694.158421869  6694.158423490  1.264e-05  1.000e-03  1.000e-03
4 2 1 0 36 e   6696.121753808  6696.121753854  2.374e-07  1.000e-03  1.000e-03
3 0 2 0 17 e   6700.914843095  6700.914841794  7.592e-05  1.000e-03  1.000e-03
4 6 0 0 37 e   6702.958646557  6702.958646603  2.379e-07  1.000e-03  1.000e-03
3 4 1 0 21 e   6704.189825797  6704.189825844  2.369e-07  1.000e-03  1.000e-03
1 3 2 1 34 f   6705.638341658  6705.638341579  1.507e-06  6.000e-04  6.000e-04
3 0 2 0 18 e   6708.068244319  6708.068298674  2.292e-04  6.013e-04  6.013e-04
0 0 3 0 54 e   6708.946891224  6708.946891623  3.509e-05  1.000e-01  1.000e-01
3 0 2 0 19 e   6715.619048700  6715.619064257  3.362e-04  1.000e-03  1.000e-03
1 3 2 1 35 e   6719.138828746  6719.138827341  4.876e-06  6.000e-04  6.000e-04
1 3 2 1 35 f   6719.722662314  6719.722662369  2.156e-06  6.000e-04  6.000e-04
5 0 1 0 47 e   6720.926176923  6720.926171220  1.934e-05  1.000e-03  1.001e-03
3 0 2 0 20 e   6723.567367725  6723.567389604  5.551e-04  1.000e-03  1.000e-03
0 0 3 0 55 e   6730.856341736  6730.856342353  3.512e-05  1.000e-01  1.000e-01
3 0 2 0 21 e   6731.912448482  6731.912461280  6.160e-05  6.013e-04  6.013e-04
1 3 2 1 36 e   6733.590484080  6733.590482939  3.175e-06  6.000e-04  6.000e-04
1 3 2 1 36 f   6734.207844793  6734.207844114  2.468e-06  6.000e-04  6.000e-04
3 0 2 0 22 e   6740.654728648  6740.654713989  1.880e-04  1.000e-03  1.000e-03
4 2 1 0 39 e   6741.850424602  6741.850424648  2.379e-07  1.000e-03  1.000e-03
3 4 1 0 25 e   6742.070496087  6742.070496133  2.373e-07  1.000e-03  1.000e-03
1 3 2 1 37 e   6748.443606097  6748.443604592  4.563e-06  6.000e-04  6.000e-04
1 3 2 1 37 f   6749.095139029  6749.095138278  3.260e-06  6.000e-04  6.000e-04
3 0 2 0 23 e   6749.794724442  6749.794714863  1.435e-04  1.000e-03  1.000e-03
4 6 0 0 40 e   6750.237617608  6750.237617654  2.379e-07  1.000e-03  1.000e-03
0 0 3 0 56 e   6753.068046334  6753.068085263  3.492e-04  2.063e-04  5.058e-04
3 0 2 0 24 e   6759.331772347  6759.331874137  4.874e-04  6.013e-04  6.013e-04
5 1 1 1 4 e   6759.591431339  6759.591431467  1.048e-06  3.000e-03  3.000e-03
5 1 1 1 4 f   6759.597797026  6759.597797154  1.048e-06  3.000e-03  3.000e-03
3 4 1 0 27 e   6763.428009591  6763.428009637  2.377e-07  1.000e-03  1.000e-03
1 3 2 1 38 e   6763.698846722  6763.698845561  3.126e-06  6.000e-04  6.000e-04
5 1 1 1 6 e   6763.970541339  6763.970541467  1.048e-06  3.000e-03  3.000e-03
1 3 2 1 38 f   6764.384271793  6764.384271114  2.468e-06  6.000e-04  6.000e-04
5 1 1 1 7 f   6766.776161047  6766.776161176  1.047e-06  2.000e-03  2.000e-03
3 0 2 0 25 e   6769.265601163  6769.265582762  1.219e-04  1.000e-03  1.000e-03
5 1 1 1 9 e   6773.529684268  6773.529684400  8.280e-07  3.000e-03  3.000e-03
0 0 3 0 57 e   6775.746686505  6775.746724615  3.485e-04  2.063e-04  5.443e-04
5 0 1 0 50 e   6779.246826864  6779.246823651  3.140e-05  1.000e-03  1.002e-03
1 3 2 1 39 e   6779.353133109  6779.353131721  5.514e-06  6.000e-04  6.000e-04
3 0 2 0 26 e   6779.596721298  6779.596733266  8.155e-05  6.013e-04  6.013e-04
4 6 0 0 42 e   6783.763797823  6783.763797869  2.381e-07  2.000e-03  2.000e-03
3 4 1 0 29 e   6786.397420940  6786.397420985  2.374e-07  1.000e-03  1.000e-03
3 0 2 0 27 e   6790.325463233  6790.325462524  8.949e-06  6.013e-04  6.013e-04
4 2 1 0 42 e   6791.200947823  6791.200947869  2.381e-07  1.000e-03  1.000e-03
5 1 1 1 13 e   6791.844391512  6791.844391690  8.697e-07  3.000e-03  3.000e-03
5 1 1 1 13 f   6791.898431818  6791.898431889  6.208e-07  2.000e-03  2.000e-03
1 3 2 1 40 e   6795.409351057  6795.409342039  2.253e-04  6.000e-04  6.000e-04
5 1 1 1 14 f   6797.482716583  6797.482716659  5.638e-07  2.000e-03  2.000e-03
2 2 2 0 5 e   6797.549526969  6797.549527000  2.356e-07  1.000e-03  1.000e-03
0 0 3 0 58 e   6798.821936860  6798.821974838  3.485e-04  2.063e-04  6.463e-04
2 2 2 0 6 e   6799.953004813  6799.953004844  2.346e-07  1.000e-03  1.000e-03
3 0 2 0 28 e   6801.450575766  6801.450587117  1.113e-04  6.013e-04  6.013e-04
2 2 2 0 7 e   6802.757908774  6802.757908805  2.351e-07  1.000e-03  1.000e-03
2 2 2 0 8 e   6805.963144687  6805.963154473  2.072e-04  1.000e-03  1.000e-03
2 2 2 0 9 e   6809.569710774  6809.569710805  2.351e-07  1.000e-03  1.000e-03
1 3 2 1 41 e   6811.866102109  6811.866100721  5.514e-06  6.000e-04  6.000e-04
3 0 2 0 29 e   6812.973018642  6812.972952280  3.469e-04  6.013e-04  6.013e-04
2 2 2 0 10 e   6813.576903560  6813.576903591  2.349e-07  1.000e-03  1.000e-03
2 2 2 0 11 e   6817.983250743  6817.983209730  8.514e-04  1.000e-03  1.000e-03
5 0 1 0 52 e   6820.106730649  6820.106731016  3.508e-05  1.001e-03  1.004e-03
4 2 1 2 44 e   6821.420967823  6821.420967869  2.381e-07  5.000e-03  5.000e-03
0 0 3 0 59 e   6822.293244577  6822.293282918  3.493e-04  2.082e-04  7.351e-04
2 2 2 0 12 e   6822.791643274  6822.791662445  2.888e-04  1.000e-03  1.000e-03
5 1 1 1 18 e   6823.694492905  6823.694493091  1.524e-06  3.000e-03  3.000e-03
5 1 1 1 18 f   6823.801461100  6823.801461262  5.405e-07  2.000e-03  2.000e-03
3 4 1 0 32 e   6823.872490313  6823.872490358  2.374e-07  1.000e-03  1.000e-03
3 0 2 0 30 e   6824.891606612  6824.891615013  3.282e-04  6.013e-04  6.013e-04
4 2 1 0 44 e   6826.115190470  6826.115188084  1.377e-05  1.000e-03  1.001e-03
2 2 2 0 13 e   6828.000775723  6828.000775757  2.353e-07  1.000e-03  1.000e-03
1 3 2 1 42 f   6829.558509458  6829.558510042  3.663e-06  6.000e-04  6.000e-04
2 2 2 0 14 e   6833.608636829  6833.608648643  1.256e-04  1.000e-03  1.000e-03
4 6 0 0 45 e   6837.057095291  6837.057089553  1.939e-05  2.000e-03  2.000e-03
3 4 1 0 33 e   6837.170093031  6837.170093076  2.374e-07  1.000e-03  1.000e-03
3 0 2 0 31 e   6837.207625919  6837.207614646  6.757e-05  6.013e-04  6.013e-04
5 1 1 1 20 f   6839.351712563  6839.351712793  6.331e-07  2.000e-03  2.000e-03
2 2 2 0 15 e   6839.619449214  6839.619463884  3.410e-04  1.000e-03  1.000e-03
5 0 1 0 53 e   6841.128338767  6841.128339118  3.509e-05  1.001e-03  1.005e-03
1 3 2 1 43 e   6845.982173271  6845.982172177  7.598e-06  6.001e-04  6.001e-04
2 2 2 0 16 e   6846.029082869  6846.029147776  3.766e-04  1.000e-03  1.000e-03
0 0 3 0 60 e   6846.162004536  6846.162043743  3.489e-04  2.082e-04  8.129e-04
1 3 2 1 43 f   6846.856576327  6846.856575466  7.461e-06  6.001e-04  6.001e-04
5 1 1 1 21 e   6847.582562307  6847.582562653  2.878e-06  3.000e-03  3.000e-03
3 0 2 0 32 e   6849.921584996  6849.921584555  2.230e-06  1.000e-03  1.000e-03
2 2 2 0 17 e   6852.839722095  6852.839741141  5.673e-04  1.000e-03  1.000e-03
5 1 1 1 22 f   6856.497013326  6856.497013465  1.171e-06  2.000e-03  2.000e-03
2 2 2 0 18 e   6860.051598710  6860.051600716  1.398e-04  1.000e-03  1.000e-03
5 0 1 0 54 e   6862.549420649  6862.549421016  3.508e-05  1.001e-03  1.004e-03
4 2 1 0 46 e   6862.645727036  6862.645721318  1.937e-05  1.000e-03  1.001e-03
3 0 2 0 33 e   6863.029043031  6863.029043076  2.374e-07  5.000e-02  5.000e-02
3 4 1 0 35 e   6864.974511788  6864.974511834  2.374e-07  1.000e-03  1.000e-03
2 2 2 0 19 e   6867.663379932  6867.663377712  3.222e-05  1.000e-03  1.000e-03
0 0 3 0 61 e   6870.586229088  6870.586266162  3.480e-04  1.000e-01  1.000e-01
5 1 1 1 24 e   6875.053815592  6875.053815565  2.194e-06  3.000e-03  3.000e-03
2 2 2 0 20 e   6875.675536484  6875.675519848  2.215e-04  1.000e-03  1.000e-03
3 0 2 0 34 e   6876.539424270  6876.539431077  3.207e-05  1.000e-03  1.000e-03
4 2 1 2 47 e   6876.891286923  6876.891281220  1.934e-05  5.000e-03  5.000e-03
1 3 2 1 45 e   6881.701033733  6881.701028241  1.225e-05  6.002e-04  6.003e-04
2 2 2 0 21 e   6884.087896515  6884.087905606  2.789e-04  1.000e-03  1.000e-03
5 0 1 0 55 e   6884.362108767  6884.362109118  3.509e-05  1.001e-03  1.005e-03
3 0 2 0 35 e   6890.443196170  6890.443203958  2.615e-05  1.000e-03  1.000e-03
2 2 2 0 22 e   6892.901761148  6892.901788735  4.384e-04  1.000e-03  1.000e-03
0 0 3 0 62 e   6895.087266026  6895.087302297  3.487e-04  2.082e-04  9.502e-04
1 3 2 1 46 e   6900.160601151  6900.160594056  1.958e-05  6.002e-04  6.007e-04
4 2 1 0 48 e   6900.791273966  6900.791268287  1.936e-05  1.000e-03  1.001e-03
3 0 2 0 36 e   6904.754753808  6904.754753854  2.374e-07  5.000e-02  5.000e-02
5 1 1 1 27 e   6906.100898248  6906.100897737  2.866e-06  3.000e-03  3.000e-03
3 4 1 0 38 e   6909.701920350  6909.701920396  2.379e-07  1.000e-03  1.000e-03
0 4 2 0 61 e   6917.130644413  6917.130682556  3.494e-04  4.042e-04  7.627e-04
1 3 2 1 47 e   6919.021901389  6919.021894862  1.804e-05  6.003e-04  6.009e-04
3 0 2 0 37 e   6919.451336557  6919.451336603  2.379e-07  5.000e-02  5.000e-02
1 3 2 1 47 f   6920.062364498  6920.062358050  1.810e-05  6.003e-04  6.011e-04
0 0 3 0 63 e   6920.145060789  6920.145099518  3.496e-04  2.082e-04  1.012e-03
3 4 1 0 39 e   6925.416406557  6925.416406603  2.379e-07  1.000e-03  1.000e-03
4 3 1 1 4 e   6925.922791339  6925.922791467  1.048e-06  1.000e-03  1.000e-03
5 0 1 0 57 e   6929.177336462  6929.177374489  3.485e-04  1.001e-03  1.085e-03
4 3 1 1 6 f   6930.364664857  6930.364665014  9.233e-07  1.000e-03  1.000e-03
4 6 0 0 50 e   6933.848076864  6933.848073651  3.140e-05  2.000e-03  2.001e-03
3 0 2 0 38 e   6934.534342557  6934.534344436  7.342e-06  1.000e-03  1.000e-03
4 2 1 2 50 e   6936.013386864  6936.013383651  3.140e-05  5.000e-03  5.000e-03
1 3 2 1 48 f   6939.367480565  6939.367474119  1.879e-05  6.003e-04  6.015e-04
4 3 1 1 9 e   6939.977563458  6939.977563619  9.230e-07  1.000e-03  1.000e-03
4 2 1 0 50 e   6940.556783966  6940.556778287  1.936e-05  1.000e-03  1.001e-03
3 4 1 0 40 e   6941.533437608  6941.533437654  2.379e-07  1.000e-03  1.000e-03
0 4 2 0 62 e   6942.116594370  6942.116633250  3.490e-04  4.042e-04  8.381e-04
4 3 1 1 10 f   6944.061250020  6944.061250133  8.128e-07  1.000e-03  1.000e-03
0 0 3 0 64 e   6945.598607736  6945.598646509  3.496e-04  2.082e-04  1.070e-03
3 0 2 0 39 e   6950.030284602  6950.030284648  2.379e-07  5.000e-02  5.000e-02
5 1 1 1 31 e   6953.070374864  6953.070373966  4.081e-06  3.000e-03  3.000e-03
4 3 1 1 12 f   6953.324818250  6953.324818312  7.194e-07  1.000e-03  1.000e-03
4 6 0 0 51 e   6954.399124286  6954.399119423  3.320e-05  2.000e-03  2.001e-03
4 2 1 2 51 e   6956.523144286  6956.523139423  3.320e-05  5.000e-03  5.001e-03
4 3 1 1 13 e   6958.450291512  6958.450291690  8.697e-07  1.000e-03  1.000e-03
4 3 1 1 14 f   6964.198716583  6964.198716659  5.638e-07  1.000e-03  1.000e-03
5 1 1 1 32 e   6965.803398634  6965.803398511  2.546e-06  3.000e-03  3.000e-03
3 0 2 0 40 e   6965.918567608  6965.918567654  2.379e-07  5.000e-02  5.000e-02
1 0 3 0 1 e   6966.571323429  6966.571325651  4.428e-05  1.000e-03  1.000e-03
1 0 3 0 2 e   6967.367363463  6967.367362263  7.858e-05  1.000e-03  1.000e-03
0 4 2 0 63 e   6967.504339088  6967.504376162  3.480e-04  4.042e-04  9.072e-04
1 0 3 0 3 e   6968.561645193  6968.561642904  2.355e-05  1.000e-03  1.000e-03
4 3 1 1 15 e   6970.095257502  6970.095257753  1.054e-06  1.000e-03  1.000e-03
1 0 3 0 4 e   6970.154968622  6970.154964225  5.321e-04  1.000e-01  1.000e-01
0 0 3 0 65 e   6971.448317141  6971.448355907  3.496e-04  2.082e-04  1.126e-03
1 0 3 0 5 e   6972.144579593  6972.144579475  9.683e-06  1.000e-03  1.000e-03
1 0 3 0 6 e   6974.532556239  6974.532555242  1.784e-04  1.000e-03  1.000e-03
1 0 3 0 7 e   6977.319148641  6977.319195677  1.665e-04  6.016e-04  6.016e-04
1 3 2 1 50 e   6978.006725398  6978.006716772  2.073e-05  6.004e-04  6.023e-04
1 0 3 0 8 e   6980.503981118  6980.503972767  1.595e-04  1.000e-03  1.000e-03
4 2 1 0 52 e   6981.947170649  6981.947171016  3.508e-05  1.001e-03  1.004e-03
3 0 2 0 41 e   6982.205666626  6982.205666672  2.381e-07  5.000e-02  5.000e-02
1 0 3 0 9 e   6984.086244103  6984.086246899  1.287e-04  1.000e-03  1.000e-03
1 0 3 0 10 e   6988.066830503  6988.066833263  8.406e-06  1.000e-03  1.000e-03
4 3 1 1 18 f   6990.779262563  6990.779262793  6.331e-07  1.000e-03  1.000e-03
3 4 1 0 43 e   6992.303596626  6992.303596672  2.381e-07  1.000e-03  1.000e-03
1 0 3 0 11 e   6992.445314707  6992.445314591  4.351e-06  1.000e-03  1.000e-03
0 4 2 0 64 e   6993.295766026  6993.295802297  3.487e-04  4.042e-04  9.719e-04
1 4 2 0 8 e   6995.432206187  6995.432205844  9.098e-05  1.000e-03  1.000e-03
4 6 0 0 53 e   6996.687448767  6996.687449118  3.509e-05  2.000e-03  2.002e-03
1 0 3 0 12 e   6997.221666227  6997.221670835  1.048e-04  6.016e-04  6.016e-04
0 0 3 0 66 e   6997.694106351  6997.694145109  3.496e-04  2.082e-04  1.179e-03
1 3 2 1 51 e   6998.468955179  6998.468946136  2.312e-05  6.005e-04  6.028e-04
3 0 2 0 42 e   6998.875742142  6998.875749138  2.320e-05  1.000e-03  1.000e-03
1 4 2 0 9 e   6999.048307769  6999.048317276  2.599e-04  1.000e-03  1.000e-03
5 0 1 0 60 e   6999.363094370  6999.363133250  3.490e-04  1.002e-03  1.242e-03
1 0 3 0 13 e   7002.395977878  7002.395975720  1.643e-05  6.016e-04  6.016e-04
1 4 2 0 10 e   7003.069047560  7003.069047591  2.349e-07  1.000e-03  1.000e-03
4 2 1 0 53 e   7003.252678767  7003.252679118  3.509e-05  2.000e-03  2.002e-03
4 3 1 1 20 e   7006.227761275  7006.227761927  2.663e-06  1.000e-03  1.000e-03
5 1 1 1 35 e   7006.398249097  7006.398247592  4.563e-06  3.000e-03  3.000e-03
5 1 1 1 35 f   7006.779331314  7006.779331369  2.156e-06  2.000e-03  2.000e-03
1 4 2 0 11 e   7007.490930764  7007.490930796  2.352e-07  1.000e-03  1.000e-03
1 0 3 0 14 e   7007.967964087  7007.967964555  1.727e-05  1.000e-03  1.000e-03
1 4 2 0 12 e   7012.312961970  7012.312962003  2.352e-07  1.000e-03  1.000e-03
1 0 3 0 15 e   7013.938016635  7013.937972261  2.435e-04  6.016e-04  6.016e-04
4 3 1 1 21 f   7014.936999843  7014.937000121  6.865e-07  1.000e-03  1.000e-03
3 0 2 0 43 e   7015.961140708  7015.961138315  1.379e-05  5.000e-02  5.000e-02
1 4 2 0 13 e   7017.538037723  7017.538037757  2.353e-07  1.000e-03  1.000e-03
1 0 3 0 16 e   7020.305656053  7020.305661489  3.553e-05  6.016e-04  6.016e-04
1 4 2 0 14 e   7023.165090829  7023.165093816  9.643e-05  1.000e-03  1.000e-03
0 0 3 0 67 e   7024.335910776  7024.335948555  3.512e-04  2.083e-04  1.229e-03
1 0 3 0 17 e   7027.071067138  7027.071063032  1.031e-04  1.000e-03  1.000e-03
3 4 1 0 45 e   7028.162825291  7028.162819553  1.939e-05  1.000e-03  1.001e-03
1 4 2 0 15 e   7029.194681869  7029.194681911  2.350e-07  1.000e-03  1.000e-03
4 3 1 1 23 e   7032.721652986  7032.721652960  2.227e-06  1.000e-03  1.000e-03
4 3 1 1 23 f   7033.054619214  7033.054619200  1.547e-06  1.000e-03  1.000e-03
3 0 2 0 44 e   7033.433420470  7033.433418084  1.377e-05  5.000e-02  5.000e-02
1 0 3 0 18 e   7034.234086970  7034.234068480  2.236e-04  1.000e-03  1.000e-03
1 4 2 0 16 e   7035.625244081  7035.625244122  2.354e-07  1.000e-03  1.000e-03
1 0 3 0 19 e   7041.794911795  7041.794905494  1.336e-04  1.000e-03  1.000e-03
1 4 2 0 17 e   7042.459135559  7042.459135605  2.376e-07  1.000e-03  1.000e-03
4 2 1 2 55 e   7042.641268767  7042.641269118  3.509e-05  5.000e-03  5.001e-03
3 4 1 0 46 e   7046.695417036  7046.695411318  1.937e-05  1.000e-03  1.001e-03
4 2 1 0 55 e   7047.088118767  7047.088119118  3.509e-05  2.000e-03  2.002e-03
5 0 1 0 62 e   7048.128946026  7048.128982297  3.487e-04  1.002e-03  1.336e-03
1 0 3 0 20 e   7049.753461839  7049.753458339  2.300e-05  1.000e-03  1.000e-03
5 1 1 1 38 e   7050.569091722  7050.569090561  3.126e-06  3.000e-03  3.000e-03
5 1 1 1 38 f   7051.017436704  7051.017435734  2.640e-06  2.000e-03  2.000e-03
3 0 2 0 45 e   7051.307345291  7051.307339553  1.939e-05  5.000e-02  5.000e-02
0 0 3 0 68 e   7051.374155201  7051.374192828  3.511e-04  2.088e-04  1.278e-03
4 3 1 1 25 e   7052.389363711  7052.389363597  2.056e-06  1.000e-03  1.000e-03
4 3 1 1 25 f   7052.779144875  7052.779144905  1.540e-06  1.000e-03  1.000e-03
1 0 3 0 21 e   7058.109496319  7058.109502566  7.494e-05  6.013e-04  6.013e-04
4 6 0 0 56 e   7063.092301224  7063.092301623  3.509e-05  3.000e-03  3.002e-03
4 2 1 2 56 e   7065.182241224  7065.182241623  3.509e-05  5.000e-03  5.001e-03
1 4 2 0 20 e   7065.371410763  7065.371410810  2.369e-07  1.000e-03  1.000e-03
3 4 1 0 47 e   7065.631035291  7065.631029553  1.939e-05  1.000e-03  1.001e-03
5 1 1 1 39 e   7066.088898109  7066.088896721  5.514e-06  3.000e-03  3.000e-03
1 0 3 0 22 e   7066.863131648  7066.863119521  9.633e-05  1.000e-03  1.000e-03
3 0 2 0 46 e   7069.561120926  7069.561120865  2.866e-05  1.000e-03  1.001e-03
4 2 1 0 56 e   7069.617381224  7069.617381623  3.509e-05  2.000e-03  2.003e-03
4 3 1 1 27 e   7073.660948248  7073.660947737  2.866e-06  1.000e-03  1.000e-03
1 0 3 0 23 e   7076.014229151  7076.014230611  2.013e-05  1.000e-03  1.000e-03
5 1 1 1 40 f   7082.497724458  7082.497725042  3.663e-06  3.000e-03  3.000e-03
1 4 2 0 22 e   7082.655646206  7082.655646253  2.371e-07  1.000e-03  1.000e-03
3 4 1 0 48 e   7084.973717036  7084.973711318  1.937e-05  1.000e-03  1.001e-03
4 3 1 1 28 f   7085.381775678  7085.381775840  1.180e-06  1.000e-03  1.000e-03
1 0 3 0 24 e   7085.562888430  7085.562872753  1.860e-04  6.013e-04  6.013e-04
4 6 0 0 57 e   7086.021526462  7086.021564489  3.485e-04  3.000e-03  3.029e-03
3 0 2 0 47 e   7088.235886923  7088.235881220  1.934e-05  5.000e-02  5.000e-02
1 4 2 0 23 e   7091.899918797  7091.899918844  2.369e-07  1.000e-03  1.000e-03
4 2 1 0 57 e   7092.559701736  7092.559702353  3.512e-05  2.000e-03  2.003e-03
1 0 3 0 25 e   7095.508858538  7095.508810829  2.133e-04  6.013e-04  6.013e-04
4 3 1 1 29 e   7096.534804864  7096.534803966  4.081e-06  1.000e-03  1.000e-03
5 0 1 0 64 e   7098.475577736  7098.475616509  3.496e-04  1.002e-03  1.424e-03
1 4 2 0 24 e   7101.548713090  7101.548713136  2.371e-07  1.000e-03  1.000e-03
6 0 1 0 6 e   7102.540160699  7102.540160220  3.004e-06  3.000e-03  3.001e-03
3 4 1 0 49 e   7104.711866923  7104.711861220  1.934e-05  1.000e-03  1.001e-03
1 0 3 0 26 e   7105.852075119  7105.852075488  1.539e-06  1.000e-03  1.000e-03
3 0 2 0 48 e   7107.281257229  7107.281257923  2.920e-05  1.000e-03  1.001e-03
4 6 0 0 58 e   7109.351106006  7109.351144211  3.489e-04  3.000e-03  3.023e-03
6 0 1 0 9 e   7112.040961355  7112.040960887  1.678e-06  3.000e-03  3.001e-03
1 0 3 0 27 e   7116.581049591  7116.581049637  2.377e-07  1.000e-01  1.000e-01
3 5 1 1 1 e   7116.910787171  7116.910787313  1.203e-06  2.000e-03  2.000e-03
3 5 1 1 1 f   7116.912060330  7116.912060473  1.203e-06  2.000e-03  2.000e-03
4 3 1 1 31 e   7121.010944175  7121.010943656  4.875e-06  1.000e-03  1.000e-03
1 4 2 0 26 e   7122.049334838  7122.049334883  2.371e-07  1.000e-03  1.000e-03
5 0 1 0 65 e   7124.239320789  7124.239359518  3.496e-04  2.001e-03  2.215e-03
6 0 1 0 12 e   7125.105995712  7125.105995255  1.718e-06  3.000e-03  3.001e-03
0 2 3 0 3 e   7125.777246207  7125.777299571  4.225e-04  6.000e-04  6.000e-04
0 2 3 2 7 e   7125.984174825  7125.984317095  2.401e-04  5.036e-03  7.096e-03
3 0 2 0 49 e   7126.736869238  7126.736868167  2.562e-05  1.000e-03  1.002e-03
0 2 3 0 4 e   7127.377125617  7127.377125616  4.198e-08  1.000e-03  1.000e-03
1 0 3 0 28 e   7127.692505251  7127.692505298  2.376e-07  1.000e-01  1.000e-01
3 5 1 1 7 e   7127.767879153  7127.767879282  1.047e-06  2.000e-03  2.000e-03
3 5 1 1 7 f   7127.805081047  7127.805081176  1.047e-06  2.000e-03  2.000e-03
0 2 3 2 8 e   7129.185658102  7129.185800387  2.401e-04  5.036e-03  7.096e-03
3 1 2 1 3 f   7129.284778408  7129.284778394  1.362e-06  2.000e-03  2.000e-03
0 2 3 0 5 e   7129.377197065  7129.377209239  6.911e-05  6.000e-04  6.000e-04
0 2 3 0 6 e   7131.777138719  7131.777199268  3.522e-04  1.000e-03  1.000e-03
5 1 1 1 43 e   7132.130880733  7132.130875241  1.225e-05  3.000e-03  3.000e-03
0 2 3 2 9 e   7132.785957752  7132.786092467  2.247e-04  5.036e-03  7.096e-03
0 2 3 2 9 f   7132.786136025  7132.786278295  2.401e-04  5.036e-03  7.096e-03
3 1 2 1 5 e   7132.873769153  7132.873769282  1.047e-06  2.000e-03  2.000e-03
3 1 2 1 5 f   7132.882948408  7132.882948394  1.362e-06  2.000e-03  2.000e-03
1 4 2 0 27 e   7132.902217240  7132.902217286  2.372e-07  1.000e-03  1.000e-03
0 2 3 0 7 e   7134.578357774  7134.578357805  2.351e-07  1.000e-03  1.000e-03
0 0 3 0 71 e   7134.863312401  7134.863350067  3.510e-04  2.091e-04  1.415e-03
4 2 1 2 59 e   7135.198744413  7135.198782556  3.494e-04  5.000e-03  5.042e-03
0 2 3 0 8 e   7137.777227677  7137.777136804  3.842e-04  6.000e-04  6.000e-04
3 5 1 1 10 e   7138.628314256  7138.628314432  8.742e-07  2.000e-03  2.000e-03
3 5 1 1 10 f   7138.699771369  7138.699771544  8.716e-07  2.000e-03  2.000e-03
1 0 3 0 29 e   7139.229220940  7139.229220985  2.374e-07  1.000e-01  1.000e-01
4 2 1 0 59 e   7139.667606462  7139.667644489  3.485e-04  2.001e-03  2.044e-03
0 2 3 2 11 e   7141.187773715  7141.187916078  2.400e-04  5.036e-03  7.096e-03
0 2 3 0 9 e   7141.378204774  7141.378204805  2.351e-07  1.000e-03  1.000e-03
1 4 2 0 28 e   7144.158189197  7144.158189243  2.373e-07  1.000e-03  1.000e-03
0 2 3 0 10 e   7145.377488175  7145.377548141  5.313e-04  6.000e-04  6.000e-04
3 4 1 0 51 e   7145.402007035  7145.402001385  1.936e-05  1.000e-03  1.002e-03
0 2 3 2 12 e   7145.988697601  7145.988839937  2.400e-04  5.036e-03  7.096e-03
0 2 3 2 12 f   7145.989156751  7145.989299087  2.400e-04  5.036e-03  7.096e-03
3 0 2 0 50 e   7146.586230671  7146.586233856  4.083e-05  1.000e-03  1.002e-03
4 3 1 1 33 e   7147.091259746  7147.091258341  4.876e-06  1.000e-03  1.000e-03
4 3 1 1 33 f   7147.751591314  7147.751591369  2.156e-06  1.000e-03  1.000e-03
0 2 3 0 11 e   7149.777209386  7149.777240952  2.602e-04  6.000e-04  6.000e-04
5 1 1 1 44 f   7150.228145242  7150.228142928  5.879e-06  3.000e-03  3.000e-03
0 2 3 2 13 e   7151.189156308  7151.189298660  2.401e-04  5.036e-03  7.096e-03
1 0 3 0 30 e   7151.191165386  7151.191165431  2.374e-07  1.000e-01  1.000e-01
3 5 1 1 13 e   7153.105487502  7153.105487753  1.054e-06  2.000e-03  2.000e-03
0 2 3 0 12 e   7154.577781774  7154.577769016  2.642e-04  1.000e-03  1.000e-03
1 4 2 0 29 e   7155.816779591  7155.816779637  2.377e-07  1.000e-03  1.000e-03
0 2 3 2 14 e   7156.790428030  7156.790561555  2.297e-04  5.036e-03  7.096e-03
0 2 3 2 14 f   7156.791071289  7156.791213655  2.400e-04  5.036e-03  7.096e-03
3 5 1 1 14 f   7158.874058250  7158.874058312  7.194e-07  1.000e-03  1.000e-03
0 2 3 0 13 e   7159.777223364  7159.777290099  3.763e-04  6.000e-04  6.000e-04
6 0 1 0 18 e   7161.922033276  7161.922034768  9.083e-06  3.000e-03  3.001e-03
0 2 3 2 15 e   7162.791139924  7162.791264223  2.194e-04  5.036e-03  7.096e-03
3 1 2 1 13 e   7163.196071512  7163.196071690  8.697e-07  2.000e-03  2.000e-03
0 0 3 0 72 e   7163.484099707  7163.484137638  3.509e-04  2.092e-04  1.458e-03
1 0 3 0 31 e   7163.518306312  7163.518306357  2.374e-07  1.000e-01  1.000e-01
0 2 3 0 14 e   7165.376676663  7165.376677917  2.019e-05  6.000e-04  6.000e-04
3 0 2 0 51 e   7166.833098021  7166.833099376  4.090e-05  1.001e-03  1.003e-03
1 4 2 0 30 e   7167.877427251  7167.877427298  2.376e-07  1.000e-03  1.000e-03
0 2 3 2 16 e   7169.191740394  7169.191882769  2.400e-04  5.036e-03  7.096e-03
0 2 3 2 16 f   7169.192219207  7169.192361582  2.400e-04  5.036e-03  8.681e-03
3 5 1 1 16 e   7171.202182905  7171.202183091  1.524e-06  2.000e-03  2.000e-03
0 2 3 0 15 e   7171.376662441  7171.376681107  1.877e-04  6.000e-04  6.000e-04
3 5 1 1 16 f   7171.379746583  7171.379746659  5.638e-07  1.000e-03  1.000e-03
3 1 2 1 15 e   7174.765568406  7174.765568742  1.333e-06  2.000e-03  2.000e-03
4 3 1 1 35 e   7174.772239097  7174.772237592  4.563e-06  1.000e-03  1.000e-03
3 1 2 1 15 f   7174.849774707  7174.849774820  4.836e-07  2.000e-03  2.000e-03
0 2 3 2 17 e   7175.992935043  7175.993057358  2.338e-04  5.036e-03  7.096e-03
0 2 3 2 17 f   7176.183605907  7176.183730206  2.194e-04  5.036e-03  7.096e-03
1 0 3 0 32 e   7176.240610313  7176.240610358  2.374e-07  1.000e-01  1.000e-01
0 2 3 0 16 e   7177.776680237  7177.776694009  8.399e-05  6.000e-04  6.000e-04
1 4 2 0 31 e   7180.338573940  7180.338573985  2.374e-07  1.000e-03  1.000e-03
0 2 3 2 18 e   7183.193488312  7183.193612706  2.356e-04  5.036e-03  7.096e-03
0 2 3 2 18 f   7183.194312917  7183.194438616  2.379e-04  5.036e-03  7.096e-03
0 2 3 0 17 e   7184.576371595  7184.576375486  9.602e-05  1.000e-03  1.000e-03
3 5 1 1 18 e   7185.275641275  7185.275641927  2.663e-06  2.000e-03  2.000e-03
3 5 1 1 18 f   7185.498831100  7185.498831262  5.405e-07  1.000e-03  1.000e-03
6 0 1 0 21 e   7185.671996338  7185.671995019  8.574e-06  3.000e-03  3.001e-03
5 1 1 1 46 f   7186.487372565  7186.487366119  1.879e-05  5.000e-03  5.000e-03
3 0 2 0 52 e   7187.476213912  7187.476220375  4.242e-05  1.001e-03  1.004e-03
3 4 1 0 53 e   7187.700294286  7187.700289423  3.320e-05  2.000e-03  2.001e-03
1 0 3 0 33 e   7189.378043031  7189.378043076  2.374e-07  1.000e-01  1.000e-01
4 3 1 1 36 f   7189.990154793  7189.990154114  2.468e-06  2.000e-03  2.000e-03
0 2 3 0 18 e   7191.774740253  7191.774785048  2.470e-04  6.000e-04  6.000e-04
0 2 3 0 19 e   7199.374229630  7199.374229679  2.369e-07  1.000e-03  1.000e-03
3 5 1 1 20 f   7201.228644992  7201.228645226  8.179e-07  1.000e-03  1.000e-03
3 1 2 1 19 e   7202.694940736  7202.694940511  3.603e-06  1.000e-03  1.000e-03
3 1 2 1 19 f   7202.829136770  7202.829136950  5.392e-07  1.000e-03  1.000e-03
5 0 1 0 68 e   7203.901656351  7203.901695109  3.496e-04  2.001e-03  2.296e-03
5 1 1 1 47 e   7204.525391494  7204.525382754  2.004e-05  3.000e-03  3.000e-03
4 3 1 1 37 f   7204.876020154  7204.876019172  3.884e-06  2.000e-03  2.000e-03
5 1 1 1 47 f   7205.201359634  7205.201351112  2.009e-05  5.000e-03  5.000e-03
4 6 0 0 62 e   7206.621464370  7206.621503250  3.490e-04  4.000e-03  4.067e-03
0 2 3 0 20 e   7207.373269984  7207.373266462  4.934e-05  1.000e-03  1.000e-03
3 0 2 0 53 e   7208.515181714  7208.515186816  4.187e-05  1.001e-03  1.005e-03
4 2 1 2 62 e   7208.835816026  7208.835852297  3.487e-04  5.000e-03  5.078e-03
3 5 1 1 21 e   7209.398712307  7209.398712653  2.878e-06  2.000e-03  2.000e-03
4 2 1 0 62 e   7213.411334370  7213.411373250  3.490e-04  3.001e-03  3.089e-03
0 2 3 0 21 e   7215.772001469  7215.772004058  1.706e-04  6.000e-04  6.000e-04
0 2 3 2 22 f   7215.996210964  7215.996070509  1.699e-03  5.036e-03  7.096e-03
3 1 2 1 21 f   7219.218049843  7219.218050121  6.865e-07  1.000e-03  1.000e-03
4 3 1 1 38 e   7219.295301722  7219.295300561  3.126e-06  1.000e-03  1.000e-03
0 0 3 0 74 e   7221.913286107  7221.913324064  3.509e-04  2.092e-04  1.539e-03
6 0 1 0 25 e   7222.875029067  7222.875028867  5.230e-06  3.000e-03  3.001e-03
0 2 3 0 22 e   7224.570622016  7224.570667587  3.003e-04  6.000e-04  6.000e-04
0 2 3 2 23 f   7225.196299925  7225.196169663  5.970e-04  5.036e-03  7.096e-03
3 1 2 1 22 e   7227.831475592  7227.831475565  2.194e-06  1.000e-03  1.000e-03
3 5 1 1 23 f   7227.846649214  7227.846649200  1.547e-06  1.000e-03  1.000e-03
3 0 2 0 54 e   7229.958891224  7229.958891623  3.509e-05  5.000e-02  5.000e-02
1 0 3 0 36 e   7231.100753808  7231.100753854  2.374e-07  1.000e-01  1.000e-01
0 2 3 0 23 e   7233.768705291  7233.768711143  1.380e-04  6.000e-04  6.000e-04
4 3 1 1 39 f   7235.843313724  7235.843312675  4.378e-06  2.000e-03  2.000e-03
3 5 1 1 24 e   7237.136991514  7237.136991399  1.780e-06  2.000e-03  2.000e-03
3 1 2 1 23 f   7237.206917985  7237.206918091  1.208e-06  1.000e-03  1.000e-03
5 1 1 1 49 e   7243.107251494  7243.107242754  2.004e-05  3.000e-03  3.000e-03
0 2 3 0 24 e   7243.367061964  7243.367081404  2.941e-04  1.000e-03  1.000e-03
1 0 3 0 37 e   7245.878336557  7245.878336603  2.379e-07  1.000e-01  1.000e-01
3 5 1 1 25 f   7247.602664875  7247.602664905  1.540e-06  1.000e-03  1.000e-03
5 2 1 0 4 e   7249.741870699  7249.741870220  3.004e-06  5.000e-03  5.000e-03
4 3 1 1 40 e   7250.979998392  7250.979998990  3.940e-06  1.000e-03  1.000e-03
3 0 2 0 55 e   7251.789341736  7251.789342353  3.512e-05  5.000e-02  5.000e-02
0 2 3 0 25 e   7253.365204163  7253.365204992  9.444e-05  1.000e-03  1.000e-03
5 2 1 0 6 e   7254.139108902  7254.139108441  2.970e-06  3.000e-03  3.001e-03
3 4 1 0 56 e   7254.166281224  7254.166281623  3.509e-05  2.000e-03  2.003e-03
6 0 1 0 28 e   7254.931039620  7254.931041893  2.375e-05  3.000e-03  3.001e-03
3 1 2 1 25 e   7256.560862986  7256.560862960  2.227e-06  1.000e-03  1.000e-03
3 1 2 1 25 f   7256.796644875  7256.796644905  1.540e-06  1.000e-03  1.000e-03
4 6 0 0 64 e   7257.638337736  7257.638376509  3.496e-04  4.000e-03  4.126e-03
1 0 3 0 38 e   7260.950860350  7260.950860396  2.379e-07  1.000e-01  1.000e-01
5 1 1 1 50 e   7262.990699398  7262.990690772  2.073e-05  3.000e-03  3.000e-03
0 2 3 0 26 e   7263.762723197  7263.762723243  2.373e-07  1.000e-03  1.000e-03
0 2 3 2 27 e   7265.990603563  7265.990731190  4.235e-04  5.036e-03  7.096e-03
0 2 3 2 27 f   7265.994271863  7265.994363344  5.344e-04  5.036e-03  7.096e-03
4 3 1 1 41 f   7268.412553724  7268.412552675  4.378e-06  2.000e-03  2.000e-03
3 5 1 1 27 e   7268.486658248  7268.486657737  2.866e-06  2.000e-03  2.000e-03
3 0 2 0 56 e   7274.006179973  7274.006222804  3.514e-04  1.001e-03  1.066e-03
0 2 3 0 27 e   7274.559592468  7274.559585278  2.219e-04  6.000e-04  6.000e-04
1 0 3 0 39 e   7276.428284602  7276.428284648  2.379e-07  1.000e-01  1.000e-01
5 2 1 0 12 e   7276.901572508  7276.901572029  1.779e-06  2.000e-03  2.001e-03
6 0 1 0 30 e   7278.282411816  7278.282411856  4.227e-06  3.000e-03  3.001e-03
3 5 1 1 28 f   7280.255410390  7280.255410528  1.322e-06  1.000e-03  1.000e-03
0 0 3 0 76 e   7281.924135305  7281.924173268  3.509e-04  2.092e-04  1.617e-03
4 3 1 1 42 e   7284.262788392  7284.262788990  3.940e-06  1.000e-03  1.000e-03
0 2 3 0 28 e   7285.756420724  7285.756430242  2.297e-04  1.000e-03  1.000e-03
5 0 1 0 71 e   7287.114314434  7287.114351923  3.510e-04  2.001e-03  2.374e-03
0 2 3 2 29 e   7288.786790157  7288.786906310  4.329e-04  5.036e-03  7.096e-03
0 2 3 2 29 f   7288.791211357  7288.791239114  5.812e-04  5.036e-03  7.096e-03
3 1 2 1 28 e   7288.881474667  7288.881474430  1.801e-06  1.000e-03  1.000e-03
3 1 2 1 28 f   7289.181485678  7289.181485840  1.180e-06  2.000e-03  2.000e-03
3 5 1 1 29 e   7291.393564864  7291.393563966  4.081e-06  2.000e-03  2.000e-03
1 0 3 0 40 e   7292.340567608  7292.340567654  2.379e-07  1.000e-01  1.000e-01
5 2 1 0 15 e   7293.674027582  7293.674028144  3.944e-06  1.001e-03  1.002e-03
3 0 2 0 57 e   7296.637586462  7296.637624489  3.485e-04  5.000e-02  5.000e-02
0 2 3 0 29 e   7297.352789235  7297.352798358  8.524e-05  6.000e-04  6.000e-04
3 4 1 0 58 e   7300.487616860  7300.487654838  3.485e-04  2.001e-03  2.073e-03
0 2 3 2 30 f   7300.790417526  7300.790423626  5.781e-04  5.036e-03  7.096e-03
6 0 1 0 32 e   7303.209479850  7303.209480033  6.885e-06  3.000e-03  3.001e-03
3 5 1 1 30 f   7304.033295678  7304.033295840  1.180e-06  1.000e-03  1.000e-03
1 0 3 0 41 e   7308.627666626  7308.627666672  2.381e-07  1.000e-01  1.000e-01
0 2 3 0 30 e   7309.348596201  7309.348619827  1.402e-04  6.000e-04  6.000e-04
0 0 3 0 77 e   7312.522001949  7312.522039936  3.509e-04  2.092e-04  1.655e-03
0 2 3 2 31 e   7313.181775013  7313.181861190  5.183e-04  5.036e-03  7.096e-03
0 2 3 2 31 f   7313.187305156  7313.187313560  5.387e-04  5.036e-03  7.096e-03
5 0 1 0 72 e   7315.640589707  7315.640627638  3.509e-04  2.001e-03  2.451e-03
4 3 1 1 44 e   7319.143463669  7319.143461238  5.909e-06  2.000e-03  2.000e-03
3 0 2 0 58 e   7319.656006860  7319.656044838  3.485e-04  5.000e-02  5.000e-02
5 2 1 0 19 e   7321.625794514  7321.625796136  8.978e-06  1.001e-03  1.002e-03
0 2 3 0 31 e   7321.744257822  7321.744256616  6.936e-05  6.000e-04  6.000e-04
3 4 1 0 59 e   7324.254794413  7324.254832556  3.494e-04  2.001e-03  2.103e-03
3 1 2 1 31 e   7324.798424175  7324.798423656  4.875e-06  1.000e-03  1.000e-03
1 0 3 0 42 e   7325.349537823  7325.349537869  2.381e-07  1.000e-01  1.000e-01
3 5 1 1 32 e   7328.761538634  7328.761538511  2.546e-06  2.000e-03  2.000e-03
3 5 1 1 32 f   7329.419360658  7329.419360579  1.507e-06  1.000e-03  1.000e-03
6 0 1 0 34 e   7329.721136060  7329.721136171  2.240e-06  3.000e-03  3.000e-03
0 2 3 0 32 e   7334.538931284  7334.538931481  3.634e-05  6.000e-04  6.000e-04
4 6 0 0 67 e   7337.149667141  7337.149705907  3.496e-04  5.000e-03  5.114e-03
4 3 1 1 45 e   7337.185446389  7337.185439862  1.804e-05  2.000e-03  2.000e-03
5 2 1 0 21 e   7337.996446338  7337.996445019  8.574e-06  1.001e-03  1.002e-03
4 3 1 1 45 f   7338.367346498  7338.367340050  1.810e-05  2.000e-03  2.000e-03
1 0 3 0 43 e   7342.406140708  7342.406138315  1.379e-05  1.000e-01  1.000e-01
3 0 2 0 59 e   7343.060357588  7343.060400482  3.516e-04  1.002e-03  1.192e-03
0 0 3 0 78 e   7343.515527379  7343.515565510  3.509e-04  2.092e-04  1.691e-03
0 2 3 0 33 e   7347.733649987  7347.733671926  8.245e-05  6.000e-04  6.000e-04
3 4 1 0 60 e   7348.418344370  7348.418383250  3.490e-04  2.001e-03  2.131e-03
3 1 2 1 33 f   7351.163684063  7351.163684246  1.894e-06  2.000e-03  2.000e-03
4 3 1 1 46 e   7355.625650151  7355.625643056  1.958e-05  2.000e-03  2.000e-03
3 5 1 1 34 e   7355.677558391  7355.677558287  3.193e-06  2.000e-03  2.000e-03
6 0 1 0 36 e   7357.811436060  7357.811436171  2.240e-06  3.000e-03  3.000e-03
0 2 3 0 34 e   7361.327598209  7361.327626710  1.458e-04  6.000e-04  6.000e-04
3 1 2 1 34 e   7364.309798391  7364.309798287  3.193e-06  1.000e-03  1.000e-03
0 2 3 2 35 e   7366.763564140  7366.763178612  1.041e-03  5.036e-03  7.096e-03
0 2 3 2 35 f   7366.773047884  7366.773057859  9.251e-05  5.036e-03  7.096e-03
3 0 2 0 60 e   7366.878394370  7366.878433250  3.490e-04  5.000e-02  5.001e-02
3 5 1 1 35 f   7370.506140029  7370.506139278  3.260e-06  1.000e-03  1.000e-03
6 0 1 0 37 e   7372.448064871  7372.448065457  4.588e-06  3.000e-03  3.000e-03
3 4 1 0 61 e   7372.983819088  7372.983856162  3.480e-04  3.001e-03  3.109e-03
4 3 1 1 47 e   7374.462451494  7374.462442754  2.004e-05  5.000e-03  5.000e-03
0 0 3 0 79 e   7374.904642553  7374.904680734  3.513e-04  2.093e-04  1.728e-03
0 2 3 0 35 e   7375.321836031  7375.321836076  2.374e-07  1.000e-03  1.000e-03
5 2 1 0 25 e   7375.529359301  7375.529359732  2.654e-06  1.001e-03  1.002e-03
4 3 1 1 47 f   7375.743109634  7375.743101112  2.009e-05  3.000e-03  3.000e-03
3 1 2 1 35 f   7378.766221314  7378.766221369  2.156e-06  2.000e-03  2.000e-03
3 5 1 1 36 e   7384.195201080  7384.195199939  3.175e-06  2.000e-03  2.000e-03
0 2 3 0 36 e   7389.714264867  7389.714236121  2.925e-04  6.000e-04  6.000e-04
3 0 2 0 61 e   7391.081229088  7391.081266162  3.480e-04  5.000e-02  5.001e-02
4 3 1 1 48 f   7395.034204655  7395.034196103  2.067e-05  3.000e-03  3.001e-03
0 2 3 2 37 e   7395.950627369  7395.950252292  1.032e-03  5.036e-03  7.096e-03
0 2 3 2 37 f   7395.962264080  7395.962287193  8.940e-05  5.036e-03  7.096e-03
5 2 1 0 27 e   7396.690316364  7396.690316653  3.373e-06  1.001e-03  1.002e-03
6 0 1 0 39 e   7402.911610846  7402.911675281  1.885e-03  3.000e-03  3.000e-03
5 0 1 0 75 e   7403.583943346  7403.583981286  3.509e-04  3.001e-03  3.336e-03
0 2 3 0 37 e   7404.506145989  7404.506074080  2.509e-04  6.000e-04  6.000e-04
0 0 3 0 80 e   7406.689250879  7406.689289096  3.509e-04  6.031e-04  1.830e-03
3 1 2 1 37 e   7407.416621497  7407.416620326  4.322e-06  1.000e-03  1.000e-03
3 1 2 1 37 f   7407.969290154  7407.969289172  3.884e-06  2.000e-03  2.000e-03
0 2 3 2 38 f   7411.156079395  7411.156020453  4.908e-04  5.054e-03  1.004e-02
4 3 1 1 49 e   7413.340496179  7413.340487136  2.312e-05  5.000e-03  5.000e-03
3 5 1 1 38 e   7414.312591722  7414.312590561  3.126e-06  2.000e-03  2.000e-03
3 5 1 1 38 f   7415.197584793  7415.197584114  2.468e-06  1.000e-03  1.000e-03
3 0 2 0 62 e   7415.678756026  7415.678792297  3.487e-04  5.000e-02  5.001e-02
0 2 3 0 38 e   7419.697922075  7419.697879878  1.808e-04  6.000e-04  6.000e-04
3 1 2 1 38 f   7423.175876704  7423.175875734  2.640e-06  2.000e-03  2.000e-03
5 2 1 0 30 e   7431.423497435  7431.423491717  3.664e-05  1.001e-03  1.002e-03
0 2 3 0 39 e   7435.288190519  7435.288222582  1.971e-04  6.000e-04  6.000e-04
0 0 3 0 81 e   7438.867815662  7438.867854080  3.508e-04  6.032e-04  1.863e-03
3 0 2 0 63 e   7440.670275419  7440.670320359  3.494e-04  1.002e-03  1.381e-03
0 2 3 2 40 e   7442.725743296  7442.725464037  3.104e-03  5.036e-03  7.096e-03
0 2 3 2 40 f   7442.746268395  7442.746209453  4.908e-04  5.036e-03  7.096e-03
3 4 1 0 64 e   7449.100747736  7449.100786509  3.496e-04  3.001e-03  3.167e-03
0 2 3 0 40 e   7451.278310350  7451.278310396  2.379e-07  1.000e-03  1.000e-03
4 3 1 1 51 e   7453.821136179  7453.821127136  2.312e-05  5.000e-03  5.000e-03
3 1 2 1 40 f   7454.790064458  7454.790065042  3.663e-06  2.000e-03  2.000e-03
5 2 1 0 32 e   7456.575679850  7456.575680033  6.885e-06  2.000e-03  2.001e-03
3 5 1 1 41 e   7462.488487271  7462.488486177  7.598e-06  2.000e-03  2.000e-03
3 0 2 0 64 e   7466.072517736  7466.072556509  3.496e-04  5.000e-02  5.001e-02
0 2 3 0 41 e   7467.667596792  7467.667544893  1.507e-04  6.001e-04  6.001e-04
1 1 3 1 7 e   7468.587320458  7468.587320619  9.230e-07  1.000e-03  1.000e-03
3 1 2 1 41 e   7470.493197271  7470.493196177  7.598e-06  1.000e-03  1.000e-03
1 1 3 1 8 e   7471.772203727  7471.772203840  8.128e-07  1.000e-03  1.000e-03
4 0 2 0 3 e   7474.556621794  7474.556621311  3.042e-06  2.000e-03  2.001e-03
1 1 3 1 9 e   7475.356939268  7475.356939400  8.280e-07  1.000e-03  1.000e-03
4 0 2 0 5 e   7478.126021794  7478.126021311  3.042e-06  1.001e-03  1.002e-03
3 5 1 1 42 f   7480.384165242  7480.384162928  5.879e-06  1.000e-03  1.000e-03
4 0 2 0 6 e   7480.501860699  7480.501860220  3.004e-06  1.001e-03  1.002e-03
4 0 2 0 7 e   7483.276703808  7483.276703346  2.971e-06  1.001e-03  1.002e-03
5 2 1 0 34 e   7483.323946060  7483.323946171  2.240e-06  2.000e-03  2.001e-03
1 1 3 1 11 f   7483.756302277  7483.756302455  8.697e-07  1.000e-03  1.000e-03
0 2 3 0 42 e   7484.455695716  7484.455724192  2.604e-04  1.000e-03  1.000e-03
4 0 2 0 9 e   7490.011561355  7490.011560887  1.678e-06  1.001e-03  1.002e-03
3 0 2 0 65 e   7491.848340072  7491.848386367  3.518e-04  1.002e-03  1.466e-03
0 2 3 2 43 f   7493.112218537  7493.112207300  2.676e-04  7.167e-03  1.332e-02
4 0 2 0 10 e   7493.973145712  7493.973145255  1.718e-06  1.001e-03  1.002e-03
5 0 1 0 78 e   7495.073685305  7495.073723268  3.509e-04  4.000e-03  4.301e-03
4 3 1 1 53 f   7497.492331178  7497.492327019  3.619e-05  3.000e-03  3.001e-03
4 0 2 0 11 e   7498.331453744  7498.331453265  1.772e-06  1.001e-03  1.002e-03
0 2 3 0 43 e   7501.643415626  7501.643415672  2.381e-07  1.000e-03  1.000e-03
3 4 1 0 66 e   7501.853637736  7501.853676509  3.496e-04  3.001e-03  3.167e-03
4 0 2 0 12 e   7503.088395712  7503.088395255  1.718e-06  1.001e-03  1.002e-03
6 0 1 0 45 e   7503.776525477  7503.776524983  1.014e-05  3.000e-03  3.000e-03
3 1 2 1 43 e   7504.434230733  7504.434225241  1.225e-05  1.000e-03  1.000e-03
3 1 2 1 43 f   7505.227308311  7505.227303213  1.165e-05  2.000e-03  2.000e-03
4 0 2 0 13 e   7508.237433744  7508.237433265  1.772e-06  1.001e-03  1.002e-03
4 0 2 0 14 e   7513.785365305  7513.785364826  1.784e-06  1.001e-03  1.002e-03
3 5 1 1 44 e   7514.257040151  7514.257033056  1.958e-05  2.000e-03  2.000e-03
3 0 2 0 66 e   7518.037226351  7518.037265109  3.496e-04  5.000e-02  5.001e-02
4 3 1 1 54 f   7519.184319102  7519.184582565  1.569e-03  3.000e-03  3.002e-03
0 2 3 0 44 e   7519.229068823  7519.229068869  2.381e-07  1.000e-03  1.000e-03
4 0 2 0 15 e   7519.728157582  7519.728158144  3.944e-06  1.001e-03  1.002e-03
3 1 2 1 44 e   7522.005770151  7522.005763056  1.958e-05  1.000e-03  1.000e-03
3 1 2 1 44 f   7522.847495686  7522.847488814  1.952e-05  2.000e-03  2.000e-03
4 0 2 0 16 e   7526.065595305  7526.065594826  1.784e-06  1.001e-03  1.002e-03
4 0 2 0 17 e   7532.801877582  7532.801878144  3.944e-06  1.001e-03  1.002e-03
3 5 1 1 45 f   7533.459706498  7533.459700050  1.810e-05  1.000e-03  1.001e-03
0 2 3 0 45 e   7537.216652708  7537.216650315  1.379e-05  1.000e-03  1.001e-03
0 0 3 0 84 e   7537.772200443  7537.772239338  3.507e-04  6.032e-04  1.960e-03
4 0 2 0 18 e   7539.933153276  7539.933154768  9.083e-06  1.001e-03  1.002e-03
6 0 1 0 47 e   7540.552939479  7540.552935713  1.736e-05  3.000e-03  3.001e-03
3 1 2 1 45 f   7540.869206498  7540.869200050  1.810e-05  2.000e-03  2.000e-03
3 0 2 0 67 e   7544.614120776  7544.614158555  3.512e-04  5.000e-02  5.001e-02
0 2 3 2 46 e   7547.049246325  7547.049045500  1.523e-03  5.036e-03  7.097e-03
4 0 2 0 20 e   7555.383837891  7555.383743637  7.899e-04  1.000e-03  1.000e-03
0 2 3 0 46 e   7555.599290253  7555.599282534  2.690e-04  1.000e-03  1.001e-03
3 1 2 1 46 e   7558.353000151  7558.352993056  1.958e-05  3.000e-03  3.000e-03
4 0 2 0 21 e   7563.703992646  7563.704040424  1.159e-03  1.000e-03  1.159e-03
1 1 3 1 23 e   7567.355257307  7567.355257653  2.878e-06  1.000e-03  1.000e-03
1 1 3 1 23 f   7567.503254100  7567.503262651  3.031e-04  1.000e-03  1.000e-03
3 5 1 1 47 e   7569.613441494  7569.613432754  2.004e-05  2.000e-03  2.000e-03
3 5 1 1 47 f   7570.831189634  7570.831181112  2.009e-05  2.000e-03  2.001e-03
0 0 3 0 85 e   7571.531058480  7571.531097464  3.507e-04  6.032e-04  1.990e-03
3 0 2 0 68 e   7571.579235201  7571.579272828  3.511e-04  2.001e-03  2.348e-03
0 2 3 0 47 e   7574.382986291  7574.382980553  1.939e-05  1.000e-03  1.001e-03
1 1 3 1 24 f   7577.073045545  7577.073045453  1.739e-06  1.000e-03  1.000e-03
3 1 2 1 47 e   7577.122816389  7577.122809862  1.804e-05  3.000e-03  3.000e-03
4 0 2 0 23 e   7581.530059301  7581.530059732  2.654e-06  1.001e-03  1.002e-03
1 1 3 1 25 f   7587.040913214  7587.040913200  1.547e-06  1.000e-03  1.000e-03
4 0 2 0 24 e   7591.038802403  7591.038803192  4.492e-06  1.001e-03  1.002e-03
0 2 3 0 48 e   7593.565938658  7593.565864664  3.562e-04  6.003e-04  6.012e-04
3 1 2 1 48 e   7596.299869398  7596.299860772  2.073e-05  3.000e-03  3.000e-03
3 1 2 1 48 f   7597.362604655  7597.362596103  2.067e-05  3.000e-03  3.001e-03
6 0 1 0 50 e   7598.682220151  7598.682215198  2.711e-05  3.000e-03  3.001e-03
3 0 2 0 69 e   7598.956644434  7598.956681923  3.510e-04  5.000e-02  5.002e-02
4 0 2 0 25 e   7600.941089301  7600.941089732  2.654e-06  1.001e-03  1.002e-03
5 2 1 0 42 e   7606.263396351  7606.263395115  8.188e-06  3.000e-03  3.000e-03
1 1 3 1 27 e   7607.971374711  7607.971374597  2.056e-06  1.000e-03  1.000e-03
1 1 3 1 27 f   7608.172907464  7608.172907686  1.373e-06  1.000e-03  1.000e-03
4 3 1 1 58 f   7609.948038888  7609.948054140  2.256e-04  3.000e-03  3.019e-03
4 0 2 0 26 e   7611.239565566  7611.239566747  6.651e-06  1.001e-03  1.002e-03
0 2 3 0 49 e   7613.146610979  7613.146619730  4.374e-04  1.000e-03  1.001e-03
3 1 2 1 49 f   7616.999249976  7616.999240960  2.292e-05  3.000e-03  3.001e-03
1 1 3 1 28 e   7619.120026997  7619.120026801  1.624e-06  1.000e-03  1.000e-03
1 1 3 1 28 f   7619.335140534  7619.335064653  4.248e-04  1.000e-03  1.000e-03
4 0 2 0 27 e   7621.933014802  7621.933007711  2.606e-04  1.000e-03  1.000e-03
3 2 2 2 7 e   7622.541669842  7622.541697234  9.590e-04  5.503e-03  1.155e-02
3 2 2 2 7 f   7622.541682574  7622.541709966  9.590e-04  5.503e-03  1.155e-02
3 0 2 0 70 e   7626.707845154  7626.707901072  3.492e-04  2.001e-03  2.400e-03
3 5 1 1 50 e   7628.551714086  7628.551710092  3.674e-05  2.000e-03  2.001e-03
3 5 1 1 50 f   7629.862947079  7629.862936271  2.298e-05  2.000e-03  2.001e-03
1 1 3 1 29 e   7630.665622248  7630.665621737  2.866e-06  1.000e-03  1.000e-03
1 1 3 1 29 f   7630.897104173  7630.897149280  4.008e-04  1.000e-03  1.000e-03
4 0 2 0 28 e   7633.024779620  7633.024781893  2.375e-05  1.001e-03  1.002e-03
0 2 3 0 50 e   7633.126711415  7633.126703130  1.186e-04  1.000e-03  1.001e-03
3 2 2 2 10 e   7633.348378102  7633.348520387  2.401e-04  5.385e-03  7.348e-03
3 1 2 1 50 e   7635.861129398  7635.861120772  2.073e-05  3.000e-03  3.000e-03
0 0 3 0 87 e   7640.227745856  7640.227784965  3.507e-04  8.024e-04  2.117e-03
1 1 3 1 30 e   7642.609465667  7642.609465430  1.801e-06  1.000e-03  1.000e-03
4 0 2 0 29 e   7644.510516364  7644.510516653  3.373e-06  1.001e-03  1.002e-03
3 2 2 2 13 e   7647.758047715  7647.758190078  2.400e-04  5.385e-03  7.348e-03
3 2 2 2 13 f   7647.758229978  7647.758372340  2.400e-04  5.385e-03  7.348e-03
0 2 3 0 51 e   7653.504594035  7653.504588385  1.936e-05  1.000e-03  1.002e-03
3 0 2 0 71 e   7654.876652401  7654.876690067  3.510e-04  5.000e-02  5.002e-02
1 1 3 1 31 f   7655.215027063  7655.215027246  1.894e-06  1.000e-03  1.000e-03
3 1 2 1 51 e   7656.239670745  7656.239664180  4.470e-05  3.000e-03  3.001e-03
4 0 2 0 30 e   7656.393111816  7656.393111856  4.227e-06  1.001e-03  1.002e-03
5 2 1 0 45 e   7658.948605477  7658.948604983  1.014e-05  3.000e-03  3.000e-03
3 2 2 2 15 e   7659.365726924  7659.365851223  2.194e-04  5.385e-03  7.348e-03
3 2 2 2 15 f   7659.366284907  7659.366409206  2.194e-04  5.385e-03  7.348e-03
1 1 3 1 32 f   7667.972379212  7667.972379265  1.203e-06  1.000e-03  1.000e-03
4 0 2 0 31 e   7668.670042069  7668.670043938  1.232e-05  1.001e-03  1.002e-03
3 5 1 1 52 e   7669.833033177  7669.833025692  1.253e-04  2.045e-03  2.090e-03
3 5 1 1 52 f   7671.195067079  7671.195056271  2.298e-05  2.000e-03  2.001e-03
3 2 2 2 17 f   7672.572281281  7672.572403596  2.338e-04  5.385e-03  7.348e-03
0 2 3 0 52 e   7674.283916649  7674.283917016  3.508e-05  1.001e-03  1.004e-03
3 1 2 1 52 e   7677.030723177  7677.030715692  1.253e-04  3.030e-03  3.061e-03
1 1 3 1 33 f   7681.125227314  7681.125227369  2.156e-06  1.000e-03  1.000e-03
4 0 2 0 32 e   7681.343569850  7681.343570033  6.885e-06  1.001e-03  1.002e-03
3 0 2 0 72 e   7683.421711209  7683.421789805  3.745e-04  2.001e-03  2.451e-03
3 5 1 1 53 e   7691.065819800  7691.065818823  4.245e-05  2.001e-03  2.003e-03
4 0 2 0 33 e   7694.412212069  7694.412213938  1.232e-05  1.001e-03  1.002e-03
3 1 2 1 53 e   7698.212919800  7698.212918823  4.245e-05  3.000e-03  3.002e-03
3 2 2 2 21 e   7703.782643186  7703.782720357  2.541e-04  5.385e-03  7.348e-03
3 2 2 2 21 f   7703.790396925  7703.790266663  5.970e-04  5.385e-03  7.348e-03
4 0 2 0 34 e   7707.876746060  7707.876746171  2.240e-06  1.001e-03  1.001e-03
0 0 3 0 89 e   7710.503106766  7710.503146452  3.506e-04  1.002e-03  2.256e-03
3 0 2 0 73 e   7712.369520982  7712.369599346  3.822e-04  2.001e-03  2.475e-03
3 5 1 1 54 f   7714.106464343  7714.106462456  4.056e-05  2.001e-03  2.004e-03
0 2 3 0 54 e   7717.033764224  7717.033764623  3.509e-05  1.001e-03  1.006e-03
4 0 2 0 35 e   7721.736414871  7721.736415457  4.588e-06  1.001e-03  1.001e-03
3 2 2 2 23 e   7721.789076771  7721.789306255  4.254e-04  5.385e-03  7.348e-03
3 2 2 2 23 f   7721.795230240  7721.795259448  5.207e-04  5.385e-03  7.348e-03
3 2 2 2 24 f   7731.397899344  7731.397871964  8.034e-04  5.385e-03  7.348e-03
3 5 1 1 55 e   7734.730222888  7734.730222947  4.216e-05  2.001e-03  2.004e-03
4 0 2 0 36 e   7735.989453023  7735.989451843  6.613e-06  1.001e-03  1.001e-03
0 2 3 0 55 e   7739.006800767  7739.006801118  3.509e-05  1.001e-03  1.005e-03
3 1 2 1 55 f   7743.345605093  7743.345603800  3.741e-05  3.000e-03  3.002e-03
4 0 2 0 37 e   7750.641236877  7750.641237659  4.019e-06  1.001e-03  1.001e-03
3 5 1 1 56 f   7758.590524343  7758.590522456  4.056e-05  2.001e-03  2.004e-03
3 2 2 2 27 e   7762.592066563  7762.592194190  4.235e-04  5.385e-03  7.348e-03
3 2 2 2 27 f   7762.602240863  7762.602332344  5.344e-04  5.831e-03  7.681e-03
4 0 2 0 38 e   7765.687103023  7765.687101843  6.613e-06  1.001e-03  1.001e-03
3 0 2 0 75 e   7771.448209377  7771.448247349  3.509e-04  2.001e-03  2.524e-03
4 0 2 0 39 e   7781.127804814  7781.127804957  2.589e-06  1.001e-03  1.001e-03
3 5 1 1 57 f   7781.426247339  7781.426284536  3.488e-04  2.001e-03  2.074e-03
3 2 2 2 29 e   7785.392414013  7785.392500190  5.183e-04  5.831e-03  7.681e-03
3 2 2 2 29 f   7785.404712156  7785.404720560  5.387e-04  5.831e-03  7.681e-03
4 0 2 0 40 e   7796.964843130  7796.964845183  8.963e-06  1.001e-03  1.001e-03
3 2 2 2 30 e   7797.386859678  7797.387306709  2.123e-03  5.831e-03  7.681e-03
3 2 2 2 30 f   7797.402852940  7797.402989188  1.034e-03  5.831e-03  7.681e-03
2 4 2 0 2 e   7799.164614617  7799.164614616  4.198e-08  2.000e-03  2.000e-03
3 0 2 0 76 e   7801.581325305  7801.581363268  3.509e-04  5.000e-02  5.002e-02
3 5 1 1 58 e   7803.199005416  7803.198780378  9.708e-04  2.045e-03  2.302e-03
2 4 2 0 7 e   7809.202949774  7809.202949805  2.351e-07  1.000e-03  1.000e-03
2 0 3 0 0 e   7811.953333308  7811.953333308  1.433e-09  1.000e-03  1.000e-03
2 0 3 0 2 e   7813.143834617  7813.143834616  4.198e-08  1.000e-03  1.000e-03
2 4 2 0 9 e   7816.027785764  7816.027785796  2.352e-07  1.000e-03  1.000e-03
2 0 3 0 5 e   7817.903405969  7817.903406000  2.356e-07  1.000e-03  1.000e-03
3 2 2 2 32 e   7822.580183701  7822.580578742  2.183e-03  5.831e-03  7.681e-03
3 2 2 2 32 f   7822.598035562  7822.597990426  2.447e-04  5.831e-03  7.681e-03
2 0 3 0 7 e   7823.060226969  7823.060227000  2.356e-07  2.000e-03  2.000e-03
2 0 3 0 8 e   7826.233884102  7826.233819054  3.712e-04  1.000e-03  1.000e-03
2 4 2 0 12 e   7829.275348578  7829.275348621  2.354e-07  1.000e-03  1.000e-03
2 0 3 0 9 e   7829.804164769  7829.804164340  1.209e-04  2.000e-03  2.000e-03
4 0 2 0 42 e   7829.821006351  7829.821005115  8.188e-06  1.001e-03  1.001e-03
3 0 2 0 77 e   7832.113521949  7832.113559936  3.509e-04  5.000e-02  5.003e-02
2 0 3 0 10 e   7833.771404265  7833.771547482  1.668e-03  2.000e-03  2.000e-03
2 0 3 0 11 e   7838.133288896  7838.133216531  2.091e-04  1.000e-03  1.000e-03
2 0 3 0 12 e   7842.892554774  7842.892586683  6.034e-04  2.000e-03  2.000e-03
2 4 2 0 15 e   7846.136591559  7846.136591605  2.376e-07  1.000e-03  1.000e-03
2 0 3 0 13 e   7848.051680296  7848.051582847  2.090e-03  2.000e-03  2.090e-03
3 2 2 2 34 e   7849.370079226  7849.369957982  2.808e-03  5.831e-03  7.681e-03
3 2 2 2 34 f   7849.395152799  7849.395196399  2.812e-04  5.831e-03  7.681e-03
3 5 1 1 60 e   7850.834220139  7850.833995101  9.708e-04  3.030e-03  3.247e-03
3 5 1 1 60 f   7852.280696767  7852.280733962  3.488e-04  2.001e-03  2.119e-03
2 0 3 0 14 e   7853.601934330  7853.601690683  9.659e-04  1.000e-03  1.000e-03
2 4 2 0 17 e   7859.383221559  7859.383221605  2.376e-07  1.000e-03  1.000e-03
2 0 3 0 15 e   7859.552309214  7859.552360113  7.360e-04  2.000e-03  2.000e-03
2 0 3 0 16 e   7865.900009727  7865.900309197  7.813e-04  1.000e-03  1.000e-03
2 0 3 0 17 e   7872.642989595  7872.642931227  5.249e-04  2.000e-03  2.000e-03
3 2 2 2 36 f   7877.791315395  7877.791256453  4.908e-04  7.084e-03  1.120e-02
2 0 3 0 18 e   7879.783269210  7879.783267226  4.949e-05  2.000e-03  2.000e-03
2 4 2 0 20 e   7882.263258206  7882.263258253  2.371e-07  1.000e-03  1.000e-03
2 0 3 0 19 e   7887.320111633  7887.320376249  1.415e-03  1.000e-03  1.415e-03
3 2 2 2 37 e   7892.558023369  7892.557648292  1.032e-03  7.071e-03  8.660e-03
3 2 2 2 37 f   7892.589548080  7892.589571193  8.940e-05  7.071e-03  8.660e-03
3 0 2 0 79 e   7894.348512553  7894.348550734  3.513e-04  2.001e-03  2.620e-03
2 0 3 0 20 e   7895.251441484  7895.251397131  5.469e-04  2.000e-03  2.000e-03
3 5 1 1 62 e   7900.056473548  7900.056248510  9.708e-04  5.018e-03  5.175e-03
4 0 2 0 46 e   7900.272164433  7900.272158670  1.939e-05  1.001e-03  1.003e-03
3 5 1 1 62 f   7901.486036261  7901.486073453  3.488e-04  2.001e-03  2.167e-03
2 0 3 0 21 e   7903.582236536  7903.582391289  8.176e-04  1.000e-03  1.000e-03
3 2 2 2 38 e   7907.748676206  7907.748480911  2.895e-03  7.071e-03  8.660e-03
3 2 2 2 38 f   7907.784875395  7907.784816453  4.908e-04  7.084e-03  1.120e-02
2 4 2 0 23 e   7908.753925797  7908.753925844  2.369e-07  1.000e-03  1.000e-03
2 0 3 0 22 e   7912.308782648  7912.308914259  1.513e-03  2.000e-03  2.000e-03
4 0 2 0 47 e   7918.872442134  7918.872436237  1.937e-05  2.000e-03  2.001e-03
2 0 3 0 23 e   7921.431901039  7921.432000687  5.724e-04  1.000e-03  1.000e-03
3 5 1 1 63 e   7925.283614425  7925.283371909  9.203e-04  5.027e-03  5.187e-03
3 0 2 0 80 e   7926.060690879  7926.060729096  3.509e-04  3.001e-03  3.462e-03
3 5 1 1 63 f   7926.678599001  7926.678635763  3.486e-04  2.001e-03  2.242e-03
2 0 3 0 24 e   7930.952654464  7930.952610477  7.058e-04  2.000e-03  2.000e-03
4 0 2 0 48 e   7937.863213684  7937.863208083  1.922e-05  1.001e-03  1.003e-03
3 2 2 2 40 e   7939.345645376  7939.345124144  1.455e-02  7.071e-03  2.058e-02
3 2 2 2 40 f   7939.367507908  7939.367531421  5.267e-04  7.084e-03  1.120e-02
2 0 3 0 25 e   7940.868136163  7940.868124541  1.892e-04  2.000e-03  2.000e-03
3 1 2 1 64 e   7949.066218670  7949.065976174  9.203e-04  3.045e-03  3.320e-03
2 4 2 0 27 e   7949.690519591  7949.690519637  2.377e-07  1.000e-03  1.000e-03
2 0 3 0 26 e   7951.182707231  7951.182788411  5.111e-04  1.000e-03  1.000e-03
4 0 2 0 49 e   7957.247680168  7957.247677417  2.802e-05  1.001e-03  1.004e-03
3 0 2 0 81 e   7958.172415514  7958.172510831  4.382e-04  3.001e-03  3.480e-03
1 2 3 0 1 e   7958.438648857  7958.438648855  4.193e-08  1.000e-03  1.000e-03
1 2 3 0 2 e   7959.237074617  7959.237074616  4.198e-08  1.000e-03  1.000e-03
2 12 0 0 4 e   7961.341232626  7961.341232652  2.366e-07  4.000e-03  4.000e-03
2 0 3 0 27 e   7961.892206866  7961.892443483  1.002e-03  1.000e-03  1.002e-03
1 2 3 0 4 e   7962.036424617  7962.036424616  4.198e-08  1.000e-03  1.000e-03
1 2 3 0 5 e   7964.037047431  7964.037047429  4.496e-08  1.000e-03  1.000e-03
2 12 0 0 6 e   7965.825560813  7965.825560844  2.346e-07  4.000e-03  4.000e-03
1 2 3 0 6 e   7966.436482626  7966.436482652  2.366e-07  1.000e-03  1.000e-03
2 12 0 0 7 e   7968.673527871  7968.673616269  8.112e-04  2.000e-03  2.000e-03
1 2 3 0 7 e   7969.234899774  7969.234899805  2.351e-07  1.000e-03  1.000e-03
2 12 0 0 8 e   7971.930954560  7971.930954591  2.349e-07  2.000e-03  2.000e-03
1 2 3 0 8 e   7972.438162687  7972.438162703  1.670e-04  1.000e-03  1.000e-03
3 2 2 2 42 e   7972.514985376  7972.514464144  1.455e-02  7.071e-03  2.058e-02
3 2 2 2 42 f   7972.547947908  7972.547971421  5.267e-04  7.084e-03  1.120e-02
2 0 3 0 28 e   7973.000084724  7973.000087425  1.037e-04  2.000e-03  2.000e-03
2 12 0 0 9 e   7975.590289774  7975.590289805  2.351e-07  1.000e-03  1.000e-03
1 2 3 0 9 e   7976.042295764  7976.042295796  2.352e-07  1.000e-03  1.000e-03
4 0 2 0 50 e   7977.025930151  7977.025925198  2.711e-05  1.001e-03  1.004e-03
3 5 1 1 65 f   7978.245965581  7978.246005321  3.502e-04  2.001e-03  2.296e-03
2 12 0 0 10 e   7979.654082970  7979.654083003  2.352e-07  1.000e-03  1.000e-03
1 2 3 0 10 e   7980.052428765  7980.052428040  5.140e-04  1.000e-03  1.000e-03
2 12 0 0 11 e   7984.117674723  7984.117674757  2.353e-07  1.000e-03  1.000e-03
1 2 3 0 11 e   7984.468220243  7984.468074691  6.682e-04  1.000e-03  1.000e-03
2 0 3 0 29 e   7984.502591715  7984.502638446  7.804e-04  1.000e-03  1.000e-03
2 12 0 0 12 e   7988.972885774  7988.972865559  2.840e-04  1.000e-03  1.000e-03
1 2 3 0 12 e   7989.301900774  7989.301876538  4.498e-04  1.000e-03  1.000e-03
3 0 2 0 82 e   7990.676753630  7990.676842610  3.648e-04  3.001e-03  3.498e-03
1 2 3 0 13 e   7994.212937796  7994.212947545  3.191e-04  1.000e-03  1.000e-03
2 12 0 0 13 e   7994.553600869  7994.553600911  2.350e-07  2.000e-03  2.000e-03
2 0 3 0 30 e   7996.403353819  7996.403384044  7.018e-04  2.000e-03  2.000e-03
2 4 2 0 31 e   7997.040350940  7997.040350985  2.374e-07  1.000e-03  1.000e-03
4 0 2 0 51 e   7997.198607337  7997.198606903  3.296e-05  1.001e-03  1.005e-03
1 2 3 0 14 e   7999.839237081  7999.839237122  2.354e-07  1.000e-03  1.000e-03
2 12 0 0 14 e   8000.232912829  8000.232860398  7.886e-04  2.000e-03  2.000e-03
1 2 3 0 15 e   8005.851331559  8005.851331605  2.376e-07  1.000e-03  1.000e-03
2 12 0 0 15 e   8006.327740869  8006.327740911  2.350e-07  5.000e-03  5.000e-03
2 0 3 0 31 e   8008.701046312  8008.701046357  2.374e-07  2.000e-03  2.000e-03
1 2 3 0 16 e   8012.254267081  8012.254267122  2.354e-07  1.000e-03  1.000e-03
4 0 2 0 52 e   8017.763427424  8017.763425593  3.292e-05  1.002e-03  1.005e-03
1 2 3 0 17 e   8019.050681559  8019.050681605  2.376e-07  1.000e-03  1.000e-03
2 12 0 0 17 e   8019.771901559  8019.771901605  2.376e-07  5.000e-03  5.000e-03
2 0 3 0 32 e   8021.394505913  8021.394641672  6.132e-04  1.000e-03  1.000e-03
1 2 3 0 18 e   8026.244627656  8026.244627703  2.375e-07  1.000e-03  1.000e-03
2 0 3 0 33 e   8034.484734031  8034.484734076  2.374e-07  2.000e-03  2.000e-03
2 4 2 0 34 e   8036.761719012  8036.761719057  2.374e-07  1.000e-03  1.000e-03
4 0 2 0 53 e   8038.713680266  8038.713680922  3.626e-05  2.001e-03  2.004e-03
1 2 3 0 20 e   8041.823968206  8041.823968253  2.371e-07  1.000e-03  1.000e-03
2 0 3 0 34 e   8047.974052012  8047.974087542  1.626e-04  1.000e-03  1.000e-03
1 2 3 0 21 e   8050.210403234  8050.210403281  2.366e-07  1.000e-03  1.000e-03
3 1 2 1 68 e   8055.749503125  8055.749519263  4.551e-04  4.613e-03  5.912e-03
3 0 2 0 84 e   8056.878240443  8056.878279338  3.507e-04  5.000e-02  5.003e-02
1 2 3 0 22 e   8058.996518206  8058.996518253  2.371e-07  1.000e-03  1.000e-03
4 0 2 0 54 e   8060.055312044  8060.055250137  1.053e-03  3.001e-03  3.181e-03
2 0 3 0 35 e   8061.853027788  8061.853027834  2.374e-07  2.000e-03  2.000e-03
2 4 2 0 36 e   8065.242153808  8065.242153854  2.374e-07  1.000e-03  1.000e-03
1 2 3 0 23 e   8068.180385797  8068.180385844  2.369e-07  1.000e-03  1.000e-03
2 0 3 0 36 e   8076.141439012  8076.141439057  2.374e-07  1.000e-03  1.000e-03
1 2 3 0 24 e   8077.762691464  8077.762692090  7.828e-05  1.000e-03  1.000e-03
4 0 2 0 55 e   8081.774689478  8081.774697690  1.916e-04  5.000e-03  5.005e-03
3 5 1 1 69 f   8086.134292840  8086.134334696  3.549e-04  4.034e-03  5.494e-03
1 2 3 0 25 e   8087.745322163  8087.745325430  1.094e-04  1.000e-03  1.000e-03
3 0 2 0 85 e   8090.556858480  8090.556897464  3.507e-04  3.001e-03  3.550e-03
2 4 2 0 38 e   8095.324753808  8095.324753854  2.374e-07  1.000e-03  1.000e-03
1 2 3 0 26 e   8098.127962017  8098.127964286  3.226e-05  1.000e-03  1.000e-03
4 0 2 0 56 e   8104.638802044  8104.638740137  1.053e-03  5.000e-03  5.111e-03
2 0 3 0 38 e   8105.896870350  8105.896870396  2.379e-07  1.000e-03  1.000e-03
2 12 0 2 27 e   8108.759413915  8108.759396522  2.120e-04  1.000e-03  1.000e-03
1 2 3 0 27 e   8108.910663915  8108.910660310  1.700e-04  1.000e-03  1.000e-03
0 0 4 0 2 e   8111.922324617  8111.922324616  4.198e-08  2.000e-03  2.000e-03
0 0 4 0 4 e   8114.694814617  8114.694814616  4.198e-08  1.000e-03  1.000e-03
0 0 4 0 6 e   8119.054232626  8119.054232652  2.366e-07  1.000e-03  1.000e-03
1 2 3 0 28 e   8120.064369724  8120.064371333  5.150e-05  1.000e-03  1.000e-03
2 12 0 2 28 e   8120.190292248  8120.190189882  5.606e-04  1.000e-03  1.000e-03
0 0 4 0 7 e   8121.827789774  8121.827789805  2.351e-07  1.000e-03  1.000e-03
3 0 2 0 86 e   8124.663707293  8124.663746347  3.507e-04  5.000e-02  5.004e-02
0 0 4 0 8 e   8124.997354560  8124.997354591  2.349e-07  1.000e-03  1.000e-03
2 4 2 0 40 e   8127.006010350  8127.006010396  2.379e-07  1.000e-03  1.000e-03
0 0 4 0 9 e   8128.564255764  8128.564255796  2.352e-07  1.000e-03  1.000e-03
1 2 3 0 29 e   8131.649631861  8131.649451948  1.180e-03  1.000e-03  1.180e-03
0 0 4 0 10 e   8132.526408765  8132.526481174  7.275e-04  1.000e-03  1.000e-03
0 0 4 0 11 e   8136.885105243  8136.885097697  3.038e-04  1.000e-03  1.000e-03
2 0 3 0 40 e   8137.241917608  8137.241917654  2.379e-07  1.000e-03  1.000e-03
0 0 4 0 12 e   8141.635965774  8141.635951557  2.247e-04  1.000e-03  1.000e-03
1 2 3 0 30 e   8143.625380319  8143.625383677  6.954e-04  1.000e-03  1.000e-03
0 0 4 0 13 e   8146.786947796  8146.786922792  3.008e-04  1.000e-03  1.000e-03
0 0 4 0 14 e   8152.333377081  8152.333377122  2.354e-07  1.000e-03  1.000e-03
1 2 3 0 31 e   8155.999088626  8155.999080936  1.690e-04  1.000e-03  1.000e-03
0 0 4 0 15 e   8158.276921559  8158.276921605  2.376e-07  1.000e-03  1.000e-03
2 4 2 0 42 e   8160.286867608  8160.286867654  2.379e-07  1.000e-03  1.000e-03
1 2 3 0 32 e   8168.772357850  8168.772365175  2.349e-04  1.000e-03  1.000e-03
2 0 3 0 42 e   8170.176577823  8170.176577869  2.381e-07  1.000e-03  1.000e-03
0 0 4 0 17 e   8171.350181559  8171.350181605  2.376e-07  1.000e-03  1.000e-03
4 0 2 0 59 e   8173.250437685  8173.250475596  3.480e-04  5.001e-03  5.042e-03
1 2 3 0 33 e   8181.944854671  8181.944855606  8.013e-06  1.000e-03  1.000e-03
0 0 4 0 20 e   8193.929392763  8193.929392810  2.369e-07  1.000e-03  1.000e-03
3 0 2 0 88 e   8194.012714772  8194.012754110  3.507e-04  5.000e-03  5.382e-03
2 4 2 0 44 e   8195.162780470  8195.162778084  1.377e-05  1.000e-03  1.001e-03
1 2 3 0 34 e   8195.510919662  8195.510912921  1.836e-04  1.000e-03  1.000e-03
3 1 2 1 73 e   8198.048626988  8198.048662422  3.933e-04  4.614e-03  5.965e-03
2 0 3 0 44 e   8204.701580470  8204.701578084  1.377e-05  1.000e-03  1.001e-03
1 2 3 0 35 e   8209.480501788  8209.480501834  2.374e-07  1.000e-03  1.000e-03
0 0 4 0 23 e   8220.070855797  8220.070855844  2.369e-07  1.000e-03  1.000e-03
2 0 3 0 45 e   8222.561885291  8222.561879553  1.939e-05  1.000e-03  1.001e-03
1 2 3 0 37 e   8238.612211788  8238.612211834  2.374e-07  1.000e-03  1.000e-03
0 0 4 0 25 e   8239.477396087  8239.477396133  2.373e-07  1.000e-03  1.000e-03
2 4 2 0 47 e   8250.469856923  8250.469851220  1.934e-05  1.000e-03  1.001e-03
1 2 3 0 38 e   8253.775650350  8253.775650396  2.379e-07  1.000e-03  1.000e-03
3 1 2 1 75 e   8257.460365726  8257.460407097  3.909e-04  4.614e-03  5.985e-03
2 0 3 0 47 e   8259.476666923  8259.476661220  1.934e-05  1.000e-03  1.001e-03
3 0 2 0 90 e   8264.996538295  8264.996578221  3.507e-04  5.000e-02  5.004e-02
0 0 4 0 28 e   8271.555975251  8271.555975298  2.376e-07  1.000e-03  1.000e-03
1 2 3 0 40 e   8285.298480350  8285.298480396  2.379e-07  1.000e-03  1.000e-03
2 4 2 0 49 e   8289.331486923  8289.331481220  1.934e-05  1.000e-03  1.001e-03
2 1 3 1 3 e   8294.220097171  8294.220097313  1.203e-06  2.000e-03  2.000e-03
2 1 3 1 4 e   8295.814571339  8295.814571467  1.048e-06  2.000e-03  2.000e-03
2 1 3 1 4 f   8295.820937026  8295.820937154  1.048e-06  2.000e-03  2.000e-03
2 0 3 0 49 e   8297.986757035  8297.986751385  1.936e-05  1.000e-03  1.002e-03
1 2 3 0 41 e   8301.656046626  8301.656046672  2.381e-07  1.000e-03  1.000e-03
2 1 3 1 7 f   8302.996660680  8302.996660841  9.230e-07  2.000e-03  2.000e-03
0 0 4 0 31 e   8307.194376312  8307.194376357  2.374e-07  1.000e-03  1.000e-03
2 1 3 1 11 e   8318.102224268  8318.102224400  8.280e-07  2.000e-03  2.000e-03
2 1 3 1 13 e   8328.051127502  8328.051127753  1.054e-06  2.000e-03  2.000e-03
2 4 2 0 51 e   8329.782907035  8329.782901385  1.936e-05  1.000e-03  1.002e-03
3 0 2 0 92 e   8337.583529438  8337.583572946  3.499e-04  5.000e-02  5.005e-02
2 0 3 0 51 e   8338.096434286  8338.096429423  3.320e-05  2.000e-03  2.001e-03
2 1 3 1 15 e   8339.590587502  8339.590587753  1.054e-06  1.000e-03  1.000e-03
2 1 3 1 15 f   8339.674361818  8339.674361889  6.208e-07  2.000e-03  2.000e-03
0 0 4 0 34 e   8346.391259012  8346.391259057  2.374e-07  1.000e-03  1.000e-03
2 1 3 1 17 e   8352.721423325  8352.721423486  1.526e-06  1.000e-03  1.000e-03
1 2 3 0 44 e   8353.123697823  8353.123697869  2.381e-07  1.000e-03  1.000e-03
2 1 3 1 18 f   8360.001311100  8360.001311262  5.405e-07  2.000e-03  2.000e-03
2 1 3 1 19 e   8367.443353325  8367.443353486  1.526e-06  1.000e-03  1.000e-03
1 2 3 0 45 e   8371.075245291  8371.075239553  1.939e-05  1.000e-03  1.001e-03
2 4 2 0 53 e   8371.821258767  8371.821259118  3.509e-05  1.001e-03  1.005e-03
3 0 2 0 93 e   8374.501254328  8374.501298092  3.500e-04  5.000e-02  5.005e-02
2 1 3 1 20 f   8375.545332563  8375.545332793  6.331e-07  1.000e-03  1.000e-03
2 0 3 0 53 e   8379.804728767  8379.804729118  3.509e-05  2.000e-03  2.002e-03
0 0 4 0 37 e   8389.148226557  8389.148226603  2.379e-07  1.000e-03  1.000e-03
1 2 3 0 46 e   8389.425397036  8389.425391318  1.937e-05  1.000e-03  1.001e-03
2 1 3 1 22 f   8392.680913326  8392.680913465  1.171e-06  1.000e-03  1.000e-03
2 0 3 0 54 e   8401.259351224  8401.259351623  3.509e-05  2.000e-03  2.003e-03
2 1 3 1 23 e   8401.656792307  8401.656792653  2.878e-06  1.000e-03  1.000e-03
1 2 3 0 47 e   8408.174265291  8408.174259553  1.939e-05  1.000e-03  1.001e-03
2 4 2 0 55 e   8415.440931736  8415.440932353  3.512e-05  1.001e-03  1.007e-03
0 0 4 0 39 e   8419.628524602  8419.628524648  2.379e-07  1.000e-03  1.000e-03
2 1 3 1 25 e   8421.148093711  8421.148093597  2.056e-06  1.000e-03  1.000e-03
1 2 3 0 48 e   8427.320965501  8427.320961507  1.397e-04  1.000e-03  1.001e-03
2 4 2 0 56 e   8437.843766006  8437.843804211  3.489e-04  1.001e-03  1.066e-03
2 1 3 1 27 e   8442.229038248  8442.229037737  2.866e-06  1.000e-03  1.000e-03
2 1 3 1 27 f   8442.484297464  8442.484297686  1.373e-06  1.000e-03  1.000e-03
2 0 3 0 56 e   8445.377436006  8445.377474211  3.489e-04  2.001e-03  2.034e-03
1 2 3 0 49 e   8446.865516979  8446.865478362  5.637e-04  1.000e-03  1.001e-03
0 0 4 0 41 e   8451.688456626  8451.688456672  2.381e-07  1.000e-03  1.000e-03
2 1 3 1 28 f   8453.640435678  8453.640435840  1.180e-06  1.000e-03  1.000e-03
1 3 3 1 3 e   8460.776854589  8460.776854575  1.362e-06  4.000e-03  4.000e-03
1 3 3 1 4 e   8462.378201339  8462.378201467  1.048e-06  4.000e-03  4.000e-03
2 1 3 1 29 e   8464.898824864  8464.898823966  4.081e-06  1.000e-03  1.000e-03
1 3 3 1 6 f   8466.789724857  8466.789725014  9.233e-07  2.000e-03  2.000e-03
1 2 3 0 50 e   8466.808450415  8466.808491424  4.817e-04  1.000e-03  1.001e-03
2 0 3 0 57 e   8468.039186462  8468.039224489  3.485e-04  2.001e-03  2.044e-03
0 0 4 0 42 e   8468.312927823  8468.312927869  2.381e-07  1.000e-03  1.000e-03
1 3 3 1 8 e   8472.763852445  8472.763852603  9.233e-07  2.000e-03  2.000e-03
1 3 3 1 9 e   8476.361193458  8476.361193619  9.230e-07  2.000e-03  2.000e-03
1 3 3 1 10 e   8480.354293727  8480.354293840  8.128e-07  2.000e-03  2.000e-03
1 3 3 1 10 f   8480.409970020  8480.409970133  8.128e-07  2.000e-03  2.000e-03
2 4 2 0 58 e   8483.831236006  8483.831274211  3.489e-04  1.001e-03  1.066e-03
1 3 3 1 11 e   8484.750021512  8484.750021690  8.697e-07  2.000e-03  2.000e-03
0 0 4 0 43 e   8485.329720708  8485.329718315  1.379e-05  1.000e-03  1.001e-03
1 2 3 0 51 e   8487.149407035  8487.149401385  1.936e-05  1.000e-03  1.002e-03
2 1 3 1 31 e   8489.155424175  8489.155423656  4.875e-06  1.000e-03  1.000e-03
1 3 3 1 12 e   8489.544634256  8489.544634432  8.742e-07  2.000e-03  2.000e-03
2 0 3 0 58 e   8491.105166860  8491.105204838  3.485e-04  2.001e-03  2.073e-03
1 3 3 1 13 e   8494.738231512  8494.738231690  8.697e-07  2.000e-03  2.000e-03
1 3 3 1 14 e   8500.332413540  8500.332413766  9.985e-07  2.000e-03  2.000e-03
2 1 3 1 32 f   8502.231460658  8502.231460579  1.507e-06  1.000e-03  1.000e-03
0 0 4 0 44 e   8502.743290470  8502.743288084  1.377e-05  1.000e-03  1.001e-03
1 3 3 1 15 f   8506.440324707  8506.440324820  4.836e-07  2.000e-03  2.000e-03
2 4 2 0 59 e   8507.415354413  8507.415392556  3.494e-04  1.002e-03  1.192e-03
1 2 3 0 52 e   8507.886876864  8507.886873651  3.140e-05  1.000e-03  1.002e-03
2 0 3 0 59 e   8514.573104413  8514.573142556  3.494e-04  2.001e-03  2.103e-03
0 0 4 0 45 e   8520.550115291  8520.550109553  1.939e-05  1.000e-03  1.001e-03
1 3 3 1 18 e   8526.699232905  8526.699233091  1.524e-06  2.000e-03  2.000e-03
1 3 3 1 18 f   8526.864072563  8526.864072793  6.331e-07  2.000e-03  2.000e-03
2 1 3 1 34 e   8528.519848634  8528.519848511  2.546e-06  1.000e-03  1.000e-03
1 2 3 0 53 e   8529.023164286  8529.023159423  3.320e-05  1.001e-03  1.003e-03
2 4 2 0 60 e   8531.391224370  8531.391263250  3.490e-04  1.002e-03  1.242e-03
1 3 3 1 19 e   8534.288350736  8534.288350511  3.603e-06  2.000e-03  2.000e-03
1 3 3 1 19 f   8534.469809843  8534.469810121  6.865e-07  2.000e-03  2.000e-03
2 0 3 0 60 e   8538.447194370  8538.447233250  3.490e-04  2.001e-03  2.131e-03
0 0 4 0 46 e   8538.750767036  8538.750761318  1.937e-05  2.000e-03  2.000e-03
1 3 3 1 20 e   8542.275911275  8542.275911927  2.663e-06  2.000e-03  2.000e-03
2 1 3 1 35 f   8542.850431314  8542.850431369  2.156e-06  1.000e-03  1.000e-03
1 2 3 0 54 e   8550.556390649  8550.556391016  3.508e-05  1.001e-03  1.004e-03
1 3 3 1 21 e   8550.665372307  8550.665372653  2.878e-06  2.000e-03  2.000e-03
2 1 3 1 36 e   8556.745181080  8556.745179939  3.175e-06  1.000e-03  1.000e-03
2 1 3 1 36 f   8557.182634793  8557.182634114  2.468e-06  1.000e-03  1.000e-03
0 0 4 0 47 e   8557.348996923  8557.348991220  1.934e-05  2.000e-03  2.001e-03
1 3 3 1 22 e   8559.450962324  8559.450962813  2.576e-06  2.000e-03  2.000e-03
1 3 3 1 23 e   8568.640502307  8568.640502653  2.878e-06  2.000e-03  2.000e-03
1 3 3 1 23 f   8568.908067985  8568.908068091  1.208e-06  1.000e-03  1.000e-03
2 1 3 1 37 e   8571.454001497  8571.454000326  4.322e-06  1.000e-03  1.000e-03
0 0 4 0 48 e   8576.342163966  8576.342158287  1.936e-05  2.000e-03  2.001e-03
1 3 3 1 24 e   8578.225301514  8578.225301399  1.780e-06  2.000e-03  2.000e-03
1 3 3 1 24 f   8578.515607545  8578.515607453  1.739e-06  1.000e-03  1.000e-03
2 4 2 0 62 e   8580.520816026  8580.520852297  3.487e-04  1.002e-03  1.336e-03
2 1 3 1 38 f   8587.041396704  8587.041395734  2.640e-06  1.000e-03  1.000e-03
2 0 3 0 62 e   8587.410766026  8587.410802297  3.487e-04  3.001e-03  3.128e-03
1 3 3 1 25 e   8588.211293711  8588.211293597  2.056e-06  2.000e-03  2.000e-03
1 2 3 0 56 e   8594.818236006  8594.818274211  3.489e-04  1.001e-03  1.066e-03
0 0 4 0 49 e   8595.732127035  8595.732121385  1.936e-05  2.000e-03  2.001e-03
1 3 3 1 26 f   8598.935700390  8598.935700528  1.322e-06  1.000e-03  1.000e-03
2 4 2 0 63 e   8605.674230789  8605.674269518  3.496e-04  2.001e-03  2.215e-03
2 0 3 0 63 e   8612.505710789  8612.505749518  3.496e-04  3.001e-03  3.147e-03
0 0 4 0 50 e   8615.513356864  8615.513353651  3.140e-05  2.000e-03  2.001e-03
0 1 4 1 8 e   8615.850663727  8615.850663840  8.128e-07  3.000e-03  3.000e-03
0 1 4 1 8 f   8615.869760020  8615.869760133  8.128e-07  3.000e-03  3.000e-03
1 2 3 0 57 e   8617.545436462  8617.545474489  3.485e-04  1.001e-03  1.085e-03
2 1 3 1 40 e   8617.956575057  8617.956542250  5.725e-04  1.000e-03  1.000e-03
2 1 3 1 40 f   8618.489104458  8618.489105042  3.663e-06  1.000e-03  1.000e-03
0 1 4 1 9 e   8619.420593458  8619.420593619  9.230e-07  3.000e-03  3.000e-03
0 1 4 1 9 f   8619.441933867  8619.441933998  8.280e-07  3.000e-03  3.000e-03
1 3 3 1 28 e   8620.562874667  8620.562874430  1.801e-06  3.000e-03  3.000e-03
2 1 3 1 41 e   8634.252227271  8634.252226177  7.598e-06  1.000e-03  1.000e-03
0 0 4 0 51 e   8635.689544286  8635.689539423  3.320e-05  2.000e-03  2.001e-03
0 1 4 1 13 e   8637.669861512  8637.669861690  8.697e-07  3.000e-03  3.000e-03
2 0 3 0 64 e   8638.001407736  8638.001446509  3.496e-04  3.001e-03  3.167e-03
1 2 3 0 58 e   8640.668706860  8640.668744838  3.485e-04  2.001e-03  2.073e-03
0 1 4 1 14 e   8643.225647663  8643.225647948  1.116e-06  3.000e-03  3.000e-03
0 1 4 1 14 f   8643.276566583  8643.276566659  5.638e-07  3.000e-03  3.000e-03
1 3 3 1 30 f   8644.574752212  8644.574752265  1.203e-06  1.000e-03  1.000e-03
2 1 3 1 42 f   8651.521485242  8651.521482928  5.879e-06  1.000e-03  1.000e-03
0 1 4 1 16 f   8655.589731100  8655.589731262  5.405e-07  3.000e-03  3.000e-03
1 3 3 1 31 e   8656.504694175  8656.504693656  4.875e-06  3.000e-03  3.000e-03
1 2 3 0 59 e   8664.193834413  8664.193872556  3.494e-04  2.001e-03  2.103e-03
3 0 3 0 9 e   8664.506731355  8664.506730887  1.678e-06  2.000e-03  2.001e-03
3 0 3 0 10 e   8668.461782030  8668.461781565  1.677e-06  2.000e-03  2.001e-03
2 1 3 1 43 f   8668.634048311  8668.634043213  1.165e-05  1.000e-03  1.000e-03
1 3 3 1 32 f   8669.796362212  8669.796362265  1.203e-06  1.000e-03  1.000e-03
0 1 4 1 19 e   8676.944110736  8676.944110511  3.603e-06  3.000e-03  3.000e-03
0 1 4 1 19 f   8677.033209843  8677.033210121  6.865e-07  3.000e-03  3.000e-03
0 0 4 0 53 e   8677.227328767  8677.227329118  3.509e-05  2.000e-03  2.002e-03
3 0 3 0 13 e   8682.691688209  8682.691687730  1.782e-06  2.000e-03  2.001e-03
1 3 3 1 33 f   8683.002371314  8683.002371369  2.156e-06  2.000e-03  2.000e-03
2 0 3 0 66 e   8683.481066351  8683.481105109  3.496e-04  2.001e-03  2.296e-03
0 1 4 1 20 e   8684.877862324  8684.877862813  2.576e-06  3.000e-03  3.000e-03
0 1 4 1 20 f   8684.975864992  8684.975865226  8.179e-07  3.000e-03  3.000e-03
2 1 3 1 44 e   8685.510590151  8685.510583056  1.958e-05  1.000e-03  1.000e-03
1 2 3 0 60 e   8688.111424370  8688.111463250  3.490e-04  2.001e-03  2.131e-03
1 3 3 1 34 e   8696.040708634  8696.040708511  2.546e-06  3.000e-03  3.000e-03
0 0 4 0 54 e   8698.587221224  8698.587221623  3.509e-05  2.000e-03  2.003e-03
3 0 3 0 16 e   8700.479775305  8700.479774826  1.784e-06  2.000e-03  2.001e-03
2 1 3 1 45 e   8703.389386389  8703.389379862  1.804e-05  1.000e-03  1.001e-03
2 1 3 1 45 f   8704.047596498  8704.047590050  1.810e-05  1.000e-03  1.001e-03
2 0 3 0 67 e   8710.202050776  8710.202088555  3.512e-04  2.001e-03  2.322e-03
1 3 3 1 35 f   8710.625840029  8710.625839278  3.260e-06  2.000e-03  2.000e-03
0 1 4 1 23 f   8711.188019214  8711.188019200  1.547e-06  3.000e-03  3.000e-03
0 0 4 0 55 e   8720.339981736  8720.339982353  3.512e-05  2.000e-03  2.003e-03
2 1 3 1 46 e   8721.662295047  8721.662288539  1.886e-05  2.000e-03  2.000e-03
3 0 3 0 19 e   8721.824766338  8721.824765019  8.574e-06  2.000e-03  2.001e-03
3 0 3 0 20 e   8729.726438019  8729.726439117  8.591e-06  2.000e-03  2.001e-03
2 4 2 2 68 e   8734.740476351  8734.740515109  3.496e-04  4.000e-03  4.156e-03
1 2 3 0 62 e   8737.143336026  8737.143372297  3.487e-04  2.001e-03  2.187e-03
3 0 3 0 21 e   8738.028936338  8738.028935019  8.574e-06  2.000e-03  2.001e-03
1 3 3 1 37 e   8739.162969097  8739.162967592  4.563e-06  3.000e-03  3.000e-03
2 1 3 1 47 e   8740.333001494  8740.332992754  2.004e-05  2.000e-03  2.000e-03
0 1 4 1 26 e   8740.804852997  8740.804852801  1.624e-06  5.000e-03  5.000e-03
0 1 4 1 26 f   8740.965190390  8740.965190528  1.322e-06  5.000e-03  5.000e-03
2 1 3 1 47 f   8741.046389634  8741.046381112  2.009e-05  1.000e-03  1.001e-03
0 0 4 0 56 e   8742.486856006  8742.486894211  3.489e-04  2.001e-03  2.034e-03
3 0 3 0 22 e   8746.721652403  8746.721653192  4.492e-06  2.000e-03  2.001e-03
0 1 4 1 27 e   8751.511313711  8751.511313597  2.056e-06  3.000e-03  3.000e-03
0 1 4 1 27 f   8751.687137464  8751.687137686  1.373e-06  5.000e-03  5.000e-03
1 3 3 1 38 f   8755.049306704  8755.049305734  2.640e-06  2.000e-03  2.000e-03
3 0 3 0 23 e   8755.810549301  8755.810549732  2.654e-06  2.000e-03  2.001e-03
2 1 3 1 48 e   8759.399999398  8759.399990772  2.073e-05  2.000e-03  2.001e-03
2 1 3 1 48 f   8760.141044655  8760.141036103  2.067e-05  1.000e-03  1.002e-03
0 1 4 1 28 e   8762.616422997  8762.616422801  1.624e-06  3.000e-03  3.000e-03
2 0 3 0 69 e   8764.822984434  8764.823021923  3.510e-04  4.000e-03  4.200e-03
3 0 3 0 24 e   8765.297045566  8765.297046747  6.651e-06  2.000e-03  2.001e-03
3 0 3 0 25 e   8775.174609067  8775.174608867  5.230e-06  2.000e-03  2.001e-03
2 1 3 1 49 e   8778.864686179  8778.864677136  2.312e-05  2.000e-03  2.001e-03
2 1 3 1 49 f   8779.630779634  8779.630771112  2.009e-05  2.000e-03  2.001e-03
0 1 4 1 30 e   8786.008105879  8786.008105678  2.071e-06  5.000e-03  5.000e-03
0 1 4 1 31 f   8798.543343972  8798.543705067  2.389e-03  5.000e-03  5.000e-03
2 1 3 1 50 f   8799.518037079  8799.518026271  2.298e-05  2.000e-03  2.001e-03
1 3 3 1 41 e   8802.243057271  8802.243056177  7.598e-06  3.000e-03  3.000e-03
1 3 3 1 41 f   8803.072637327  8803.072636466  7.461e-06  2.000e-03  2.000e-03
3 0 3 0 28 e   8807.181897435  8807.181891717  3.664e-05  2.000e-03  2.001e-03
2 2 3 0 11 e   8812.771611355  8812.771610887  1.678e-06  8.000e-03  8.000e-03
1 2 3 0 65 e   8813.665227141  8813.665265907  3.496e-04  2.001e-03  2.269e-03
3 0 3 0 29 e   8818.640307014  8818.640306190  5.691e-06  2.000e-03  2.001e-03
2 1 3 1 51 f   8819.799061178  8819.799057019  3.619e-05  3.000e-03  3.001e-03
1 3 3 1 42 f   8819.878615242  8819.878612928  5.879e-06  2.000e-03  2.000e-03
0 1 4 1 33 e   8824.078479746  8824.078478341  4.876e-06  5.000e-03  5.000e-03
0 1 4 1 33 f   8824.348334063  8824.348334246  1.894e-06  5.000e-03  5.000e-03
2 2 3 0 14 e   8828.324592508  8828.324592029  1.779e-06  8.000e-03  8.000e-03
3 0 3 0 30 e   8830.490237435  8830.490231717  3.664e-05  2.000e-03  2.001e-03
1 3 3 1 43 e   8836.178677271  8836.178676177  7.598e-06  3.000e-03  3.000e-03
1 3 3 1 43 f   8837.086798311  8837.086793213  1.165e-05  2.000e-03  2.000e-03
0 1 4 1 34 e   8837.561818391  8837.561818287  3.193e-06  5.000e-03  5.000e-03
2 1 3 1 52 f   8840.476267079  8840.476256271  2.298e-05  3.000e-03  3.001e-03
2 4 2 2 72 e   8849.744269707  8849.744307638  3.509e-04  5.000e-03  5.197e-03
0 1 4 1 35 e   8851.445559097  8851.445557592  4.563e-06  5.000e-03  5.000e-03
1 3 3 1 44 e   8853.739640151  8853.739633056  1.958e-05  3.000e-03  3.000e-03
3 0 3 0 32 e   8855.368739850  8855.368740033  6.885e-06  3.000e-03  3.001e-03
0 0 4 0 61 e   8859.144679088  8859.144716162  3.480e-04  3.001e-03  3.109e-03
2 2 3 0 19 e   8862.213486338  8862.213485019  8.574e-06  8.000e-03  8.000e-03
2 2 3 0 20 e   8870.183437810  8870.183437518  1.021e-04  8.000e-03  8.001e-03
1 3 3 1 45 e   8871.701810733  8871.701805241  1.225e-05  3.000e-03  3.000e-03
2 0 3 0 73 e   8876.441902401  8876.441940067  3.510e-04  4.000e-03  4.229e-03
3 0 3 0 34 e   8881.847779850  8881.847780033  6.885e-06  2.000e-03  2.001e-03
2 1 3 1 54 f   8883.018773861  8883.018767363  4.275e-05  5.000e-03  5.001e-03
1 3 3 1 46 e   8890.058905047  8890.058898539  1.886e-05  3.000e-03  3.000e-03
0 1 4 1 38 e   8895.447751080  8895.447749939  3.175e-06  5.000e-03  5.000e-03
3 0 3 0 35 e   8895.674990065  8895.674990366  1.306e-06  2.000e-03  2.001e-03
2 1 3 1 55 f   8904.887125093  8904.887123800  3.741e-05  5.000e-03  5.001e-03
3 0 3 0 36 e   8909.894749542  8909.894817399  7.099e-04  2.000e-03  2.001e-03
3 0 3 0 37 e   8924.511954871  8924.511955457  4.588e-06  2.000e-03  2.001e-03
1 3 3 1 48 e   8927.975815047  8927.975808539  1.886e-05  3.000e-03  3.000e-03
0 0 4 0 64 e   8933.859407736  8933.859446509  3.496e-04  3.001e-03  3.167e-03
3 0 3 0 38 e   8939.519623023  8939.519621843  6.613e-06  2.000e-03  2.001e-03
2 1 3 1 57 f   8949.809470187  8949.809482164  2.263e-04  5.000e-03  5.006e-03
1 0 4 0 3 e   8957.250117431  8957.250117429  4.496e-08  1.000e-02  1.000e-02
1 0 4 0 4 e   8958.840662626  8958.840662652  2.366e-07  1.000e-02  1.000e-02
1 0 4 0 6 e   8963.191840813  8963.191991533  1.506e-03  1.000e-02  1.000e-02
1 0 4 0 7 e   8965.960682871  8965.960680093  1.690e-04  1.000e-02  1.000e-02
1 0 4 0 8 e   8969.128754560  8969.128754591  2.349e-07  1.000e-02  1.000e-02
1 0 4 0 9 e   8972.713459774  8972.713459805  2.351e-07  1.000e-02  1.000e-02
2 1 3 1 58 f   8972.859058888  8972.859074140  2.256e-04  5.000e-03  5.012e-03
1 0 4 0 10 e   8976.664332970  8976.664333003  2.352e-07  1.000e-02  1.000e-02
1 0 4 0 11 e   8981.035594723  8981.035594757  2.353e-07  1.000e-02  1.000e-02
1 0 4 0 12 e   8985.782410774  8985.781569988  9.453e-03  1.000e-02  1.000e-02
1 3 3 1 51 e   8987.841346179  8987.841337136  2.312e-05  5.000e-03  5.000e-03
1 0 4 0 13 e   8990.927594723  8990.927594757  2.353e-07  1.000e-02  1.000e-02
1 0 4 0 14 e   8996.490302829  8996.490313802  5.887e-04  1.000e-02  1.000e-02
1 0 4 0 15 e   9002.430411214  9002.430096361  1.664e-03  1.000e-02  1.000e-02
1 0 4 0 16 e   9008.773607369  9008.773241677  2.445e-03  1.000e-02  1.000e-02
1 0 4 0 17 e   9015.513874595  9015.513616393  5.852e-03  1.000e-02  1.000e-02
1 0 4 0 18 e   9022.644097656  9022.644097703  2.375e-07  1.000e-02  1.000e-02
1 0 4 0 19 e   9030.166927630  9030.166927679  2.369e-07  1.000e-02  1.000e-02
1 0 4 0 20 e   9038.086420484  9038.086434850  8.326e-04  1.000e-02  1.000e-02
1 0 4 0 21 e   9046.409673234  9046.409700595  3.461e-04  1.000e-02  1.000e-02
1 0 4 0 22 e   9055.119548206  9055.119548253  2.371e-07  1.000e-02  1.000e-02
1 0 4 0 23 e   9064.227395797  9064.227395844  2.369e-07  1.000e-02  1.000e-02
1 0 4 0 24 e   9073.744693090  9073.744693136  2.371e-07  1.000e-02  1.000e-02
1 0 4 0 25 e   9083.646416087  9083.646416133  2.373e-07  1.000e-02  1.000e-02
1 0 4 0 26 e   9093.940539838  9093.940539883  2.371e-07  1.000e-02  1.000e-02
1 0 4 0 27 e   9104.636038240  9104.636038286  2.372e-07  1.000e-02  1.000e-02
1 0 4 0 28 e   9115.716884197  9115.716884243  2.373e-07  1.000e-02  1.000e-02
1 0 4 0 29 e   9127.196049591  9127.196049637  2.377e-07  1.000e-02  1.000e-02
3 0 3 0 49 e   9130.642262134  9130.642256237  1.937e-05  2.000e-03  2.001e-03
1 0 4 0 30 e   9139.079505251  9139.079505298  2.376e-07  1.000e-02  1.000e-02
3 0 3 0 50 e   9150.379643684  9150.379638083  1.922e-05  2.001e-03  2.002e-03
1 0 4 0 31 e   9151.336220940  9151.336220985  2.374e-07  1.000e-02  1.000e-02
1 0 4 0 32 e   9164.010165386  9164.010165431  2.374e-07  1.000e-02  1.000e-02
3 0 3 0 51 e   9170.512000168  9170.511997417  2.802e-05  2.001e-03  2.002e-03
1 0 4 0 33 e   9177.054306312  9177.054306357  2.374e-07  1.000e-02  1.000e-02
1 0 4 0 34 e   9190.529610313  9190.529610358  2.374e-07  1.000e-02  1.000e-02
3 0 3 0 52 e   9191.037110151  9191.037105198  2.711e-05  2.001e-03  2.002e-03
1 0 4 0 35 e   9204.384043031  9204.384043076  2.374e-07  1.000e-02  1.000e-02
1 0 4 0 39 e   9263.718336557  9263.718336603  2.379e-07  1.000e-02  1.000e-02
1 0 4 0 40 e   9279.530860350  9279.530860396  2.379e-07  1.000e-02  1.000e-02
1 0 4 0 41 e   9295.748284602  9295.748284648  2.379e-07  1.000e-02  1.000e-02
1 2 4 0 2 e   9934.727274617  9934.727274616  4.198e-08  1.000e-02  1.000e-02
1 2 4 0 4 e   9937.502662626  9937.502662652  2.366e-07  1.000e-02  1.000e-02
1 2 4 0 5 e   9939.480905969  9939.480906000  2.356e-07  1.000e-02  1.000e-02
1 2 4 0 7 e   9944.653682871  9944.653672765  9.532e-04  1.000e-02  1.000e-02
1 2 4 0 8 e   9947.820297687  9947.819744535  6.932e-03  1.000e-02  1.000e-02
1 2 4 0 9 e   9951.400087769  9951.400288720  3.498e-03  1.000e-02  1.000e-02
1 2 4 0 10 e   9955.382754560  9955.382577199  3.903e-03  1.000e-02  1.000e-02
1 2 4 0 11 e   9959.739715764  9959.739715796  2.352e-07  1.000e-02  1.000e-02
1 2 4 0 12 e   9964.514410774  9964.514758724  3.115e-03  1.000e-02  1.000e-02
1 2 4 0 13 e   9969.690297796  9969.689844438  1.117e-02  1.000e-02  1.117e-02
1 2 4 0 14 e   9975.234302829  9975.234533885  5.390e-03  1.000e-02  1.000e-02
1 2 4 0 15 e   9981.195911214  9981.196390046  2.840e-03  1.000e-02  1.000e-02
1 2 4 0 16 e   9987.535607369  9987.535564856  4.344e-03  1.000e-02  1.000e-02
1 2 4 0 17 e   9994.306374595  9994.305164708  6.789e-03  1.000e-02  1.000e-02
1 2 4 0 18 e   10001.451195210  10001.451085507  2.825e-03  1.000e-02  1.000e-02
1 2 4 0 19 e   10008.999050432  10008.999321696  3.288e-03  1.000e-02  1.000e-02
1 2 4 0 20 e   10016.944420484  10016.945098553  7.310e-03  1.000e-02  1.000e-02
1 2 4 0 21 e   10025.280284515  10025.281741976  1.033e-02  1.000e-02  1.033e-02
1 2 4 0 22 e   10034.017120648  10034.017065276  7.148e-03  1.000e-02  1.000e-02
1 2 4 0 23 e   10043.140405942  10043.140530522  1.513e-03  1.000e-02  1.000e-02
1 2 4 0 24 e   10052.674616464  10052.674623004  5.284e-05  1.000e-02  1.000e-02
1 2 4 0 25 e   10062.599416087  10062.599416133  2.373e-07  1.000e-02  1.000e-02
1 2 4 0 26 e   10072.924712017  10072.925149398  4.589e-03  1.000e-02  1.000e-02
0 0 5 0 0 e   10080.902713308  10080.902713308  1.433e-09  1.000e-02  1.000e-02
0 0 5 0 1 e   10081.286069429  10081.286089896  3.860e-03  1.000e-02  1.000e-02
0 0 5 0 2 e   10082.079493963  10082.079800210  4.926e-03  1.000e-02  1.000e-02
0 0 5 0 3 e   10083.264628144  10083.264833385  1.827e-03  1.000e-02  1.000e-02
1 2 4 0 27 e   10083.642543915  10083.642456236  1.203e-03  1.000e-02  1.000e-02
0 0 5 0 4 e   10084.841968622  10084.841688411  2.832e-03  1.000e-02  1.000e-02
0 0 5 0 5 e   10086.811511700  10086.811597779  2.459e-03  1.000e-02  1.000e-02
0 0 5 0 6 e   10089.174251719  10089.174263226  4.591e-04  1.000e-02  1.000e-02
0 0 5 0 7 e   10091.931682871  10091.931584501  1.595e-03  1.000e-02  1.000e-02
1 2 4 0 28 e   10094.755091215  10094.755260076  3.825e-03  1.000e-02  1.000e-02
0 0 5 0 8 e   10095.086297687  10095.086289826  3.900e-04  1.000e-02  1.000e-02
0 0 5 0 9 e   10098.632087769  10098.632033819  4.657e-04  1.000e-02  1.000e-02
0 0 5 0 10 e   10102.571473500  10102.571453960  1.338e-04  1.000e-02  1.000e-02
1 2 4 0 29 e   10106.272135265  10106.272136468  6.198e-05  1.000e-02  1.000e-02
0 0 5 0 11 e   10106.905655243  10106.905657656  4.464e-05  1.000e-02  1.000e-02
0 0 5 0 12 e   10111.632910774  10111.632926097  4.198e-04  1.000e-02  1.000e-02
0 4 4 0 1 e   10114.424138857  10114.424138855  4.193e-08  1.000e-02  1.000e-02
0 4 4 0 2 e   10115.216993963  10115.217446610  5.805e-03  1.000e-02  1.000e-02
0 4 4 0 3 e   10116.410128144  10116.410180350  7.400e-04  1.000e-02  1.000e-02
0 0 5 0 13 e   10116.754297796  10116.754295214  5.218e-04  1.000e-02  1.000e-02
0 4 4 0 4 e   10118.006968622  10118.006944163  2.569e-03  1.000e-02  1.000e-02
1 2 4 0 30 e   10118.180835319  10118.180935879  3.282e-03  1.000e-02  1.000e-02
0 4 4 0 5 e   10119.997511700  10119.997523744  2.884e-04  1.000e-02  1.000e-02
0 0 5 0 14 e   10122.268802829  10122.268688113  1.065e-03  1.000e-02  1.000e-02
0 4 4 0 6 e   10122.392251719  10122.392221012  1.052e-03  1.000e-02  1.000e-02
0 4 4 0 7 e   10125.188182871  10125.188233986  5.579e-04  1.000e-02  1.000e-02
0 0 5 0 15 e   10128.177411214  10128.177532904  1.092e-03  1.000e-02  1.000e-02
0 4 4 0 8 e   10128.380297687  10128.380327966  1.019e-03  1.000e-02  1.000e-02
1 2 4 0 31 e   10130.487263626  10130.487407228  2.823e-03  1.000e-02  1.000e-02
0 4 4 0 9 e   10131.971087769  10131.971174062  1.225e-03  1.000e-02  1.000e-02
0 0 5 0 16 e   10134.476607369  10134.476358263  3.021e-03  1.000e-02  1.000e-02
0 4 4 0 10 e   10135.959806833  10135.959929822  1.753e-03  1.000e-02  1.000e-02
0 4 4 0 11 e   10140.348155243  10140.348148190  3.099e-04  1.000e-02  1.000e-02
0 0 5 0 17 e   10141.172374595  10141.171979863  3.327e-03  1.000e-02  1.000e-02
1 2 4 0 32 e   10143.191387850  10143.191183019  5.921e-03  1.000e-02  1.000e-02
0 4 4 0 12 e   10145.134910774  10145.135190309  1.924e-03  1.000e-02  1.000e-02
0 0 5 0 18 e   10148.264195210  10148.264383210  2.890e-03  1.000e-02  1.000e-02
0 4 4 0 13 e   10150.317797796  10150.317799178  1.581e-04  1.000e-02  1.000e-02
0 0 5 0 19 e   10155.746550432  10155.746744816  2.837e-03  1.000e-02  1.000e-02
0 4 4 0 14 e   10155.902302829  10155.902212571  2.023e-03  1.000e-02  1.000e-02
1 2 4 0 33 e   10156.292674671  10156.292662199  2.818e-04  1.000e-02  1.000e-02
0 4 4 0 15 e   10161.883911214  10161.883913255  1.425e-03  1.000e-02  1.000e-02
0 0 5 0 20 e   10163.620920484  10163.620896771  4.368e-04  1.000e-02  1.000e-02
0 4 4 0 16 e   10168.265607369  10168.265615093  3.615e-04  1.000e-02  1.000e-02
1 2 4 0 34 e   10169.790089662  10169.790190973  5.126e-03  1.000e-02  1.000e-02
0 0 5 0 21 e   10171.892284515  10171.892287103  8.218e-05  1.000e-02  1.000e-02
0 4 4 0 17 e   10175.046874595  10175.046868888  7.498e-04  1.000e-02  1.000e-02
0 0 5 0 22 e   10180.556620648  10180.556559428  7.236e-04  1.000e-02  1.000e-02
0 4 4 0 18 e   10182.226695210  10182.226674037  4.768e-04  1.000e-02  1.000e-02
1 2 4 0 35 e   10183.681597409  10183.681612302  2.035e-03  1.000e-02  1.000e-02
0 0 5 0 23 e   10189.613405942  10189.613244307  2.887e-03  1.000e-02  1.000e-02
0 4 4 0 19 e   10189.807550432  10189.807707805  1.224e-03  1.000e-02  1.000e-02
0 4 4 0 20 e   10197.783920484  10197.783895889  1.922e-03  1.000e-02  1.000e-02
1 2 4 0 36 e   10197.972569012  10197.972569057  2.374e-07  1.000e-02  1.000e-02
0 0 5 0 24 e   10199.066116464  10199.066106525  4.276e-04  1.000e-02  1.000e-02
0 4 4 0 21 e   10206.151284515  10206.151611289  2.902e-03  1.000e-02  1.000e-02
0 0 5 0 25 e   10208.911727163  10208.911683667  3.164e-03  1.000e-02  1.000e-02
1 2 4 0 37 e   10212.650213378  10212.650427646  4.043e-03  1.000e-02  1.000e-02
0 4 4 0 22 e   10214.934120648  10214.934263975  4.433e-03  1.000e-02  1.000e-02
0 0 5 0 26 e   10219.146712017  10219.146740024  4.876e-03  1.000e-02  1.000e-02
0 4 4 0 23 e   10224.108405942  10224.108309681  3.217e-03  1.000e-02  1.000e-02
1 2 4 0 38 e   10227.729753808  10227.729753854  2.374e-07  1.000e-02  1.000e-02
0 0 5 0 27 e   10229.778543915  10229.778615368  4.734e-03  1.000e-02  1.000e-02
0 4 4 0 24 e   10233.679116464  10233.679115581  1.919e-03  1.000e-02  1.000e-02
0 0 5 0 28 e   10240.800631566  10240.800943856  4.393e-03  1.000e-02  1.000e-02
1 2 4 0 39 e   10243.216336557  10243.216336603  2.379e-07  1.000e-02  1.000e-02
0 4 4 0 25 e   10243.650727163  10243.650476819  2.715e-03  1.000e-02  1.000e-02
0 0 5 0 29 e   10252.220635265  10252.221044621  3.924e-03  1.000e-02  1.000e-02
0 4 4 0 26 e   10254.019212017  10254.019307171  1.244e-03  1.000e-02  1.000e-02
1 2 4 0 40 e   10259.085860350  10259.085860396  2.379e-07  1.000e-02  1.000e-02
0 0 5 0 30 e   10264.026165386  10264.026165431  2.374e-07  1.000e-02  1.000e-02
0 4 4 0 27 e   10264.790543915  10264.790519185  3.518e-04  1.000e-02  1.000e-02
0 4 4 0 28 e   10275.955964900  10275.956092704  1.611e-03  1.000e-02  1.000e-02
0 0 5 0 31 e   10276.233306312  10276.233306357  2.374e-07  1.000e-02  1.000e-02
0 4 4 0 29 e   10287.522635265  10287.522538032  3.544e-03  1.000e-02  1.000e-02
0 0 5 0 32 e   10288.826610313  10288.826610358  2.374e-07  1.000e-02  1.000e-02
0 4 4 0 30 e   10299.486335319  10299.486333362  9.038e-04  1.000e-02  1.000e-02
0 0 5 0 33 e   10301.819464125  10301.819461164  4.222e-04  1.000e-02  1.000e-02
0 4 4 0 31 e   10311.851263626  10311.851313771  3.759e-03  1.000e-02  1.000e-02
0 0 5 0 34 e   10315.204582779  10315.204647784  1.026e-03  1.000e-02  1.000e-02
0 4 4 0 32 e   10324.612387850  10324.613142332  8.271e-03  1.000e-02  1.000e-02
1 2 4 0 44 e   10326.548537823  10326.548537869  2.381e-07  1.000e-02  1.000e-02
2 16 0 0 35 e   10328.607151788  10328.607151834  2.374e-07  1.000e-02  1.000e-02
0 0 5 0 35 e   10328.990151788  10328.990151834  2.374e-07  1.000e-02  1.000e-02
0 4 4 0 33 e   10337.774174671  10337.774114066  6.010e-03  1.000e-02  1.000e-02
0 0 5 0 36 e   10343.134753808  10343.134753854  2.374e-07  1.000e-02  1.000e-02
2 16 0 0 36 e   10343.393753808  10343.393753854  2.374e-07  1.000e-02  1.000e-02
0 4 4 0 34 e   10351.337089662  10351.336916552  5.917e-03  1.000e-02  1.000e-02
0 0 5 0 37 e   10357.711336557  10357.711336603  2.379e-07  1.000e-02  1.000e-02
0 4 4 0 35 e   10365.291097409  10365.290421402  1.043e-02  1.000e-02  1.043e-02
0 0 5 0 38 e   10372.668860350  10372.668860396  2.379e-07  1.000e-02  1.000e-02
0 4 4 0 36 e   10379.651661410  10379.651753726  3.698e-03  1.000e-02  1.000e-02
0 0 5 0 39 e   10388.017284602  10388.017284648  2.379e-07  1.000e-02  1.000e-02
0 4 4 0 37 e   10394.411880044  10394.412220550  5.507e-03  1.000e-02  1.000e-02
0 0 5 0 40 e   10403.757567608  10403.757567654  2.379e-07  1.000e-02  1.000e-02
0 4 4 0 38 e   10409.572807079  10409.572461927  5.014e-03  1.000e-02  1.000e-02
0 0 5 0 41 e   10419.893666626  10419.893666672  2.381e-07  1.000e-02  1.000e-02
0 4 4 0 39 e   10425.125810580  10425.124333775  8.741e-03  1.000e-02  1.000e-02
0 0 5 0 42 e   10436.421537823  10436.421537869  2.381e-07  1.000e-02  1.000e-02
0 4 4 0 40 e   10441.082429436  10441.082120486  4.811e-03  1.000e-02  1.000e-02
0 0 5 0 43 e   10453.330140708  10453.330138315  1.379e-05  1.000e-02  1.000e-02
0 4 4 0 41 e   10457.441975614  10457.441605828  1.100e-02  1.000e-02  1.100e-02
0 0 5 0 44 e   10470.640420470  10470.640418084  1.377e-05  1.000e-02  1.000e-02
0 4 4 0 42 e   10474.199052716  10474.199151721  4.169e-03  1.000e-02  1.000e-02
0 0 5 0 45 e   10488.350345291  10488.350339553  1.939e-05  1.000e-02  1.000e-02
0 4 4 0 43 e   10491.353903667  10491.353850478  1.299e-03  1.000e-02  1.000e-02
0 0 5 0 46 e   10506.439847036  10506.439841318  1.937e-05  1.000e-02  1.000e-02
0 4 4 0 44 e   10508.896420470  10508.896418084  1.377e-05  1.000e-02  1.000e-02
0 0 5 0 47 e   10524.932886923  10524.932881220  1.934e-05  1.000e-02  1.000e-02
0 4 4 0 45 e   10526.851640708  10526.851677757  2.816e-03  1.000e-02  1.000e-02
0 0 5 0 48 e   10543.810413966  10543.810408287  1.936e-05  1.000e-02  1.000e-02
0 0 5 0 49 e   10563.081377035  10563.081371385  1.936e-05  1.000e-02  1.000e-02
0 1 5 1 2 e   10565.474339446  10565.474475735  1.490e-03  1.000e-02  1.000e-02
0 1 5 1 2 f   10565.475824794  10565.475890053  7.538e-04  1.000e-02  1.000e-02
0 1 5 1 3 e   10566.653955880  10566.654117967  1.390e-03  1.000e-02  1.000e-02
0 1 5 1 3 f   10566.656714369  10566.656696940  2.180e-04  1.000e-02  1.000e-02
0 1 5 1 4 e   10568.228273365  10568.228208243  1.489e-03  1.000e-02  1.000e-02
0 1 5 1 4 f   10568.232729361  10568.232679831  3.063e-03  1.000e-02  1.000e-02
0 1 5 1 5 e   10570.204286871  10570.204281094  8.177e-05  1.000e-02  1.000e-02
0 1 5 1 5 f   10570.210864728  10570.210840021  1.772e-03  1.000e-02  1.000e-02
0 1 5 1 6 e   10572.567792445  10572.567792603  9.233e-07  1.000e-02  1.000e-02
0 1 5 1 6 f   10572.579674857  10572.579675014  9.233e-07  1.000e-02  1.000e-02
0 1 5 1 7 e   10575.328381306  10575.328471660  1.463e-03  1.000e-02  1.000e-02
0 1 5 1 7 f   10575.340475864  10575.340925261  3.472e-03  1.000e-02  1.000e-02
0 1 5 1 8 e   10578.489448086  10578.489363919  2.690e-03  1.000e-02  1.000e-02
0 1 5 1 8 f   10578.504937439  10578.505092498  5.662e-03  1.000e-02  1.000e-02
0 1 5 1 9 e   10582.044123998  10582.043598004  2.907e-03  1.000e-02  1.000e-02
0 1 5 1 9 f   10582.064776138  10582.064725513  3.978e-04  1.000e-02  1.000e-02
0 0 5 0 50 e   10582.748746864  10582.748743651  3.140e-05  1.000e-02  1.000e-02
0 1 5 1 10 e   10585.989078991  10585.989124103  7.008e-03  1.000e-02  1.000e-02
0 1 5 1 10 f   10586.004572290  10586.006101278  7.764e-03  1.000e-02  1.000e-02
0 1 5 1 11 e   10590.323622890  10590.323533249  1.909e-03  1.000e-02  1.000e-02
0 1 5 1 11 f   10590.351842072  10590.352137702  5.558e-03  1.000e-02  1.000e-02
0 1 5 1 12 e   10595.064303898  10595.065402653  6.838e-03  1.000e-02  1.000e-02
0 1 5 1 12 f   10595.088882745  10595.089669824  7.678e-03  1.000e-02  1.000e-02
0 1 5 1 13 e   10600.186977502  10600.186977753  1.054e-06  1.000e-02  1.000e-02
0 1 5 1 13 f   10600.231531818  10600.231531889  6.208e-07  1.000e-02  1.000e-02
0 0 5 0 51 e   10602.808434286  10602.808429423  3.320e-05  1.000e-02  1.000e-02
0 1 5 1 14 e   10605.707025601  10605.706634048  5.502e-03  1.000e-02  1.000e-02
0 1 5 1 14 f   10605.765416583  10605.765416659  5.638e-07  1.000e-02  1.000e-02
0 1 5 1 15 e   10611.621537954  10611.621464577  1.894e-03  1.000e-02  1.000e-02
0 1 5 1 15 f   10611.681804707  10611.681804820  4.836e-07  1.000e-02  1.000e-02
0 1 5 1 16 e   10617.934130284  10617.933633901  3.648e-03  1.000e-02  1.000e-02
0 1 5 1 16 f   10618.003681100  10618.003681262  5.405e-07  1.000e-02  1.000e-02
0 0 5 0 52 e   10623.261370649  10623.261371016  3.508e-05  1.000e-02  1.000e-02
0 1 5 1 17 e   10624.645785865  10624.645646162  1.651e-03  1.000e-02  1.000e-02
0 1 5 1 17 f   10624.710915738  10624.711312841  3.707e-03  1.000e-02  1.000e-02
0 1 5 1 18 e   10631.737987090  10631.738306988  2.261e-03  1.000e-02  1.000e-02
0 1 5 1 18 f   10631.821822563  10631.821822793  6.331e-07  1.000e-02  1.000e-02
0 1 5 1 19 e   10639.234712030  10639.234615750  2.628e-03  1.000e-02  1.000e-02
0 1 5 1 19 f   10639.327049843  10639.327050121  6.865e-07  1.000e-02  1.000e-02
0 0 5 0 53 e   10644.105548767  10644.105549118  3.509e-05  1.000e-02  1.000e-02
0 1 5 1 20 e   10647.120446800  10647.120154095  3.038e-03  1.000e-02  1.000e-02
0 1 5 1 20 f   10647.222684992  10647.222685226  8.179e-07  1.000e-02  1.000e-02
0 1 5 1 21 e   10655.408661521  10655.408687630  1.787e-03  1.000e-02  1.000e-02
0 1 5 1 21 f   10655.506878914  10655.507441140  5.102e-03  1.000e-02  1.000e-02
0 1 5 1 22 e   10664.089343958  10664.089213556  4.107e-03  1.000e-02  1.000e-02
0 1 5 1 22 f   10664.196889159  10664.196742439  3.242e-03  1.000e-02  1.000e-02
0 0 5 0 54 e   10665.344891224  10665.344891623  3.509e-05  1.000e-02  1.000e-02
0 1 5 1 23 e   10673.158552986  10673.158552960  2.227e-06  1.000e-02  1.000e-02
0 1 5 1 23 f   10673.285819214  10673.285819200  1.547e-06  1.000e-02  1.000e-02
0 1 5 1 24 e   10682.615996207  10682.615996898  1.012e-03  1.000e-02  1.000e-02
0 1 5 1 24 f   10682.752857545  10682.752857453  1.739e-06  1.000e-02  1.000e-02
0 0 5 0 55 e   10686.971341736  10686.971342353  3.512e-05  1.000e-02  1.000e-02
0 1 5 1 25 e   10692.479923348  10692.480030716  1.171e-03  1.000e-02  1.000e-02
0 1 5 1 25 f   10692.627184875  10692.627184905  1.540e-06  1.000e-02  1.000e-02
0 1 5 1 26 e   10702.729432997  10702.729432801  1.624e-06  1.000e-02  1.000e-02
0 1 5 1 26 f   10702.889770390  10702.889770528  1.322e-06  1.000e-02  1.000e-02
0 0 5 0 56 e   10708.986096006  10708.986134211  3.489e-04  1.000e-02  1.001e-02
0 1 5 1 27 e   10713.376378248  10713.376377737  2.866e-06  1.000e-02  1.000e-02
0 1 5 1 27 f   10713.548587464  10713.548587686  1.373e-06  1.000e-02  1.000e-02
0 1 5 1 28 e   10724.419104667  10724.419104430  1.801e-06  1.000e-02  1.000e-02
0 1 5 1 28 f   10724.603605678  10724.603605840  1.180e-06  1.000e-02  1.000e-02
0 0 5 0 57 e   10731.396586462  10731.396624489  3.485e-04  1.000e-02  1.001e-02
0 1 5 1 29 e   10735.852574864  10735.852573966  4.081e-06  1.000e-02  1.000e-02
0 1 5 1 29 f   10736.049793881  10736.049794179  1.594e-06  1.000e-02  1.000e-02
0 1 5 1 30 e   10747.681765879  10747.681765678  2.071e-06  1.000e-02  1.000e-02
0 1 5 1 30 f   10747.892122212  10747.892122265  1.203e-06  1.000e-02  1.000e-02
0 0 5 0 58 e   10754.202006860  10754.202044838  3.485e-04  1.000e-02  1.001e-02
0 1 5 1 31 e   10759.902634175  10759.902633656  4.875e-06  1.000e-02  1.000e-02
0 1 5 1 31 f   10760.126554063  10760.126554246  1.894e-06  1.000e-02  1.000e-02
0 1 5 1 32 e   10772.521158634  10772.521158511  2.546e-06  1.000e-02  1.000e-02
0 1 5 1 32 f   10772.759060658  10772.759060579  1.507e-06  1.000e-02  1.000e-02
0 0 5 0 59 e   10777.396294413  10777.396332556  3.494e-04  1.000e-02  1.002e-02
0 1 5 1 33 e   10785.531289746  10785.531288341  4.876e-06  1.000e-02  1.000e-02
0 1 5 1 33 f   10785.783601314  10785.783601369  2.156e-06  1.000e-02  1.000e-02
0 1 5 1 34 e   10798.936008391  10798.936008287  3.193e-06  1.000e-02  1.000e-02
0 1 5 1 34 f   10799.203146047  10799.203145723  2.073e-06  1.000e-02  1.000e-02
0 0 5 0 60 e   10800.980394370  10800.980433250  3.490e-04  1.000e-02  1.003e-02
0 1 5 1 35 e   10812.729259097  10812.729268133  7.744e-04  1.000e-02  1.000e-02
0 1 5 1 35 f   10813.017150029  10813.017294005  3.392e-03  1.000e-02  1.000e-02
0 0 5 0 61 e   10824.960229088  10824.960266162  3.480e-04  1.000e-02  1.003e-02
0 1 5 1 36 e   10826.922021080  10826.922019939  3.175e-06  1.000e-02  1.000e-02
0 1 5 1 36 f   10827.220084793  10827.220084114  2.468e-06  1.000e-02  1.000e-02
0 1 5 1 37 e   10841.512241497  10841.512240326  4.322e-06  1.000e-02  1.000e-02
0 1 5 1 37 f   10841.826400154  10841.826399172  3.884e-06  1.000e-02  1.000e-02
0 0 5 0 62 e   10849.328756026  10849.328792297  3.487e-04  1.000e-02  1.004e-02
0 1 5 1 38 e   10856.477891722  10856.477890561  3.126e-06  1.000e-02  1.000e-02
0 1 5 1 39 e   10871.853918109  10871.853916721  5.514e-06  1.000e-02  1.000e-02
0 0 5 0 63 e   10874.080850789  10874.080889518  3.496e-04  1.000e-02  1.005e-02
0 1 5 1 40 e   10887.609288392  10887.609288990  3.940e-06  1.000e-02  1.000e-02
0 0 5 0 64 e   10899.233517736  10899.233556509  3.496e-04  1.000e-02  1.005e-02
0 1 5 1 41 e   10903.772937271  10903.772936177  7.598e-06  1.000e-02  1.000e-02
0 1 5 1 41 f   10904.182697327  10904.182696466  7.461e-06  1.000e-02  1.000e-02
0 1 5 1 42 e   10920.313873669  10920.313871238  5.909e-06  1.000e-02  1.000e-02
0 1 5 1 42 f   10920.747835242  10920.747832928  5.879e-06  1.000e-02  1.000e-02
1 0 5 0 2 e   10921.177713308  10921.177713308  1.433e-09  1.380e-02  1.380e-02
1 0 5 0 3 e   10922.376128144  10922.376169225  1.509e-03  1.000e-02  1.000e-02
1 0 5 0 4 e   10923.952274617  10923.952274616  4.198e-08  1.000e-02  1.000e-02
0 0 5 0 65 e   10924.773667141  10924.773705907  3.496e-04  1.000e-02  1.006e-02
1 0 5 0 5 e   10925.923667613  10925.923307206  3.764e-03  1.000e-02  1.000e-02
1 0 5 0 6 e   10928.302023238  10928.302465588  2.427e-03  7.000e-03  7.000e-03
1 0 5 0 7 e   10931.061459774  10931.061459805  2.351e-07  1.000e-02  1.000e-02
1 0 5 0 8 e   10934.226754560  10934.226754591  2.349e-07  1.000e-02  1.000e-02
1 4 4 0 2 e   10936.153274617  10936.153274616  4.198e-08  1.680e-02  1.680e-02
0 1 5 1 43 e   10937.274500733  10937.274509260  3.612e-04  1.000e-02  1.000e-02
1 4 4 0 3 e   10937.333117431  10937.333117429  4.496e-08  1.000e-02  1.000e-02
0 1 5 1 43 f   10937.723088311  10937.723137481  1.187e-03  1.000e-02  1.000e-02
1 0 5 0 9 e   10937.778587769  10937.778580265  2.183e-03  1.000e-02  1.000e-02
1 4 4 0 4 e   10938.907662626  10938.907662652  2.366e-07  1.000e-02  1.000e-02
1 4 4 0 5 e   10940.888511700  10940.888740130  4.724e-03  1.000e-02  1.000e-02
1 0 5 0 10 e   10941.723543765  10941.723319298  2.119e-03  1.000e-02  1.000e-02
1 4 4 0 6 e   10943.271459248  10943.271428713  6.571e-04  7.000e-03  7.000e-03
1 4 4 0 7 e   10946.054171290  10946.054196786  1.879e-04  1.170e-02  1.170e-02
1 0 5 0 11 e   10946.071155243  10946.071567181  3.476e-03  1.000e-02  1.000e-02
1 4 4 0 8 e   10949.213797687  10949.213767156  2.370e-03  1.000e-02  1.000e-02
0 0 5 0 66 e   10950.702226351  10950.702265109  3.496e-04  1.000e-02  1.006e-02
1 4 4 0 9 e   10952.779087769  10952.779135824  2.631e-03  1.000e-02  1.000e-02
0 1 5 1 44 e   10954.608280151  10954.608273056  1.958e-05  1.000e-02  1.000e-02
0 1 5 1 44 f   10955.084915686  10955.084908814  1.952e-05  1.000e-02  1.000e-02
1 0 5 0 13 e   10955.939797796  10955.939797617  1.629e-04  1.000e-02  1.000e-02
1 4 4 0 10 e   10956.739043765  10956.739026283  2.270e-04  1.000e-02  1.000e-02
1 4 4 0 11 e   10961.099155243  10961.099315582  2.617e-03  1.000e-02  1.000e-02
1 0 5 0 14 e   10961.467802829  10961.467782980  4.840e-04  1.000e-02  1.000e-02
1 4 4 0 12 e   10965.855910774  10965.855925322  4.131e-04  1.000e-02  1.000e-02
1 0 5 0 15 e   10967.387911214  10967.387992789  1.373e-03  1.000e-02  1.000e-02
1 4 4 0 13 e   10971.005594723  10971.005594757  2.353e-07  1.000e-02  1.000e-02
0 1 5 1 45 e   10972.327676389  10972.327669862  1.804e-05  1.000e-02  1.000e-02
0 1 5 1 45 f   10972.835776498  10972.835770050  1.810e-05  1.000e-02  1.000e-02
1 0 5 0 16 e   10973.708107369  10973.708158744  7.323e-04  1.000e-02  1.000e-02
1 4 4 0 14 e   10976.553802829  10976.553742872  2.514e-04  1.000e-02  1.000e-02
0 0 5 0 67 e   10977.032893959  10977.032934542  1.392e-03  1.000e-02  1.006e-02
1 0 5 0 17 e   10980.414374595  10980.414292981  3.945e-03  1.000e-02  1.000e-02
1 4 4 0 15 e   10982.498911214  10982.498948440  8.538e-04  1.000e-02  1.000e-02
1 0 5 0 18 e   10987.518695210  10987.518688623  4.357e-04  1.000e-02  1.000e-02
1 4 4 0 16 e   10988.841117081  10988.841117122  2.354e-07  1.000e-02  1.000e-02
0 1 5 1 46 e   10990.458175047  10990.458168539  1.886e-05  1.000e-02  1.000e-02
0 1 5 1 46 f   10990.981162565  10990.981156119  1.879e-05  1.000e-02  1.000e-02
1 0 5 0 19 e   10995.017550432  10995.017645388  1.845e-03  1.000e-02  1.000e-02
1 4 4 0 17 e   10995.574726537  10995.573098722  7.579e-03  1.000e-02  1.000e-02
1 4 4 0 18 e   11002.713177643  11002.714096071  6.240e-03  1.000e-02  1.000e-02
1 0 5 0 20 e   11002.909920484  11002.909613075  4.055e-03  1.000e-02  1.000e-02
0 0 5 0 68 e   11003.753255776  11003.753521808  3.804e-03  1.000e-02  1.006e-02
0 1 5 1 47 e   11008.975641494  11008.975632754  2.004e-05  1.000e-02  1.000e-02
0 1 5 1 47 f   11009.519939634  11009.519931112  2.009e-05  1.000e-02  1.000e-02
1 4 4 0 19 e   11010.241927630  11010.241927679  2.369e-07  1.000e-02  1.000e-02
1 0 5 0 21 e   11011.192395797  11011.192395844  2.369e-07  1.000e-02  1.000e-02
1 4 4 0 20 e   11018.169292763  11018.169292810  2.369e-07  1.000e-02  1.000e-02
1 0 5 0 22 e   11019.874693090  11019.874693136  2.371e-07  1.000e-02  1.000e-02
1 4 4 0 21 e   11026.490173234  11026.490173281  2.366e-07  1.000e-02  1.000e-02
0 1 5 1 48 e   11027.901089398  11027.901080772  2.073e-05  1.000e-02  1.000e-02
0 1 5 1 48 f   11028.466114655  11028.466106103  2.067e-05  1.000e-02  1.000e-02
1 0 5 0 23 e   11028.949380616  11028.949493099  2.290e-03  7.000e-03  7.000e-03
0 0 5 0 69 e   11030.857382605  11030.857483502  6.201e-03  1.000e-02  1.007e-02
1 0 5 0 24 e   11038.418116464  11038.418147332  1.196e-03  1.000e-02  1.000e-02
1 4 4 0 23 e   11044.331711233  11044.331857716  1.528e-03  7.000e-03  7.000e-03
0 1 5 1 49 e   11047.201466179  11047.201457136  2.312e-05  1.000e-02  1.000e-02
0 1 5 1 49 f   11047.787639976  11047.787630960  2.292e-05  1.000e-02  1.000e-02
1 0 5 0 25 e   11048.281727163  11048.281722532  2.877e-03  1.000e-02  1.000e-02
1 4 4 0 24 e   11053.846693090  11053.846693136  2.371e-07  1.000e-02  1.000e-02
0 0 5 0 70 e   11058.355205153  11058.354979374  6.461e-03  1.000e-02  1.008e-02
1 0 5 0 26 e   11058.536237689  11058.536055414  5.747e-03  1.000e-02  1.000e-02
0 1 5 1 50 e   11066.908674086  11066.908670092  3.674e-05  1.000e-02  1.000e-02
0 1 5 1 50 f   11067.513437079  11067.513426271  2.298e-05  1.000e-02  1.000e-02
0 2 5 0 6 e   11067.719251719  11067.719130854  2.045e-03  1.000e-02  1.000e-02
1 0 5 0 27 e   11069.178043915  11069.177307445  4.519e-03  1.000e-02  1.000e-02
1 4 4 0 26 e   11074.056539838  11074.056539883  2.371e-07  1.000e-02  1.000e-02
0 2 5 0 9 e   11077.233715764  11077.233715796  2.352e-07  2.260e-02  2.260e-02
1 0 5 0 28 e   11080.225505251  11080.225505298  2.376e-07  1.000e-02  1.000e-02
0 2 5 0 10 e   11081.154332970  11081.154333003  2.352e-07  1.230e-02  1.230e-02
1 4 4 0 27 e   11084.765038240  11084.765038286  2.372e-07  1.000e-02  1.000e-02
0 2 5 0 11 e   11085.510525476  11085.510747287  2.834e-03  1.000e-02  1.000e-02
0 0 5 0 71 e   11086.239649745  11086.240459331  6.335e-03  1.000e-02  1.008e-02
0 1 5 1 51 e   11086.986710745  11086.986704180  4.470e-05  1.000e-02  1.000e-02
0 1 5 1 51 f   11087.630431178  11087.630427019  3.619e-05  1.000e-02  1.000e-02
0 2 5 0 12 e   11090.262332970  11090.262333003  2.352e-07  1.000e-02  1.000e-02
1 0 5 0 29 e   11091.650220940  11091.650220985  2.374e-07  1.000e-02  1.000e-02
0 2 5 0 13 e   11095.405594723  11095.405594757  2.353e-07  1.000e-02  1.000e-02
1 4 4 0 28 e   11095.864884197  11095.864884243  2.373e-07  1.000e-02  1.000e-02
0 2 5 0 14 e   11100.946302829  11100.945773893  4.634e-03  1.000e-02  1.000e-02
1 0 5 0 30 e   11103.481165386  11103.481165431  2.374e-07  1.000e-02  1.000e-02
0 2 5 0 15 e   11106.895732702  11106.896023725  2.042e-03  1.690e-02  1.690e-02
0 1 5 1 52 e   11107.471463177  11107.471455692  1.253e-04  1.001e-02  1.002e-02
0 1 5 1 52 f   11108.140613861  11108.140607363  4.275e-05  1.000e-02  1.000e-02
0 2 5 0 16 e   11113.242117081  11113.242117122  2.354e-07  3.670e-02  3.670e-02
0 0 5 0 72 e   11114.513137407  11114.513202465  5.501e-03  1.000e-02  1.009e-02
1 0 5 0 31 e   11115.704306312  11115.704306357  2.374e-07  1.000e-02  1.000e-02
1 4 4 0 30 e   11119.266165386  11119.266165431  2.374e-07  1.000e-02  1.000e-02
0 2 5 0 17 e   11119.925782405  11119.928541853  9.559e-03  1.000e-02  1.000e-02
0 2 5 0 18 e   11127.052097656  11127.052097703  2.375e-07  1.000e-02  1.000e-02
1 0 5 0 32 e   11128.316596890  11128.316742802  1.114e-03  7.000e-03  7.000e-03
0 1 5 1 53 e   11128.342909800  11128.342908823  4.245e-05  1.000e-02  1.000e-02
0 1 5 1 53 f   11129.033895093  11129.033893800  3.741e-05  1.000e-02  1.000e-02
1 4 4 0 31 e   11131.558911923  11131.559219941  4.303e-03  1.000e-02  1.000e-02
0 2 5 0 19 e   11134.563604316  11134.560462208  8.962e-03  1.000e-02  1.000e-02
1 0 5 0 33 e   11141.326043031  11141.326043076  2.374e-07  1.000e-02  1.000e-02
0 2 5 0 20 e   11142.478920484  11142.478751853  2.394e-03  1.000e-02  1.000e-02
0 0 5 0 73 e   11143.186097873  11143.186070212  7.778e-03  1.000e-02  1.009e-02
1 4 4 0 32 e   11144.246995154  11144.247003796  1.705e-03  7.000e-03  7.000e-03
0 1 5 1 54 e   11149.623152081  11149.623164003  2.263e-04  1.000e-02  1.000e-02
0 1 5 1 54 f   11150.331429102  11150.332313956  6.688e-03  1.000e-02  1.000e-02
0 2 5 0 21 e   11150.775968671  11150.776104525  1.493e-02  1.840e-02  1.840e-02
1 0 5 0 34 e   11154.738569012  11154.738569057  2.374e-07  1.820e-02  1.820e-02
1 4 4 0 33 e   11157.331306312  11157.331306357  2.374e-07  1.000e-02  1.000e-02
0 2 5 0 22 e   11159.464548206  11159.464548253  2.371e-07  1.470e-02  1.470e-02
1 0 5 0 35 e   11168.510597409  11168.510640188  3.244e-04  1.000e-02  1.000e-02
0 2 5 0 23 e   11168.576325019  11168.576279033  6.947e-03  1.000e-02  1.000e-02
1 4 4 0 34 e   11170.818089662  11170.818088557  3.947e-04  1.000e-02  1.000e-02
0 1 5 1 55 e   11171.266312888  11171.266349608  3.311e-03  1.000e-02  1.000e-02
0 1 5 1 55 f   11172.013730187  11172.013569683  3.228e-03  1.000e-02  1.000e-02
0 0 5 0 74 e   11172.223756107  11172.223794064  3.509e-04  1.000e-02  1.011e-02
0 2 5 0 24 e   11178.071371045  11178.072810155  5.085e-03  1.000e-02  1.000e-02
1 0 5 0 36 e   11182.692753808  11182.692753854  2.374e-07  1.000e-02  1.000e-02
1 4 4 0 35 e   11184.697151788  11184.697151834  2.374e-07  1.000e-02  1.000e-02
0 2 5 0 25 e   11187.951727163  11187.951742645  5.523e-04  1.000e-02  1.000e-02
0 1 5 1 56 e   11193.322624765  11193.322432700  1.375e-03  1.001e-02  1.011e-02
1 0 5 0 37 e   11197.268336557  11197.268336603  2.379e-07  1.000e-02  1.000e-02
0 2 5 0 26 e   11198.234216214  11198.234627887  9.766e-03  1.120e-02  1.120e-02
0 0 5 0 75 e   11201.652709377  11201.652747349  3.509e-04  1.000e-02  1.012e-02
0 2 5 0 27 e   11208.908043915  11208.907990120  2.123e-03  1.000e-02  1.000e-02
1 4 4 0 37 e   11213.656151788  11213.656151834  2.374e-07  1.000e-02  1.000e-02
0 1 5 1 57 e   11215.771199357  11215.770974319  9.708e-04  1.001e-02  1.006e-02
0 1 5 1 57 f   11216.565513763  11216.565554695  2.962e-04  1.000e-02  1.000e-02
0 2 5 0 28 e   11219.978420113  11219.975870314  7.500e-03  1.000e-02  1.000e-02
1 0 5 0 39 e   11227.597284602  11227.597284648  2.379e-07  1.000e-02  1.000e-02
1 4 4 0 38 e   11228.740069244  11228.740431916  1.474e-03  7.000e-03  7.000e-03
0 2 5 0 29 e   11231.474049591  11231.474049637  2.377e-07  2.320e-02  2.320e-02
0 0 5 0 76 e   11231.511325305  11231.511363268  3.509e-04  1.000e-02  1.012e-02
0 1 5 1 58 e   11238.604624765  11238.604432700  1.375e-03  1.001e-02  1.011e-02
1 0 5 0 40 e   11243.346896467  11243.346917891  3.764e-04  7.000e-03  7.000e-03
0 2 5 0 30 e   11243.347505251  11243.347505298  2.376e-07  3.440e-02  3.440e-02
0 2 5 0 31 e   11255.580306312  11255.580306357  2.374e-07  1.000e-02  1.000e-02
1 0 5 0 41 e   11259.493666626  11259.493666672  2.381e-07  1.000e-02  1.000e-02
0 1 5 1 59 e   11261.835923150  11261.835698762  5.530e-03  1.001e-02  1.006e-02
0 1 5 1 59 f   11262.717012115  11262.717049310  3.488e-04  1.000e-02  1.002e-02
0 2 5 0 32 e   11268.219128671  11268.219146470  3.869e-03  1.000e-02  1.000e-02
1 0 5 0 42 e   11276.024537823  11276.024537869  2.381e-07  1.000e-02  1.000e-02
0 2 5 0 33 e   11281.269603256  11281.268702013  7.342e-03  1.000e-02  1.000e-02
0 2 5 2 34 e   11283.828353701  11283.828748742  2.183e-03  3.041e-02  3.082e-02
0 1 5 1 60 e   11285.467310139  11285.467085101  9.708e-04  1.001e-02  1.008e-02
0 1 5 1 60 f   11286.347936767  11286.347988430  3.468e-03  1.000e-02  1.002e-02
1 0 5 0 43 e   11292.952140708  11292.952138315  1.379e-05  1.000e-02  1.000e-02
0 2 5 0 34 e   11294.718000742  11294.719266757  5.602e-03  1.000e-02  1.000e-02
0 2 5 2 35 e   11297.663304140  11297.662918612  1.041e-03  3.041e-02  3.082e-02
0 2 5 0 35 e   11308.552614495  11308.547394796  1.278e-02  1.000e-02  1.278e-02
0 1 5 1 61 e   11309.463646943  11309.463421905  9.708e-04  1.001e-02  1.007e-02
1 0 5 0 44 e   11310.269078188  11310.269172953  6.916e-04  7.000e-03  7.000e-03
0 2 5 0 36 e   11322.725450211  11322.725450253  6.917e-07  5.000e-02  5.000e-02
0 0 5 0 79 e   11323.373332553  11323.373370734  3.513e-04  1.000e-02  1.014e-02
0 1 5 1 62 e   11333.872310139  11333.872085101  9.708e-04  1.001e-02  1.008e-02
0 2 5 0 37 e   11337.407336557  11337.407336603  2.379e-07  1.000e-02  1.000e-02
0 2 5 0 38 e   11352.445860350  11352.445860396  2.379e-07  1.510e-02  1.510e-02
0 0 5 0 80 e   11354.774780879  11354.774819096  3.509e-04  1.000e-02  1.015e-02
0 1 5 1 63 e   11358.678181055  11358.677956017  9.708e-04  1.001e-02  1.008e-02
0 2 5 0 39 e   11367.846336557  11367.846336603  2.379e-07  1.000e-02  1.000e-02
0 2 5 0 40 e   11383.657860350  11383.657956718  7.138e-04  1.000e-02  1.000e-02
0 1 5 1 64 e   11383.863693548  11383.863469852  1.592e-03  1.001e-02  1.009e-02
1 4 4 0 48 e   11401.364847036  11401.364841318  1.937e-05  1.000e-02  1.000e-02
0 2 5 0 42 e   11416.431537823  11416.431537869  2.381e-07  2.820e-02  2.820e-02
0 2 5 0 44 e   11450.848420470  11450.848418084  1.377e-05  2.000e-02  2.000e-02
0 2 5 0 45 e   11468.629345291  11468.629339553  1.939e-05  1.000e-02  1.000e-02
2 4 4 0 1 e   11741.444159084  11741.443006514  3.689e-03  5.400e-03  5.400e-03
2 4 4 0 2 e   11742.230043412  11742.229595860  2.422e-03  5.000e-03  5.000e-03
2 4 4 0 3 e   11743.423293887  11743.424633690  5.155e-03  5.500e-03  5.500e-03
2 4 4 0 4 e   11745.006862522  11745.006607362  2.231e-03  9.200e-03  9.200e-03
2 4 4 0 5 e   11747.006117431  11747.006117429  4.496e-08  5.000e-03  5.000e-03
2 4 4 0 6 e   11749.382280622  11749.382045742  1.222e-03  8.500e-03  8.500e-03
2 4 4 0 7 e   11752.175389204  11752.176041379  2.762e-03  5.000e-03  5.000e-03
2 4 4 0 8 e   11755.333754560  11755.333754591  2.349e-07  2.080e-02  2.080e-02
2 0 5 0 1 e   11762.384138857  11762.384138855  4.193e-08  1.000e-02  1.000e-02
2 4 4 0 10 e   11762.910181058  11762.909018100  1.325e-02  1.460e-02  1.460e-02
2 0 5 0 2 e   11763.175493963  11763.175486393  1.691e-04  1.000e-02  1.000e-02
2 0 5 0 3 e   11764.337895755  11764.337817658  4.368e-03  1.000e-02  1.000e-02
2 0 5 0 4 e   11765.904528842  11765.903558456  5.275e-03  1.000e-02  1.000e-02
2 4 4 0 11 e   11767.282003212  11767.282775144  3.535e-03  5.000e-03  5.000e-03
2 0 5 0 5 e   11767.861011700  11767.861009502  8.189e-05  1.000e-02  1.000e-02
2 0 5 0 6 e   11770.215706723  11770.215706749  5.344e-05  7.000e-03  7.000e-03
2 4 4 0 12 e   11772.050674814  11772.051671172  3.854e-03  5.000e-03  5.000e-03
2 0 5 0 7 e   11772.953465492  11772.953539138  1.165e-03  1.000e-02  1.000e-02
2 0 5 0 8 e   11776.093297687  11776.093288645  3.119e-04  1.000e-02  1.000e-02
2 4 4 0 13 e   11777.212232806  11777.211845525  1.933e-03  5.000e-03  5.000e-03
2 0 5 0 9 e   11779.620321124  11779.619838304  4.760e-03  1.000e-02  1.000e-02
2 4 4 0 14 e   11782.774488578  11782.774488621  2.354e-07  6.800e-03  6.800e-03
2 0 5 0 10 e   11783.542543765  11783.542506610  5.373e-04  1.000e-02  1.000e-02
2 0 5 0 11 e   11787.855448435  11787.855317164  1.219e-03  7.000e-03  7.000e-03
2 4 4 0 15 e   11788.742986316  11788.742290764  3.599e-03  5.000e-03  5.000e-03
2 0 5 0 12 e   11792.559410774  11792.559407059  5.575e-05  1.000e-02  1.000e-02
2 4 4 0 16 e   11795.101107369  11795.101053522  2.231e-03  5.000e-03  5.000e-03
2 0 5 0 13 e   11797.652297796  11797.652464314  2.117e-03  1.000e-02  1.000e-02
2 4 4 0 17 e   11801.855499711  11801.856918014  8.185e-03  9.600e-03  9.600e-03
2 0 5 0 14 e   11803.137848652  11803.137821724  1.838e-03  1.000e-02  1.000e-02
2 4 4 0 18 e   11809.003292763  11809.003292810  2.369e-07  1.030e-02  1.030e-02
2 0 5 0 15 e   11809.024911214  11809.024967316  8.388e-04  1.000e-02  1.000e-02
2 0 5 0 16 e   11815.297112274  11815.297112448  5.881e-06  7.000e-03  7.000e-03
2 4 4 0 19 e   11816.565550432  11816.565410628  1.050e-03  5.000e-03  5.000e-03
2 0 5 0 17 e   11821.959115486  11821.959072360  1.589e-03  7.000e-03  7.000e-03
2 4 4 0 20 e   11824.520043953  11824.520145743  8.040e-04  5.300e-03  5.300e-03
2 0 5 0 18 e   11829.019695210  11829.019999383  4.131e-03  1.000e-02  1.000e-02
2 4 4 0 21 e   11832.858395797  11832.858395844  2.369e-07  5.000e-03  5.000e-03
2 0 5 0 19 e   11836.461550432  11836.461521661  2.116e-03  1.000e-02  1.000e-02
2 4 4 0 22 e   11841.608322186  11841.608959787  2.626e-03  5.000e-03  5.000e-03
2 0 5 0 20 e   11844.312420484  11844.312411974  2.123e-03  1.000e-02  1.000e-02
2 4 4 0 23 e   11850.743851514  11850.743913256  1.030e-03  5.000e-03  5.000e-03
2 0 5 0 21 e   11852.535284515  11852.535290308  8.471e-05  1.000e-02  1.000e-02
2 4 4 0 24 e   11860.291856231  11860.292238486  1.966e-03  5.700e-03  5.700e-03
2 0 5 0 22 e   11861.158356788  11861.158249819  2.354e-03  7.000e-03  7.000e-03
2 0 5 0 23 e   11870.173613766  11870.173126241  3.129e-03  7.000e-03  7.000e-03
2 4 4 0 25 e   11870.219038240  11870.219038286  2.372e-07  5.000e-03  5.000e-03
2 0 5 0 24 e   11879.579332110  11879.579374515  3.357e-03  1.000e-02  1.000e-02
2 4 4 0 26 e   11880.557869310  11880.556385324  1.368e-02  1.580e-02  1.580e-02
1 2 5 0 0 e   11886.106713308  11886.106713308  1.433e-09  1.300e-02  1.300e-02
1 2 5 0 1 e   11886.516138857  11886.516138855  4.193e-08  1.000e-02  1.000e-02
1 2 5 0 2 e   11887.302274617  11887.302274616  4.198e-08  1.000e-02  1.000e-02
1 2 5 0 3 e   11888.492117431  11888.492117429  4.496e-08  1.000e-02  1.000e-02
2 0 5 0 25 e   11889.375038240  11889.375038286  2.372e-07  1.000e-02  1.000e-02
1 2 5 0 4 e   11890.072662626  11890.072662652  2.366e-07  1.000e-02  1.000e-02
2 4 4 0 27 e   11891.288101455  11891.288741030  2.977e-03  5.000e-03  5.000e-03
1 2 5 0 5 e   11892.040905969  11892.040906000  2.356e-07  1.000e-02  1.000e-02
1 2 5 0 6 e   11894.410734647  11894.410640786  9.779e-04  7.000e-03  7.000e-03
1 2 5 0 7 e   11897.181000665  11897.181743535  6.177e-03  1.000e-02  1.000e-02
2 0 5 0 26 e   11899.577884197  11899.577884243  2.373e-07  1.000e-02  1.000e-02
1 2 5 0 8 e   11900.336797687  11900.336782857  7.023e-04  1.000e-02  1.000e-02
2 4 4 0 28 e   11902.418848234  11902.419588763  2.623e-03  6.500e-03  6.500e-03
1 2 5 0 9 e   11903.896587769  11903.896860343  4.608e-03  1.000e-02  1.000e-02
1 2 5 0 10 e   11907.848449940  11907.848648807  3.891e-03  1.000e-02  1.000e-02
2 0 5 0 27 e   11910.159049591  11910.159049637  2.377e-07  1.000e-02  1.000e-02
1 2 5 0 11 e   11912.190155243  11912.190120420  3.146e-04  1.000e-02  1.000e-02
2 4 4 0 29 e   11913.928220940  11913.928220985  2.374e-07  7.000e-03  7.000e-03
1 2 5 0 12 e   11916.928910774  11916.928891637  3.116e-04  1.000e-02  1.000e-02
2 0 5 0 28 e   11921.118505251  11921.118505298  2.376e-07  1.660e-02  1.660e-02
1 2 5 0 13 e   11922.063297796  11922.063318461  2.247e-04  1.000e-02  1.000e-02
2 4 4 0 30 e   11925.855326660  11925.855685483  3.763e-03  5.000e-03  5.000e-03
1 2 5 0 14 e   11927.600264878  11927.600354101  3.064e-03  1.000e-02  1.000e-02
2 0 5 0 29 e   11932.500635265  11932.500596793  1.135e-03  1.000e-02  1.000e-02
1 2 5 0 15 e   11933.530382453  11933.530383799  2.876e-04  1.100e-02  1.100e-02
2 4 4 0 31 e   11938.174264006  11938.174435672  4.206e-03  5.200e-03  5.200e-03
1 2 5 0 16 e   11939.849559836  11939.849571943  3.715e-04  1.020e-02  1.020e-02
2 0 5 0 30 e   11944.259335319  11944.259251214  3.041e-03  1.000e-02  1.000e-02
1 2 5 0 17 e   11946.557374595  11946.557333765  1.908e-03  1.000e-02  1.000e-02
2 4 4 0 32 e   11950.885313695  11950.884749323  2.005e-03  5.000e-03  5.000e-03
1 2 5 0 18 e   11953.661695210  11953.661715387  3.014e-04  1.000e-02  1.000e-02
2 0 5 0 31 e   11956.408306312  11956.408306357  2.374e-07  1.000e-02  1.000e-02
1 2 5 0 19 e   11961.167050432  11961.166967055  1.487e-03  1.000e-02  1.000e-02
2 4 4 0 33 e   11963.976043031  11963.976043076  2.374e-07  2.540e-02  2.540e-02
2 0 5 0 32 e   11968.955939172  11968.955981658  3.641e-04  7.000e-03  7.000e-03
1 2 5 0 20 e   11969.074692788  11969.075000217  3.947e-03  1.000e-02  1.000e-02
1 2 5 0 21 e   11977.365284515  11977.365283098  8.992e-05  1.000e-02  1.000e-02
2 0 5 0 33 e   11981.895043031  11981.895043076  2.374e-07  1.000e-02  1.000e-02
1 2 5 0 22 e   11986.055620648  11986.055759882  1.599e-03  1.000e-02  1.000e-02
2 4 4 0 35 e   11991.416151788  11991.416151834  2.374e-07  5.000e-03  5.000e-03
1 2 5 0 23 e   11995.137638338  11995.137866704  1.597e-03  7.000e-03  7.000e-03
2 0 5 0 34 e   11995.211569012  11995.211569057  2.374e-07  1.000e-02  1.000e-02
1 2 5 0 24 e   12004.618442825  12004.618683604  2.734e-03  1.000e-02  1.000e-02
2 4 4 0 36 e   12005.722753808  12005.722753854  2.374e-07  5.100e-03  5.100e-03
2 0 5 0 35 e   12008.941097409  12008.941522350  6.114e-03  1.000e-02  1.000e-02
1 2 5 0 25 e   12014.490227163  12014.490227528  1.491e-04  1.000e-02  1.000e-02
2 4 4 0 37 e   12020.426080504  12020.426058727  7.105e-04  9.000e-03  9.000e-03
2 0 5 0 36 e   12023.054935348  12023.054937412  2.433e-03  7.000e-03  7.000e-03
1 2 5 0 26 e   12024.754212017  12024.754334560  2.423e-03  1.000e-02  1.000e-02
0 0 6 0 1 e   12028.290138857  12028.290138855  4.193e-08  1.000e-02  1.000e-02
0 0 6 0 2 e   12029.097713308  12029.097713308  1.433e-09  1.000e-02  1.000e-02
0 0 6 0 3 e   12030.277628144  12030.278345195  5.092e-03  1.000e-02  1.000e-02
0 0 6 0 4 e   12031.835968622  12031.836552523  1.068e-02  1.000e-02  1.068e-02
0 0 6 0 5 e   12033.801511700  12033.801634537  2.491e-03  1.000e-02  1.000e-02
1 2 5 0 27 e   12035.412543915  12035.412514983  2.842e-03  1.000e-02  1.000e-02
2 4 4 0 38 e   12035.505697557  12035.505204460  1.901e-03  5.000e-03  5.000e-03
0 0 6 0 6 e   12036.154762626  12036.154762652  2.366e-07  5.000e-03  5.000e-03
2 0 5 0 37 e   12037.567744173  12037.568022091  1.880e-03  1.000e-02  1.000e-02
0 0 6 0 7 e   12038.886682871  12038.886822852  4.499e-03  1.000e-02  1.000e-02
0 0 6 0 8 e   12042.020797687  12042.020902376  2.139e-03  1.000e-02  1.000e-02
0 0 6 0 9 e   12045.546587769  12045.546808367  2.485e-03  1.000e-02  1.000e-02
1 2 5 0 28 e   12046.480657402  12046.481157737  2.409e-03  1.010e-02  1.010e-02
0 0 6 0 10 e   12049.459043765  12049.458720925  9.096e-03  1.000e-02  1.000e-02
2 4 4 0 39 e   12050.995336557  12050.995336603  2.379e-07  7.900e-03  7.900e-03
2 0 5 0 38 e   12052.467449952  12052.467335344  3.175e-03  1.000e-02  1.000e-02
0 0 6 0 11 e   12053.772155243  12053.771802715  4.976e-03  1.000e-02  1.000e-02
1 2 5 0 29 e   12057.926007553  12057.927055606  4.201e-03  1.000e-02  1.000e-02
0 0 6 0 12 e   12058.477910774  12058.477848690  5.699e-03  1.000e-02  1.000e-02
0 0 6 0 13 e   12063.583297796  12063.582544191  6.709e-03  1.000e-02  1.000e-02
2 4 4 0 40 e   12066.887767608  12066.887794912  2.903e-04  5.000e-03  5.000e-03
2 0 5 0 39 e   12067.794284602  12067.794284648  2.379e-07  1.000e-02  1.000e-02
0 0 6 0 14 e   12069.067302829  12069.066829018  6.103e-03  1.000e-02  1.000e-02
1 2 5 0 30 e   12069.770835319  12069.770757777  1.054e-03  1.000e-02  1.000e-02
0 4 5 0 6 e   12070.169962626  12070.169962652  2.366e-07  5.000e-03  5.000e-03
0 0 6 0 15 e   12074.943911214  12074.942446361  7.203e-03  1.000e-02  1.000e-02
0 0 6 0 16 e   12081.217180510  12081.216823376  3.258e-03  5.000e-03  5.000e-03
1 2 5 0 31 e   12082.011763626  12082.011559503  1.932e-03  1.000e-02  1.000e-02
2 4 4 0 41 e   12083.174168483  12083.173491293  3.320e-03  5.000e-03  5.000e-03
2 0 5 0 40 e   12083.323567608  12083.323567654  2.379e-07  1.000e-02  1.000e-02
0 0 6 0 17 e   12087.875874595  12087.876111410  3.724e-03  1.000e-02  1.000e-02
1 2 5 0 32 e   12094.648408478  12094.649060663  2.668e-03  7.000e-03  7.000e-03
0 0 6 0 18 e   12094.928695210  12094.928563299  1.190e-03  1.000e-02  1.000e-02
2 0 5 0 41 e   12099.436324610  12099.436301346  4.228e-04  7.000e-03  7.000e-03
2 4 4 0 42 e   12099.840332565  12099.840289139  1.116e-03  1.460e-02  1.460e-02
0 0 6 0 19 e   12102.367550432  12102.367673615  1.797e-03  1.000e-02  1.000e-02
1 2 5 0 33 e   12107.672174671  12107.672273847  1.380e-03  1.000e-02  1.000e-02
0 0 6 0 20 e   12110.203920484  12110.203557965  4.574e-03  1.000e-02  1.000e-02
2 0 5 0 42 e   12115.911552716  12115.911563961  7.824e-04  1.000e-02  1.000e-02
0 4 5 0 16 e   12115.923517081  12115.923517122  2.354e-07  5.000e-03  5.000e-03
2 4 4 0 43 e   12116.931807847  12116.933153028  4.420e-03  5.000e-03  5.000e-03
0 0 6 0 21 e   12118.425784515  12118.425932907  5.684e-03  1.000e-02  1.000e-02
1 2 5 0 34 e   12121.094569012  12121.094569057  2.374e-07  1.000e-02  1.000e-02
0 0 6 0 22 e   12127.054120648  12127.054130434  3.214e-04  1.000e-02  1.000e-02
2 0 5 0 43 e   12132.772096972  12132.773705646  5.535e-03  1.000e-02  1.000e-02
2 4 4 0 44 e   12134.427537823  12134.427537869  2.381e-07  2.220e-02  2.220e-02
1 2 5 0 35 e   12134.919151788  12134.919151834  2.374e-07  1.000e-02  1.000e-02
0 0 6 0 23 e   12136.065112705  12136.064712238  2.042e-03  5.000e-03  5.000e-03
0 0 6 0 24 e   12145.464616464  12145.464617643  5.270e-05  1.000e-02  1.000e-02
1 2 5 0 36 e   12149.129753808  12149.129753854  2.374e-07  1.000e-02  1.000e-02
2 0 5 0 44 e   12150.016485077  12150.016885160  6.335e-03  1.000e-02  1.000e-02
2 4 4 0 45 e   12152.274573315  12152.273336781  4.564e-03  5.000e-03  5.000e-03
0 0 6 0 25 e   12155.257227163  12155.257305597  5.800e-04  1.000e-02  1.000e-02
1 2 5 0 37 e   12163.741744173  12163.741761429  4.367e-04  1.000e-02  1.000e-02
0 0 6 0 26 e   12165.440884197  12165.440884243  2.373e-07  1.000e-02  1.000e-02
2 0 5 0 45 e   12167.666899934  12167.667014891  7.436e-04  7.000e-03  7.000e-03
2 4 4 0 46 e   12170.538847036  12170.538841318  1.937e-05  5.000e-03  5.000e-03
0 4 5 0 23 e   12171.648716087  12171.648716133  2.373e-07  5.000e-03  5.000e-03
0 0 6 0 27 e   12176.019049591  12176.019049637  2.377e-07  1.000e-02  1.000e-02
1 2 5 0 38 e   12178.741259448  12178.741394105  7.011e-04  1.000e-02  1.000e-02
2 0 5 0 46 e   12185.703847036  12185.703841318  1.937e-05  1.000e-02  1.000e-02
0 0 6 0 28 e   12186.985505251  12186.985505298  2.376e-07  1.000e-02  1.000e-02
2 4 4 0 47 e   12189.195286923  12189.195380306  5.815e-04  5.000e-03  5.000e-03
1 2 5 0 39 e   12194.136284602  12194.136284648  2.379e-07  1.000e-02  1.000e-02
0 0 6 0 29 e   12198.349220940  12198.349220985  2.374e-07  1.000e-02  1.000e-02
2 0 5 0 47 e   12204.067201753  12204.066774909  3.597e-03  1.000e-02  1.000e-02
2 4 4 0 48 e   12208.248733558  12208.248967594  9.216e-04  5.000e-03  5.000e-03
1 2 5 0 40 e   12209.922869622  12209.923308382  2.563e-03  7.000e-03  7.000e-03
0 0 6 0 30 e   12210.088165386  12210.088165431  2.374e-07  1.000e-02  1.000e-02
0 0 6 0 31 e   12222.226306312  12222.226306357  2.374e-07  1.000e-02  1.000e-02
2 0 5 0 48 e   12222.920630501  12222.920643135  4.001e-03  1.000e-02  1.000e-02
1 2 5 0 41 e   12226.106666626  12226.106666672  2.381e-07  1.000e-02  1.000e-02
0 0 6 0 32 e   12234.757890313  12234.757787978  4.884e-04  5.000e-03  5.000e-03
2 0 5 0 49 e   12242.127824479  12242.126697640  6.215e-03  1.000e-02  1.000e-02
1 2 5 0 42 e   12242.683102433  12242.683998404  5.335e-03  1.000e-02  1.000e-02
0 0 6 0 33 e   12247.670043031  12247.670043076  2.374e-07  1.000e-02  1.000e-02
1 2 5 0 43 e   12259.642140708  12259.642138315  1.379e-05  1.000e-02  1.000e-02
0 0 6 0 34 e   12260.984569012  12260.984569057  2.374e-07  1.000e-02  1.000e-02
2 0 5 0 50 e   12261.732016564  12261.731786713  5.804e-03  1.000e-02  1.000e-02
0 4 5 0 32 e   12272.049810313  12272.049810358  2.374e-07  5.000e-03  5.000e-03
0 0 6 0 35 e   12274.685151788  12274.685151834  2.374e-07  1.000e-02  1.000e-02
1 2 5 0 44 e   12277.023420470  12277.023418084  1.377e-05  1.080e-02  1.080e-02
2 0 5 0 51 e   12281.730905661  12281.730909183  3.392e-03  1.000e-02  1.000e-02
1 2 5 0 45 e   12294.775345291  12294.775339553  1.939e-05  1.000e-02  1.000e-02
2 0 5 0 52 e   12302.105746864  12302.105743651  3.140e-05  1.000e-02  1.000e-02
0 0 6 0 37 e   12303.264336557  12303.264336603  2.379e-07  1.000e-02  1.000e-02
1 2 5 0 46 e   12312.928847036  12312.928841318  1.937e-05  1.000e-02  1.000e-02
0 0 6 0 38 e   12318.136860350  12318.136860396  2.379e-07  1.000e-02  1.000e-02
2 0 5 0 53 e   12322.880932655  12322.880432251  3.831e-03  1.000e-02  1.000e-02
1 2 5 0 47 e   12331.472886923  12331.472669867  2.292e-03  1.000e-02  1.000e-02
0 0 6 0 39 e   12333.396284602  12333.396284648  2.379e-07  1.000e-02  1.000e-02
2 0 5 0 54 e   12344.066891224  12344.066891623  3.509e-05  1.000e-02  1.000e-02
0 0 6 0 40 e   12349.057767608  12349.056698359  4.332e-03  5.000e-03  5.000e-03
1 2 5 0 48 e   12350.404413966  12350.404408287  1.936e-05  1.000e-02  1.000e-02
0 0 6 0 41 e   12365.088666626  12365.088666672  2.381e-07  1.000e-02  1.000e-02
2 0 5 0 55 e   12365.627860856  12365.628021751  1.805e-03  1.000e-02  1.000e-02
1 2 5 0 49 e   12369.746377035  12369.746371385  1.936e-05  1.000e-02  1.000e-02
1 3 5 1 5 e   12380.085399153  12380.085399282  1.047e-06  1.180e-02  1.180e-02
1 3 5 1 5 f   12380.094311047  12380.094311176  1.047e-06  1.180e-02  1.180e-02
0 0 6 0 42 e   12381.523537823  12381.523537869  2.381e-07  1.000e-02  1.000e-02
1 3 5 1 6 e   12382.449677525  12382.449287249  6.009e-03  8.400e-03  8.400e-03
1 3 5 1 6 f   12382.459527884  12382.459547135  8.146e-03  8.400e-03  8.400e-03
1 3 5 1 7 e   12385.219466235  12385.220879504  4.586e-03  5.000e-03  5.000e-03
1 3 5 1 7 f   12385.233853251  12385.234559778  2.570e-03  5.000e-03  5.000e-03
2 0 5 0 56 e   12387.578096006  12387.578134211  3.489e-04  1.000e-02  1.001e-02
1 3 5 1 8 e   12388.370792445  12388.370792603  9.233e-07  1.460e-02  1.460e-02
1 3 5 1 8 f   12388.382674857  12388.382675014  9.233e-07  1.460e-02  1.460e-02
0 4 5 0 40 e   12388.596967608  12388.596967654  2.379e-07  5.000e-03  5.000e-03
1 2 5 0 50 e   12389.573382234  12389.613151799  1.496e-01  1.000e-02  1.496e-01
1 3 5 1 9 e   12391.941603064  12391.943309611  1.034e-02  1.310e-02  1.310e-02
1 3 5 1 9 f   12391.959048336  12391.960878648  1.303e-02  1.310e-02  1.310e-02
1 3 5 1 10 e   12395.923103727  12395.923103840  8.128e-07  2.000e-02  2.000e-02
1 3 5 1 10 f   12395.942200020  12395.942200133  8.128e-07  2.000e-02  2.000e-02
1 3 5 1 11 e   12400.232843969  12400.232972492  1.223e-03  1.000e-02  1.000e-02
1 3 5 1 11 f   12400.293317080  12400.289322991  1.476e-02  1.000e-02  1.476e-02
1 3 5 1 12 e   12404.994783337  12404.998615402  1.356e-02  1.340e-02  1.356e-02
1 3 5 1 12 f   12405.030844830  12405.032391702  1.005e-02  1.340e-02  1.340e-02
1 2 5 0 51 e   12409.593434286  12409.593429423  3.320e-05  5.000e-03  5.001e-03
2 0 5 0 57 e   12409.920453920  12409.920465432  2.117e-04  9.200e-03  9.201e-03
1 3 5 1 13 e   12410.142241512  12410.142241690  8.697e-07  5.000e-03  5.000e-03
1 3 5 1 13 f   12410.175340277  12410.175340455  8.697e-07  5.000e-03  5.000e-03
0 0 6 0 44 e   12415.560420470  12415.560418084  1.377e-05  1.000e-02  1.000e-02
1 3 5 1 15 e   12421.592098406  12421.592098742  1.333e-06  1.420e-02  1.420e-02
1 3 5 1 16 e   12427.889497663  12427.889497948  1.116e-06  1.260e-02  1.260e-02
2 0 5 0 58 e   12432.667006860  12432.667044838  3.485e-04  8.700e-03  8.717e-03
0 0 6 0 45 e   12433.182345291  12433.182339553  1.939e-05  1.000e-02  1.000e-02
1 3 5 1 18 e   12441.727762905  12441.727763091  1.524e-06  8.100e-03  8.100e-03
1 3 5 1 19 f   12449.451026770  12449.451026950  5.392e-07  3.000e-04  3.000e-04
0 0 6 0 46 e   12451.180727036  12451.180326489  1.255e-03  5.000e-03  5.000e-03
2 0 5 0 59 e   12455.799586462  12455.799624489  3.485e-04  1.580e-02  1.581e-02
1 3 5 1 20 f   12457.379822563  12457.379822793  6.331e-07  2.400e-03  2.400e-03
1 3 5 1 21 e   12465.455132877  12465.453101399  6.873e-03  7.300e-03  7.300e-03
1 3 5 1 21 f   12465.696651919  12465.696725917  1.144e-03  3.700e-03  3.700e-03
0 0 6 0 47 e   12469.559886923  12469.559881220  1.934e-05  1.000e-02  1.000e-02
1 3 5 1 22 e   12474.135682324  12474.135682813  2.576e-06  9.300e-03  9.300e-03
1 3 5 1 22 f   12474.416022001  12474.417284206  4.470e-03  4.400e-03  4.470e-03
2 0 5 0 60 e   12479.342008297  12479.342195594  9.602e-04  8.500e-03  8.518e-03
1 3 5 1 23 e   12483.250372307  12483.250372653  2.878e-06  1.550e-02  1.550e-02
1 3 5 1 23 f   12483.512707985  12483.512708091  1.208e-06  1.980e-02  1.980e-02
0 0 6 0 48 e   12488.331413966  12488.331408287  1.936e-05  1.000e-02  1.000e-02
1 3 5 1 24 e   12492.746005592  12492.746005565  2.194e-06  2.630e-02  2.630e-02
1 3 5 1 24 f   12493.065093326  12493.065093465  1.171e-06  2.210e-02  2.210e-02
1 2 5 0 55 e   12494.012341736  12494.012342353  3.512e-05  1.000e-02  1.000e-02
1 3 5 1 25 e   12502.612552986  12502.612552960  2.227e-06  1.290e-02  1.290e-02
1 3 5 1 25 f   12502.971819214  12502.971819200  1.547e-06  2.230e-02  2.230e-02
2 0 5 0 61 e   12503.283294413  12503.283332556  3.494e-04  5.000e-03  5.042e-03
0 4 5 0 47 e   12511.854286923  12511.854281220  1.934e-05  5.000e-03  5.000e-03
0 1 6 1 6 e   12512.315292445  12512.315292603  9.233e-07  5.000e-03  5.000e-03
0 1 6 1 6 f   12512.327174857  12512.327175014  9.233e-07  5.000e-03  5.000e-03
1 3 5 1 26 e   12512.846991514  12512.846991399  1.780e-06  2.750e-02  2.750e-02
1 3 5 1 26 f   12513.235857545  12513.235857453  1.739e-06  1.620e-02  1.620e-02
1 2 5 0 56 e   12516.099096006  12516.099134211  3.489e-04  5.000e-03  5.014e-03
1 3 5 1 27 e   12523.551981763  12523.552020198  2.350e-03  1.000e-02  1.000e-02
1 3 5 1 27 f   12523.936184875  12523.936184905  1.540e-06  1.430e-02  1.430e-02
1 3 5 1 28 e   12534.620432997  12534.620432801  1.624e-06  1.160e-02  1.160e-02
1 3 5 1 28 f   12535.054770390  12535.054770528  1.322e-06  9.900e-03  9.900e-03
1 2 5 0 57 e   12538.566341736  12538.566342353  3.512e-05  1.480e-02  1.480e-02
1 3 5 1 29 e   12546.054378248  12546.054377737  2.866e-06  1.390e-02  1.390e-02
1 3 5 1 30 e   12557.897104667  12557.897104430  1.801e-06  2.540e-02  2.540e-02
1 2 5 0 58 e   12561.471006860  12561.471044838  3.485e-04  1.500e-02  1.501e-02
0 1 6 1 17 e   12564.086473325  12564.086473486  1.526e-06  5.000e-03  5.000e-03
0 1 6 1 17 f   12564.169026770  12564.169026950  5.392e-07  5.000e-03  5.000e-03
1 3 5 1 31 e   12570.163574864  12570.163573966  4.081e-06  8.000e-03  8.000e-03
1 3 5 1 32 e   12582.808765879  12582.808765678  2.071e-06  6.600e-03  6.600e-03
1 2 5 0 59 e   12584.717940437  12584.718023463  6.681e-04  1.000e-02  1.001e-02
1 2 5 0 60 e   12608.374265200  12608.374356132  1.127e-03  1.000e-02  1.001e-02
1 3 5 1 34 e   12609.286158634  12609.286158511  2.546e-06  9.000e-04  9.000e-04
1 3 5 1 35 f   12623.790601314  12623.790601369  2.156e-06  2.400e-03  2.400e-03
0 0 6 0 55 e   12630.679741736  12630.679742353  3.512e-05  5.000e-03  5.001e-03
1 2 5 0 61 e   12632.417294413  12632.417332556  3.494e-04  1.490e-02  1.491e-02
1 3 5 1 37 e   12651.945259097  12651.945257592  4.563e-06  1.000e-02  1.000e-02
0 1 6 1 27 e   12652.297378248  12652.297377737  2.866e-06  1.000e-02  1.000e-02
0 1 6 1 27 f   12652.501587464  12652.501587686  1.373e-06  1.000e-02  1.000e-02
1 3 5 1 37 f   12652.712650029  12652.712649278  3.260e-06  8.200e-03  8.200e-03
1 2 5 0 63 e   12681.738229088  12681.738266162  3.480e-04  2.280e-02  2.281e-02
1 3 5 1 39 f   12683.207400154  12683.207399172  3.884e-06  1.000e-02  1.000e-02
2 2 5 0 1 e   12707.334138857  12707.334138855  4.193e-08  1.060e-02  1.060e-02
2 2 5 0 2 e   12708.141853414  12708.142644301  3.585e-03  1.000e-02  1.000e-02
2 2 5 0 5 e   12712.871011700  12712.871124998  1.401e-03  1.000e-02  1.000e-02
2 2 5 0 6 e   12715.248723004  12715.248947300  2.343e-03  1.000e-02  1.000e-02
2 2 5 0 7 e   12718.005682871  12718.005814243  2.339e-03  1.000e-02  1.000e-02
2 2 5 0 8 e   12721.154840813  12721.154840844  2.346e-07  1.000e-02  1.000e-02
2 2 5 0 9 e   12724.706459774  12724.706459805  2.351e-07  1.000e-02  1.000e-02
2 2 5 0 10 e   12728.651754560  12728.651754591  2.349e-07  1.000e-02  1.000e-02
2 2 5 0 11 e   12733.002283903  12733.002389722  2.981e-03  1.000e-02  1.000e-02
3 0 5 0 27 e   12736.561038240  12736.561038286  2.372e-07  1.000e-02  1.000e-02
0 1 6 1 34 e   12737.364008391  12737.364008287  3.193e-06  2.000e-02  2.000e-02
0 1 6 1 34 f   12737.685146047  12737.685145723  2.073e-06  2.000e-02  2.000e-02
2 2 5 0 12 e   12737.734910774  12737.734895992  2.708e-03  1.000e-02  1.000e-02
2 2 5 0 13 e   12742.863297796  12742.863121785  2.027e-03  1.000e-02  1.000e-02
0 0 6 0 60 e   12744.026094370  12744.026133250  3.490e-04  5.000e-03  5.054e-03
2 2 5 0 14 e   12748.388302829  12748.388301070  1.308e-04  1.000e-02  1.000e-02
2 2 5 0 15 e   12754.307911214  12754.307743618  3.187e-03  1.000e-02  1.000e-02
2 2 5 0 16 e   12760.604117081  12760.604117122  2.354e-07  1.240e-02  1.240e-02
2 2 5 0 17 e   12767.323301900  12767.324569987  8.983e-03  1.000e-02  1.000e-02
2 2 5 0 18 e   12774.433195210  12774.433152380  6.492e-04  1.000e-02  1.000e-02
2 2 5 0 19 e   12781.926927630  12781.926927679  2.369e-07  1.000e-02  1.000e-02
2 2 5 0 20 e   12789.811420484  12789.811310999  2.292e-03  1.000e-02  1.000e-02
2 2 5 0 21 e   12798.100158191  12798.100395051  6.486e-03  1.000e-02  1.000e-02
2 2 5 0 22 e   12806.786888965  12806.787054748  1.158e-03  1.000e-02  1.000e-02
2 2 5 0 23 e   12815.849742657  12815.849754796  7.047e-04  1.000e-02  1.000e-02
2 2 5 0 24 e   12825.320616464  12825.320596408  2.030e-03  1.000e-02  1.000e-02
2 2 5 0 25 e   12835.182227163  12835.182337924  3.573e-03  1.000e-02  1.000e-02
2 2 5 0 26 e   12845.423539838  12845.423539883  2.371e-07  1.230e-02  1.230e-02
2 2 5 0 27 e   12856.082543915  12856.082567664  3.407e-03  1.000e-02  1.000e-02
2 2 5 0 28 e   12867.135325230  12867.135384722  3.604e-03  1.000e-02  1.000e-02
1 0 6 0 5 e   12867.936217431  12867.936217429  4.496e-08  1.000e-02  1.000e-02
2 2 5 0 29 e   12878.571049591  12878.571049637  2.377e-07  1.000e-02  1.000e-02
1 4 5 0 5 e   12884.611117431  12884.611117429  4.496e-08  1.000e-02  1.000e-02
2 2 5 0 30 e   12890.395505251  12890.395505298  2.376e-07  1.000e-02  1.000e-02
2 2 5 0 31 e   12902.623220940  12902.623220985  2.374e-07  1.000e-02  1.000e-02
1 0 6 0 17 e   12922.182127630  12922.182127679  2.369e-07  1.000e-02  1.000e-02
2 2 5 0 33 e   12928.268306312  12928.268306357  2.374e-07  1.000e-02  1.000e-02
1 4 5 0 17 e   12938.918927630  12938.918927679  2.369e-07  1.000e-02  1.000e-02
0 0 6 0 68 e   12945.604926351  12945.604965110  3.496e-04  5.000e-03  5.126e-03
2 2 5 0 35 e   12955.457043031  12955.457043076  2.374e-07  1.000e-02  1.000e-02
2 2 5 0 36 e   12969.649569012  12969.649569057  2.374e-07  1.000e-02  1.000e-02
1 0 6 0 23 e   12970.511016087  12970.511016133  2.373e-07  1.000e-02  1.000e-02
1 4 5 0 23 e   12987.343416087  12987.343416133  2.373e-07  1.000e-02  1.000e-02
0 2 6 0 5 e   12999.410503890  12999.410601798  3.820e-04  1.000e-02  1.000e-02
0 2 6 0 8 e   13007.672840813  13007.672840844  2.346e-07  1.080e-02  1.080e-02
0 2 6 0 9 e   13011.205459774  13011.205459805  2.351e-07  1.000e-02  1.000e-02
0 2 6 0 11 e   13019.464715764  13019.464715796  2.352e-07  1.000e-02  1.000e-02
0 2 6 0 12 e   13024.180332970  13024.180333003  2.352e-07  1.000e-02  1.000e-02
0 2 6 0 13 e   13029.310594723  13029.310594757  2.353e-07  1.000e-02  1.000e-02
0 2 6 0 14 e   13034.817488578  13034.817488621  2.354e-07  1.000e-02  1.000e-02
0 2 6 0 15 e   13040.718000869  13040.718000911  2.350e-07  1.000e-02  1.000e-02
0 2 6 0 16 e   13047.021117081  13047.021117122  2.354e-07  1.000e-02  1.000e-02
0 2 6 0 18 e   13060.773097656  13060.773097703  2.375e-07  1.000e-02  1.000e-02
0 2 6 0 19 e   13068.238927630  13068.238927679  2.369e-07  1.820e-02  1.820e-02
1 0 6 0 32 e   13069.453710313  13069.453710358  2.374e-07  1.000e-02  1.000e-02
0 2 6 0 20 e   13076.134292763  13076.134292810  2.369e-07  1.000e-02  1.000e-02
0 2 6 0 21 e   13084.381173234  13084.381173281  2.366e-07  1.000e-02  1.000e-02
1 4 5 0 32 e   13086.584610313  13086.584610358  2.374e-07  1.000e-02  1.000e-02
0 2 6 0 22 e   13093.038548206  13093.038548253  2.371e-07  1.000e-02  1.000e-02
1 0 6 0 40 e   13184.001360350  13184.001360396  2.379e-07  1.000e-02  1.000e-02
0 2 6 0 32 e   13201.225165386  13201.225165431  2.374e-07  1.000e-02  1.000e-02
0 2 6 0 33 e   13214.202306312  13214.202306357  2.374e-07  1.000e-02  1.000e-02
1 4 5 0 42 e   13234.366537823  13234.366537869  2.381e-07  2.000e-02  2.000e-02
1 0 6 0 47 e   13304.679945291  13304.679939553  1.939e-05  1.000e-02  1.000e-02
0 2 6 0 40 e   13316.041567608  13316.041567654  2.379e-07  2.000e-02  2.000e-02
1 1 6 1 2 e   13333.395871384  13333.395510632  2.706e-03  5.000e-03  5.000e-03
1 1 6 1 2 f   13333.398103796  13333.397454652  3.323e-03  5.000e-03  5.000e-03
1 1 6 1 3 e   13334.574332481  13334.575520900  4.817e-03  5.000e-03  5.000e-03
1 1 6 1 3 f   13334.578248615  13334.579565432  4.625e-03  5.000e-03  5.000e-03
1 1 6 1 4 e   13336.151355391  13336.151355534  1.203e-06  5.000e-03  5.000e-03
1 1 6 1 4 f   13336.153901697  13336.153901840  1.203e-06  5.000e-03  5.000e-03
1 1 6 1 5 e   13338.106545350  13338.106305032  2.367e-03  5.000e-03  5.000e-03
1 1 6 1 5 f   13338.111567181  13338.111643746  1.304e-03  5.000e-03  5.000e-03
1 1 6 1 6 e   13340.470792445  13340.470792603  9.233e-07  5.900e-03  5.900e-03
1 1 6 1 6 f   13340.482674857  13340.482675014  9.233e-07  5.900e-03  5.900e-03
1 1 6 1 7 e   13343.209082615  13343.209014843  3.710e-04  5.000e-03  5.000e-03
1 1 6 1 7 f   13343.222506002  13343.222000236  2.525e-03  5.000e-03  5.000e-03
1 1 6 1 8 e   13346.352792445  13346.352792603  9.233e-07  5.000e-03  5.000e-03
1 1 6 1 8 f   13346.364674857  13346.364675014  9.233e-07  5.000e-03  5.000e-03
1 1 6 1 9 e   13349.883118967  13349.883135984  1.265e-04  5.000e-03  5.000e-03
1 1 6 1 9 f   13349.903884042  13349.903524446  2.704e-03  5.000e-03  5.000e-03
1 1 6 1 10 e   13353.815078991  13353.815031420  2.228e-03  5.000e-03  5.000e-03
1 1 6 1 10 f   13353.838630694  13353.838657037  1.018e-03  5.000e-03  5.000e-03
1 1 6 1 11 e   13358.121923500  13358.121977746  1.469e-03  9.800e-03  9.800e-03
1 1 6 1 11 f   13358.150659824  13358.150463373  2.106e-03  9.800e-03  9.800e-03
1 1 6 1 12 e   13362.844380546  13362.844459865  1.315e-03  5.000e-03  5.000e-03
1 1 6 1 12 f   13362.876408125  13362.876429663  5.459e-03  5.000e-03  5.459e-03
0 2 6 0 43 e   13365.609666626  13365.609666672  2.381e-07  1.000e-02  1.000e-02
1 1 6 1 13 e   13367.944879241  13367.945001658  4.860e-03  5.000e-03  5.000e-03
1 1 6 1 13 f   13367.986685368  13367.986818061  1.537e-03  5.000e-03  5.000e-03
1 1 6 1 14 e   13373.441205961  13373.441857137  4.181e-03  5.000e-03  5.000e-03
1 1 6 1 14 f   13373.490049412  13373.490241862  1.044e-03  5.000e-03  5.000e-03
1 1 6 1 15 e   13379.320775570  13379.320653791  5.469e-04  5.000e-03  5.000e-03
1 1 6 1 15 f   13379.376479925  13379.375275573  4.128e-03  5.000e-03  5.000e-03
1 1 6 1 16 e   13385.612669141  13385.610787768  1.216e-02  1.020e-02  1.216e-02
1 1 6 1 16 f   13385.666571438  13385.665182105  6.480e-03  1.020e-02  1.020e-02
1 1 6 1 17 e   13392.293473325  13392.293473486  1.526e-06  1.890e-02  1.890e-02
1 1 6 1 17 f   13392.366026770  13392.366026950  5.392e-07  1.890e-02  1.890e-02
1 1 6 1 18 e   13399.340211275  13399.340211927  2.663e-06  5.000e-03  5.000e-03
1 1 6 1 18 f   13399.420822563  13399.420822793  6.331e-07  5.000e-03  5.000e-03
1 1 6 1 19 e   13406.800047096  13406.800961212  5.054e-03  5.000e-03  5.054e-03
1 1 6 1 19 f   13406.883339893  13406.883322807  7.128e-04  5.000e-03  5.000e-03
1 1 6 1 20 e   13414.651548517  13414.650957515  7.354e-03  5.000e-03  7.354e-03
1 1 6 1 20 f   13414.747245587  13414.749118975  1.034e-02  5.000e-03  1.034e-02
0 2 6 0 47 e   13437.170345291  13437.170339553  1.939e-05  1.000e-02  1.000e-02
1 1 6 1 23 e   13440.455372307  13440.455372653  2.878e-06  1.760e-02  1.760e-02
1 1 6 1 23 f   13440.662707985  13440.662708091  1.208e-06  3.000e-04  3.000e-04
1 1 6 1 24 e   13449.896005592  13449.896005565  2.194e-06  8.900e-03  8.900e-03
1 1 6 1 24 f   13450.113093326  13450.113093465  1.171e-06  1.090e-02  1.090e-02
1 1 6 1 26 e   13469.894991514  13469.894991399  1.780e-06  1.090e-02  1.090e-02
1 1 6 1 28 e   13491.442432997  13491.442432801  1.624e-06  1.000e-02  1.000e-02
1 1 6 1 28 f   13491.744770390  13491.744770528  1.322e-06  1.000e-02  1.000e-02
1 1 6 1 29 e   13502.812378248  13502.812377737  2.866e-06  2.500e-02  2.500e-02
1 1 6 1 29 f   13503.126587464  13503.126587686  1.373e-06  1.000e-02  1.000e-02
1 0 6 0 57 e   13510.125786462  13510.125824489  3.485e-04  1.000e-02  1.001e-02
1 0 6 0 62 e   13627.407756026  13627.407792297  3.487e-04  1.000e-02  1.004e-02
0 0 7 0 2 e   13953.005274617  13953.005274616  4.198e-08  1.000e-02  1.000e-02
0 0 7 0 3 e   13954.173117431  13954.173117429  4.496e-08  1.000e-02  1.000e-02
0 0 7 0 4 e   13955.707662626  13955.707662652  2.366e-07  2.250e-02  2.250e-02
0 0 7 0 5 e   13957.675011700  13957.675217321  1.563e-03  1.000e-02  1.000e-02
0 0 7 0 6 e   13960.043840813  13960.043840844  2.346e-07  2.270e-02  2.270e-02
0 0 7 0 7 e   13962.757459774  13962.757459805  2.351e-07  1.000e-02  1.000e-02
0 0 7 0 8 e   13965.863296317  13965.862246296  4.936e-03  1.000e-02  1.000e-02
0 0 7 0 9 e   13969.380587769  13969.380611107  3.638e-03  1.000e-02  1.000e-02
0 0 7 0 10 e   13973.285543765  13973.285502044  5.429e-04  1.000e-02  1.000e-02
0 0 7 0 11 e   13977.584121487  13977.584149464  3.226e-04  1.000e-02  1.000e-02
0 0 7 0 12 e   13982.252910774  13982.253092601  2.673e-03  1.000e-02  1.000e-02
0 0 7 0 13 e   13987.322797796  13987.323167934  3.369e-03  1.000e-02  1.000e-02
0 0 7 0 14 e   13992.783031412  13992.783013072  7.395e-04  1.000e-02  1.000e-02
0 0 7 0 15 e   13998.639911214  13998.639930111  8.359e-04  1.000e-02  1.000e-02
0 0 7 0 16 e   14004.870107369  14004.870309383  3.835e-03  1.000e-02  1.000e-02
0 0 7 0 17 e   14011.498874595  14011.499404664  5.388e-03  1.000e-02  1.000e-02
0 0 7 0 18 e   14018.525054377  14018.525441712  2.475e-03  1.000e-02  1.000e-02
0 0 7 0 19 e   14025.931966426  14025.932134957  2.920e-03  1.000e-02  1.000e-02
0 0 7 0 20 e   14033.731386823  14033.731970611  3.605e-03  1.000e-02  1.000e-02
0 0 7 0 25 e   14078.552416087  14078.552416133  2.373e-07  2.500e-02  2.500e-02
0 0 7 0 46 e   14372.947420470  14372.947418084  1.377e-05  1.770e-02  1.770e-02
0 0 7 0 48 e   14409.895847036  14409.895841318  1.937e-05  1.000e-02  1.000e-02
0 0 7 0 51 e   14468.256958250  14468.257203803  9.498e-04  1.000e-02  1.000e-02
0 0 7 0 53 e   14509.102434286  14509.102429423  3.320e-05  2.950e-02  2.950e-02
0 0 7 0 54 e   14530.111370649  14530.111371016  3.508e-05  1.000e-02  1.000e-02
0 0 7 0 55 e   14551.473748767  14551.473821353  3.564e-04  1.000e-02  1.000e-02
