0 0 0 0 0 e 	0.000000000	0.000e+00	34
0 0 0 0 1 e 	0.405713308	3.336e-08	87
0 0 0 0 2 e 	1.217138857	5.777e-08	111
0 0 0 0 3 e 	2.434274617	7.577e-08	108
0 0 0 0 4 e 	4.057117431	9.621e-08	124
0 0 0 0 5 e 	6.085662626	2.585e-07	132
0 0 0 0 6 e 	8.519905969	3.524e-07	121
0 0 0 0 7 e 	11.359840813	4.257e-07	127
0 0 0 0 8 e 	14.605459774	4.879e-07	135
0 0 0 0 9 e 	18.256754560	5.429e-07	142
0 0 0 0 10 e 	22.313715764	5.929e-07	142
0 0 0 0 11 e 	26.776332970	6.385e-07	139
0 0 0 0 12 e 	31.644594723	6.812e-07	146
0 0 0 0 13 e 	36.918488578	7.224e-07	144
0 0 0 0 14 e 	42.598000869	7.615e-07	141
0 0 0 0 15 e 	48.683117081	7.986e-07	149
0 0 0 0 16 e 	55.173821559	8.355e-07	149
0 0 0 0 17 e 	62.070097656	8.710e-07	138
0 0 0 0 18 e 	69.371927630	9.050e-07	141
0 0 0 0 19 e 	77.079292763	9.379e-07	145
0 0 0 0 20 e 	85.192173234	9.698e-07	146
0 0 0 0 21 e 	93.710548206	1.001e-06	138
0 0 0 0 22 e 	102.634395797	1.030e-06	145
0 0 0 0 23 e 	111.963693090	1.059e-06	137
0 0 0 0 24 e 	121.698416087	1.088e-06	143
0 0 0 0 25 e 	131.838539838	1.115e-06	129
0 0 0 0 26 e 	142.384038240	1.142e-06	125
0 0 0 0 27 e 	153.334884197	1.168e-06	123
0 0 0 0 28 e 	164.691049591	1.194e-06	124
0 0 0 0 29 e 	176.452505251	1.219e-06	121
0 0 0 0 30 e 	188.619220940	1.244e-06	123
0 0 0 0 31 e 	201.191165386	1.268e-06	121
0 0 0 0 32 e 	214.168306312	1.292e-06	114
0 0 0 0 33 e 	227.550610313	1.315e-06	126
0 0 0 0 34 e 	241.338043031	1.338e-06	112
0 0 0 0 35 e 	255.530569012	1.361e-06	109
0 0 0 0 36 e 	270.128151788	1.383e-06	108
0 0 0 0 37 e 	285.130753808	1.405e-06	106
0 0 0 0 38 e 	300.538336557	1.426e-06	106
0 0 0 0 39 e 	316.350860350	1.447e-06	116
0 0 0 0 40 e 	332.568284602	1.468e-06	94
0 0 0 0 41 e 	349.190567608	1.489e-06	102
0 0 0 0 42 e 	366.217666626	1.509e-06	91
0 0 0 0 43 e 	383.649537823	1.529e-06	94
0 0 0 0 44 e 	401.486140708	2.458e-05	75
0 0 0 0 45 e 	419.727420470	2.583e-05	75
0 0 0 0 46 e 	438.373345291	3.393e-05	78
0 0 0 0 47 e 	457.423847036	3.883e-05	77
0 0 0 0 48 e 	476.878886923	4.434e-05	86
0 0 0 0 49 e 	496.738413966	5.013e-05	70
0 0 0 0 50 e 	517.002377035	5.563e-05	72
0 1 0 1 1 e 	520.828323502	2.166e-06	25
0 1 0 1 1 f 	520.828747891	2.166e-06	22
0 1 0 1 2 e 	521.640737171	1.921e-06	41
0 1 0 1 2 f 	521.642010330	1.922e-06	34
0 1 0 1 3 e 	522.859355391	1.922e-06	39
0 1 0 1 3 f 	522.861901697	1.922e-06	35
0 1 0 1 4 e 	524.484174589	2.061e-06	40
0 1 0 1 4 f 	524.488418408	2.062e-06	31
0 1 0 1 5 e 	526.515191339	1.501e-06	39
0 1 0 1 5 f 	526.521557026	1.521e-06	26
0 1 0 1 6 e 	528.952399153	1.519e-06	41
0 1 0 1 6 f 	528.961311047	1.538e-06	32
0 1 0 1 7 e 	531.795792445	1.455e-06	43
0 1 0 1 7 f 	531.807674857	1.474e-06	37
0 1 0 1 8 e 	535.045363458	1.475e-06	54
0 1 0 1 8 f 	535.060640680	1.494e-06	40
0 0 0 0 51 e 	537.670746864	6.420e-05	70
0 1 0 1 9 e 	538.701103727	1.575e-06	45
0 1 0 1 9 f 	538.720200020	1.592e-06	39
0 1 0 1 10 e 	542.763004268	1.512e-06	45
0 1 0 1 10 f 	542.786343867	1.530e-06	39
0 1 0 1 11 e 	547.231054256	1.670e-06	46
0 1 0 1 11 f 	547.259061369	1.686e-06	42
0 1 0 1 12 e 	552.105241512	1.688e-06	58
0 1 0 1 12 f 	552.138340277	1.704e-06	46
0 1 0 1 13 e 	557.385553540	1.830e-06	45
0 1 0 1 13 f 	557.424168250	1.751e-06	40
0 0 0 0 52 e 	558.743434286	6.952e-05	69
0 1 0 1 14 e 	563.071977502	1.913e-06	47
0 1 0 1 14 f 	563.116531818	1.769e-06	39
0 1 0 1 15 e 	569.164497663	1.991e-06	46
0 1 0 1 15 f 	569.215416583	1.785e-06	44
0 1 0 1 16 e 	575.663098406	2.114e-06	44
0 1 0 1 16 f 	575.720804707	1.802e-06	42
0 0 0 0 53 e 	580.220370649	8.392e-05	65
0 1 0 1 17 e 	582.567762905	2.352e-06	52
0 1 0 1 17 f 	582.632681100	1.659e-06	41
0 1 0 1 18 e 	589.878473325	2.370e-06	49
0 1 0 1 18 f 	589.951026770	1.686e-06	44
0 1 0 1 19 e 	597.595211275	2.585e-06	51
0 1 0 1 19 f 	597.675822563	1.976e-06	49
0 0 0 0 54 e 	602.101548767	8.961e-05	70
0 1 0 1 20 e 	605.717950736	3.773e-06	52
0 1 0 1 20 f 	605.807049843	2.228e-06	46
0 1 0 1 21 e 	614.246682324	2.872e-06	49
0 1 0 1 21 f 	614.344684992	2.455e-06	44
0 1 0 1 22 e 	623.181372307	3.140e-06	46
0 1 0 1 22 f 	623.288707985	2.662e-06	38
0 0 0 0 55 e 	624.386891224	9.895e-05	65
0 1 0 1 23 e 	632.522005592	3.220e-06	41
0 1 0 1 23 f 	632.639093326	2.854e-06	38
0 1 0 1 24 e 	642.268552986	3.083e-06	46
0 1 0 1 24 f 	642.395819214	2.941e-06	42
0 0 0 0 56 e 	647.076341736	1.075e-04	58
0 1 0 1 25 e 	652.420991514	3.020e-06	49
0 1 0 1 25 f 	652.558857545	3.026e-06	42
0 1 0 1 26 e 	662.979293711	3.191e-06	44
0 1 0 1 26 f 	663.128184875	3.197e-06	36
0 0 0 0 57 e 	670.170096006	4.073e-04	57
0 1 0 1 27 e 	673.943432997	3.353e-06	44
0 1 0 1 27 f 	674.103770390	3.358e-06	36
0 1 0 1 28 e 	685.313378248	3.508e-06	46
0 1 0 1 28 f 	685.485587464	3.513e-06	39
0 0 0 0 58 e 	693.667586462	4.549e-04	60
0 1 0 1 29 e 	697.089104667	3.656e-06	35
0 1 0 1 29 f 	697.273605678	3.584e-06	37
0 1 0 1 30 e 	709.270574864	4.447e-06	38
0 1 0 1 30 f 	709.467793881	3.803e-06	32
0 0 0 0 59 e 	717.569006860	6.004e-04	46
0 1 0 1 31 e 	721.857765879	3.864e-06	33
0 1 0 1 31 f 	722.068122212	3.868e-06	32
0 1 0 1 32 e 	734.850634175	5.057e-06	34
0 1 0 1 32 f 	735.074554063	4.072e-06	32
0 0 0 0 60 e 	741.874294413	7.170e-04	49
0 1 0 1 33 e 	748.249158634	4.130e-06	32
0 1 0 1 33 f 	748.487060658	4.134e-06	32
0 1 0 1 34 e 	762.053289746	5.279e-06	36
0 1 0 1 34 f 	762.305601314	4.260e-06	34
0 0 0 0 61 e 	766.583394370	8.167e-04	53
0 1 0 1 35 e 	776.263008391	4.379e-06	38
0 1 0 1 35 f 	776.530146047	4.383e-06	29
0 1 0 1 36 e 	790.878259097	5.066e-06	38
0 1 0 1 36 f 	791.160650029	4.502e-06	33
0 0 0 0 62 e 	791.696229088	8.928e-04	41
0 1 0 1 37 e 	805.899021080	4.615e-06	37
0 1 0 1 37 f 	806.197084793	4.619e-06	30
0 0 0 0 63 e 	817.212756026	9.750e-04	42
0 1 0 1 38 e 	821.325241497	5.022e-06	36
0 1 0 1 38 f 	821.639400154	4.835e-06	32
0 1 0 1 39 e 	837.156891722	4.839e-06	40
0 1 0 1 39 f 	837.487566704	4.843e-06	30
0 0 0 0 64 e 	843.132850789	1.051e-03	40
0 1 0 1 40 e 	853.393918109	6.477e-06	34
0 1 0 1 40 f 	853.741533724	4.951e-06	26
1 0 0 0 0 e 	858.966915048	4.336e-05	4
1 0 0 0 1 e 	859.371418453	4.336e-05	19
1 0 0 0 2 e 	860.180424362	4.336e-05	16
1 0 0 0 3 e 	861.393930607	4.336e-05	13
1 0 0 0 4 e 	863.011931794	4.336e-05	19
1 0 0 0 5 e 	865.034430699	4.336e-05	17
1 0 0 0 6 e 	867.461413808	4.336e-05	16
0 0 0 0 65 e 	869.456517736	1.121e-03	47
0 1 0 1 41 e 	870.036288392	5.387e-06	33
1 0 0 0 7 e 	870.292878902	4.337e-05	11
0 1 0 1 41 f 	870.401264458	5.128e-06	29
1 0 0 0 8 e 	873.528817447	4.337e-05	13
1 0 0 0 9 e 	877.169222030	4.337e-05	15
1 0 0 0 10 e 	881.214081355	4.337e-05	21
1 0 0 0 11 e 	885.663385712	4.337e-05	23
0 1 0 1 42 e 	887.083937271	8.201e-06	33
0 1 0 1 42 f 	887.466697327	8.373e-06	29
1 0 0 0 12 e 	890.517123744	4.337e-05	19
1 0 0 0 13 e 	895.775282508	4.337e-05	22
0 0 0 0 66 e 	896.183667141	1.187e-03	44
1 0 0 0 14 e 	901.437848209	4.337e-05	18
0 1 0 1 43 e 	904.536873669	1.136e-05	25
0 1 0 1 43 f 	904.937835242	1.124e-05	27
1 0 0 0 15 e 	907.504805305	4.337e-05	21
1 0 0 0 16 e 	913.976137582	4.004e-05	14
1 0 0 0 17 e 	920.851833276	4.004e-05	17
0 1 0 1 44 e 	922.395000733	1.382e-05	34
0 1 0 1 44 f 	922.814588311	1.874e-05	25
0 0 0 0 67 e 	923.314226351	1.250e-03	40
1 0 0 0 18 e 	928.131864514	4.004e-05	20
1 0 0 0 19 e 	935.816218019	4.004e-05	17
0 1 0 1 45 e 	940.658280151	2.295e-05	34
0 1 0 1 45 f 	941.096915686	2.960e-05	20
1 0 0 0 20 e 	943.904866338	4.004e-05	26
0 0 0 0 68 e 	950.848120776	1.310e-03	36
1 0 0 0 21 e 	952.397947810	1.147e-04	19
0 1 0 1 46 e 	959.326676389	3.122e-05	28
0 1 0 1 46 f 	959.784776498	3.601e-05	26
1 0 0 0 22 e 	961.294997802	4.004e-05	11
1 0 0 0 23 e 	970.596422403	4.004e-05	18
0 1 0 1 47 e 	978.400175047	3.660e-05	29
0 0 0 0 69 e 	978.785285201	1.367e-03	33
0 1 0 1 47 f 	978.878162565	4.234e-05	19
1 0 0 0 24 e 	980.302059301	4.004e-05	15
1 0 0 0 25 e 	990.411885566	4.004e-05	17
0 1 0 1 48 e 	997.878641494	4.433e-05	33
0 1 0 1 48 f 	998.376939634	4.928e-05	30
1 0 0 0 26 e 	1000.925859067	4.004e-05	19
0 0 0 0 70 e 	1007.125644434	1.422e-03	30
1 0 0 0 27 e 	1011.843979620	4.004e-05	15
0 1 0 1 49 e 	1017.762089398	4.966e-05	33
0 1 0 1 49 f 	1018.281114655	5.519e-05	25
1 0 0 0 28 e 	1023.166176364	4.005e-05	18
1 0 0 0 29 e 	1034.892457435	4.005e-05	18
0 0 0 0 71 e 	1035.869125106	1.473e-03	33
0 1 0 1 50 e 	1038.050466179	5.641e-05	33
0 1 0 1 50 f 	1038.590639976	6.116e-05	19
0 2 0 2 2 e 	1042.510811566	1.443e-02	5
0 2 0 2 2 f 	1042.510814296	1.443e-02	4
0 2 0 2 3 e 	1043.732165339	1.349e-02	9
0 2 0 2 3 f 	1043.732168068	1.349e-02	8
0 2 0 2 4 e 	1045.360629195	1.248e-02	10
0 2 0 2 4 f 	1045.360631924	1.248e-02	9
1 0 0 0 30 e 	1047.022777014	4.005e-05	13
0 2 0 0 0 e 	1047.042051193	1.001e-06	7
0 2 0 2 5 e 	1047.396202052	1.138e-02	6
0 2 0 2 5 f 	1047.396208420	1.138e-02	5
0 2 0 0 1 e 	1047.449011992	1.000e-06	21
0 2 0 0 2 e 	1048.262932093	1.001e-06	19
0 2 0 0 3 e 	1049.483810566	7.160e-07	22
0 2 0 2 6 e 	1049.841209842	1.016e-02	8
0 2 0 2 6 f 	1049.841222574	1.016e-02	8
0 2 0 0 4 e 	1051.111644853	1.004e-06	22
0 2 0 2 7 e 	1052.690976058	8.770e-03	6
0 2 0 2 7 f 	1052.690998974	8.770e-03	4
0 2 0 0 5 e 	1053.146431533	1.006e-06	19
0 2 0 0 6 e 	1055.588165049	8.914e-07	22
0 2 0 2 8 e 	1055.948633825	5.000e-03	10
0 2 0 2 8 f 	1055.948672025	5.000e-03	7
0 2 0 0 7 e 	1058.436841460	7.757e-07	19
0 1 0 1 51 e 	1058.743674086	6.730e-05	25
0 1 0 1 51 f 	1059.305437079	6.711e-05	21
1 0 0 0 31 e 	1059.557111816	4.005e-05	16
0 2 0 2 9 e 	1059.612558102	5.000e-03	14
0 2 0 2 9 f 	1059.612618140	5.000e-03	10
0 2 0 0 8 e 	1061.692453776	1.102e-06	21
0 2 0 2 10 e 	1063.683545680	5.000e-03	12
0 2 0 2 10 f 	1063.683635758	5.000e-03	9
0 0 0 0 72 e 	1065.015652401	1.525e-03	26
0 2 0 0 9 e 	1065.354995510	9.830e-07	30
0 2 0 2 11 e 	1068.161583601	5.000e-03	11
0 2 0 2 11 f 	1068.161713751	5.000e-03	10
0 2 0 0 10 e 	1069.424458355	8.790e-07	27
1 0 0 0 32 e 	1072.495422069	4.005e-05	12
0 2 0 2 12 e 	1073.046657715	5.000e-03	14
0 2 0 2 12 f 	1073.046839978	5.000e-03	11
0 2 0 0 11 e 	1073.900833225	1.873e-06	28
0 2 0 2 13 e 	1078.338752667	5.000e-03	14
0 2 0 2 13 f 	1078.339001289	5.000e-03	11
0 2 0 0 12 e 	1078.784113609	2.097e-06	30
0 1 0 1 52 e 	1079.841710745	7.268e-05	26
0 1 0 1 52 f 	1080.425431178	7.887e-05	16
0 2 0 2 14 e 	1084.037853308	5.000e-03	12
0 2 0 2 14 f 	1084.038184924	5.000e-03	9
0 2 0 0 13 e 	1084.074282224	1.223e-06	27
1 0 0 0 33 e 	1085.837669850	4.005e-05	18
0 2 0 0 14 e 	1089.771333773	1.248e-06	29
0 2 0 2 15 e 	1090.143941394	5.000e-03	10
0 2 0 2 15 f 	1090.144375207	7.071e-03	7
0 0 0 0 73 e 	1094.565149707	1.574e-03	30
0 2 0 0 15 e 	1095.875254134	1.271e-06	28
0 2 0 2 16 e 	1096.656816924	5.000e-03	11
0 2 0 2 16 f 	1096.657374907	5.000e-03	10
1 0 0 0 34 e 	1099.583820065	4.005e-05	13
0 1 0 1 53 e 	1101.344463177	4.316e-04	22
0 1 0 1 53 f 	1101.950613861	8.790e-05	15
0 2 0 0 16 e 	1102.386029204	1.294e-06	24
0 2 0 2 17 e 	1103.576773838	5.000e-03	10
0 2 0 2 17 f 	1103.577480917	5.000e-03	7
0 2 0 0 17 e 	1109.303646226	1.086e-06	26
0 2 0 2 18 e 	1110.903907043	5.000e-03	11
0 2 0 2 18 f 	1110.904791281	5.000e-03	10
1 0 0 0 35 e 	1113.733846060	3.672e-05	18
0 2 0 0 18 e 	1116.628089876	1.340e-06	29
0 2 0 2 19 e 	1118.637741786	5.000e-03	12
0 2 0 2 19 f 	1118.638834585	5.000e-03	9
0 1 0 1 54 e 	1123.251909800	9.627e-05	22
0 1 0 1 54 f 	1123.880895093	1.011e-04	17
0 2 0 0 19 e 	1124.359343205	1.362e-06	25
0 0 0 0 74 e 	1124.517543346	1.622e-03	26
0 2 0 2 20 e 	1126.778253186	5.000e-03	10
0 2 0 2 20 f 	1126.779589481	5.000e-03	8
1 0 0 0 36 e 	1128.287704871	3.672e-05	15
0 2 0 0 20 e 	1132.497392231	1.384e-06	22
0 2 0 2 21 e 	1135.326039090	5.000e-03	7
0 2 0 2 21 f 	1135.326083964	5.000e-03	6
0 2 0 0 21 e 	1141.042217042	1.406e-06	31
1 0 0 0 37 e 	1143.245353023	3.672e-05	17
0 2 0 2 22 e 	1144.279601652	5.000e-03	6
0 2 0 2 22 f 	1144.282786925	5.000e-03	8
0 1 0 1 55 e 	1145.564152081	3.182e-04	19
0 1 0 1 55 f 	1146.216244343	1.094e-04	18
0 2 0 0 22 e 	1149.993800556	1.428e-06	26
0 2 0 2 23 e 	1153.641239899	5.000e-03	11
0 2 0 2 23 f 	1153.651510768	5.000e-03	9
0 0 0 0 75 e 	1154.872756107	1.669e-03	24
1 0 0 0 38 e 	1158.606766877	3.672e-05	15
0 2 0 0 23 e 	1159.352121656	1.449e-06	24
0 2 0 2 24 e 	1163.408746771	5.000e-03	11
0 2 0 2 24 f 	1163.412900240	5.000e-03	9
0 1 0 1 56 e 	1168.280812888	1.103e-04	22
0 1 0 1 56 f 	1168.956730187	3.238e-04	16
0 2 0 0 24 e 	1169.117162942	1.470e-06	29
0 2 0 2 25 e 	1173.584448971	5.000e-03	9
0 2 0 2 25 f 	1173.588109344	5.000e-03	6
1 0 0 0 39 e 	1174.371893130	3.672e-05	15
0 2 0 0 25 e 	1179.288902907	1.291e-06	27
0 2 0 2 26 e 	1184.165306563	5.000e-03	11
0 2 0 2 26 f 	1184.169480863	5.000e-03	12
0 0 0 0 76 e 	1185.630709377	1.714e-03	22
0 2 0 0 26 e 	1189.867317697	1.511e-06	25
1 0 0 0 40 e 	1190.540684814	3.672e-05	13
0 1 0 1 57 e 	1191.401624765	1.253e-03	21
0 1 0 1 57 f 	1192.102008888	3.563e-04	18
0 2 0 2 27 e 	1195.149774246	5.000e-03	9
0 2 0 2 27 f 	1195.158435049	5.000e-03	9
0 2 0 0 27 e 	1200.852386618	1.531e-06	25
0 2 0 2 28 e 	1206.548752157	5.000e-03	12
0 2 0 2 28 f 	1206.553550357	5.000e-03	10
1 0 0 0 41 e 	1207.113116233	3.672e-05	14
0 2 0 0 28 e 	1212.244085506	1.551e-06	28
0 1 0 1 58 e 	1214.929199357	9.507e-04	17
0 1 0 1 58 f 	1215.652297339	6.006e-04	12
0 0 0 0 77 e 	1216.791325305	1.758e-03	20
0 2 0 2 29 e 	1218.348064500	5.000e-03	10
0 2 0 2 29 f 	1218.356575526	5.000e-03	8
0 2 0 0 29 e 	1224.042389043	1.570e-06	30
1 0 0 0 42 e 	1224.089130047	3.672e-05	14
0 2 0 2 30 e 	1230.558074013	5.000e-03	9
0 2 0 2 30 f 	1230.564372156	5.000e-03	7
0 2 0 0 30 e 	1236.247273596	1.404e-06	24
0 1 0 1 59 e 	1238.859255416	9.721e-04	18
0 1 0 1 59 f 	1239.607277689	7.171e-04	10
1 0 0 0 43 e 	1241.468686351	3.672e-05	12
0 2 0 2 31 e 	1243.170969678	5.000e-03	12
0 2 0 2 31 f 	1243.178962940	5.000e-03	8
0 0 0 0 78 e 	1248.354521949	1.801e-03	16
0 2 0 0 31 e 	1248.858711356	1.609e-06	30
0 2 0 2 32 e 	1256.194362262	5.000e-03	6
0 2 0 2 32 f 	1256.202232763	5.000e-03	6
1 0 0 0 44 e 	1259.251745477	3.672e-05	14
0 2 0 0 32 e 	1261.876676325	1.628e-06	25
0 1 0 1 60 e 	1263.193646943	1.048e-03	16
0 1 0 1 60 f 	1263.967012115	6.797e-04	12
0 2 0 2 33 e 	1269.620353701	5.000e-03	7
0 2 0 2 33 f 	1269.630205562	5.000e-03	8
0 2 0 0 33 e 	1275.301140277	1.468e-06	32
1 0 0 0 45 e 	1277.438253047	4.951e-05	10
0 0 0 0 79 e 	1280.320217379	1.843e-03	14
0 2 0 2 34 e 	1283.455304140	5.000e-03	11
0 2 0 2 34 f 	1283.465429884	5.000e-03	7
0 1 0 1 61 e 	1287.932310139	1.119e-03	19
0 1 0 1 61 f 	1288.731436767	7.434e-04	15
0 2 0 0 34 e 	1289.132075414	1.665e-06	30
1 0 0 0 46 e 	1296.028159479	5.265e-05	11
0 2 0 2 35 e 	1297.694149226	5.000e-03	10
0 2 0 2 35 f 	1297.707222799	5.000e-03	7
0 2 0 0 35 e 	1303.369450211	1.683e-06	30
0 2 0 2 36 e 	1312.342313369	5.000e-03	8
0 2 0 2 36 f 	1312.354848080	5.000e-03	8
0 0 0 0 80 e 	1312.688332553	1.884e-03	15
0 1 0 1 62 e 	1313.075181055	1.185e-03	19
0 1 0 1 62 f 	1313.900486295	8.020e-04	14
1 0 0 0 47 e 	1315.021424433	5.812e-05	13
0 2 0 0 36 e 	1318.013235817	1.701e-06	27
0 2 0 2 37 e 	1327.393716206	5.000e-03	8
0 2 0 2 37 f 	1327.409915395	8.676e-03	6
0 2 0 0 37 e 	1333.063399950	1.719e-06	25
1 0 0 0 48 e 	1334.418012134	4.624e-05	16
0 1 0 1 63 e 	1338.622193548	1.239e-03	14
0 1 0 1 63 f 	1339.474096261	8.927e-04	10
0 2 0 2 38 e 	1342.854411167	5.000e-03	5
0 2 0 2 38 f 	1342.869847880	5.000e-03	5
0 0 0 0 81 e 	1345.458780879	1.925e-03	16
0 2 0 0 38 e 	1348.519911204	1.737e-06	20
1 0 0 0 49 e 	1354.217803684	6.477e-05	12
0 2 0 2 39 e 	1358.717077296	5.000e-03	5
0 2 0 2 39 f 	1358.737615395	5.000e-03	5
0 2 0 0 39 e 	1364.382735871	1.754e-06	27
0 1 0 1 64 e 	1364.573874425	1.283e-03	13
0 1 0 1 64 f 	1365.452209001	1.121e-03	8
1 1 0 1 1 e 	1372.864329859	1.312e-04	7
1 1 0 1 1 f 	1372.864716506	6.674e-04	7
1 1 0 1 2 e 	1373.674517344	1.301e-04	11
1 1 0 1 2 f 	1373.675813733	6.671e-04	11
1 0 0 0 50 e 	1374.420830168	7.086e-05	14
1 1 0 1 3 e 	1374.889771072	1.301e-04	9
1 1 0 1 3 f 	1374.892437735	6.671e-04	6
0 2 0 2 40 e 	1374.989825835	5.000e-03	9
0 2 0 2 40 f 	1375.010351416	5.000e-03	4
1 1 0 1 4 e 	1376.510103025	1.300e-04	8
1 1 0 1 4 f 	1376.514597689	6.671e-04	8
1 1 0 1 5 e 	1378.535510548	1.300e-04	7
1 1 0 1 5 f 	1378.542288709	6.671e-04	6
0 0 0 0 82 e 	1378.631485662	1.963e-03	19
0 2 0 0 40 e 	1380.651840436	1.771e-06	27
1 1 0 1 6 e 	1380.965987527	1.300e-04	4
1 1 0 1 6 f 	1380.975506959	6.671e-04	3
1 1 0 1 7 e 	1383.801639972	1.300e-04	4
1 1 0 1 7 f 	1383.813749110	2.402e-03	2
1 1 0 1 8 e 	1387.040103727	4.400e-03	1
1 1 0 1 8 f 	1387.058650000	1.300e-04	3
1 1 0 1 9 e 	1390.687750415	1.300e-04	4
1 1 0 1 9 f 	1390.709294568	2.472e-04	4
0 1 0 1 65 e 	1390.928968670	1.342e-03	11
0 2 0 2 41 e 	1391.687435376	1.626e-02	8
0 2 0 2 41 f 	1391.689297908	8.676e-03	5
0 1 0 1 65 f 	1391.834712772	1.188e-03	7
1 1 0 1 10 e 	1394.738427021	1.300e-04	9
1 1 0 1 10 f 	1394.763340643	2.451e-04	7
1 0 0 0 51 e 	1395.027000151	7.486e-05	12
0 2 0 0 41 e 	1397.327189470	1.789e-06	25
1 1 0 1 11 e 	1399.194129676	1.300e-04	6
1 1 0 1 11 f 	1399.224069354	2.437e-04	6
1 1 0 1 12 e 	1404.054846556	1.300e-04	8
1 1 0 1 12 f 	1404.090269140	2.430e-04	5
0 2 0 2 42 e 	1408.748602303	6.272e-03	5
0 2 0 2 42 f 	1408.776231537	1.123e-02	3
1 1 0 1 13 e 	1409.320563608	1.300e-04	7
1 1 0 1 13 f 	1409.361924834	2.430e-04	4
0 0 0 0 83 e 	1412.206356261	2.002e-03	15
0 2 0 0 42 e 	1414.408734180	8.067e-06	24
1 1 0 1 14 e 	1414.991295233	1.300e-04	3
1 1 0 1 14 f 	1415.039299294	1.300e-04	2
1 0 0 0 52 e 	1416.036257337	8.344e-05	10
0 1 0 1 66 e 	1417.688705519	1.347e-03	9
0 1 0 1 66 f 	1418.621595581	1.250e-03	9
1 1 0 1 15 e 	1421.067073585	1.936e-04	3
1 1 0 1 15 f 	1421.121796773	1.300e-04	3
0 2 0 2 43 e 	1426.258235376	2.816e-02	2
0 2 0 2 43 f 	1426.267002085	5.000e-03	4
1 1 0 1 16 e 	1427.547494653	1.436e-04	3
1 1 0 1 16 f 	1427.609847311	1.300e-04	3
0 2 0 0 43 e 	1431.896476809	1.016e-05	23
1 1 0 1 17 e 	1434.433144949	1.300e-04	6
1 1 0 1 17 f 	1434.503142916	1.300e-04	5
1 0 0 0 53 e 	1437.448557424	8.972e-05	13
1 1 0 1 18 e 	1441.723710033	1.300e-04	8
1 1 0 1 18 f 	1441.801749439	1.300e-04	6
0 2 0 2 44 e 	1444.131702303	1.086e-02	2
0 2 0 2 44 f 	1444.165461432	5.000e-03	4
0 1 0 1 67 e 	1444.848311833	3.700e-03	8
0 1 0 1 67 f 	1445.812722481	1.311e-03	5
0 0 0 0 84 e 	1446.183311414	2.040e-03	13
1 1 0 1 19 e 	1449.419054229	1.300e-04	6
1 1 0 1 19 f 	1449.505814096	1.300e-04	6
0 2 0 0 44 e 	1449.790350363	1.285e-05	21
1 1 0 1 20 e 	1457.519294492	1.300e-04	8
1 1 0 1 20 f 	1457.615195679	1.300e-04	5
1 0 0 0 54 e 	1459.263820266	1.048e-04	13
0 2 0 2 45 e 	1462.439259325	5.000e-03	4
0 2 0 2 45 f 	1462.469363311	5.000e-03	2
1 1 0 1 21 e 	1466.024415235	1.301e-04	6
1 1 0 1 21 f 	1466.130006676	1.300e-04	6
0 2 0 0 45 e 	1468.090311399	2.355e-05	22
0 1 0 1 68 e 	1472.418025958	1.453e-03	10
0 1 0 1 68 f 	1473.408200162	3.740e-03	6
1 1 0 1 22 e 	1474.934384924	1.301e-04	8
1 1 0 1 22 f 	1475.049960838	1.300e-04	6
0 0 0 0 85 e 	1480.562240443	2.077e-03	16
0 2 0 2 46 e 	1481.143527599	5.000e-03	4
0 2 0 2 46 f 	1481.179759496	5.000e-03	4
1 0 0 0 55 e 	1481.481512044	1.177e-03	11
1 1 0 1 23 e 	1484.249193336	6.685e-05	7
1 1 0 1 23 f 	1484.375181435	1.301e-04	5
0 2 0 0 46 e 	1486.796317766	2.970e-05	17
1 1 0 1 24 e 	1493.968672948	1.301e-04	5
1 1 0 1 24 f 	1494.105644397	1.301e-04	5
0 2 0 2 47 e 	1500.254879974	5.000e-03	5
0 2 0 2 47 f 	1500.295461498	5.000e-03	3
0 1 0 1 69 e 	1500.386303125	3.741e-03	10
0 1 0 1 69 f 	1501.407770738	3.760e-03	5
1 1 0 1 25 e 	1504.093032822	1.301e-04	4
1 0 0 0 56 e 	1504.103199478	2.866e-04	8
1 1 0 1 25 f 	1504.241361934	1.301e-04	4
0 2 0 0 47 e 	1505.908387042	3.769e-05	22
1 1 0 1 26 e 	1514.622107290	6.684e-05	7
1 1 0 1 26 f 	1514.782376743	1.301e-04	3
0 0 0 0 86 e 	1515.343068480	2.114e-03	17
0 2 0 2 48 e 	1519.774914398	5.000e-03	4
0 2 0 0 48 e 	1525.426392165	4.342e-05	17
1 1 0 1 27 e 	1525.555838587	1.301e-04	5
1 1 0 1 27 f 	1525.728341146	1.301e-04	3
1 0 0 0 57 e 	1527.127079271	2.936e-04	8
0 1 0 1 70 e 	1528.763247749	1.615e-03	9
0 1 0 1 70 f 	1529.811352840	3.781e-03	7
1 1 0 1 28 e 	1536.894182103	2.094e-04	3
1 1 0 1 28 f 	1537.079681431	1.301e-04	3
0 2 0 2 49 e 	1539.698906494	5.000e-03	1
0 2 0 0 49 e 	1545.350342244	5.038e-05	18
1 1 0 1 29 e 	1548.637276472	1.301e-04	4
1 1 0 1 29 f 	1548.835933881	5.000e-03	1
0 0 0 0 87 e 	1550.525707293	2.150e-03	16
1 0 0 0 58 e 	1550.553803550	4.900e-04	7
0 1 0 1 71 e 	1557.976185265	6.301e-03	4
0 1 0 1 71 f 	1558.619094948	3.801e-03	7
0 2 0 2 50 e 	1560.028634398	5.000e-03	2
0 2 0 2 50 f 	1560.078666203	5.000e-03	2
1 1 0 1 30 e 	1560.785030393	1.301e-04	5
1 1 0 1 30 f 	1560.997200251	1.301e-04	3
0 2 0 0 50 e 	1565.680203831	5.551e-05	17
1 1 0 1 31 e 	1573.337301856	1.301e-04	4
1 1 0 1 31 f 	1573.563618961	1.301e-04	3
0 3 0 1 1 e 	1573.773609118	2.895e-06	9
0 3 0 1 1 f 	1573.774435604	2.896e-06	9
1 0 0 0 59 e 	1574.383096951	6.006e-04	7
0 3 0 1 2 e 	1574.587833473	2.895e-06	12
0 3 0 1 2 f 	1574.590310157	2.896e-06	13
0 3 0 1 3 e 	1575.809166982	2.895e-06	6
0 3 0 1 3 f 	1575.814121265	2.896e-06	5
0 3 0 1 4 e 	1577.437607550	2.224e-06	6
0 3 0 1 4 f 	1577.445864576	2.237e-06	6
0 3 0 1 5 e 	1579.473150701	2.355e-06	5
0 3 0 1 5 f 	1579.485535533	2.368e-06	5
0 2 0 2 51 e 	1580.763711179	5.000e-03	4
0 2 0 2 51 f 	1580.818075467	5.000e-03	2
0 3 0 1 6 e 	1581.915791684	2.260e-06	7
0 3 0 1 6 f 	1581.933131404	2.272e-06	5
0 3 0 1 7 e 	1584.765524306	2.274e-06	5
0 3 0 1 7 f 	1584.788643359	2.286e-06	6
0 0 0 0 88 e 	1586.110065856	2.185e-03	16
1 1 0 1 32 e 	1586.294147192	1.301e-04	4
0 2 0 0 51 e 	1586.415905084	6.164e-05	15
1 1 0 1 32 f 	1586.535009260	1.301e-04	4
0 1 0 1 72 e 	1587.157026106	3.802e-03	3
0 1 0 1 72 f 	1587.830429401	3.821e-03	4
0 3 0 1 8 e 	1588.022341109	2.260e-06	8
0 3 0 1 8 f 	1588.052065946	2.272e-06	6
0 3 0 1 9 e 	1591.686235335	2.273e-06	11
0 3 0 1 9 f 	1591.723390817	2.286e-06	9
0 3 0 1 10 e 	1595.757196994	2.392e-06	10
0 3 0 1 10 f 	1595.802609132	2.404e-06	12
1 0 0 0 60 e 	1598.615017685	7.169e-04	10
1 1 0 1 33 e 	1599.655480835	1.302e-04	3
1 1 0 1 33 f 	1599.911423182	1.301e-04	3
0 3 0 1 11 e 	1600.235216429	2.274e-06	10
0 3 0 1 11 f 	1600.289711106	2.286e-06	11
0 2 0 2 52 e 	1601.908593890	5.001e-03	4
0 2 0 2 52 f 	1601.963565530	5.001e-03	3
0 3 0 1 12 e 	1605.120281931	2.495e-06	11
0 3 0 1 12 f 	1605.184684876	2.506e-06	11
0 2 0 0 52 e 	1607.557383173	7.422e-05	14
0 3 0 1 13 e 	1610.412383721	2.508e-06	10
0 3 0 1 13 f 	1610.487519683	2.429e-06	12
1 1 0 1 34 e 	1613.421263636	1.301e-04	2
1 1 0 1 34 f 	1613.692664867	1.301e-04	3
0 3 0 1 14 e 	1616.111506590	2.690e-06	12
0 3 0 1 14 f 	1616.198202412	2.572e-06	9
0 1 0 1 73 e 	1616.742085243	3.836e-03	6
0 1 0 1 73 f 	1617.445597865	3.841e-03	6
0 0 0 0 89 e 	1622.096054772	2.219e-03	16
0 3 0 1 15 e 	1622.217637453	2.792e-06	10
0 3 0 1 15 f 	1622.316717262	2.584e-06	9
1 0 0 0 61 e 	1623.249488259	8.170e-04	9
0 2 0 2 53 e 	1623.450185745	5.001e-03	1
0 2 0 2 53 f 	1623.513775687	5.001e-03	3
1 1 0 1 35 e 	1627.591478070	1.302e-04	3
1 1 0 1 35 f 	1627.878824671	1.301e-04	3
0 3 0 1 16 e 	1628.730761784	2.890e-06	9
0 3 0 1 16 f 	1628.843051342	2.397e-06	9
0 2 0 0 53 e 	1629.104637843	7.917e-05	17
0 3 0 1 17 e 	1635.650863365	3.050e-06	9
0 3 0 1 17 f 	1635.777187735	2.421e-06	7
1 1 0 1 36 e 	1642.166078431	1.301e-04	2
1 1 0 1 36 f 	1642.469896417	1.301e-04	4
0 3 0 1 18 e 	1642.977925587	3.371e-06	9
0 3 0 1 18 f 	1643.119109317	2.397e-06	12
0 2 0 2 54 e 	1645.397723372	5.037e-03	3
0 1 0 1 74 e 	1646.730416988	3.843e-03	8
0 1 0 1 74 f 	1647.464891346	3.861e-03	3
1 0 0 0 62 e 	1648.286449863	9.058e-04	8
0 3 0 1 19 e 	1650.711928027	3.572e-06	12
0 3 0 1 19 f 	1650.868798680	2.421e-06	12
0 2 0 0 54 e 	1651.057589088	9.593e-05	16
1 1 0 1 37 e 	1657.145097097	1.302e-04	4
1 1 0 1 37 f 	1657.465692548	1.301e-04	5
0 0 0 0 90 e 	1658.483576766	2.253e-03	14
0 3 0 1 20 e 	1658.852857408	3.680e-06	12
0 3 0 1 20 f 	1659.026236274	2.815e-06	10
0 3 0 1 21 e 	1667.400686018	4.402e-06	8
0 3 0 1 21 f 	1667.591403411	3.160e-06	10
0 2 0 2 55 e 	1667.758371536	5.001e-03	3
1 1 0 1 38 e 	1672.528418766	1.302e-04	5
1 1 0 1 38 f 	1672.866312155	1.302e-04	4
0 2 0 0 55 e 	1673.416215355	1.009e-04	19
1 0 0 0 63 e 	1673.725837521	9.750e-04	9
0 3 0 1 22 e 	1676.355402454	4.069e-06	6
0 3 0 1 22 f 	1676.564276655	3.471e-06	12
0 1 0 1 75 e 	1677.121895034	3.863e-03	6
0 1 0 1 75 f 	1677.887769024	3.880e-03	5
0 3 0 1 23 e 	1685.716976144	4.347e-06	10
0 3 0 1 23 f 	1685.944836482	3.756e-06	12
1 1 0 1 39 e 	1688.316015326	1.302e-04	4
1 1 0 1 39 f 	1688.671642931	1.302e-04	3
0 2 0 2 56 e 	1690.519817081	5.010e-03	1
0 0 0 0 91 e 	1695.272538295	2.287e-03	12
0 3 0 1 24 e 	1695.485391050	4.250e-06	10
0 3 0 1 24 f 	1695.733057932	4.021e-06	9
0 2 0 0 56 e 	1696.180597192	3.211e-04	18
1 0 0 0 64 e 	1699.567583987	1.051e-03	6
1 1 0 1 40 e 	1704.507966736	1.302e-04	5
1 1 0 1 40 f 	1704.881667828	1.302e-04	5
0 3 0 1 25 e 	1705.660618844	4.347e-06	7
0 3 0 1 25 f 	1705.928919041	4.137e-06	10
0 1 0 1 76 e 	1707.916485726	3.882e-03	6
0 1 0 1 76 f 	1708.714082377	3.900e-03	4
2 0 0 0 0 e 	1710.976306685	1.268e-04	5
2 0 0 0 1 e 	1711.379577251	1.268e-04	12
2 0 0 0 2 e 	1712.186117254	1.268e-04	10
2 0 0 0 3 e 	1713.395923592	1.268e-04	6
0 2 0 2 57 e 	1713.686871152	5.001e-03	2
2 0 0 0 4 e 	1715.008995751	1.268e-04	6
0 3 0 1 26 e 	1716.242637252	4.250e-06	10
0 3 0 1 26 f 	1716.532393462	4.251e-06	9
2 0 0 0 5 e 	1717.025325678	1.234e-04	4
0 2 0 0 57 e 	1719.350398726	2.631e-04	15
2 0 0 0 6 e 	1719.444909319	1.234e-04	6
1 1 0 1 41 e 	1721.103872715	1.302e-04	6
1 1 0 1 41 f 	1721.496317572	1.302e-04	5
2 0 0 0 7 e 	1722.267702087	1.201e-04	7
2 0 0 0 8 e 	1725.493790880	1.201e-04	6
1 0 0 0 65 e 	1725.811608906	1.122e-03	7
0 3 0 1 27 e 	1727.231418976	4.486e-06	10
0 3 0 1 27 f 	1727.543455665	4.487e-06	8
2 0 0 0 9 e 	1729.123117070	1.167e-04	6
0 0 0 0 92 e 	1732.462970115	2.324e-03	8
2 0 0 0 10 e 	1733.155607068	1.167e-04	7
0 2 0 2 58 e 	1737.259308717	5.172e-03	3
0 2 0 2 58 f 	1737.348915667	7.097e-03	3
2 0 0 0 11 e 	1737.591369958	1.134e-04	6
1 1 0 1 42 e 	1738.104180768	1.302e-04	7
1 1 0 1 42 f 	1738.515762328	1.302e-04	4
0 3 0 1 28 e 	1738.626939828	4.710e-06	12
0 3 0 1 28 f 	1738.962078212	4.711e-06	12
0 1 0 1 77 e 	1739.114550377	3.903e-03	3
2 0 0 0 12 e 	1742.430295001	1.101e-04	6
0 2 0 0 58 e 	1742.925856132	5.653e-04	12
2 0 0 0 13 e 	1747.672407330	1.067e-04	8
0 3 0 1 29 e 	1750.429166544	4.924e-06	10
0 3 0 1 29 f 	1750.788233173	4.925e-06	8
1 0 0 0 66 e 	1752.457867351	1.188e-03	7
2 0 0 0 14 e 	1753.317679312	1.067e-04	8
1 1 0 1 43 e 	1755.508442634	1.305e-04	8
1 1 0 1 43 f 	1755.939540210	1.305e-04	6
2 0 0 0 15 e 	1759.366077715	2.348e-05	7
0 2 0 2 59 e 	1761.236104144	7.163e-03	3
0 2 0 2 59 f 	1761.332144751	5.036e-03	4
0 3 0 1 30 e 	1762.638079464	5.129e-06	10
0 3 0 1 30 f 	1763.021892440	5.020e-06	10
2 0 0 0 16 e 	1765.817725542	1.001e-04	7
0 2 0 0 59 e 	1766.906644230	6.005e-04	14
0 0 0 0 93 e 	1770.054529438	2.356e-03	11
2 0 0 0 17 e 	1772.672412242	1.074e-04	5
1 1 0 1 44 e 	1773.316802393	1.310e-04	5
1 1 0 1 44 f 	1773.767884893	1.310e-04	5
0 3 0 1 31 e 	1775.253638515	6.256e-06	11
0 3 0 1 31 f 	1775.663023473	5.327e-06	10
1 0 0 0 67 e 	1779.506283701	1.250e-03	4
2 0 0 0 18 e 	1779.930280050	9.340e-05	7
0 2 0 2 60 e 	1785.617782425	5.111e-03	3
0 2 0 2 60 f 	1785.720588459	7.097e-03	3
2 0 0 0 19 e 	1787.591173414	9.340e-05	8
0 3 0 1 32 e 	1788.275823757	5.415e-06	11
0 3 0 1 32 f 	1788.711598935	5.415e-06	9
0 2 0 0 60 e 	1791.292845972	7.170e-04	14
1 1 0 1 45 e 	1791.529043090	1.315e-04	4
1 1 0 1 45 f 	1792.000660708	1.320e-04	5
2 0 0 0 20 e 	1795.655120421	9.007e-05	5
0 3 0 1 33 e 	1801.704592461	7.220e-06	9
0 3 0 1 33 f 	1802.167582553	5.701e-06	8
2 0 0 0 21 e 	1804.122157630	8.673e-05	9
1 0 0 0 68 e 	1806.956777595	1.310e-03	7
0 0 0 0 94 e 	1808.047254328	2.388e-03	10
1 1 0 1 46 e 	1810.145355976	1.330e-04	6
0 2 0 2 61 e 	1810.404268161	7.163e-03	3
0 2 0 2 61 f 	1810.514182159	7.110e-03	4
1 1 0 1 46 f 	1810.637790603	1.343e-04	5
2 0 0 0 22 e 	1812.992170778	8.673e-05	8
0 3 0 1 34 e 	1815.539925513	5.783e-06	8
0 3 0 1 34 f 	1816.030946353	5.783e-06	7
0 2 0 0 61 e 	1816.084407039	8.171e-04	12
2 0 0 0 23 e 	1822.265176285	8.340e-05	8
1 1 0 1 47 e 	1829.165732757	1.349e-04	7
1 1 0 1 47 f 	1829.679366409	1.360e-04	5
0 3 0 1 35 e 	1829.781773685	7.078e-06	10
0 3 0 1 35 f 	1830.301649672	5.959e-06	8
2 0 0 0 24 e 	1831.941143711	8.340e-05	9
1 0 0 0 69 e 	1834.809278315	1.367e-03	5
0 2 0 2 62 e 	1835.595484726	5.141e-03	3
0 2 0 2 62 f 	1835.712860002	5.055e-03	4
0 2 0 0 62 e 	1841.281273201	8.927e-04	11
2 0 0 0 25 e 	1842.020110354	8.006e-05	9
0 3 0 1 36 e 	1844.430119736	6.129e-06	9
0 3 0 1 36 f 	1844.979665920	6.129e-06	6
0 0 0 0 95 e 	1846.441103873	2.487e-03	7
1 1 0 1 48 e 	1848.589824632	1.364e-04	6
1 1 0 1 48 f 	1849.125397518	1.381e-04	3
2 0 0 0 26 e 	1852.501945659	8.006e-05	7
0 3 0 1 37 e 	1859.484911297	6.927e-06	9
0 3 0 1 37 f 	1860.064948592	6.295e-06	6
0 2 0 2 63 e 	1861.191355506	5.156e-03	4
0 2 0 2 63 f 	1861.319890647	5.064e-03	2
1 0 0 0 70 e 	1863.063715344	1.422e-03	4
2 0 0 0 27 e 	1863.386676583	8.006e-05	8
0 2 0 0 63 e 	1866.883389053	9.750e-04	9
1 1 0 1 49 e 	1868.417890289	1.389e-04	5
1 1 0 1 49 f 	1868.975453365	1.406e-04	3
2 0 0 0 28 e 	1874.674440350	5.095e-05	9
0 3 0 1 38 e 	1874.946126401	6.456e-06	8
0 3 0 1 38 f 	1875.557472248	6.457e-06	7
0 0 0 0 96 e 	1885.235550595	2.724e-03	3
2 0 0 0 29 e 	1886.364714579	8.006e-05	8
0 2 0 2 64 e 	1887.192388548	5.169e-03	2
0 2 0 2 64 f 	1887.326061261	5.079e-03	3
1 2 0 2 2 f 	1888.162789049	1.444e-02	2
1 2 0 2 2 e 	1888.162792681	1.444e-02	2
1 1 0 1 50 e 	1888.649403702	1.410e-04	4
1 1 0 1 50 f 	1889.229830562	1.430e-04	3
1 2 0 2 3 f 	1889.381077869	1.349e-02	3
1 2 0 2 3 e 	1889.381081501	1.349e-02	4
0 3 0 1 39 e 	1890.813716303	7.656e-06	10
1 2 0 2 4 f 	1891.005448420	1.248e-02	5
1 2 0 2 4 e 	1891.005452052	1.248e-02	4
0 3 0 1 39 f 	1891.457186939	6.688e-06	8
1 0 0 0 71 e 	1891.720001830	1.474e-03	5
1 2 0 0 0 e 	1892.230535724	3.432e-05	2
1 2 0 0 1 e 	1892.636442453	3.432e-05	5
0 2 0 0 64 e 	1892.890723016	1.051e-03	9
1 2 0 2 5 f 	1893.035908176	1.349e-02	3
1 2 0 2 5 e 	1893.035912068	1.349e-02	3
1 2 0 0 2 e 	1893.448254072	3.000e-05	6
1 2 0 0 3 e 	1894.666024327	1.335e-04	4
1 2 0 2 6 f 	1895.472447823	1.444e-02	1
1 2 0 2 6 e 	1895.472451716	1.444e-02	1
1 2 0 0 4 e 	1896.289642690	1.336e-04	4
1 2 0 0 5 e 	1898.319159977	1.336e-04	5
2 0 0 0 30 e 	1898.457929752	8.006e-05	8
1 2 0 0 6 e 	1900.754570177	1.337e-04	3
1 2 0 0 7 e 	1903.589459774	1.000e-01	1
1 2 0 0 8 e 	1906.842754560	1.000e-01	1
0 3 0 1 40 e 	1907.087654722	6.768e-06	7
0 3 0 1 40 f 	1907.764064703	6.768e-06	5
1 1 0 1 51 e 	1909.284875268	1.438e-04	4
1 1 0 1 51 f 	1909.888151178	8.000e-03	1
1 2 0 0 9 e 	1910.495886122	3.337e-04	5
2 0 0 0 31 e 	1910.953911014	8.340e-05	8
0 2 0 2 65 e 	1913.596955506	8.788e-03	2
0 2 0 2 65 f 	1913.739474001	5.125e-03	3
1 2 0 0 10 e 	1914.554810342	3.337e-04	6
1 2 0 0 11 e 	1919.019593544	3.337e-04	6
0 2 0 0 65 e 	1919.303151895	1.122e-03	10
1 0 0 0 72 e 	1920.778088432	1.525e-03	4
0 3 0 1 41 e 	1923.767888103	9.045e-06	7
2 0 0 0 32 e 	1923.852612150	8.340e-05	8
1 2 0 0 12 e 	1923.890227718	3.337e-04	5
0 0 0 0 97 e 	1924.434550595	4.978e-03	3
0 3 0 1 41 f 	1924.478055724	6.919e-06	5
1 2 0 0 13 e 	1929.118297796	1.000e-01	2
1 1 0 1 52 e 	1930.323305184	4.494e-04	3
1 1 0 1 52 f 	1930.950839256	1.485e-04	3
1 2 0 0 14 e 	1934.848651947	1.001e-03	3
2 0 0 0 33 e 	1937.154052406	8.340e-05	6
0 2 0 2 66 e 	1940.406311765	1.013e-02	1
0 2 0 2 66 f 	1940.557810839	7.160e-03	1
0 3 0 1 42 e 	1940.854212804	8.000e-04	4
1 2 0 0 15 e 	1940.937275798	1.097e-06	5
0 3 0 1 42 f 	1941.598988032	8.000e-04	4
0 2 0 0 66 e 	1946.120680444	1.187e-03	8
1 2 0 0 16 e 	1947.431824703	1.001e-03	3
1 0 0 0 73 e 	1950.237871937	1.574e-03	2
2 0 0 0 34 e 	1950.858149926	8.674e-05	8
1 1 0 1 53 e 	1951.766520272	8.000e-03	2
1 1 0 1 53 f 	1952.417295093	8.001e-03	1
1 2 0 0 17 e 	1954.267821559	1.000e-01	1
0 3 0 1 43 e 	1958.347047728	8.001e-04	4
0 3 0 1 43 f 	1959.127245059	1.008e-04	4
1 2 0 0 18 e 	1961.636382610	1.094e-06	3
0 0 0 0 98 e 	1964.030894573	6.492e-03	4
2 0 0 0 35 e 	1964.964828625	8.674e-05	7
1 2 0 0 19 e 	1969.347622466	1.503e-06	5
0 2 0 0 67 e 	1973.343189480	1.251e-03	9
1 1 0 1 54 e 	1973.611576356	5.010e-03	3
1 1 0 1 54 f 	1974.288079412	5.001e-03	3
0 3 0 1 44 e 	1976.246039725	1.013e-04	5
0 3 0 1 44 f 	1977.062272072	8.002e-04	3
1 2 0 0 20 e 	1977.464605658	1.167e-06	6
2 0 0 0 36 e 	1979.474106699	9.007e-05	7
1 0 0 0 74 e 	1980.099285724	1.622e-03	2
1 2 0 0 21 e 	1985.988211886	1.001e-03	3
2 0 0 0 37 e 	1994.385916370	9.007e-05	6
0 3 0 1 45 e 	1994.550901432	8.002e-04	3
1 2 0 0 22 e 	1994.917463789	1.001e-03	3
0 3 0 1 45 f 	1995.404438935	8.003e-04	2
1 1 0 1 55 e 	1995.861841344	8.001e-03	2
1 1 0 1 55 f 	1996.562502640	8.001e-03	2
0 2 0 0 68 e 	2000.970744220	1.310e-03	5
0 0 0 0 99 e 	2004.027887314	7.714e-03	3
1 2 0 0 23 e 	2004.250083003	3.003e-04	2
2 0 0 0 38 e 	2009.700266313	9.341e-05	8
1 0 0 0 75 e 	2010.362248720	1.669e-03	2
0 3 0 1 46 e 	2013.262219826	8.005e-04	4
1 2 0 0 24 e 	2013.986539838	1.000e-01	1
0 3 0 1 46 f 	2014.153302565	8.014e-04	1
1 1 0 1 56 e 	2018.515072527	1.985e-04	5
1 1 0 1 56 f 	2019.241386616	8.001e-03	2
1 2 0 0 25 e 	2024.133801830	1.001e-03	3
2 0 0 0 39 e 	2025.417064404	9.341e-05	7
0 2 0 0 69 e 	2029.003061107	1.536e-03	4
0 3 0 1 47 e 	2032.379467157	8.015e-04	2
0 3 0 1 47 f 	2033.309113639	8.010e-04	3
1 2 0 0 26 e 	2034.686618705	1.001e-03	3
1 0 0 0 76 e 	2041.026685062	1.714e-03	4
2 0 0 0 40 e 	2041.536342250	2.351e-05	11
1 1 0 1 57 e 	2041.572371122	8.001e-03	2
1 1 0 1 57 f 	2042.323603763	8.007e-03	2
0 0 0 0 100 e 	2044.427887314	9.636e-03	2
1 2 0 0 27 e 	2045.642781427	2.003e-04	4
0 3 0 1 48 e 	2051.902493883	1.083e-04	5
0 3 0 1 48 f 	2052.871565128	8.014e-04	3
1 2 0 0 28 e 	2057.011194724	1.000e-01	2
0 2 0 0 70 e 	2057.440333481	1.422e-03	6
2 0 0 0 41 e 	2058.057878777	9.674e-05	7
0 0 1 0 0 e 	2062.200895577	7.071e-05	2
0 0 1 0 1 e 	2062.604178454	5.000e-05	6
0 0 1 0 2 e 	2063.410743074	5.000e-05	7
0 0 1 0 3 e 	2064.620582294	1.580e-06	5
1 1 0 1 58 e 	2065.031239657	6.072e-04	4
1 1 0 1 58 f 	2065.809328696	1.001e-03	3
0 0 1 0 4 e 	2066.233704762	1.117e-06	7
0 0 1 0 5 e 	2068.250098308	8.984e-07	8
1 2 0 0 29 e 	2068.768192381	5.000e-02	3
0 0 1 0 6 e 	2070.669759001	6.479e-07	8
0 3 0 1 49 e 	2071.831540824	8.016e-04	5
1 0 0 0 77 e 	2072.092509470	1.758e-03	3
0 3 0 1 49 f 	2072.841062961	1.135e-04	5
0 0 1 0 7 e 	2073.492679900	9.231e-07	5
2 0 0 0 42 e 	2074.981793947	9.675e-05	7
1 2 0 2 30 e 	2075.733279678	7.073e-03	1
1 2 0 2 30 f 	2075.742022940	7.073e-03	1
0 0 1 0 8 e 	2076.718855565	1.469e-06	4
0 0 1 0 9 e 	2080.348639497	3.564e-03	3
1 2 0 0 30 e 	2080.938365386	5.000e-02	2
0 0 1 0 10 e 	2084.381298550	3.564e-03	6
0 2 0 0 71 e 	2086.282362826	1.632e-03	3
0 0 1 0 11 e 	2088.817181390	3.564e-03	6
1 1 0 1 59 e 	2088.894131061	7.604e-04	3
1 1 0 1 59 f 	2089.698892292	1.370e-03	2
0 3 0 1 50 e 	2092.166599611	8.019e-04	4
2 0 0 0 43 e 	2092.308048744	1.001e-04	5
0 3 0 1 50 f 	2093.217146221	1.165e-04	4
1 2 0 0 31 e 	2093.527458750	5.000e-02	3
0 0 1 0 12 e 	2093.656274074	3.564e-03	6
0 0 1 0 13 e 	2098.898571697	3.564e-03	4
0 4 0 2 2 e 	2100.745086981	1.443e-02	3
0 4 0 2 2 f 	2100.745089427	1.443e-02	3
0 4 0 2 3 e 	2101.969392967	1.349e-02	5
0 4 0 2 3 f 	2101.969395413	1.349e-02	5
1 0 0 0 78 e 	2103.559657293	1.801e-03	3
0 4 0 2 4 e 	2103.603296133	1.248e-02	4
0 4 0 2 4 f 	2103.603298579	1.248e-02	4
0 0 1 0 14 e 	2104.544022829	3.564e-03	2
0 4 0 0 0 e 	2104.827662291	1.001e-04	4
0 4 0 0 1 e 	2105.235598304	1.001e-04	4
0 4 0 2 5 e 	2105.643783259	1.138e-02	6
0 4 0 2 5 f 	2105.643800871	1.138e-02	6
0 4 0 0 2 e 	2106.051549224	1.000e-04	4
1 2 0 0 32 e 	2106.509377101	1.078e-04	3
0 4 0 0 3 e 	2107.274291476	1.001e-03	2
0 4 0 2 6 e 	2108.092354430	1.248e-02	1
0 4 0 2 6 f 	2108.095393266	1.248e-02	1
0 4 0 0 4 e 	2108.906031456	1.001e-03	4
2 0 0 0 44 e 	2110.036511588	1.001e-04	6
0 0 1 0 15 e 	2110.592730869	3.564e-03	1
0 4 0 0 5 e 	2110.946482229	8.000e-04	5
0 4 0 2 7 e 	2110.949809842	1.141e-02	1
0 4 0 2 7 f 	2110.949822574	1.141e-02	1
0 3 0 1 51 e 	2112.907598966	1.174e-04	6
1 1 0 1 60 e 	2113.160186200	8.876e-04	3
0 4 0 0 6 e 	2113.394578337	8.000e-04	3
1 1 0 1 60 f 	2113.992062109	1.659e-03	2
0 3 0 1 51 f 	2114.000033896	1.197e-04	4
0 4 0 2 8 f 	2114.213629535	7.116e-03	4
0 4 0 2 8 e 	2114.215528804	7.116e-03	4
0 2 0 0 72 e 	2115.528993003	1.678e-03	3
0 4 0 0 7 e 	2116.249826442	9.000e-05	4
0 0 1 0 16 e 	2117.044482369	3.564e-03	2
0 4 0 2 9 f 	2117.886446801	7.116e-03	6
0 4 0 2 9 e 	2117.888278357	7.116e-03	6
0 4 0 0 8 e 	2119.513275613	9.000e-05	5
1 2 0 0 33 e 	2119.924674671	1.000e-01	2
0 4 0 2 10 f 	2121.967322065	7.116e-03	6
0 4 0 2 10 e 	2121.969061060	7.116e-03	6
0 4 0 0 9 e 	2123.184641990	9.001e-05	8
0 0 1 0 17 e 	2123.899404595	3.564e-03	2
0 4 0 2 11 e 	2126.457862200	7.116e-03	6
0 4 0 2 11 f 	2126.460583389	7.116e-03	6
0 4 0 0 10 e 	2127.263923455	9.001e-05	10
2 0 0 0 45 e 	2128.167175150	1.060e-04	5
0 0 1 0 18 e 	2131.157487656	3.564e-03	1
0 4 0 2 12 e 	2131.354666116	7.116e-03	6
0 4 0 2 12 f 	2131.357544022	7.116e-03	6
0 4 0 0 11 e 	2131.751115105	9.001e-05	8
1 2 0 0 34 e 	2133.694079928	2.003e-04	3
0 3 0 1 52 e 	2134.054334622	8.037e-04	5
0 3 0 1 52 f 	2135.189196011	1.231e-04	3
1 0 0 0 79 e 	2135.428005458	1.843e-03	4
0 4 0 0 12 e 	2136.646208686	9.001e-05	8
0 4 0 2 13 e 	2136.659527937	7.116e-03	4
0 4 0 2 13 f 	2136.659784877	7.116e-03	4
1 1 0 1 61 e 	2137.829340075	9.987e-04	2
1 1 0 1 61 f 	2138.688772855	1.808e-03	2
0 0 1 0 19 e 	2138.818655432	3.564e-03	2
0 4 0 0 13 e 	2141.949204699	9.001e-05	7
0 4 0 2 14 e 	2142.372204480	7.116e-03	4
0 4 0 2 14 f 	2142.372545697	7.116e-03	4
0 2 0 0 73 e 	2145.180352873	1.723e-03	3
2 0 0 0 46 e 	2146.699976595	1.089e-04	5
0 0 1 0 20 e 	2146.882885484	3.564e-03	2
0 4 0 0 14 e 	2147.660085982	9.001e-05	8
1 2 0 0 35 e 	2147.907597409	1.000e-01	2
0 4 0 2 15 e 	2148.492895763	7.116e-03	4
0 4 0 2 15 f 	2148.493340563	7.116e-03	4
0 4 0 0 15 e 	2153.778856726	9.001e-05	7
0 4 0 2 16 e 	2155.021710841	7.250e-03	3
0 4 0 2 16 f 	2155.022268695	7.116e-03	3
0 0 1 0 21 e 	2155.350234515	3.564e-03	2
0 3 0 1 53 e 	2155.606993253	8.042e-04	5
0 3 0 1 53 f 	2156.784971223	8.047e-04	3
0 4 0 0 16 e 	2160.305499886	9.001e-05	4
0 4 0 2 17 e 	2161.958630192	7.250e-03	2
0 4 0 2 17 f 	2161.959514431	7.250e-03	2
1 2 0 0 36 e 	2162.500538986	1.001e-03	3
1 1 0 1 62 e 	2162.901526251	1.099e-03	2
1 1 0 1 62 f 	2163.788956409	1.547e-03	2
0 0 1 0 22 e 	2164.220535648	3.564e-03	2
2 0 0 0 47 e 	2165.634913190	4.231e-05	7
0 4 0 0 17 e 	2167.240024678	9.001e-05	5
1 0 0 0 80 e 	2167.697507589	1.884e-03	3
0 4 0 2 18 e 	2169.302881841	7.250e-03	3
0 4 0 2 18 f 	2169.303796903	7.116e-03	3
0 0 1 0 23 e 	2173.493876785	3.564e-03	3
0 4 0 0 18 e 	2174.582415024	9.001e-05	5
0 2 0 0 74 e 	2175.236099707	2.245e-03	1
0 4 0 2 19 e 	2177.054999313	7.250e-03	3
0 4 0 2 19 f 	2177.055879932	7.116e-03	3
1 2 0 0 37 e 	2177.512188883	1.001e-03	4
0 3 0 1 54 e 	2177.564979821	8.623e-04	4
0 3 0 1 54 f 	2178.787480212	8.057e-04	3
0 4 0 0 19 e 	2182.332655627	9.001e-05	6
0 0 1 0 24 e 	2183.170235621	3.564e-03	3
2 0 0 0 48 e 	2184.971819688	1.133e-04	6
0 4 0 2 20 e 	2185.215515256	7.250e-03	4
0 4 0 2 20 f 	2185.216557017	7.116e-03	4
1 1 0 1 63 e 	2188.376678057	1.190e-03	2
1 1 0 1 63 f 	2189.292546743	1.232e-03	3
0 4 0 0 20 e 	2190.491010245	8.000e-04	5
1 2 0 0 38 e 	2192.928194648	1.001e-03	2
0 0 1 0 25 e 	2193.249546087	3.564e-03	1
0 4 0 2 21 e 	2193.782976698	7.250e-03	2
0 4 0 2 21 f 	2193.784442055	7.116e-03	2
0 4 0 0 21 e 	2199.056619556	4.240e-06	6
0 3 0 1 55 e 	2199.928537083	9.115e-04	4
1 0 0 0 81 e 	2200.368070711	1.924e-03	3
0 3 0 1 55 f 	2201.196389168	8.077e-04	2
0 4 0 2 22 e 	2202.757893445	7.116e-03	4
0 4 0 2 22 f 	2202.771281373	7.116e-03	4
0 0 1 0 26 e 	2203.731822017	3.564e-03	2
2 0 0 0 49 e 	2204.710750599	1.153e-04	5
0 2 0 0 75 e 	2205.696545674	1.668e-03	3
0 4 0 0 22 e 	2208.030401537	8.000e-04	4
1 2 0 0 39 e 	2208.750357886	2.003e-04	3
0 4 0 2 23 e 	2212.139768928	7.116e-03	3
0 4 0 2 23 f 	2212.148238058	7.116e-03	3
1 1 0 1 64 e 	2214.256005251	1.549e-03	3
0 0 1 0 27 e 	2214.617008915	3.564e-03	2
1 1 0 1 64 f 	2215.199474338	1.293e-03	3
0 4 0 0 23 e 	2217.411935940	4.254e-06	6
2 1 0 1 1 e 	2218.432538218	5.515e-03	2
2 1 0 1 1 f 	2218.434032735	5.515e-03	2
2 1 0 1 2 e 	2219.240415113	3.900e-03	5
2 1 0 1 2 f 	2219.242881635	3.900e-03	5
2 1 0 1 3 e 	2220.453685837	3.900e-03	2
2 1 0 1 3 f 	2220.454696648	3.900e-03	2
0 4 0 2 24 e 	2221.931682052	7.116e-03	3
0 4 0 2 24 f 	2221.947490768	7.116e-03	1
2 1 0 1 4 e 	2222.068391339	3.900e-03	2
2 1 0 1 4 f 	2222.073257026	3.900e-03	2
0 3 0 1 56 e 	2222.698166489	8.623e-04	5
0 3 0 1 56 f 	2224.011706616	8.088e-04	2
2 1 0 1 5 e 	2224.088060159	5.515e-03	1
2 1 0 1 5 f 	2224.095373940	5.515e-03	1
2 0 0 0 50 e 	2224.851634155	1.176e-04	5
1 2 0 0 40 e 	2224.977713979	1.000e-01	2
0 0 1 0 28 e 	2225.905034724	3.564e-03	2
2 1 0 1 6 e 	2226.512041892	3.900e-03	2
2 1 0 1 6 f 	2226.522265942	3.900e-03	2
0 4 0 0 24 e 	2227.201185882	8.000e-04	5
2 1 0 1 7 e 	2229.339731306	3.900e-03	2
2 1 0 1 7 f 	2229.353375864	3.900e-03	2
0 2 0 2 76 e 	2230.723666107	1.714e-03	1
0 4 0 2 25 e 	2232.129438940	7.072e-03	4
0 4 0 2 25 f 	2232.140745868	7.072e-03	4
1 0 0 0 82 e 	2233.439605557	1.965e-03	4
2 1 0 1 9 e 	2236.206604268	3.900e-03	1
2 1 0 1 9 f 	2236.228543867	3.900e-03	1
0 4 0 0 25 e 	2237.398497039	8.000e-04	6
0 0 1 0 29 e 	2237.596050265	3.564e-03	2
2 1 0 1 10 e 	2240.244728991	3.900e-03	2
2 1 0 1 10 f 	2240.271630694	3.900e-03	2
1 1 0 1 65 e 	2240.535965256	1.194e-03	2
1 1 0 1 65 f 	2241.509504612	1.306e-03	1
1 2 0 0 41 e 	2241.612475614	1.000e-01	2
0 4 0 2 26 e 	2242.732512900	7.116e-03	3
0 4 0 2 26 f 	2242.747910067	7.116e-03	4
2 1 0 1 11 e 	2244.687474344	2.002e-04	2
2 1 0 1 11 f 	2244.720571007	2.002e-04	2
2 0 0 0 51 e 	2245.394389376	7.245e-05	7
0 3 0 1 57 e 	2245.874181122	8.091e-04	3
0 3 0 1 57 f 	2247.233351908	8.648e-04	2
0 4 0 0 26 e 	2248.003442429	1.000e-04	6
2 1 0 1 12 e 	2249.535653540	3.900e-03	1
2 1 0 1 12 f 	2249.573768250	3.900e-03	1
0 0 1 0 30 e 	2249.689755386	3.564e-03	1
0 4 0 2 27 e 	2253.750643568	7.250e-03	3
0 4 0 2 27 f 	2253.763143145	7.116e-03	4
2 1 0 1 13 e 	2254.786059507	3.900e-03	2
2 1 0 1 13 f 	2254.830536047	3.900e-03	2
1 2 0 0 42 e 	2258.655537823	1.000e-01	1
0 4 0 0 27 e 	2259.016114051	1.001e-04	5
2 1 0 1 14 e 	2260.440325601	3.900e-03	2
2 1 0 1 14 f 	2260.490492417	3.900e-03	2
0 0 1 0 31 e 	2262.185915581	2.251e-06	3
0 4 0 2 28 e 	2265.169274707	7.116e-03	3
0 4 0 2 28 f 	2265.186879508	7.116e-03	4
2 0 0 0 52 e 	2266.338975900	1.284e-04	5
2 1 0 1 15 e 	2266.498487954	3.900e-03	2
2 1 0 1 15 f 	2266.557018263	3.900e-03	2
1 0 0 0 83 e 	2266.912030871	2.002e-03	3
1 1 0 1 66 e 	2267.221290593	1.660e-03	2
0 2 0 0 77 e 	2267.830709377	1.892e-03	1
1 1 0 1 66 f 	2268.223027525	1.363e-03	2
0 3 0 1 58 e 	2269.455437719	1.299e-03	4
0 4 0 0 28 e 	2270.436576621	8.000e-04	6
0 3 0 1 58 f 	2270.861157961	4.664e-04	3
2 1 0 1 16 e 	2272.961480534	5.004e-04	3
2 1 0 1 16 f 	2273.026454513	5.004e-04	3
0 0 1 0 32 e 	2275.085202394	1.531e-06	4
1 2 0 0 43 e 	2276.090318093	1.001e-03	2
0 4 0 2 29 e 	2276.999635783	7.072e-03	4
0 4 0 2 29 f 	2277.017227985	7.072e-03	5
2 1 0 1 17 e 	2279.826807305	1.335e-04	3
2 1 0 1 17 f 	2279.901791713	1.668e-04	3
0 4 0 0 29 e 	2282.264941323	8.000e-04	5
2 1 0 1 18 e 	2287.099837090	3.900e-03	2
2 1 0 1 18 f 	2287.183401832	3.900e-03	2
2 0 0 0 53 e 	2287.685329924	1.314e-04	6
0 0 1 0 33 e 	2288.387186197	3.336e-04	3
0 4 0 2 30 e 	2289.233991029	7.116e-03	3
0 4 0 2 30 f 	2289.254737591	7.116e-03	2
0 3 0 1 59 e 	2293.441381858	1.283e-03	5
1 2 0 0 44 e 	2293.937401063	2.336e-04	2
1 1 0 1 67 e 	2294.308490264	1.883e-03	1
0 4 0 0 30 e 	2294.500763014	1.001e-04	8
2 1 0 1 19 e 	2294.770073325	3.900e-03	1
2 1 0 1 19 f 	2294.863226770	3.900e-03	1
0 3 0 1 59 f 	2294.895230339	5.551e-04	4
1 1 0 1 67 f 	2295.339543013	1.419e-03	2
0 2 0 0 78 e 	2299.504455305	2.378e-03	1
1 0 0 0 84 e 	2300.785245373	2.040e-03	4
0 4 0 2 31 e 	2301.879375663	7.116e-03	2
0 4 0 2 31 f 	2301.902452763	7.116e-03	1
0 0 1 0 34 e 	2302.091913794	1.770e-06	3
2 1 0 1 20 e 	2302.847411275	3.800e-03	1
2 1 0 1 20 f 	2302.949522563	3.900e-03	1
0 4 0 0 31 e 	2307.144410872	8.000e-04	4
2 0 0 0 54 e 	2309.433393958	1.421e-04	5
2 1 0 1 21 e 	2311.328750736	3.800e-03	1
1 2 0 0 45 e 	2312.190604156	1.002e-03	3
0 4 0 2 32 e 	2314.928459678	7.116e-03	1
0 4 0 2 32 f 	2314.955885562	7.116e-03	1
0 0 1 0 35 e 	2316.199613031	3.564e-03	1
0 3 0 1 60 e 	2317.832712053	1.299e-03	4
0 3 0 1 60 f 	2319.335462428	6.315e-04	4
0 4 0 0 32 e 	2320.195953911	8.000e-04	5
2 1 0 1 22 e 	2320.213582324	3.800e-03	1
2 1 0 1 22 f 	2320.337884992	3.800e-03	1
1 1 0 1 68 e 	2321.794222193	5.112e-03	1
0 4 0 2 33 e 	2328.388718299	7.116e-03	3
0 4 0 2 33 f 	2328.417792285	7.116e-03	3
2 1 0 1 23 e 	2329.502352986	3.800e-03	1
2 1 0 1 23 f 	2329.637119214	3.800e-03	1
0 0 1 0 36 e 	2330.709621410	3.564e-03	2
1 2 0 0 46 e 	2330.825133753	1.000e-01	2
2 0 0 0 55 e 	2331.583119534	1.455e-04	5
0 4 0 0 33 e 	2333.654840025	8.000e-04	5
1 0 0 0 85 e 	2335.059168025	2.079e-03	4
2 1 0 1 24 e 	2339.193408584	1.668e-04	1
2 1 0 1 24 f 	2339.339900583	1.668e-04	1
0 4 0 2 34 e 	2342.252293479	7.116e-03	4
0 4 0 2 34 f 	2342.286129137	7.116e-03	5
0 3 0 1 61 e 	2342.629371177	1.357e-03	4
0 3 0 1 61 f 	2344.181792969	6.996e-04	4
1 2 0 2 47 e 	2344.741184398	7.088e-03	1
0 0 1 0 37 e 	2345.622109173	3.564e-03	2
0 4 0 0 34 e 	2347.521577360	8.000e-04	6
2 1 0 1 25 f 	2349.449619214	3.800e-03	1
1 1 0 1 69 e 	2349.688727678	1.762e-03	1
1 2 0 0 47 e 	2349.910556667	1.140e-04	4
1 1 0 1 69 f 	2350.781906475	5.140e-03	1
2 0 0 0 56 e 	2354.134566973	2.597e-04	4
0 4 0 2 35 e 	2356.526097617	7.116e-03	3
0 4 0 2 35 f 	2356.563007996	7.116e-03	3
2 1 0 1 26 e 	2359.772242256	1.286e-02	2
2 1 0 1 26 f 	2359.958963968	3.800e-03	2
0 0 1 0 38 e 	2360.937237079	3.564e-03	2
0 4 0 0 35 e 	2361.796097091	8.000e-04	4
0 3 0 1 62 e 	2367.831301357	1.413e-03	3
1 2 0 0 48 e 	2369.378492554	6.685e-04	3
0 3 0 1 62 f 	2369.434160448	7.616e-04	3
1 0 0 0 86 e 	2369.733699015	2.114e-03	3
2 1 0 1 27 e 	2370.690785979	3.800e-03	2
2 1 0 1 27 f 	2370.875333245	2.002e-04	3
0 4 0 2 36 e 	2371.203509226	7.116e-03	1
0 4 0 2 36 f 	2371.246902799	7.116e-03	1
0 4 0 0 36 e 	2376.478066510	8.000e-04	4
0 0 1 0 39 e 	2376.654765580	3.564e-03	2
2 0 0 0 57 e 	2377.087423300	3.088e-04	3
1 1 0 1 70 e 	2377.980695443	5.179e-03	1
1 1 0 1 70 f 	2379.106568618	5.155e-03	1
2 1 0 1 28 e 	2381.996783921	2.669e-04	3
2 1 0 1 28 f 	2382.196205678	3.800e-03	1
1 2 0 0 49 e 	2389.251462016	5.000e-02	3
0 4 0 0 37 e 	2391.567826407	8.000e-04	3
0 0 1 0 40 e 	2392.774871118	3.564e-03	3
0 3 0 1 63 e 	2393.438443953	1.466e-03	2
2 1 0 1 29 e 	2393.708526556	3.800e-03	2
2 1 0 1 29 f 	2393.920790673	3.900e-03	2
0 3 0 1 63 f 	2395.092501863	8.189e-04	3
2 0 0 0 58 e 	2400.441888096	5.649e-04	4
0 4 0 2 38 e 	2401.783806206	7.116e-03	1
0 4 0 2 38 f 	2401.837725395	1.005e-02	1
1 0 0 0 87 e 	2404.808755332	2.150e-03	3
2 1 0 1 30 e 	2405.819804667	3.800e-03	1
2 1 0 1 30 f 	2406.048205678	3.900e-03	1
0 4 0 0 38 e 	2407.065041545	8.000e-04	3
0 0 1 0 41 e 	2409.297343475	3.564e-03	3
1 2 0 0 50 e 	2409.525691381	5.000e-02	3
1 3 0 1 1 e 	2412.528459238	2.413e-04	3
1 3 0 1 1 f 	2412.529410473	2.413e-04	3
1 3 0 1 2 e 	2413.340627763	2.407e-04	6
1 3 0 1 2 f 	2413.343313532	2.407e-04	6
1 3 0 1 3 e 	2414.558877420	2.003e-04	6
1 3 0 1 3 f 	2414.564166370	2.003e-04	6
1 3 0 1 4 e 	2416.183193767	2.003e-04	5
1 3 0 1 4 f 	2416.191972631	2.003e-04	6
0 4 0 2 39 e 	2417.686606708	7.116e-03	3
0 4 0 2 39 f 	2417.742787267	7.072e-03	4
1 3 0 1 5 e 	2418.213581704	2.003e-04	8
1 3 0 1 5 f 	2418.226724069	2.003e-04	9
2 1 0 1 31 e 	2418.336754520	3.800e-03	2
2 1 0 1 31 f 	2418.579123972	3.900e-03	2
1 3 0 1 6 e 	2420.650035525	2.003e-04	4
1 3 0 1 6 f 	2420.668416581	2.003e-04	4
0 3 0 1 64 f 	2421.157106261	1.833e-03	1
0 4 0 0 39 e 	2422.970087159	8.000e-04	5
1 3 0 1 7 e 	2423.492410554	4.004e-04	4
1 3 0 1 7 f 	2423.516651945	4.004e-04	4
2 0 0 0 59 e 	2424.197625014	6.001e-04	6
0 0 1 0 42 e 	2426.221807662	2.669e-04	3
1 3 0 1 8 e 	2426.746443491	2.850e-02	3
1 3 0 1 8 f 	2426.764672873	2.850e-02	3
1 2 0 0 51 e 	2430.210701048	1.003e-03	3
0 2 0 0 82 e 	2430.239729571	1.964e-03	1
1 3 0 1 9 e 	2430.395614327	3.044e-05	4
1 3 0 1 9 f 	2430.420072774	2.850e-02	4
2 1 0 1 32 e 	2431.254665879	3.900e-03	1
2 1 0 1 32 f 	2431.513922212	3.900e-03	1
0 4 0 2 40 e 	2434.013705030	1.680e-02	4
0 4 0 2 40 f 	2434.056823716	7.116e-03	4
1 3 0 1 10 e 	2434.456261476	3.026e-05	4
1 3 0 1 10 f 	2434.489452064	2.850e-02	4
1 3 0 1 11 e 	2438.922934283	3.007e-05	5
1 3 0 1 11 f 	2438.965730150	2.850e-02	4
0 4 0 0 40 e 	2439.282128322	1.001e-04	5
1 0 0 0 88 e 	2440.284241573	2.185e-03	3
0 0 1 0 43 e 	2443.549320708	3.564e-03	1
1 3 0 1 12 e 	2443.795622275	3.027e-05	3
1 3 0 1 12 f 	2443.848896457	2.850e-02	3
0 3 0 1 65 e 	2445.868678841	1.905e-03	1
0 3 0 1 65 f 	2447.626719001	1.955e-03	2
2 0 0 0 60 e 	2448.354708218	7.164e-04	6
1 3 0 1 13 e 	2449.074282563	1.301e-04	4
1 3 0 1 13 f 	2449.126152922	2.850e-02	2
0 4 0 2 41 e 	2450.706547595	7.072e-03	4
0 4 0 2 41 f 	2450.779351416	8.660e-03	3
1 2 0 0 52 e 	2451.297555653	7.671e-05	2
1 3 0 1 14 e 	2454.769497663	2.850e-02	1
1 3 0 1 14 f 	2454.820416583	2.850e-02	1
0 4 0 0 41 e 	2456.002221296	1.000e-04	5
2 1 0 1 34 e 	2458.306308391	3.900e-03	1
2 1 0 1 34 f 	2458.596203353	3.900e-03	2
1 3 0 1 15 e 	2460.849540393	2.336e-04	4
1 3 0 1 15 f 	2460.954735459	2.670e-04	4
0 0 1 0 44 e 	2461.278940470	3.564e-03	1
1 3 0 1 16 e 	2467.360934767	2.850e-02	2
1 3 0 1 16 f 	2467.438849943	2.850e-02	2
0 4 0 2 42 f 	2467.904580573	7.142e-03	1
2 1 0 1 35 e 	2472.435789746	3.900e-03	1
0 3 0 1 66 e 	2472.691098670	1.648e-03	3
1 2 0 0 53 e 	2472.789146299	3.434e-04	2
2 0 0 0 61 e 	2472.913072322	8.164e-04	6
0 4 0 0 42 e 	2473.129189825	8.000e-04	5
1 3 0 1 17 e 	2474.248948731	3.337e-04	3
1 3 0 1 17 f 	2474.383393275	3.337e-04	3
0 3 0 1 66 f 	2474.502593511	2.527e-03	2
1 0 0 0 89 e 	2476.160061260	2.221e-03	2
0 0 1 0 45 e 	2479.410597999	3.564e-03	2
1 3 0 1 18 e 	2481.600007260	2.850e-02	2
1 3 0 1 18 f 	2481.697539145	2.850e-02	2
0 4 0 2 43 e 	2485.403702303	1.297e-02	1
0 4 0 2 43 f 	2485.438422970	7.141e-03	2
2 1 0 1 36 e 	2486.968208391	3.900e-03	1
1 3 0 1 19 e 	2489.325616069	2.943e-02	2
1 3 0 1 19 f 	2489.434333261	2.850e-02	2
0 4 0 0 43 e 	2490.664214514	8.000e-04	4
1 2 0 0 54 e 	2494.685714499	1.424e-04	2
1 3 0 1 20 e 	2497.455611979	2.905e-02	2
1 3 0 1 20 f 	2497.574213636	2.850e-02	2
2 0 0 0 62 e 	2497.872650821	9.053e-04	6
0 0 1 0 46 e 	2497.944583753	3.564e-03	2
0 2 0 0 84 e 	2498.031083713	2.040e-03	1
2 1 0 1 37 e 	2501.907600297	3.900e-03	2
2 1 0 1 37 f 	2502.249300154	3.900e-03	1
0 4 0 2 44 e 	2503.356259325	8.660e-03	1
0 4 0 2 44 f 	2503.386363311	8.660e-03	1
1 3 0 1 21 e 	2505.988811510	3.394e-02	2
1 3 0 1 21 f 	2506.118462759	2.850e-02	2
0 4 0 0 44 e 	2508.606929215	1.334e-04	6
1 0 0 0 90 e 	2512.436127742	2.253e-03	2
1 3 0 1 22 e 	2514.850141746	4.476e-06	3
1 3 0 1 22 f 	2515.070996266	4.013e-06	3
0 0 1 0 47 e 	2516.880496107	3.564e-03	2
1 2 0 0 55 e 	2516.986622766	2.847e-04	2
0 4 0 2 45 e 	2521.698527599	8.660e-03	1
0 4 0 2 45 f 	2521.734759496	8.660e-03	1
2 0 0 0 63 e 	2523.233376837	9.748e-04	4
1 3 0 1 23 e 	2524.269918825	4.489e-02	2
1 3 0 1 23 f 	2524.427838310	2.850e-02	2
0 4 0 0 45 e 	2526.956721234	8.002e-04	3
2 1 0 1 39 e 	2532.987191549	2.003e-04	3
2 1 0 1 39 f 	2533.367338286	2.002e-04	1
1 3 0 1 24 e 	2534.023112127	4.582e-02	2
1 3 0 1 24 f 	2534.191386189	2.850e-02	2
0 0 1 0 48 e 	2536.218757036	3.564e-03	1
1 2 0 0 56 e 	2539.736891224	1.000e-01	1
0 4 0 2 46 e 	2540.450879974	8.660e-03	1
0 4 0 2 46 f 	2540.491461498	8.660e-03	1
1 3 0 1 25 e 	2544.080895823	5.005e-04	3
1 3 0 1 25 f 	2544.358203971	2.850e-02	2
0 4 0 0 46 e 	2545.713942099	8.005e-04	4
2 0 0 0 64 e 	2548.995190644	1.051e-03	4
1 0 0 0 91 e 	2549.112405016	2.287e-03	2
2 1 0 1 40 e 	2549.134390057	3.900e-03	2
2 1 0 1 40 f 	2549.534864458	4.000e-03	1
1 3 0 1 26 e 	2554.733572706	4.276e-02	2
1 3 0 1 26 f 	2554.930694007	2.850e-02	2
0 0 1 0 49 e 	2555.958533830	5.094e-05	3
3 0 0 0 0 e 	2555.990547572	5.657e-03	1
3 0 0 0 1 e 	2556.392559777	4.000e-03	3
3 0 0 0 2 e 	2557.196583039	4.000e-03	2
3 0 0 0 3 e 	2558.402974613	4.000e-03	2
0 4 0 2 47 e 	2559.612914398	8.660e-03	1
3 0 0 0 4 e 	2560.011999637	4.000e-03	4
3 0 0 0 5 e 	2562.021567250	4.000e-03	4
1 2 0 0 57 e 	2562.853568479	1.000e-01	2
3 0 0 0 6 e 	2564.433811379	4.000e-03	3
0 4 0 0 47 e 	2564.878758130	8.007e-04	4
1 3 0 1 27 e 	2565.597308624	6.673e-04	3
2 1 0 1 41 e 	2565.681518109	3.900e-03	1
1 3 0 1 27 f 	2565.927574041	2.670e-04	3
3 0 0 0 7 e 	2567.250013808	4.000e-03	1
0 2 0 0 86 e 	2567.437484649	2.114e-03	1
3 0 0 0 8 e 	2570.463540813	4.000e-03	1
3 0 0 0 9 e 	2574.081454998	1.091e-04	3
2 0 0 0 65 e 	2575.157996133	1.121e-03	4
0 1 1 1 1 e 	2575.711502891	2.023e-05	1
0 1 1 1 1 f 	2575.711933502	2.023e-05	1
0 0 1 0 50 e 	2576.100715660	5.608e-05	3
0 1 1 1 2 e 	2576.519609961	4.300e-03	3
0 1 1 1 2 f 	2576.520378687	6.081e-03	2
1 3 0 1 28 e 	2577.071546889	4.472e-02	2
1 3 0 1 28 f 	2577.296755425	2.850e-02	2
0 1 1 1 3 e 	2577.731050712	4.300e-03	3
0 1 1 1 3 f 	2577.733110330	4.300e-03	3
3 0 0 0 10 e 	2578.102064133	3.900e-03	4
0 1 1 1 4 e 	2579.346164156	6.081e-03	2
0 1 1 1 4 f 	2579.349811318	6.081e-03	3
0 1 1 1 5 e 	2581.365218876	4.300e-03	4
0 1 1 1 5 f 	2581.371022401	4.300e-03	4
3 0 0 0 11 e 	2582.522868105	3.900e-03	4
2 1 0 1 42 e 	2582.633873669	4.000e-03	1
2 1 0 1 42 f 	2583.074064458	4.000e-03	1
0 1 1 1 6 e 	2583.788072722	4.300e-03	2
0 1 1 1 6 f 	2583.796463504	4.300e-03	2
0 4 0 0 48 e 	2584.450984643	8.011e-04	2
0 3 0 1 70 f 	2586.062782306	5.140e-03	1
1 0 0 0 92 e 	2586.188701846	2.320e-03	3
1 2 0 0 58 e 	2586.368196866	1.000e-01	3
0 1 1 1 7 e 	2586.614375573	2.170e-06	4
0 1 1 1 7 f 	2586.626449588	2.195e-06	4
3 0 0 0 12 e 	2587.347326534	3.900e-03	4
1 3 0 1 29 e 	2588.730574864	5.000e-02	1
1 3 0 1 29 f 	2589.100793881	5.000e-02	1
0 1 1 1 8 e 	2589.844806817	2.726e-06	4
0 1 1 1 8 f 	2589.860330457	2.745e-06	4
3 0 0 0 13 e 	2592.572924666	3.900e-03	3
0 1 1 1 9 e 	2593.479016448	2.006e-05	3
0 1 1 1 9 f 	2593.498419685	2.011e-05	2
0 0 1 0 51 e 	2596.645060661	3.565e-03	2
0 1 1 1 10 e 	2597.517529697	4.000e-03	2
0 1 1 1 10 f 	2597.541900020	4.300e-03	1
3 0 0 0 14 e 	2598.200187028	3.900e-03	2
2 1 0 1 43 e 	2599.990119002	4.000e-03	2
2 1 0 1 43 f 	2600.451397327	4.000e-03	1
1 3 0 1 30 e 	2600.905765879	5.000e-02	1
1 3 0 1 30 f 	2601.319122212	5.000e-02	1
2 0 0 0 66 e 	2601.721756011	1.187e-03	4
0 1 1 1 11 e 	2601.958242468	4.000e-03	2
0 1 1 1 11 f 	2601.986743867	4.300e-03	1
3 0 0 0 15 e 	2604.230292896	3.900e-03	2
0 4 0 0 49 e 	2604.430284299	8.014e-04	4
0 1 1 1 12 e 	2606.804845918	4.000e-03	2
0 1 1 1 12 f 	2606.839161369	4.300e-03	1
1 2 0 0 59 e 	2610.287258859	1.000e-01	3
3 0 0 0 16 e 	2610.661539423	3.900e-03	3
0 1 1 1 13 e 	2612.053741512	4.300e-03	1
0 1 1 1 13 f 	2612.092940277	4.300e-03	1
1 3 0 1 31 e 	2613.650608060	6.277e-02	2
1 3 0 1 31 f 	2613.925044515	2.850e-02	2
3 0 0 0 17 e 	2617.494501048	3.900e-03	2
0 0 1 0 52 e 	2617.591208757	3.565e-03	2
0 1 1 1 14 e 	2617.706425601	4.300e-03	2
2 1 0 1 44 e 	2617.746776910	4.000e-03	2
0 1 1 1 14 f 	2617.751992417	4.300e-03	2
2 1 0 1 44 f 	2618.228075464	4.000e-03	2
1 0 0 0 93 e 	2623.664918838	2.352e-03	3
0 1 1 1 15 e 	2623.763475602	4.000e-03	3
0 1 1 1 15 f 	2623.815318263	4.300e-03	2
3 0 0 0 18 e 	2624.730395306	3.900e-03	4
0 4 0 0 50 e 	2624.817038015	8.019e-04	3
1 3 0 1 32 e 	2626.642170711	5.983e-02	2
1 3 0 1 32 f 	2626.934022467	2.850e-02	2
2 0 0 0 67 e 	2628.686376801	1.250e-03	5
0 1 1 1 16 e 	2630.223730284	4.300e-03	2
0 1 1 1 16 f 	2630.282198842	4.300e-03	2
3 0 0 0 19 e 	2632.366740967	5.019e-04	5
1 2 0 0 60 e 	2634.610698770	1.414e-01	2
2 1 0 1 45 e 	2635.905332839	1.348e-04	3
0 5 0 1 1 e 	2635.999497432	7.072e-03	1
0 5 0 1 1 f 	2635.999651060	7.072e-03	1
2 1 0 1 45 f 	2636.409440194	1.354e-04	3
0 5 0 1 2 e 	2636.815079324	5.000e-03	4
0 5 0 1 2 f 	2636.817656628	5.000e-03	4
0 1 1 1 17 e 	2637.087885865	4.300e-03	2
0 1 1 1 17 f 	2637.153715738	4.300e-03	2
0 5 0 1 3 e 	2638.038450657	5.000e-03	3
0 5 0 1 3 f 	2638.044663476	5.000e-03	3
0 0 1 0 53 e 	2638.939059299	3.565e-03	3
0 5 0 1 4 e 	2639.667794490	5.000e-03	2
0 5 0 1 4 f 	2639.681075417	5.000e-03	3
1 3 0 1 33 e 	2640.048378206	7.168e-02	2
1 3 0 1 33 f 	2640.359789253	2.850e-02	2
3 0 0 0 20 e 	2640.406058890	3.900e-03	3
0 5 0 1 5 e 	2641.712796002	5.000e-03	3
0 5 0 1 5 f 	2641.720018672	5.000e-03	4
0 3 0 1 72 e 	2642.564167128	7.230e-03	1
0 5 0 1 6 e 	2644.159517160	7.071e-03	1
0 5 0 1 6 f 	2644.174010493	7.071e-03	1
0 3 0 1 72 f 	2644.275689418	5.170e-03	1
0 1 1 1 18 e 	2644.354837090	4.300e-03	2
0 1 1 1 18 f 	2644.429122563	4.300e-03	1
0 4 0 0 51 e 	2645.615377035	5.000e-03	1
3 0 0 0 21 e 	2648.847037290	3.800e-03	3
0 1 1 1 19 e 	2652.026502948	4.000e-03	3
0 1 1 1 19 f 	2652.108488306	4.300e-03	2
1 3 0 1 34 e 	2653.860456651	7.904e-02	2
0 5 0 1 9 e 	2653.940352284	5.000e-03	2
0 5 0 1 9 f 	2653.994640680	5.000e-03	1
1 3 0 1 34 f 	2654.200654517	3.337e-04	3
2 1 0 1 46 e 	2654.469277599	4.000e-03	2
2 1 0 1 46 f 	2654.993815686	4.000e-03	1
2 0 0 0 68 e 	2656.051800761	1.310e-03	3
3 0 0 0 22 e 	2657.688539179	3.800e-03	3
0 5 0 1 10 e 	2658.018103727	5.000e-03	1
0 5 0 1 10 f 	2658.083630694	5.000e-03	2
1 2 0 0 61 e 	2659.338466031	1.732e-01	1
0 1 1 1 20 e 	2660.101222079	4.000e-03	3
0 1 1 1 20 f 	2660.191953777	4.300e-03	2
0 0 1 0 54 e 	2660.688678164	3.565e-03	3
1 0 0 0 94 e 	2661.541098742	2.424e-03	4
0 5 0 1 11 e 	2662.503824654	4.500e-03	3
0 5 0 1 11 f 	2662.583842072	5.000e-03	2
0 4 0 0 52 e 	2666.816558757	5.001e-03	2
3 0 0 0 23 e 	2666.932488031	6.683e-04	3
0 5 0 1 12 e 	2667.394068862	4.500e-03	5
0 5 0 1 12 f 	2667.491114810	5.000e-03	2
1 3 0 1 35 e 	2668.077990775	8.344e-02	2
1 3 0 1 35 f 	2668.425611838	2.850e-02	2
0 1 1 1 21 e 	2668.579748358	4.000e-03	2
0 1 1 1 21 f 	2668.679549843	4.300e-03	1
0 5 0 1 13 e 	2672.697634754	1.000e-04	6
0 5 0 1 13 f 	2672.807848811	4.500e-03	4
2 1 0 1 47 f 	2673.983658066	4.000e-03	2
3 0 0 0 24 e 	2676.578903984	3.800e-03	2
0 1 1 1 22 e 	2677.461620648	4.000e-03	2
0 1 1 1 22 f 	2677.570562409	3.471e-06	2
0 5 0 1 14 e 	2678.406400434	4.500e-03	3
0 5 0 1 14 f 	2678.532702986	4.500e-03	4
1 3 0 1 36 e 	2682.498227325	3.337e-04	3
0 0 1 0 55 e 	2682.840060252	3.565e-03	2
0 4 0 2 53 e 	2682.977961632	7.180e-03	1
1 3 0 1 36 f 	2683.062272731	2.850e-02	2
2 0 0 0 69 e 	2683.817932414	1.369e-03	5
1 2 0 0 62 e 	2684.419586668	1.188e-03	1
0 5 0 1 15 e 	2684.523269677	4.500e-03	2
0 5 0 1 15 f 	2684.668688110	4.500e-03	2
3 0 0 0 25 e 	2686.627093261	3.800e-03	3
0 1 1 1 23 e 	2686.747511546	4.000e-03	2
0 1 1 1 23 f 	2686.866319214	4.300e-03	1
0 4 0 0 53 e 	2688.427434286	5.001e-03	1
0 5 0 1 16 e 	2691.047832379	4.500e-03	4
0 5 0 1 16 f 	2691.211471831	4.500e-03	2
2 1 0 1 48 e 	2692.803989398	4.000e-03	1
2 1 0 1 48 f 	2693.377314655	4.000e-03	1
0 1 1 1 24 f 	2696.564293326	4.300e-03	1
3 0 0 0 26 e 	2697.074550499	3.800e-03	2
1 3 0 1 37 e 	2697.715332976	9.780e-02	2
0 5 0 1 17 e 	2697.979111172	5.000e-03	3
1 3 0 1 37 f 	2698.105266483	2.850e-02	2
0 5 0 1 17 f 	2698.164729143	5.000e-03	3
1 0 0 0 95 e 	2699.816950595	2.462e-03	3
0 5 0 1 18 e 	2705.318141291	4.500e-03	3
0 0 1 0 56 e 	2705.393198615	3.566e-03	2
0 5 0 1 18 f 	2705.525563800	5.000e-03	3
0 1 1 1 25 e 	2706.528273348	4.300e-03	2
0 1 1 1 25 f 	2706.668684875	4.300e-03	1
3 0 0 0 27 e 	2707.925705038	3.800e-03	3
1 2 0 0 63 e 	2709.955841379	1.121e-03	3
2 0 0 0 70 e 	2711.984732351	1.422e-03	4
2 1 0 1 49 e 	2712.575066179	4.000e-03	1
0 5 0 1 19 e 	2713.064651189	4.500e-03	5
1 3 0 1 38 e 	2713.156059584	1.011e-01	2
2 1 0 1 49 f 	2713.169290426	4.000e-03	2
0 5 0 1 19 f 	2713.295818476	4.500e-03	4
1 3 0 1 38 f 	2713.564716451	2.850e-02	2
0 1 1 1 26 e 	2717.025093120	2.669e-04	4
0 1 1 1 26 f 	2717.176250288	2.669e-04	1
3 0 0 0 28 e 	2719.177684197	4.000e-03	1
0 5 0 1 20 e 	2721.220196189	4.500e-03	5
0 5 0 1 20 f 	2721.475095872	4.500e-03	6
0 0 1 0 57 e 	2728.347207602	2.310e-04	2
1 3 0 1 39 e 	2728.760918109	5.000e-02	1
1 3 0 1 39 f 	2729.431533724	5.000e-02	1
0 5 0 1 21 e 	2729.783016783	4.500e-03	3
0 5 0 1 21 f 	2730.062794174	4.500e-03	5
3 0 0 0 29 e 	2730.832156210	3.800e-03	3
2 2 0 0 1 e 	2731.803938857	4.000e-03	1
2 2 0 0 2 e 	2732.613643963	4.000e-03	2
2 1 0 1 50 e 	2732.749789398	4.000e-03	1
0 4 0 0 55 e 	2732.862548767	5.001e-03	1
2 1 0 1 50 f 	2733.367875867	4.100e-03	2
2 2 0 0 3 e 	2733.828128144	4.000e-03	2
2 2 0 0 4 e 	2735.447418622	4.000e-03	2
1 2 0 0 64 e 	2735.896255668	1.188e-03	1
2 2 0 0 5 e 	2737.471561788	5.273e-05	3
1 0 0 0 96 e 	2738.492517745	2.627e-03	2
0 5 0 1 22 e 	2738.752485803	4.500e-03	3
0 5 0 1 22 f 	2739.059204933	5.000e-03	3
0 1 1 1 28 e 	2739.227405251	4.000e-03	1
2 2 0 0 6 e 	2739.900501719	4.000e-03	2
2 0 0 0 71 e 	2740.552090042	1.474e-03	2
2 2 0 0 7 e 	2742.734259774	4.000e-03	1
3 0 0 0 30 e 	2742.886768062	1.078e-04	5
1 3 0 1 40 e 	2744.997288392	5.000e-02	1
1 3 0 1 40 f 	2745.707264458	5.000e-02	1
2 2 0 0 8 e 	2745.972854560	4.000e-03	1
0 5 0 1 23 e 	2748.129117425	4.500e-03	3
0 5 0 1 23 f 	2748.465992320	5.000e-03	2
2 2 0 0 9 e 	2749.616215764	4.000e-03	1
0 0 1 0 58 e 	2751.703714835	5.653e-04	3
2 2 0 0 10 e 	2753.664055044	3.365e-04	3
3 0 0 0 31 e 	2755.343664923	3.800e-03	3
0 4 0 0 56 e 	2755.694891224	5.001e-03	1
0 5 0 1 24 e 	2757.914540731	4.500e-03	5
2 2 0 0 11 e 	2758.117215764	4.000e-03	1
0 5 0 1 24 f 	2758.277636078	4.500e-03	6
1 3 0 1 41 e 	2761.637937271	5.000e-02	1
1 2 0 0 65 e 	2762.192904230	1.000e-01	2
1 3 0 1 41 f 	2762.383697327	5.000e-02	1
2 2 0 0 12 e 	2762.974932970	4.000e-03	1
0 1 1 1 30 e 	2763.043198047	4.000e-03	2
0 1 1 1 30 f 	2763.243605678	4.300e-03	1
0 3 0 1 76 f 	2765.564319024	5.229e-03	1
0 5 0 1 25 e 	2768.106423348	5.000e-03	2
3 0 0 0 32 e 	2768.202722729	3.800e-03	4
2 2 0 0 13 e 	2768.237394723	4.000e-03	1
0 5 0 1 25 f 	2768.501132517	5.000e-03	3
2 0 0 0 72 e 	2769.519938208	1.525e-03	4
2 2 0 0 14 e 	2773.904652829	4.000e-03	2
2 1 0 1 52 e 	2774.302968631	4.001e-03	2
0 0 1 0 59 e 	2775.461360902	6.005e-04	5
0 1 1 1 31 e 	2775.557474864	4.300e-03	1
0 1 1 1 31 f 	2775.771093881	4.300e-03	2
1 3 0 1 42 e 	2778.675873669	5.000e-02	1
0 5 0 1 26 e 	2778.708614496	5.000e-03	3
0 4 0 0 57 e 	2778.928341736	5.001e-03	1
0 5 0 1 26 f 	2779.132991991	4.500e-03	3
1 3 0 1 42 f 	2779.463835242	5.000e-02	1
2 2 0 0 15 e 	2779.976611214	4.000e-03	2
3 0 0 0 33 e 	2781.462244692	3.800e-03	3
2 2 0 0 16 e 	2786.453307369	4.000e-03	2
0 1 1 1 32 e 	2788.472465879	4.300e-03	1
0 1 1 1 32 f 	2788.700022212	4.300e-03	1
1 2 0 0 66 e 	2788.941464295	1.000e-01	2
0 5 0 1 27 e 	2789.716528743	4.500e-03	4
0 5 0 1 27 f 	2790.173867454	4.500e-03	4
2 2 0 0 17 e 	2793.334724595	4.000e-03	2
3 0 0 0 34 e 	2795.124032797	3.800e-03	3
2 1 0 1 53 e 	2795.684809800	4.101e-03	1
1 3 0 1 43 e 	2796.120000733	5.000e-02	1
1 3 0 1 43 f 	2796.953588311	5.000e-02	1
2 0 0 0 73 e 	2798.888200770	1.574e-03	3
0 0 1 0 60 e 	2799.620432384	7.172e-04	4
2 2 0 0 18 e 	2800.620795210	4.000e-03	2
0 5 0 1 28 e 	2801.132051894	4.500e-03	4
0 5 0 1 28 f 	2801.622442694	4.500e-03	3
0 1 1 1 33 e 	2801.792434175	4.300e-03	1
0 1 1 1 33 f 	2802.033854063	4.300e-03	1
2 2 0 0 19 e 	2808.311600432	4.000e-03	2
3 0 0 0 35 e 	2809.185944849	3.800e-03	3
0 5 0 1 29 e 	2812.953501965	4.500e-03	3
0 5 0 1 29 f 	2813.480160215	4.500e-03	4
1 3 0 1 44 e 	2813.975280151	5.000e-02	1
1 3 0 1 44 f 	2814.835915686	5.000e-02	1
0 1 1 1 34 e 	2815.514983513	4.300e-03	2
0 1 1 1 34 f 	2815.770803353	4.300e-03	2
1 2 0 0 67 e 	2816.126667141	1.000e-01	1
2 2 0 0 20 e 	2816.407128062	2.370e-04	3
2 1 0 1 54 e 	2817.467307629	4.113e-03	2
2 1 0 1 54 f 	2818.186544343	4.102e-03	1
3 0 0 0 36 e 	2823.648834361	3.800e-03	2
0 0 1 0 61 e 	2824.180864625	8.171e-04	4
2 2 0 0 21 e 	2824.907184515	4.000e-03	2
0 5 0 1 30 f 	2825.747479382	4.500e-03	4
0 4 0 0 59 e 	2826.624586462	5.021e-03	1
2 0 0 0 74 e 	2828.656797280	1.623e-03	3
0 1 1 1 35 e 	2829.640753760	1.668e-04	5
0 1 1 1 35 f 	2829.911683067	1.669e-04	3
1 3 0 1 45 e 	2832.240676389	5.000e-02	1
1 3 0 1 45 f 	2833.141776498	5.000e-02	1
2 2 0 0 22 e 	2833.811893090	4.000e-03	1
0 5 0 1 31 e 	2837.821300708	4.500e-03	4
0 5 0 1 31 f 	2838.421970677	4.500e-03	2
3 0 0 0 37 e 	2838.515687538	3.900e-03	2
2 1 0 1 55 e 	2839.654312888	4.102e-03	1
2 1 0 1 55 f 	2840.399495093	4.102e-03	1
2 2 0 0 23 e 	2843.121216087	4.000e-03	1
1 2 0 0 68 e 	2843.744226351	1.000e-01	1
0 1 1 1 36 e 	2844.169779380	4.661e-06	2
0 1 1 1 36 f 	2844.456218049	6.421e-06	1
0 0 1 0 62 e 	2849.142595433	9.059e-04	4
0 5 0 1 32 e 	2850.864088193	1.701e-04	6
1 3 0 1 46 e 	2850.897175047	5.000e-02	1
0 4 0 0 60 e 	2851.081006860	5.036e-03	1
0 5 0 1 32 f 	2851.504237600	1.001e-04	4
1 3 0 1 46 f 	2851.846162565	5.000e-02	1
2 2 0 0 24 e 	2852.835216464	4.000e-03	2
3 0 0 0 38 e 	2853.780336083	1.708e-04	5
2 0 0 0 75 e 	2858.825648955	1.670e-03	3
0 1 1 1 37 e 	2859.102036557	4.000e-03	1
2 2 0 0 25 e 	2862.953727163	4.000e-03	2
2 1 0 1 56 f 	2863.017108888	4.116e-03	1
0 5 0 1 33 e 	2864.318556752	5.000e-03	2
0 5 0 1 33 f 	2864.997715534	5.000e-03	3
3 0 0 0 39 e 	2869.448096570	3.900e-03	4
1 3 0 1 47 e 	2869.969124786	2.364e-04	2
1 3 0 1 47 f 	2870.953939634	5.000e-02	1
1 2 0 0 69 e 	2871.690120776	1.000e-01	1
2 2 0 0 26 e 	2873.476784197	4.000e-03	1
0 1 1 1 38 e 	2874.437350400	1.669e-04	3
0 0 1 0 63 e 	2874.505558703	9.751e-04	3
0 1 1 1 38 f 	2874.755752832	1.336e-04	2
0 4 0 0 61 e 	2875.949294413	5.051e-03	1
0 5 0 1 34 e 	2878.177791512	5.000e-03	3
0 5 0 1 34 f 	2878.898397860	5.000e-03	2
2 2 0 0 27 e 	2884.404449591	4.000e-03	1
2 1 0 1 57 e 	2885.228312888	4.102e-03	1
3 0 0 0 40 e 	2885.516401688	3.900e-03	3
2 1 0 1 57 f 	2886.033730187	4.113e-03	1
2 0 0 0 76 e 	2889.394671691	1.714e-03	2
0 1 1 1 39 e 	2890.175281170	2.669e-04	4
1 3 0 1 48 f 	2890.466104427	2.735e-04	2
0 1 1 1 39 f 	2890.510586450	2.669e-04	3
0 5 0 1 35 e 	2892.445689417	5.000e-03	2
0 5 0 1 35 f 	2893.207665920	5.000e-03	1
2 2 0 0 28 e 	2895.736605251	4.000e-03	1
0 0 1 0 64 e 	2900.270106026	3.695e-03	1
0 4 0 0 62 e 	2901.217394370	5.067e-03	1
3 0 0 0 41 e 	2901.986742459	3.900e-03	3
0 1 1 1 40 e 	2906.316790057	4.300e-03	2
0 1 1 1 40 f 	2906.669715581	4.300e-03	2
0 5 0 1 36 e 	2907.118959844	5.000e-03	2
2 2 0 0 29 e 	2907.472943582	2.700e-04	2
0 5 0 1 36 f 	2907.925146047	5.000e-03	1
2 1 0 1 58 e 	2908.621424765	4.320e-03	1
1 0 1 0 0 e 	2918.105099943	1.000e-04	2
1 0 1 0 1 e 	2918.507306122	1.000e-04	4
3 0 0 0 42 e 	2918.856952969	2.035e-04	4
1 0 1 0 2 e 	2919.311683022	5.273e-05	3
2 2 0 0 30 e 	2919.614265386	4.000e-03	1
2 0 0 0 77 e 	2920.363788449	1.759e-03	3
1 0 1 0 3 e 	2920.518298182	1.000e-04	3
1 0 1 0 4 e 	2922.127161451	1.000e-04	4
0 1 1 1 41 e 	2922.860668195	4.000e-03	2
0 5 0 1 37 f 	2923.050507477	5.000e-03	3
0 1 1 1 41 f 	2923.230233724	4.300e-03	1
1 0 1 0 5 e 	2924.138168307	1.000e-04	4
0 0 1 0 65 e 	2926.435268965	3.716e-03	2
1 0 1 0 6 e 	2926.551362372	1.000e-04	6
0 4 0 0 63 e 	2926.898229088	5.079e-03	1
1 0 1 0 7 e 	2929.366697972	1.000e-04	5
2 2 0 0 31 e 	2932.159806312	4.000e-03	1
1 0 1 0 8 e 	2932.584207813	1.000e-04	5
1 4 0 2 3 e 	2934.655997566	1.532e-02	1
3 0 0 0 43 e 	2936.129970996	3.900e-03	2
1 0 1 0 9 e 	2936.203917898	1.000e-04	5
0 5 0 1 38 e 	2937.686876369	5.000e-03	3
1 4 0 2 5 e 	2938.321239583	1.139e-02	1
1 4 0 2 5 f 	2938.321252316	1.139e-02	1
1 4 0 0 2 e 	2938.367513308	4.000e-03	1
0 5 0 1 38 f 	2938.580876821	5.000e-03	2
1 4 0 0 3 e 	2939.588138857	4.000e-03	1
0 1 1 1 42 e 	2939.808023640	4.000e-03	2
0 1 1 1 42 f 	2940.196264458	4.300e-03	1
1 0 1 0 10 e 	2940.225838835	1.000e-04	4
1 4 0 0 5 e 	2943.249917431	4.000e-03	1
1 4 0 2 7 e 	2943.615275366	1.138e-02	1
1 4 0 2 7 f 	2943.615288098	1.138e-02	1
1 0 1 0 11 e 	2944.649815349	1.000e-04	5
1 4 0 0 7 e 	2948.485453776	1.050e-02	1
1 0 1 0 12 e 	2949.476005844	1.000e-04	5
2 0 0 0 78 e 	2951.732910642	1.801e-03	2
1 4 0 0 8 e 	2951.794255742	1.310e-03	2
0 0 1 0 66 e 	2953.001182652	1.310e-03	1
0 5 0 1 39 e 	2953.585448109	5.000e-03	2
3 0 0 0 44 e 	2953.802330147	3.900e-03	3
0 5 0 1 39 f 	2954.527966939	5.000e-03	2
1 0 1 0 13 e 	2954.704202876	1.000e-04	5
1 4 0 0 9 e 	2955.455987754	2.670e-04	3
0 1 1 1 43 e 	2957.157818549	1.602e-05	3
0 1 1 1 43 f 	2957.564243688	1.603e-05	2
2 2 0 0 33 e 	2958.464075592	3.361e-04	2
1 4 0 0 10 e 	2959.517706906	1.438e-02	2
1 0 1 0 14 e 	2960.334522933	1.000e-04	6
1 4 0 0 11 e 	2963.993105788	1.532e-02	2
1 0 1 0 15 e 	2966.366916322	1.000e-04	6
1 4 0 0 12 e 	2968.876125152	1.347e-02	2
1 4 0 2 13 e 	2969.263868567	7.076e-03	1
1 4 0 2 13 f 	2969.264200183	7.076e-03	1
0 5 0 1 40 e 	2969.885889913	5.000e-03	2
0 5 0 1 40 f 	2970.876566704	5.000e-03	1
3 0 0 0 45 e 	2971.875140708	4.000e-03	1
2 2 0 0 34 e 	2972.222669012	4.000e-03	1
1 0 1 0 16 e 	2972.801307514	1.000e-04	6
1 4 0 0 13 e 	2974.171994604	3.606e-04	3
0 1 1 1 44 e 	2974.911373669	4.300e-03	1
0 1 1 1 44 f 	2975.335735242	4.300e-03	1
1 0 1 0 17 e 	2979.637854036	4.004e-05	5
1 4 0 0 14 e 	2979.862699460	1.215e-02	2
0 0 1 0 67 e 	2979.968727141	3.757e-03	1
1 4 0 2 15 e 	2981.069499514	7.142e-03	1
1 4 0 2 15 f 	2981.883390165	7.076e-03	1
2 1 0 1 61 f 	2982.128112115	4.156e-03	1
2 0 0 0 79 e 	2983.501957202	1.843e-03	2
1 4 0 0 15 e 	2985.966861688	8.236e-03	2
2 2 0 0 35 e 	2986.385647409	4.000e-03	2
0 5 0 1 41 e 	2986.594565456	5.000e-03	2
1 0 1 0 18 e 	2986.876418123	2.437e-06	7
1 4 0 2 16 e 	2987.582682164	7.079e-03	1
1 4 0 2 16 f 	2987.583115978	8.667e-03	1
0 5 0 1 41 f 	2987.640115525	5.000e-03	2
3 0 0 0 46 e 	2990.351899317	4.000e-03	3
1 4 0 0 16 e 	2992.476692061	8.365e-03	2
0 1 1 1 45 e 	2993.066400733	4.300e-03	1
0 1 1 1 45 f 	2993.509888311	4.300e-03	1
1 3 0 1 53 f 	2994.126157901	1.113e-04	1
1 4 0 2 17 e 	2994.502342444	7.196e-03	1
1 4 0 2 17 f 	2994.502900427	7.196e-03	1
1 0 1 0 19 e 	2994.516905497	1.000e-04	4
1 4 0 0 17 e 	2999.392895960	8.775e-03	2
2 2 0 0 36 e 	3000.952961410	4.000e-03	2
1 0 1 0 20 e 	3002.559440581	1.000e-04	6
0 5 0 1 42 e 	3003.710668060	5.000e-03	2
0 5 0 1 42 f 	3004.803264458	5.000e-03	1
2 1 0 1 62 e 	3006.207610139	4.271e-03	1
1 4 0 0 18 e 	3006.718438837	4.643e-03	3
0 0 1 0 68 e 	3007.336635201	3.818e-03	1
3 0 0 0 47 e 	3009.225750957	4.000e-03	4
1 0 1 0 21 e 	3011.003854568	1.000e-04	5
0 1 1 1 46 e 	3011.624316403	1.699e-04	2
0 1 1 1 46 f 	3012.088497696	1.731e-04	1
1 4 0 0 19 e 	3014.450602648	8.350e-04	2
2 0 0 0 80 e 	3015.670841280	1.884e-03	2
2 2 0 0 37 e 	3015.924551788	4.000e-03	1
1 0 1 0 22 e 	3019.850325701	1.000e-04	6
0 5 0 1 43 e 	3021.234937271	5.000e-03	1
0 5 0 1 43 f 	3022.375697327	5.000e-03	1
1 4 0 0 20 e 	3022.581557820	1.472e-02	2
3 0 0 0 48 e 	3028.501322280	4.000e-03	4
1 0 1 0 23 e 	3029.098496101	1.000e-04	6
0 1 1 1 47 e 	3030.585620263	4.000e-03	4
0 1 1 1 47 f 	3031.070176157	4.300e-03	4
1 4 0 0 21 e 	3031.131873234	4.000e-03	1
2 2 0 0 38 e 	3031.300357079	4.000e-03	2
2 1 0 1 63 f 	3032.588686295	4.178e-03	1
0 0 1 0 69 e 	3035.105734434	3.838e-03	1
1 3 0 1 55 f 	3038.429108978	3.518e-04	1
1 0 1 0 24 e 	3038.748586630	1.000e-04	6
1 4 0 0 22 e 	3040.082648206	4.000e-03	1
1 4 0 2 23 e 	3044.561601652	7.141e-03	1
1 4 0 2 23 f 	3044.570986925	7.141e-03	1
2 2 0 0 39 e 	3047.080336557	4.000e-03	1
3 0 0 0 49 e 	3048.178364709	4.000e-03	3
2 0 0 0 81 e 	3048.239478337	1.925e-03	2
1 0 1 0 25 e 	3048.800689996	1.385e-06	6
1 4 0 0 23 e 	3049.440355664	5.005e-04	2
0 1 1 1 48 e 	3049.948844506	1.003e-03	3
0 1 1 1 48 f 	3050.453637068	4.300e-03	3
1 4 0 2 24 e 	3054.329739899	7.141e-03	1
1 4 0 2 24 f 	3054.347310768	7.141e-03	1
1 4 0 0 24 e 	3059.204393090	4.000e-03	1
1 0 1 0 26 e 	3059.254475855	4.005e-05	7
0 4 0 0 68 e 	3061.392616569	1.348e-03	1
2 2 0 0 40 e 	3063.264563979	4.000e-03	2
1 4 0 2 25 e 	3064.504988476	7.141e-03	2
1 4 0 2 25 f 	3064.517829069	7.089e-03	2
3 0 0 0 50 e 	3068.255773508	4.001e-03	2
1 4 0 0 25 e 	3069.375438240	4.000e-03	1
0 1 1 1 49 e 	3069.715056990	4.000e-03	3
1 0 1 0 27 e 	3070.110097851	1.409e-06	6
0 1 1 1 49 f 	3070.240914784	4.300e-03	2
1 4 0 2 26 e 	3075.084548971	7.141e-03	1
1 4 0 2 26 f 	3075.098909344	7.141e-03	1
2 2 0 0 41 e 	3079.853009096	4.021e-04	2
1 4 0 0 26 e 	3079.953384197	4.000e-03	1
2 0 0 0 82 e 	3081.207779757	1.964e-03	2
1 0 1 0 28 e 	3081.367409102	4.006e-05	5
1 3 0 1 57 e 	3082.920429074	6.829e-04	2
2 1 0 1 65 f 	3084.658009001	4.251e-03	1
1 4 0 2 27 e 	3086.071706563	7.141e-03	1
1 4 0 2 27 f 	3086.087180863	7.141e-03	1
3 0 0 0 51 e 	3088.732482227	4.001e-03	2
0 1 1 1 50 e 	3089.883547990	4.300e-03	2
0 1 1 1 50 f 	3090.430795801	4.300e-03	2
0 2 1 2 3 e 	3091.333333695	1.354e-02	1
1 0 1 0 29 e 	3093.026409912	1.000e-04	5
0 5 0 1 47 e 	3095.396493883	5.002e-03	1
0 2 1 0 0 e 	3095.554410992	6.002e-05	1
2 2 0 0 42 e 	3096.845367608	4.000e-03	1
1 4 0 2 28 e 	3097.466674246	7.141e-03	1
1 4 0 2 28 f 	3097.488135049	7.141e-03	1
0 2 1 0 3 e 	3097.982128144	4.000e-03	2
0 2 1 0 4 e 	3099.599830720	1.077e-03	3
0 2 1 0 5 e 	3101.623638400	4.000e-03	2
0 2 1 0 6 e 	3104.051341235	4.000e-03	3
1 0 1 0 30 e 	3105.087145587	1.000e-04	5
0 2 1 0 7 e 	3106.883659774	4.000e-03	1
1 4 0 2 29 e 	3109.265552157	7.141e-03	1
1 4 0 2 29 f 	3109.286950357	7.141e-03	1
3 0 0 0 52 e 	3109.611317062	4.001e-03	3
0 2 1 0 8 e 	3110.120554560	4.000e-03	1
0 1 1 1 51 e 	3110.454260044	6.767e-05	4
0 1 1 1 51 f 	3111.023137541	7.160e-05	3
2 1 0 1 66 f 	3111.296928891	1.368e-03	1
0 2 1 0 9 e 	3113.762015764	4.000e-03	1
1 4 0 0 29 e 	3114.127657159	3.337e-04	2
2 2 0 0 43 e 	3114.241866626	4.000e-03	1
2 0 0 0 83 e 	3114.575661557	2.002e-03	2
0 5 0 1 48 e 	3114.960540824	5.127e-03	1
1 0 1 0 31 e 	3117.549711114	1.000e-04	5
0 2 1 0 10 e 	3117.808132970	4.000e-03	1
1 4 0 2 30 e 	3121.470764500	7.141e-03	1
1 4 0 2 30 f 	3121.496475526	7.141e-03	1
0 2 1 0 11 e 	3122.258794723	4.000e-03	1
1 4 0 0 30 e 	3126.332505251	4.000e-03	1
0 2 1 0 12 e 	3127.113988578	4.000e-03	1
1 0 1 0 32 e 	3130.413713673	1.513e-06	6
3 0 0 0 53 e 	3130.893238801	4.101e-03	2
0 1 1 1 52 e 	3131.428352952	4.301e-03	2
0 1 1 1 52 f 	3132.019196441	4.301e-03	2
2 2 0 0 44 e 	3132.042420470	4.000e-03	1
0 2 1 0 13 e 	3132.373700869	4.000e-03	1
1 4 0 2 31 e 	3134.085874013	7.141e-03	1
1 4 0 2 31 f 	3134.111872156	7.141e-03	1
0 5 0 1 49 e 	3134.924599611	5.127e-03	1
2 1 0 1 67 e 	3137.236005519	4.358e-03	1
0 2 1 0 14 e 	3138.038017081	4.000e-03	1
1 4 0 0 31 e 	3138.944120940	4.000e-03	1
1 0 1 0 33 e 	3143.679451429	4.000e-03	4
0 2 1 0 15 e 	3144.106821559	4.000e-03	1
1 4 0 2 32 e 	3147.101669678	7.141e-03	1
1 4 0 2 32 f 	3147.135462940	7.141e-03	1
2 0 0 0 84 e 	3148.343038244	2.042e-03	3
2 2 0 0 45 e 	3150.247040708	4.000e-03	1
0 2 1 0 16 e 	3150.580197656	4.000e-03	1
1 4 0 0 32 e 	3151.962565386	4.000e-03	1
3 0 0 0 54 e 	3152.570291224	4.001e-03	1
0 1 1 1 53 e 	3152.803416663	2.784e-04	2
1 0 1 0 34 e 	3157.346469598	1.553e-06	4
0 2 1 0 17 e 	3157.458027630	4.000e-03	1
0 2 1 0 18 e 	3164.740292763	4.000e-03	1
1 4 0 0 33 e 	3165.387970838	2.003e-04	2
0 2 1 2 19 e 	3165.805511504	7.071e-03	1
0 2 1 2 19 f 	3165.806483213	7.071e-03	1
2 2 0 0 46 e 	3168.855533753	4.000e-03	2
1 0 1 0 35 e 	3171.415283911	4.000e-03	4
0 2 1 0 19 e 	3172.427073234	4.000e-03	1
3 0 0 0 55 e 	3174.647999478	4.111e-03	1
0 5 0 1 51 e 	3176.076334622	5.127e-03	1
1 4 0 0 34 e 	3179.219510313	4.000e-03	1
0 0 1 0 74 e 	3179.959950818	1.624e-03	2
0 2 1 0 20 e 	3180.518348206	4.000e-03	1
0 2 1 2 21 e 	3182.396693310	7.071e-03	2
0 2 1 2 21 f 	3182.399374234	7.071e-03	2
2 0 0 0 85 e 	3182.509776247	2.077e-03	2
1 0 1 0 36 e 	3185.885535017	4.000e-03	3
2 2 0 0 47 e 	3187.867966107	4.000e-03	2
1 4 0 2 35 f 	3188.644681228	7.074e-03	1
0 2 1 0 21 e 	3189.014054027	1.888e-06	1
1 4 0 0 35 e 	3193.457943031	4.000e-03	1
0 1 1 1 55 e 	3196.762309800	4.301e-03	1
0 1 1 1 55 f 	3197.421995093	4.301e-03	1
0 2 1 2 23 e 	3200.614797768	7.071e-03	1
1 0 1 0 37 e 	3200.756876760	4.000e-03	4
0 2 1 0 23 e 	3207.218578089	1.609e-06	2
2 2 0 0 48 e 	3207.284265147	6.112e-05	4
1 4 0 0 36 e 	3208.103169012	4.000e-03	1
1 0 1 0 38 e 	3216.029793101	4.000e-03	4
2 0 0 0 86 e 	3217.075824946	2.114e-03	2
0 1 1 1 56 e 	3219.343831158	4.312e-03	3
3 0 0 0 57 e 	3220.009799478	4.111e-03	1
0 1 1 1 56 f 	3220.027871813	4.302e-03	3
2 1 0 1 70 f 	3221.867770738	6.637e-03	1
1 4 0 0 37 e 	3223.155051788	4.000e-03	1
2 2 0 0 49 e 	3227.104481979	4.000e-03	2
1 0 1 0 39 e 	3231.703948315	1.682e-06	5
0 2 1 0 26 e 	3237.557984197	4.000e-03	1
1 4 0 0 38 e 	3238.613653808	4.000e-03	1
0 0 1 0 76 e 	3240.704909377	2.046e-03	1
0 5 0 1 54 e 	3240.845537083	5.163e-03	1
0 1 1 1 57 e 	3242.327712888	4.302e-03	1
0 1 1 1 57 f 	3243.036730187	4.312e-03	1
3 0 0 0 58 e 	3243.288079271	4.111e-03	1
2 2 0 0 50 e 	3247.328413966	4.000e-03	1
1 0 1 0 40 e 	3247.779596168	4.000e-03	4
0 2 1 0 27 e 	3248.479703934	1.149e-03	1
2 3 0 1 4 e 	3249.311051072	1.935e-04	1
2 1 0 1 71 f 	3250.515252840	6.649e-03	1
2 0 0 0 87 e 	3252.041082596	2.150e-03	3
0 2 1 2 28 e 	3253.206458102	7.071e-03	1
0 2 1 2 28 f 	3253.213654219	7.071e-03	1
1 4 0 0 39 e 	3254.478836557	4.000e-03	1
0 2 1 0 28 e 	3259.805905251	4.000e-03	1
0 5 0 1 55 e 	3263.253166489	5.137e-03	1
1 0 1 0 41 e 	3264.256343872	4.000e-03	3
0 1 1 1 58 e 	3265.715524765	4.510e-03	1
0 1 1 1 58 f 	3266.448608888	4.315e-03	1
2 2 0 0 51 e 	3267.956328283	5.060e-04	2
1 4 0 0 40 e 	3270.750699515	6.672e-04	2
0 2 1 0 29 e 	3271.536220940	4.000e-03	1
0 2 1 2 30 e 	3277.077469754	7.071e-03	1
0 2 1 2 30 f 	3277.083800866	7.071e-03	1
2 1 0 1 72 e 	3278.731887531	5.209e-03	2
2 1 0 1 72 f 	3279.564294948	6.724e-03	1
1 0 1 0 42 e 	3281.134381459	4.000e-03	2
1 3 0 1 65 e 	3282.256005251	3.535e-01	1
0 2 1 0 30 e 	3283.670833281	2.043e-06	2
1 3 0 1 65 f 	3284.109474338	3.535e-01	1
2 0 0 0 88 e 	3287.405447928	2.184e-03	2
1 4 0 0 41 e 	3287.429084602	4.000e-03	1
2 2 0 0 52 e 	3288.987646864	4.001e-03	1
0 1 1 1 59 e 	3289.505778884	4.425e-03	2
0 2 1 2 31 e 	3289.616867089	8.728e-03	1
0 1 1 1 59 f 	3290.263597339	4.342e-03	1
3 0 0 0 60 e 	3291.052468813	9.060e-04	1
0 2 1 0 31 e 	3296.209513626	4.000e-03	2
1 0 1 0 43 e 	3298.413718419	4.000e-03	3
2 1 0 1 73 e 	3308.147526106	6.725e-03	1
2 1 0 1 73 f 	3309.013629401	6.735e-03	1
0 2 1 0 32 e 	3309.152497205	2.389e-06	2
2 2 0 0 53 e 	3310.422834286	4.001e-03	1
0 1 1 1 60 e 	3313.696755416	4.429e-03	1
0 1 1 1 60 f 	3314.479077689	4.360e-03	1
3 0 0 0 61 e 	3315.529817685	4.163e-03	1
1 0 1 0 44 e 	3316.094004941	4.000e-03	3
1 4 0 0 43 e 	3322.005728177	1.674e-04	2
0 2 1 0 33 e 	3322.499443031	4.000e-03	1
2 0 0 0 89 e 	3323.168832574	2.221e-03	2
2 2 0 0 54 e 	3332.261279954	1.155e-03	3
1 0 1 0 45 e 	3334.175024735	5.205e-05	4
0 2 1 0 34 e 	3336.250639662	4.000e-03	2
2 1 0 1 74 e 	3337.963685243	6.816e-03	1
0 1 1 1 61 e 	3338.288717776	1.355e-03	2
2 1 0 1 74 f 	3338.864230199	5.202e-03	2
0 1 1 1 61 f 	3339.097064494	7.846e-04	2
1 4 0 0 44 e 	3339.903937823	4.000e-03	1
0 2 1 0 35 e 	3350.405897409	4.000e-03	2
1 0 1 0 46 e 	3352.657576653	4.000e-03	3
1 4 0 2 45 f 	3353.419877692	7.074e-03	1
2 2 0 0 55 e 	3354.503845252	4.001e-03	2
2 0 0 0 90 e 	3359.331140358	2.253e-03	2
0 1 1 1 62 e 	3363.283610139	4.464e-03	1
0 1 1 1 62 f 	3364.118036767	4.364e-03	1
0 2 1 0 36 e 	3364.965211410	4.000e-03	2
0 0 1 0 80 e 	3366.996931020	1.884e-03	2
2 1 0 1 75 e 	3368.180748583	5.208e-03	3
2 1 0 1 75 f 	3369.117491346	6.822e-03	1
1 0 1 0 47 e 	3371.540679899	4.218e-05	6
0 2 1 2 37 e 	3373.356648485	7.071e-03	1
0 2 1 2 37 f 	3373.368643817	7.071e-03	1
0 2 1 0 37 e 	3379.928544173	4.000e-03	2
0 1 1 1 63 e 	3388.679281055	4.481e-03	1
0 1 1 1 63 f 	3389.540786295	4.374e-03	1
1 0 1 0 48 e 	3390.824896062	4.000e-03	3
0 2 1 0 38 e 	3395.295757079	4.000e-03	2
2 0 0 0 91 e 	3395.892333015	2.287e-03	2
0 0 1 0 81 e 	3399.569860970	2.002e-03	1
2 1 0 1 76 f 	3399.771569024	6.898e-03	1
2 2 0 0 57 e 	3400.199164099	4.002e-03	2
1 0 1 0 49 e 	3410.510013121	4.000e-03	2
0 2 1 0 39 e 	3411.067036557	4.000e-03	1
0 1 1 1 64 e 	3414.477393548	4.495e-03	1
0 1 1 1 64 f 	3415.366896261	4.392e-03	1
2 2 0 0 58 e 	3423.652101433	4.021e-03	2
1 1 1 1 1 f 	3424.542806733	9.440e-04	1
1 1 1 1 2 e 	3425.347412720	1.669e-04	2
1 1 1 1 2 f 	3425.349961184	8.005e-05	2
0 2 1 0 40 e 	3427.242160350	4.000e-03	1
2 1 0 1 77 e 	3429.816985726	6.966e-03	1
1 0 1 0 50 e 	3430.595730415	4.000e-03	2
2 1 0 1 77 f 	3430.825682377	6.975e-03	1
2 0 0 0 92 e 	3432.852187378	2.321e-03	2
1 4 0 0 49 e 	3435.492786923	4.000e-03	1
0 1 1 1 65 e 	3440.679074425	4.518e-03	1
0 2 1 0 41 e 	3443.821184602	4.000e-03	1
2 2 0 0 59 e 	3447.508290437	4.026e-03	2
1 1 1 1 11 e 	3450.722401394	1.400e-04	2
1 1 1 1 11 f 	3450.755500159	1.400e-04	2
1 0 1 0 51 e 	3451.082485574	4.000e-03	3
1 4 0 0 50 e 	3455.829252864	2.076e-04	2
2 1 0 1 78 e 	3461.236550377	7.044e-03	1
0 1 1 1 66 e 	3467.279068670	4.535e-03	1
0 1 1 1 66 f 	3468.222912772	4.461e-03	2
2 0 0 0 93 e 	3470.210736188	2.399e-03	2
2 2 0 0 60 e 	3471.767794370	4.083e-03	1
1 0 1 0 52 e 	3471.969675430	7.669e-05	4
1 1 1 1 15 f 	3472.529320982	3.419e-06	1
1 4 0 0 51 e 	3476.573577035	4.000e-03	1
0 2 1 0 43 e 	3478.190666626	4.000e-03	1
1 3 0 1 72 f 	3480.421891935	5.169e-03	2
1 1 1 1 18 e 	3493.012013255	3.654e-06	1
1 1 1 1 18 f 	3493.093252644	2.782e-06	1
1 0 1 0 53 e 	3493.257656949	4.001e-03	3
0 1 1 1 67 e 	3494.281069792	4.547e-03	2
0 1 1 1 67 f 	3495.253295581	4.479e-03	1
0 2 1 0 44 e 	3495.981037823	4.000e-03	1
2 2 0 0 61 e 	3496.431049468	1.517e-03	1
0 0 1 0 84 e 	3499.687611414	2.326e-03	1
2 0 0 0 94 e 	3507.967782593	2.442e-03	2
0 2 1 0 45 e 	3514.175240708	4.000e-03	1
1 4 0 0 53 e 	3519.279831023	2.875e-04	1
0 1 1 1 68 e 	3521.681423898	5.096e-03	2
0 1 1 1 68 f 	3522.685722481	4.496e-03	1
0 2 1 0 46 e 	3532.773020470	4.000e-03	1
1 0 1 0 55 e 	3537.035048767	4.001e-03	1
1 4 0 0 54 e 	3541.242470649	4.001e-03	1
2 0 0 0 95 e 	3546.123260230	2.487e-03	1
0 1 1 1 69 e 	3549.489811346	4.599e-03	2
0 1 1 1 69 f 	3550.521000162	6.690e-03	1
1 1 1 1 25 e 	3555.028143578	8.011e-05	2
1 1 1 1 23 f 	3555.182179214	8.010e-05	1
1 1 1 1 25 f 	3555.182184240	1.669e-04	1
1 0 1 0 56 e 	3559.524643615	4.001e-03	2
0 2 1 0 48 e 	3571.207786923	1.414e-01	1
0 1 1 1 70 e 	3577.694433155	2.059e-03	2
1 0 1 0 57 e 	3582.414564099	4.002e-03	2
2 0 0 0 96 e 	3584.677097121	2.659e-03	1
1 4 0 0 56 e 	3586.386591224	4.001e-03	1
0 0 1 0 87 e 	3603.400575856	4.384e-03	1
0 1 1 1 71 e 	3606.303747749	4.663e-03	1
0 1 1 1 71 f 	3607.392452840	6.712e-03	2
1 4 0 0 57 e 	3609.568041736	4.002e-03	1
0 3 1 1 1 e 	3615.750310473	3.022e-05	1
0 3 1 1 1 f 	3615.751151157	3.022e-05	1
0 3 1 1 2 e 	3616.559939118	3.022e-05	1
0 3 1 1 2 f 	3616.562461604	3.022e-05	1
0 2 1 2 51 e 	3625.261111179	8.728e-03	1
1 0 1 0 59 e 	3629.395286462	4.026e-03	1
0 2 1 0 51 e 	3631.815755661	4.000e-03	2
0 2 1 0 52 e 	3652.834708757	4.001e-03	2
1 0 1 0 60 e 	3653.486006860	4.045e-03	1
0 0 1 0 89 e 	3674.539306766	4.418e-03	1
1 0 1 0 61 e 	3677.976806850	8.170e-04	2
0 2 1 0 54 e 	3696.082691224	4.001e-03	1
1 0 1 0 62 e 	3702.867694370	4.083e-03	1
0 0 1 0 90 e 	3710.707358295	4.436e-03	1
0 2 1 0 55 e 	3718.311595252	4.001e-03	2
1 0 1 0 63 e 	3728.158629088	4.099e-03	1
0 2 1 0 56 e 	3740.943893615	4.001e-03	2
1 0 1 0 64 e 	3753.849456026	4.118e-03	1
3 0 0 0 77 e 	3761.561585062	4.630e-03	1
0 2 1 0 57 e 	3763.979286462	4.026e-03	1
2 4 0 0 2 e 	3764.041183308	5.000e-05	1
2 0 1 0 0 e 	3768.495713308	1.000e-01	1
2 0 1 0 1 e 	3768.897069429	1.000e-01	2
2 0 1 0 2 e 	3769.702263310	5.000e-05	3
2 0 1 0 3 e 	3770.922628144	1.000e-01	2
2 0 1 0 4 e 	3772.552662626	1.000e-01	1
2 4 0 0 7 e 	3774.170755969	5.000e-05	1
2 0 1 0 5 e 	3774.548511700	1.000e-01	2
2 0 1 0 6 e 	3776.932962627	5.000e-05	2
2 0 1 0 7 e 	3779.744965979	5.000e-05	3
2 0 1 0 8 e 	3782.975297687	1.000e-01	2
2 0 1 0 9 e 	3786.600087769	1.000e-01	2
2 0 1 0 10 e 	3790.591704572	5.000e-05	3
3 0 0 0 78 e 	3792.831009470	4.646e-03	1
2 4 0 0 12 e 	3794.427442970	5.000e-05	1
2 0 1 0 11 e 	3795.040155243	1.000e-01	2
2 0 1 0 12 e 	3799.869910774	1.000e-01	2
2 0 1 0 13 e 	3805.055134740	5.000e-05	3
2 0 1 0 14 e 	3810.712302829	1.000e-01	2
2 0 1 0 15 e 	3816.738411214	1.000e-01	2
2 4 0 0 16 e 	3817.920747081	5.001e-05	1
2 0 1 0 16 e 	3823.136427096	5.001e-05	3
3 0 0 0 79 e 	3824.498657293	4.755e-03	1
2 0 1 0 17 e 	3829.985874595	1.000e-01	2
0 2 1 0 60 e 	3835.638130902	7.172e-04	1
2 0 1 0 18 e 	3837.221695210	1.000e-01	2
2 4 0 0 19 e 	3839.789117630	5.001e-05	1
2 0 1 0 19 e 	3844.837107638	5.001e-05	2
2 0 1 0 20 e 	3852.893420484	1.000e-01	2
2 4 0 0 21 e 	3856.389563234	5.001e-05	1
3 0 0 0 80 e 	3856.564705458	4.772e-03	1
2 0 1 0 21 e 	3861.347284515	1.000e-01	2
2 0 1 0 22 e 	3870.159643104	5.001e-05	3
2 0 1 0 23 e 	3879.427405942	1.000e-01	2
2 4 0 0 24 e 	3884.319819838	5.001e-05	1
2 0 1 0 24 e 	3889.055079851	5.001e-05	3
2 0 1 0 25 e 	3899.134416087	1.000e-01	1
2 0 1 0 26 e 	3909.604212017	1.000e-01	2
2 4 0 0 27 e 	3915.881158240	5.001e-05	1
2 0 1 0 27 e 	3920.422048261	5.001e-05	3
2 0 1 0 28 e 	3931.725694724	1.000e-01	2
1 2 1 2 2 e 	3932.509129501	1.444e-02	1
1 2 1 2 3 f 	3933.720586420	1.350e-02	1
1 2 1 0 0 e 	3937.427412771	3.000e-04	2
1 2 1 0 1 e 	3937.831038642	3.000e-04	2
1 2 1 0 2 e 	3938.638413415	3.000e-04	2
1 2 1 0 3 e 	3939.849439536	3.000e-04	3
1 2 1 0 4 e 	3941.464063263	3.000e-04	3
2 0 1 0 29 e 	3943.351780952	5.001e-05	3
1 2 1 0 5 e 	3943.482406726	3.000e-04	3
1 2 1 0 6 e 	3945.904402029	3.000e-04	4
2 4 0 2 30 e 	3948.439145386	1.000e-04	1
1 2 1 0 7 e 	3948.730060415	3.000e-04	3
2 4 0 0 30 e 	3951.067355251	5.002e-05	1
1 2 1 0 8 e 	3951.959355126	3.000e-04	3
3 0 0 0 83 e 	3955.154005557	5.003e-03	1
2 0 1 0 30 e 	3955.438335319	1.000e-01	2
1 2 1 0 9 e 	3955.592287996	3.000e-04	4
1 2 1 0 10 e 	3959.641043765	1.000e-01	2
1 2 1 0 11 e 	3964.069094723	3.000e-04	1
2 0 1 0 31 e 	3967.933763626	1.000e-01	2
1 2 1 0 12 e 	3968.912710817	3.000e-04	3
2 4 0 2 32 e 	3974.003325386	1.000e-04	1
1 2 1 0 13 e 	3974.160097840	3.000e-04	3
2 4 0 0 32 e 	3976.534655386	5.002e-05	1
1 2 1 0 14 e 	3979.811117129	3.000e-04	3
2 0 1 0 32 e 	3980.779385392	5.002e-05	2
1 2 1 0 15 e 	3985.865561366	3.000e-04	4
2 4 0 2 33 e 	3987.392806312	1.000e-04	1
1 6 0 0 1 e 	3990.514638857	3.000e-04	1
1 2 1 0 16 e 	3992.323617818	3.000e-04	3
2 0 1 0 33 e 	3994.092674671	1.000e-01	2
1 6 0 0 4 e 	3994.184374617	3.000e-04	1
1 6 0 0 5 e 	3996.223117431	3.000e-04	1
1 2 1 0 17 e 	3999.185324910	3.000e-04	4
1 6 0 0 7 e 	4001.523732871	3.000e-04	2
2 4 0 0 34 e 	4003.606550313	5.002e-05	1
1 2 1 0 18 e 	4006.468695210	1.000e-01	2
2 0 1 0 34 e 	4007.757090312	5.002e-05	2
1 6 0 0 9 e 	4008.455615764	3.000e-04	1
1 6 0 0 10 e 	4012.532854560	3.000e-04	1
1 2 1 0 19 e 	4014.119100531	3.000e-04	4
2 4 0 0 35 e 	4017.743253031	5.002e-05	1
2 0 1 0 35 e 	4021.872043031	1.000e-01	1
1 2 1 0 20 e 	4022.191270603	3.000e-04	4
3 0 0 0 85 e 	4022.869645373	5.217e-03	1
1 6 0 0 13 e 	4027.212200869	3.000e-04	1
2 4 0 2 36 e 	4029.989033808	1.000e-04	1
1 2 1 0 21 e 	4030.666884623	3.000e-04	4
1 6 0 0 14 e 	4032.920788578	3.000e-04	1
2 0 1 0 36 e 	4036.370661410	1.000e-01	2
1 6 0 0 15 e 	4039.036721559	3.000e-04	1
1 2 1 0 22 e 	4039.545970770	3.000e-04	4
1 6 0 0 16 e 	4045.560757369	3.000e-04	2
2 4 0 0 37 e 	4047.216146557	5.002e-05	1
1 2 1 0 23 e 	4048.828516346	3.000e-04	3
2 0 1 0 37 e 	4051.270361807	5.002e-05	3
3 0 0 0 86 e 	4057.320768025	5.325e-03	1
1 2 1 0 24 e 	4058.514393436	3.000e-04	3
1 6 0 0 18 e 	4059.832697656	3.000e-04	1
2 4 0 2 38 e 	4060.408640350	1.000e-04	1
2 0 1 0 38 e 	4066.648307079	1.000e-01	2
1 6 0 0 19 e 	4067.580400432	3.000e-04	2
1 2 1 0 25 e 	4068.603727370	3.000e-04	4
1 6 0 0 20 e 	4075.735570484	3.000e-04	2
1 2 1 0 26 e 	4079.096440221	3.000e-04	3
2 0 1 0 39 e 	4082.354336557	1.000e-01	1
1 2 1 0 27 e 	4089.992538415	3.000e-04	2
2 4 0 2 40 e 	4092.444217608	1.000e-04	1
1 6 0 0 22 e 	4093.269993090	3.000e-04	1
2 4 0 0 40 e 	4094.418500350	5.002e-05	1
2 0 1 0 40 e 	4098.449920350	5.002e-05	1
1 2 1 0 28 e 	4101.291905598	3.000e-04	3
0 0 2 0 0 e 	4101.410489662	1.000e-01	2
0 0 2 0 1 e 	4101.811358206	1.000e-01	4
0 0 2 0 2 e 	4102.613094152	1.000e-01	3
1 6 0 0 23 e 	4102.648555942	3.000e-04	2
0 0 2 0 3 e 	4103.761121716	1.000e-01	2
0 0 2 0 4 e 	4105.395170888	3.000e-04	3
0 0 2 0 5 e 	4107.399491690	3.000e-04	5
0 0 2 0 6 e 	4109.804664638	3.000e-04	5
1 6 0 0 24 e 	4112.435466464	3.000e-04	2
0 0 2 0 7 e 	4112.610637278	3.000e-04	5
1 2 1 0 29 e 	4112.994449990	3.000e-04	3
2 0 1 0 41 e 	4115.026284602	1.000e-01	1
0 0 2 0 8 e 	4115.817493603	3.000e-04	5
0 0 2 0 9 e 	4119.425188078	3.000e-04	4
1 6 0 0 25 e 	4122.629877163	3.000e-04	2
0 0 2 0 10 e 	4123.433655062	3.000e-04	3
1 2 1 0 30 e 	4125.100335638	3.000e-04	4
0 0 2 0 11 e 	4127.842905479	3.000e-04	4
2 4 0 0 42 e 	4127.878677608	5.002e-05	1
2 0 1 0 42 e 	4131.945177831	5.002e-05	2
0 0 2 0 12 e 	4132.653110769	3.000e-04	3
1 6 0 0 26 e 	4133.232339838	3.000e-04	1
1 2 1 0 31 e 	4137.609521691	3.000e-04	3
0 0 2 0 13 e 	4137.863997949	3.000e-04	3
0 4 1 0 0 e 	4141.222713308	1.000e-01	1
0 4 1 0 1 e 	4141.658111086	1.000e-01	2
0 4 1 0 2 e 	4142.400962356	1.000e-01	2
0 0 2 0 14 e 	4143.475652966	3.000e-04	4
2 4 0 2 43 e 	4143.522736626	1.000e-04	1
0 4 1 0 3 e 	4143.667721716	1.000e-01	2
1 6 0 0 27 e 	4144.242638240	3.000e-04	1
1 2 1 2 32 e 	4144.469810313	3.000e-04	1
0 4 1 0 4 e 	4145.317952219	1.000e-01	2
0 4 1 0 5 e 	4147.360511700	1.000e-01	2
2 0 1 0 43 e 	4149.326666626	1.000e-01	1
0 0 2 0 15 e 	4149.488101640	3.000e-04	3
0 4 1 0 6 e 	4149.730862698	3.000e-04	2
1 2 1 0 32 e 	4150.521965826	3.000e-04	3
0 4 1 0 7 e 	4152.570306061	3.000e-04	2
0 4 1 0 8 e 	4155.815554637	3.000e-04	3
0 0 2 0 16 e 	4155.901217808	3.000e-04	3
0 4 1 0 9 e 	4159.466316902	3.000e-04	3
0 0 2 0 17 e 	4162.715124770	3.000e-04	4
0 4 1 0 10 e 	4163.522694348	3.000e-04	4
1 2 1 0 33 e 	4163.837424786	3.000e-04	4
2 0 1 0 44 e 	4167.095537823	1.000e-01	1
1 6 0 0 29 e 	4167.486949591	3.000e-04	1
0 4 1 0 11 e 	4167.984795420	3.000e-04	3
0 0 2 0 18 e 	4169.929695705	3.000e-04	4
1 2 1 2 34 e 	4171.510769012	3.000e-04	1
0 4 1 0 12 e 	4172.852411399	3.000e-04	4
0 0 2 0 19 e 	4177.544950946	3.000e-04	4
1 2 1 0 34 e 	4177.556139581	3.000e-04	4
0 4 1 0 13 e 	4178.125601656	3.000e-04	2
2 4 0 2 45 e 	4179.586490708	6.005e-05	1
1 6 0 0 30 e 	4179.720965386	3.000e-04	1
2 4 0 0 45 e 	4181.056180708	6.005e-05	1
0 4 1 0 14 e 	4183.804518517	3.000e-04	3
2 0 1 0 45 e 	4185.257695296	6.107e-05	2
0 0 2 0 20 e 	4185.560820746	3.000e-04	4
1 2 1 2 35 e 	4185.636451788	3.000e-04	1
0 4 1 0 15 e 	4189.888922990	3.000e-04	3
1 2 1 0 35 e 	4191.677943231	3.000e-04	3
1 6 0 0 31 e 	4192.363006312	3.000e-04	1
0 0 2 0 21 e 	4193.977384614	3.000e-04	4
0 4 1 0 16 e 	4196.378999233	3.000e-04	3
0 0 2 0 22 e 	4202.794548392	3.000e-04	3
0 4 1 0 17 e 	4203.274629039	3.000e-04	3
2 0 1 0 46 e 	4203.879420470	1.000e-01	1
1 6 0 0 32 e 	4205.413110313	3.000e-04	1
1 2 1 0 36 e 	4206.202811607	3.000e-04	4
0 4 1 0 18 e 	4210.575894262	3.000e-04	3
0 0 2 0 23 e 	4212.012306384	3.000e-04	4
1 2 1 2 37 e 	4215.095236557	3.000e-04	1
0 4 1 0 19 e 	4218.282651133	3.000e-04	4
1 6 0 0 33 e 	4218.870724671	3.000e-04	2
1 2 1 0 37 e 	4221.130794195	3.000e-04	4
0 0 2 0 24 e 	4221.630616828	3.000e-04	4
0 4 1 0 20 e 	4226.394871092	3.000e-04	4
0 0 2 0 25 e 	4231.649527539	3.000e-04	4
0 4 1 0 21 e 	4234.912685142	3.000e-04	4
1 2 1 0 38 e 	4236.461753925	3.000e-04	2
2 4 0 0 48 e 	4237.832967036	6.807e-05	1
0 0 2 0 26 e 	4242.068862133	3.000e-04	4
2 0 1 0 48 e 	4242.257637046	6.807e-05	2
0 4 1 0 22 e 	4243.836071251	3.000e-04	4
1 2 1 2 39 e 	4246.165836557	3.000e-04	1
0 4 1 2 23 e 	4246.900595797	3.000e-04	1
1 6 0 0 35 e 	4247.010147409	3.000e-04	2
1 2 1 0 39 e 	4252.195737108	3.000e-04	3
0 0 2 0 27 e 	4252.888743984	3.000e-04	3
0 4 1 0 23 e 	4253.164956531	3.000e-04	4
2 4 0 2 49 e 	4256.501786923	7.136e-05	1
1 6 0 0 36 e 	4261.692453808	3.000e-04	1
1 2 1 2 40 e 	4262.305160350	3.000e-04	1
0 4 1 0 24 e 	4262.899417221	3.000e-04	4
0 0 2 0 28 e 	4264.108994991	3.000e-04	4
1 2 1 0 40 e 	4268.332564129	3.000e-04	4
0 4 1 0 25 e 	4273.039217464	3.000e-04	3
0 0 2 0 29 e 	4275.729785448	3.000e-04	4
1 6 0 0 37 e 	4276.802436557	3.000e-04	1
2 4 0 0 50 e 	4277.709093966	7.511e-05	1
2 0 1 0 50 e 	4282.306363974	7.511e-05	2
0 4 1 0 26 e 	4283.584562752	3.000e-04	4
1 2 1 0 41 e 	4284.872384676	3.000e-04	3
0 0 2 0 30 e 	4287.750935732	3.000e-04	4
0 4 1 2 27 e 	4288.282049591	3.000e-04	1
1 6 0 0 38 e 	4292.278857079	3.000e-04	2
0 4 1 0 27 e 	4294.535444596	3.000e-04	4
0 4 1 2 28 e 	4299.640594724	5.076e-04	2
0 0 2 0 31 e 	4300.172413728	3.000e-04	4
1 2 1 0 42 e 	4301.815102864	3.000e-04	4
2 0 1 0 51 e 	4302.974377035	1.000e-01	1
0 4 1 0 28 e 	4305.891795394	3.000e-04	4
0 4 1 2 29 e 	4311.403485265	3.000e-04	2
0 0 2 0 32 e 	4312.994288044	3.000e-04	4
0 4 1 0 29 e 	4317.653485973	3.000e-04	4
1 2 1 0 43 e 	4319.160603800	3.000e-04	4
2 4 0 2 52 e 	4319.240596864	8.707e-05	1
0 4 1 2 30 e 	4323.572805251	3.000e-04	1
2 0 1 0 52 e 	4323.993046864	8.707e-05	1
0 0 2 0 33 e 	4326.216374868	3.000e-04	4
0 4 1 0 30 e 	4329.820536131	3.000e-04	4
0 4 1 2 31 e 	4336.146720940	3.000e-04	1
1 2 1 0 44 e 	4336.908929307	3.000e-04	3
2 4 0 0 53 e 	4339.648604286	9.148e-05	1
0 0 2 0 34 e 	4339.838789859	3.000e-04	4
1 6 0 0 41 e 	4341.220066626	3.000e-04	1
0 4 1 0 31 e 	4342.393114343	3.000e-04	4
1 2 1 2 45 e 	4349.043442999	3.018e-04	2
0 4 1 2 32 e 	4349.125787850	3.000e-04	2
0 0 2 0 35 e 	4353.861343782	3.000e-04	3
1 2 1 0 45 e 	4355.059941190	3.018e-04	3
0 4 1 0 32 e 	4355.370988573	3.000e-04	4
1 6 0 0 42 e 	4358.349337823	3.000e-04	1
2 4 0 2 54 e 	4362.452760649	1.063e-04	1
0 4 1 2 33 e 	4362.509906312	3.000e-04	1
2 0 1 0 54 e 	4367.316061224	1.185e-04	1
1 2 1 2 46 e 	4367.597847036	3.035e-04	1
0 0 2 0 36 e 	4368.284211738	3.000e-04	4
0 4 1 0 33 e 	4368.754225036	3.000e-04	3
1 2 1 0 46 e 	4373.613820791	3.019e-04	3
0 4 1 2 34 e 	4376.299310313	3.000e-04	1
0 4 1 0 34 e 	4382.542990352	3.000e-04	4
0 0 2 0 37 e 	4383.107044318	3.000e-04	4
0 4 1 2 35 e 	4390.493243031	3.000e-04	1
1 2 1 0 47 e 	4392.570245900	3.029e-04	3
1 6 0 0 44 e 	4393.832329147	3.000e-04	2
0 4 1 0 35 e 	4396.736898136	3.000e-04	4
0 0 2 0 38 e 	4398.330057401	3.000e-04	4
2 4 0 0 56 e 	4406.003731224	1.185e-04	1
2 4 0 2 56 e 	4407.338211224	1.185e-04	1
0 4 1 0 36 e 	4411.336262197	3.000e-04	4
1 2 1 0 48 e 	4411.929330783	3.035e-04	4
1 6 0 0 45 e 	4412.185045291	3.029e-04	1
2 0 1 0 56 e 	4412.273761224	1.185e-04	1
0 0 2 0 39 e 	4413.953161031	3.000e-04	4
0 4 1 2 37 e 	4420.096551788	3.000e-04	1
1 2 1 2 49 e 	4425.677486923	3.043e-04	1
0 4 1 0 37 e 	4426.340794915	3.000e-04	4
0 0 2 0 40 e 	4429.976314154	3.000e-04	4
1 6 0 0 46 e 	4430.946933753	4.374e-04	2
1 2 1 0 49 e 	4431.690982228	3.043e-04	4
0 4 1 2 38 e 	4435.504953808	3.000e-04	1
0 4 1 0 38 e 	4441.750757759	3.000e-04	4
0 0 2 0 41 e 	4446.399375916	3.000e-04	4
0 4 1 2 39 e 	4451.318436557	3.000e-04	1
1 2 1 0 50 e 	4451.855230711	3.052e-04	4
1 3 1 1 2 e 	4451.971255391	3.000e-04	1
1 3 1 1 3 e 	4453.183374589	3.000e-04	1
2 4 0 2 58 e 	4453.873906006	5.653e-04	1
1 3 1 1 4 e 	4454.798673365	3.000e-04	2
1 3 1 1 5 e 	4456.817686871	3.000e-04	2
0 4 1 0 39 e 	4457.565811005	3.000e-04	3
2 0 1 0 58 e 	4458.864436006	5.653e-04	1
1 3 1 1 6 e 	4459.240891339	3.000e-04	1
1 3 1 1 7 e 	4462.067963458	3.000e-04	1
1 3 1 1 7 f 	4462.093011047	3.000e-04	1
0 0 2 0 42 e 	4463.222453054	3.000e-04	4
1 3 1 1 8 f 	4465.331074857	3.000e-04	1
0 4 1 2 40 e 	4467.535760350	3.000e-04	1
1 3 1 1 9 e 	4468.933563458	3.000e-04	1
1 3 1 1 9 f 	4468.973840680	3.000e-04	1
1 6 0 0 48 e 	4469.693013966	3.052e-04	1
1 2 1 0 51 e 	4472.421955912	3.061e-04	4
1 3 1 1 10 e 	4472.971903727	3.000e-04	1
1 3 1 1 10 f 	4473.021500020	3.000e-04	1
0 4 1 0 40 e 	4473.786214695	3.000e-04	4
1 3 1 1 11 e 	4477.414304268	3.000e-04	1
1 3 1 1 11 f 	4477.473692072	3.000e-04	2
2 4 0 2 59 e 	4477.754564413	8.173e-04	1
0 0 2 0 43 e 	4480.445354131	3.000e-04	4
1 3 1 1 12 e 	4482.260453898	3.000e-04	2
1 3 1 1 12 f 	4482.330564810	3.000e-04	2
2 0 1 0 59 e 	4482.771286462	6.004e-04	1
0 4 1 2 41 e 	4484.158584602	3.000e-04	1
1 2 1 2 52 e 	4487.376658757	3.084e-04	2
1 3 1 1 13 e 	4487.510459507	3.000e-04	2
1 3 1 1 13 f 	4487.592386047	3.000e-04	2
1 6 0 0 49 e 	4489.678486923	3.043e-04	1
0 4 1 0 41 e 	4490.411776300	3.000e-04	4
1 3 1 1 14 e 	4493.164225601	3.000e-04	2
1 3 1 1 14 f 	4493.258592417	3.000e-04	2
1 2 1 0 52 e 	4493.391208917	3.084e-04	4
0 0 2 0 44 e 	4498.068129510	3.000e-04	4
1 3 1 1 15 e 	4499.221687954	3.000e-04	2
1 3 1 1 15 f 	4499.329504707	3.000e-04	1
2 4 0 0 60 e 	4499.905426860	7.169e-04	1
0 4 1 2 42 e 	4501.185667608	3.000e-04	1
1 3 1 1 16 e 	4505.682980284	3.000e-04	2
1 3 1 1 16 f 	4505.805148842	3.000e-04	2
2 0 1 0 60 e 	4507.085656860	7.169e-04	1
0 4 1 0 42 e 	4507.442569264	3.000e-04	3
1 2 1 2 53 e 	4508.747048767	3.159e-04	1
1 6 0 0 50 e 	4510.070830415	3.052e-04	2
1 3 1 1 17 e 	4512.547773325	3.000e-04	1
1 3 1 1 17 f 	4512.685365738	3.000e-04	2
1 2 1 0 53 e 	4514.762691750	3.096e-04	4
0 0 2 0 45 e 	4516.090643101	3.018e-04	3
0 4 1 2 43 e 	4518.617566626	3.000e-04	1
1 3 1 1 18 e 	4519.816537090	3.000e-04	2
1 3 1 1 18 f 	4519.970251832	3.000e-04	2
0 4 1 0 43 e 	4524.878454088	3.000e-04	3
2 4 0 2 61 e 	4526.735204413	8.173e-04	1
1 3 1 1 19 e 	4527.488962030	3.000e-04	2
1 3 1 1 19 f 	4527.659738306	3.000e-04	2
1 2 1 2 54 e 	4530.519570649	3.143e-04	1
0 0 2 0 46 e 	4534.553847036	1.000e-01	1
1 3 1 1 20 e 	4535.564946800	3.000e-04	2
1 3 1 1 20 f 	4535.753684992	3.000e-04	1
0 4 1 2 44 e 	4536.453437823	3.000e-04	1
1 2 1 0 54 e 	4536.536571298	3.143e-04	3
0 4 1 0 44 e 	4542.719529426	3.000e-04	3
1 3 1 1 21 e 	4544.044650736	3.000e-04	1
2 4 0 0 62 e 	4549.215404370	9.059e-04	1
2 4 0 2 62 e 	4551.833476026	1.051e-03	1
1 6 0 0 52 e 	4552.079970649	3.143e-04	1
1 3 1 1 22 e 	4552.927943958	3.000e-04	2
0 0 2 0 47 e 	4553.335066169	3.029e-04	3
0 4 1 2 45 e 	4554.693640708	3.018e-04	1
2 0 1 0 62 e 	4556.935824370	9.059e-04	1
1 2 1 0 55 e 	4558.712845617	3.159e-04	4
0 4 1 0 45 e 	4560.965746578	3.020e-04	3
1 3 1 1 23 e 	4562.214852986	3.000e-04	1
1 3 1 1 23 f 	4562.462807985	3.000e-04	1
1 3 1 1 24 e 	4571.905448553	3.000e-04	2
1 3 1 1 24 f 	4572.174893326	3.000e-04	1
0 0 2 0 48 e 	4572.556730778	3.035e-04	3
0 4 1 2 46 e 	4573.338420470	3.019e-04	1
1 6 0 0 53 e 	4573.697448767	3.159e-04	1
0 4 1 0 46 e 	4579.617034447	3.019e-04	4
1 2 1 0 56 e 	4581.291443922	3.187e-04	4
1 3 1 1 25 e 	4581.999473348	3.000e-04	2
1 3 1 1 25 f 	4582.291402045	3.000e-04	2
2 0 1 0 63 e 	4582.471449088	9.752e-04	1
0 0 2 0 49 e 	4592.177932044	3.043e-04	3
0 4 1 2 47 e 	4592.387245291	3.029e-04	1
1 3 1 1 26 e 	4592.497112256	3.000e-04	2
1 3 1 1 26 f 	4592.812263968	3.000e-04	2
1 6 0 0 54 e 	4595.721470649	3.143e-04	1
1 2 1 2 57 e 	4598.248241736	3.214e-04	1
0 4 1 0 47 e 	4598.673366816	3.029e-04	4
2 4 0 0 64 e 	4600.106736026	1.051e-03	1
2 4 0 2 64 e 	4603.242701881	1.052e-03	2
1 3 1 1 27 e 	4603.398235979	3.000e-04	2
1 2 1 0 57 e 	4604.271942151	3.214e-04	3
2 0 1 0 64 e 	4608.413617736	1.187e-03	1
0 1 2 1 3 e 	4609.517405880	6.786e-04	2
3 0 1 0 1 e 	4610.245214362	7.912e-05	1
3 0 1 0 2 e 	4611.044758453	7.912e-05	1
0 1 2 1 4 e 	4611.122923365	9.320e-04	2
0 4 1 2 48 e 	4611.840547036	3.035e-04	1
0 0 2 0 50 e 	4612.198814523	3.052e-04	2
0 1 2 1 5 f 	4613.136911318	7.515e-03	1
3 0 1 0 4 e 	4613.842830699	7.913e-05	1
1 3 1 1 28 e 	4614.702804667	3.000e-04	1
1 3 1 1 28 f 	4615.067288034	3.000e-04	2
0 4 1 0 48 e 	4618.134781193	3.035e-04	4
0 1 2 1 7 e 	4618.348781306	9.977e-04	2
3 0 1 0 7 e 	4621.037863808	7.913e-05	1
0 1 2 1 9 e 	4625.173363458	3.000e-04	1
1 3 1 1 29 e 	4626.410826556	3.000e-04	2
1 3 1 1 29 f 	4626.801240673	3.000e-04	2
1 2 1 0 58 e 	4627.655001681	5.657e-04	4
0 1 2 1 10 e 	4629.183454256	3.000e-04	1
0 4 1 2 49 e 	4631.698286923	3.043e-04	1
0 0 2 0 51 e 	4632.619155661	3.061e-04	2
2 0 1 0 65 e 	4634.762160789	1.121e-03	1
0 4 1 0 49 e 	4638.001182667	3.043e-04	4
1 3 1 1 30 e 	4638.522304667	3.000e-04	1
1 3 1 1 30 f 	4638.939522212	3.000e-04	1
3 0 1 0 12 e 	4641.023452508	7.913e-05	1
0 1 2 1 13 e 	4643.633877502	3.000e-04	1
1 2 1 2 59 e 	4645.408086462	6.004e-04	1
1 2 1 0 59 e 	4651.439990594	6.000e-04	4
1 3 1 1 31 f 	4651.482073972	3.000e-04	2
3 0 1 0 14 e 	4651.815305305	7.913e-05	1
2 4 0 0 66 e 	4652.582337736	1.187e-03	1
0 0 2 0 52 e 	4653.438858757	3.084e-04	2
0 1 2 1 15 e 	4655.278537954	3.000e-04	2
2 4 0 2 66 e 	4656.267017736	1.187e-03	1
0 4 1 0 50 e 	4658.272531068	3.052e-04	4
0 1 2 1 16 e 	4661.698830284	1.628e-03	2
1 3 1 1 32 e 	4663.955265879	3.000e-04	1
1 3 1 1 32 f 	4664.428991435	3.000e-04	2
3 0 1 0 17 e 	4671.000094514	7.553e-05	1
0 5 1 1 5 e 	4672.175899153	3.000e-04	1
0 5 1 1 6 e 	4674.609292445	3.000e-04	1
0 0 2 0 53 e 	4674.658041527	3.096e-04	2
1 2 1 0 60 e 	4675.626907315	7.170e-04	3
0 1 2 1 18 e 	4675.747037090	1.704e-03	2
1 3 1 1 33 e 	4677.276911961	3.001e-04	2
0 5 1 1 7 e 	4677.448263458	3.000e-04	1
1 3 1 1 33 f 	4677.779927689	3.001e-04	2
0 4 1 0 51 e 	4678.948906349	3.061e-04	4
0 5 1 1 8 e 	4680.692703727	3.000e-04	1
0 1 2 1 19 e 	4683.372750736	3.000e-04	1
2 4 0 2 67 e 	4683.384067141	1.250e-03	1
0 5 1 1 9 e 	4684.342563458	3.000e-04	1
1 6 0 0 58 e 	4687.895496006	5.653e-04	1
0 5 1 1 10 e 	4688.397728991	3.000e-04	2
1 3 1 1 34 e 	4691.001633513	3.001e-04	2
0 1 2 1 20 e 	4691.396682324	3.000e-04	1
1 3 1 1 34 f 	4691.535153353	3.001e-04	2
0 5 1 1 11 e 	4692.858572890	3.000e-04	2
0 4 1 2 52 e 	4693.691946864	3.084e-04	1
3 0 1 0 20 e 	4693.781008019	7.553e-05	1
1 2 1 2 61 e 	4694.175129088	9.752e-04	1
0 0 2 0 54 e 	4696.276470649	3.143e-04	1
0 5 1 1 12 e 	4697.724903898	3.000e-04	2
0 1 2 1 21 e 	4699.828661521	1.685e-03	2
0 4 1 0 52 e 	4700.030109404	3.084e-04	4
1 2 1 0 61 e 	4700.215929238	8.172e-04	3
0 5 1 1 13 e 	4702.996541512	3.000e-04	1
1 3 1 1 35 e 	4705.129674422	3.001e-04	2
1 3 1 1 35 f 	4705.694550029	3.001e-04	1
2 4 0 0 68 e 	4706.644025201	1.422e-03	1
0 1 2 1 22 e 	4708.660582324	3.000e-04	1
0 5 1 1 14 e 	4708.673953540	3.000e-04	1
2 4 0 2 68 e 	4710.904206351	1.310e-03	1
3 0 1 0 22 e 	4710.966007810	1.623e-04	1
0 4 1 2 53 e 	4715.164934286	3.096e-04	1
2 0 1 0 68 e 	4716.245096351	1.310e-03	1
0 1 2 1 23 e 	4717.888962647	1.816e-03	2
0 0 2 0 55 e 	4718.294248767	3.159e-04	1
1 2 1 2 62 e 	4719.159494370	9.059e-04	1
1 3 1 1 36 e 	4719.661021080	3.001e-04	1
1 3 1 1 36 f 	4720.257884793	3.001e-04	1
0 5 1 1 16 e 	4721.245162905	3.000e-04	1
0 4 1 0 53 e 	4721.516235947	3.096e-04	3
1 2 1 0 62 e 	4725.228075198	1.000e-01	2
0 1 2 1 24 e 	4727.520648553	1.967e-03	2
0 5 1 1 17 e 	4728.138573325	3.000e-04	1
1 3 1 1 37 e 	4734.595441497	3.001e-04	1
1 3 1 1 37 f 	4735.225375092	3.001e-04	2
0 5 1 1 18 e 	4735.437537090	3.000e-04	2
0 4 1 2 54 e 	4737.041570649	3.143e-04	1
0 1 2 1 25 e 	4737.554623348	1.465e-03	2
3 0 1 0 25 e 	4739.738869301	7.554e-05	1
0 0 2 0 56 e 	4740.711343615	3.187e-04	2
0 5 1 1 19 e 	4743.141912030	3.000e-04	2
0 4 1 0 54 e 	4743.407181383	3.143e-04	3
1 2 1 2 63 e 	4744.545829088	9.752e-04	1
0 1 2 1 26 e 	4747.990591514	3.000e-04	1
1 3 1 1 38 e 	4749.932956401	3.001e-04	2
1 3 1 1 38 f 	4750.596984793	3.001e-04	1
1 2 1 0 63 e 	4750.599529791	9.751e-04	3
0 5 1 1 20 e 	4751.251796800	3.000e-04	2
0 1 2 1 27 e 	4758.822485979	2.204e-03	2
0 1 2 1 27 f 	4758.992284875	3.000e-04	1
0 4 1 2 55 e 	4759.321648767	3.159e-04	1
0 5 1 1 21 e 	4759.766961521	3.000e-04	2
2 4 0 0 70 e 	4762.292765106	1.525e-03	1
0 0 2 0 57 e 	4763.527414099	3.214e-04	2
0 4 1 0 55 e 	4765.702945574	3.159e-04	3
0 5 1 1 22 e 	4768.687543958	3.000e-04	2
0 1 2 1 28 e 	4770.058918832	2.348e-03	2
0 1 2 1 28 f 	4770.240770390	3.000e-04	1
3 0 1 0 28 e 	4772.106297435	7.554e-05	1
2 2 1 0 1 e 	4773.563569429	2.000e-01	2
2 2 1 0 2 e 	4774.426918121	3.031e-04	3
2 2 1 0 3 e 	4775.617138857	1.000e-01	1
1 2 1 0 64 e 	4776.394037075	1.051e-03	4
2 2 1 0 4 e 	4777.246229866	3.031e-04	3
0 5 1 1 23 e 	4778.013572307	3.000e-04	1
2 2 1 0 5 e 	4779.259731232	3.031e-04	3
2 2 1 0 6 e 	4781.676278299	3.031e-04	3
0 1 2 1 29 e 	4781.696376556	1.988e-03	2
0 1 2 1 29 f 	4781.890687464	3.000e-04	1
0 4 1 2 56 e 	4782.004591224	3.187e-04	1
1 3 1 1 40 f 	4782.551766704	3.001e-04	1
2 2 1 0 7 e 	4784.495516496	3.031e-04	3
0 0 2 0 58 e 	4786.742751433	5.660e-04	2
2 2 1 0 8 e 	4787.678297687	1.000e-01	2
0 5 1 1 24 e 	4787.744691514	3.000e-04	1
0 4 1 0 56 e 	4788.403592064	3.187e-04	2
2 2 1 0 9 e 	4791.289587769	1.000e-01	2
0 1 2 1 30 f 	4793.943293881	6.163e-03	1
2 2 1 0 10 e 	4795.331543765	1.000e-01	2
3 0 1 0 30 e 	4795.681091816	7.554e-05	1
1 2 1 2 65 e 	4796.521858965	1.125e-03	2
0 5 1 1 25 e 	4797.881293711	3.000e-04	1
1 3 1 1 41 e 	4798.364237271	3.002e-04	1
1 3 1 1 41 f 	4799.135115525	3.001e-04	2
2 2 1 0 11 e 	4799.779155243	1.000e-01	2
1 2 1 0 65 e 	4802.590408965	1.122e-03	2
2 2 1 0 12 e 	4804.631485009	3.031e-04	3
0 1 2 1 31 e 	4806.176354520	3.001e-04	2
0 1 2 1 31 f 	4806.394793881	3.000e-04	1
0 5 1 1 26 e 	4808.423012256	3.000e-04	2
2 2 1 0 13 e 	4809.826297796	1.000e-01	2
0 0 2 0 59 e 	4810.356986462	6.004e-04	1
0 4 1 0 57 e 	4811.508942271	3.214e-04	2
1 3 1 1 42 e 	4815.313988392	3.001e-04	1
2 2 1 0 14 e 	4815.470802829	1.000e-01	2
1 3 1 1 42 f 	4816.122199850	3.001e-04	2
0 1 2 1 32 e 	4819.011158634	3.001e-04	1
0 1 2 1 32 f 	4819.248922212	3.000e-04	1
0 5 1 1 27 e 	4819.369993711	3.000e-04	1
2 4 0 0 72 e 	4819.529175106	1.525e-03	1
3 0 1 0 32 e 	4820.852711816	7.554e-05	1
2 2 1 0 15 e 	4821.544937150	3.027e-04	3
1 2 1 2 66 e 	4823.111317736	1.187e-03	1
2 2 1 0 16 e 	4827.988032440	3.027e-04	3
0 4 1 2 58 e 	4828.582596006	5.653e-04	1
1 2 1 0 66 e 	4829.188326533	1.187e-03	2
0 5 1 1 28 e 	4830.722268832	3.000e-04	2
0 1 2 1 33 e 	4832.252589746	3.001e-04	1
0 1 2 1 33 f 	4832.504054063	3.001e-04	1
1 3 1 1 43 e 	4832.666619002	3.002e-04	2
1 3 1 1 43 f 	4833.513142819	3.002e-04	2
0 0 2 0 60 e 	4834.370194370	9.059e-04	1
2 2 1 0 17 e 	4834.833664050	3.027e-04	3
0 4 1 0 58 e 	4835.065096006	1.000e-01	1
2 2 1 0 18 e 	4842.054695210	1.000e-01	2
0 5 1 1 29 e 	4842.479726556	3.000e-04	2
3 0 1 0 34 e 	4847.621009850	7.554e-05	1
2 4 0 0 73 e 	4848.742843346	1.669e-03	1
2 2 1 0 19 e 	4849.732963957	3.027e-04	3
1 2 1 2 67 e 	4850.102220776	1.367e-03	1
1 3 1 1 44 e 	4850.422276910	3.004e-04	2
1 3 1 1 44 f 	4851.308035242	3.004e-04	1
0 4 1 2 59 e 	4852.475086462	6.004e-04	1
0 5 1 1 30 e 	4854.642285273	3.000e-04	2
1 2 1 0 67 e 	4856.187943959	1.251e-03	2
2 2 1 0 20 e 	4857.786546881	3.027e-04	3
0 0 2 0 61 e 	4858.782394413	8.173e-04	1
0 4 1 0 59 e 	4858.933786462	6.004e-04	1
0 1 2 1 35 e 	4859.941489746	3.001e-04	1
0 1 2 1 35 f 	4860.218501314	3.001e-04	1
2 2 1 0 21 e 	4866.242265726	3.027e-04	3
1 3 1 1 45 e 	4868.580676389	3.021e-04	1
0 1 2 1 36 f 	4874.677446047	3.001e-04	1
2 2 1 0 22 e 	4875.100747385	3.027e-04	3
0 4 1 2 60 e 	4876.773206860	7.169e-04	1
0 5 1 1 32 e 	4880.182962257	3.000e-04	2
0 4 1 0 60 e 	4883.253250615	7.245e-04	2
1 2 1 0 68 e 	4883.589226360	1.310e-03	2
0 0 2 0 62 e 	4883.593294370	9.059e-04	1
2 2 1 0 23 e 	4884.301405942	1.000e-01	2
1 3 1 1 46 e 	4887.141880151	3.013e-04	1
1 3 1 1 46 f 	4888.108339126	3.019e-04	2
0 1 2 1 37 e 	4889.228341497	3.001e-04	1
0 1 2 1 37 f 	4889.537650029	3.001e-04	1
0 5 1 1 33 e 	4893.560911961	3.001e-04	2
2 2 1 0 24 e 	4894.025153588	3.027e-04	4
2 2 1 0 25 e 	4904.090858264	3.027e-04	3
0 1 2 1 38 e 	4904.471306401	1.449e-03	2
0 1 2 1 38 f 	4904.798884793	3.001e-04	1
3 0 1 0 38 e 	4905.946303023	7.207e-05	1
1 3 1 1 47 e 	4906.105958942	3.021e-04	2
1 3 1 1 47 f 	4907.113976498	3.027e-04	1
0 5 1 1 34 e 	4907.343933513	3.001e-04	2
0 4 1 0 61 e 	4907.976994875	8.174e-04	2
0 0 2 0 63 e 	4908.803029088	9.752e-04	1
1 2 1 0 69 e 	4911.391921030	1.367e-03	2
2 2 1 0 26 e 	4914.558884897	3.027e-04	3
0 1 2 1 39 e 	4920.118541497	3.001e-04	1
0 1 2 1 39 f 	4920.461200154	3.001e-04	1
2 2 1 0 27 e 	4925.429858486	3.027e-04	3
1 3 1 1 48 e 	4925.472589398	3.049e-04	1
1 3 1 1 48 f 	4926.523214655	3.059e-04	1
0 4 1 2 62 e 	4926.575594370	9.059e-04	1
0 4 1 0 62 e 	4933.105394370	9.059e-04	1
0 0 2 0 64 e 	4934.411536881	1.050e-03	2
0 5 1 1 36 e 	4936.125208391	3.001e-04	1
0 1 2 1 40 e 	4936.161990057	1.874e-03	2
2 2 1 0 28 e 	4936.663694724	1.000e-01	2
3 0 1 0 40 e 	4937.502656233	7.208e-05	1
2 4 0 0 76 e 	4938.765876107	1.714e-03	1
1 2 1 0 70 e 	4939.596105167	1.422e-03	3
1 3 1 1 49 e 	4945.242066179	3.062e-04	1
2 2 1 0 29 e 	4948.340135265	1.000e-01	2
0 5 1 1 37 e 	4951.123400297	3.001e-04	2
0 4 1 2 63 e 	4952.081629088	9.752e-04	1
0 1 2 1 41 e 	4952.608427690	1.586e-03	2
0 1 2 1 41 f 	4952.988833724	3.001e-04	1
1 0 2 0 0 e 	4953.879118333	3.031e-04	2
1 0 2 0 1 e 	4954.278957108	4.000e-04	3
1 0 2 0 2 e 	4955.114993963	1.000e-01	2
1 0 2 0 3 e 	4956.279481661	4.000e-04	4
1 0 2 0 4 e 	4957.879560768	4.000e-04	4
0 4 1 0 63 e 	4958.638329088	9.752e-04	1
1 0 2 0 5 e 	4959.879616600	3.031e-04	5
0 0 2 0 65 e 	4960.418550789	1.121e-03	1
2 2 1 0 30 e 	4960.426835319	1.000e-01	2
1 0 2 0 6 e 	4962.279744088	4.000e-04	4
1 0 2 0 7 e 	4965.079844699	4.000e-04	3
1 3 1 1 50 e 	4965.413974086	3.097e-04	1
0 5 1 1 38 e 	4966.526406401	3.001e-04	2
1 2 1 0 71 e 	4968.201644650	1.475e-03	2
1 0 2 0 8 e 	4968.279979555	3.031e-04	5
2 4 0 0 77 e 	4969.567561949	1.843e-03	1
3 0 1 0 42 e 	4970.654396233	7.208e-05	1
1 4 1 0 1 e 	4970.834522857	4.000e-04	1
1 4 1 0 2 e 	4971.643247193	3.000e-04	2
1 0 2 0 9 e 	4971.879995482	4.000e-04	4
1 4 1 0 3 e 	4972.856505362	3.031e-04	3
2 2 1 0 31 e 	4972.935424379	3.027e-04	3
1 4 1 0 4 e 	4974.474907188	3.031e-04	3
1 0 2 0 10 e 	4975.880144320	3.031e-04	5
1 4 1 0 5 e 	4976.496863503	3.031e-04	2
1 4 1 2 8 e 	4978.853758102	7.077e-03	1
1 4 1 0 6 e 	4978.924019683	3.031e-04	2
1 0 2 0 11 e 	4980.280170100	3.031e-04	5
1 4 1 0 7 e 	4981.755674435	3.031e-04	2
0 5 1 1 39 e 	4982.334618109	3.001e-04	1
1 4 1 2 9 e 	4982.498545680	7.077e-03	1
0 4 1 0 64 e 	4984.575556855	1.051e-03	2
1 4 1 0 8 e 	4984.991454525	3.031e-04	3
1 0 2 0 12 e 	4985.079987142	3.031e-04	5
2 2 1 0 32 e 	4985.817472071	3.027e-04	3
1 3 1 1 51 e 	4985.988610745	3.111e-04	1
1 4 1 2 10 e 	4986.548383601	7.077e-03	1
0 1 2 1 43 e 	4986.705037271	3.002e-04	1
0 0 2 0 66 e 	4986.824317736	1.187e-03	1
0 1 2 1 43 f 	4987.120097327	3.002e-04	1
1 4 1 0 9 e 	4988.631960662	3.031e-04	3
1 0 2 0 13 e 	4990.279825890	4.000e-04	3
1 4 1 2 11 e 	4991.002557715	7.077e-03	1
1 4 1 0 10 e 	4992.676698240	3.031e-04	3
1 4 1 2 12 e 	4995.860452667	7.077e-03	1
1 0 2 0 14 e 	4995.879708942	3.031e-04	5
1 4 1 0 11 e 	4997.126053939	3.000e-04	3
0 5 1 1 40 e 	4998.547090057	3.001e-04	2
2 2 1 0 33 e 	4999.218174671	1.062e-01	2
1 0 2 0 15 e 	5001.879297963	3.031e-04	5
1 4 1 0 12 e 	5001.980042986	3.000e-04	3
0 1 2 1 44 e 	5004.352773669	3.004e-04	1
0 1 2 1 44 f 	5004.787035242	3.004e-04	1
1 3 1 1 52 e 	5006.965474086	3.097e-04	1
1 4 1 0 13 e 	5007.238174234	3.031e-04	2
1 3 1 1 52 f 	5008.194925470	3.085e-04	2
1 0 2 0 16 e 	5008.278640928	3.031e-04	5
0 4 1 0 65 e 	5010.917451594	1.121e-03	2
2 2 1 0 34 e 	5012.788458829	3.022e-04	4
1 4 1 0 14 e 	5012.901141323	3.031e-04	2
0 0 2 0 67 e 	5013.628493959	1.250e-03	2
1 0 2 0 17 e 	5015.077848357	3.027e-04	5
0 5 1 1 41 e 	5015.164777690	3.001e-04	2
1 4 1 0 15 e 	5018.968698085	3.027e-04	2
1 0 2 0 18 e 	5022.276984813	4.000e-04	4
0 1 2 1 45 e 	5022.400920192	5.366e-05	2
3 0 1 0 45 e 	5023.372640384	1.085e-04	2
1 4 1 0 16 e 	5025.440398652	3.000e-04	3
1 4 1 2 17 e 	5026.231107043	7.077e-03	1
1 2 1 0 73 e 	5026.616452401	1.574e-03	1
2 2 1 0 35 e 	5026.877222061	3.027e-04	3
1 3 1 1 53 e 	5028.345160272	3.111e-04	2
1 3 1 1 53 f 	5029.621113135	3.124e-04	2
1 0 2 0 19 e 	5029.875749532	3.027e-04	5
1 4 1 0 17 e 	5032.316874452	3.000e-04	3
2 4 0 0 79 e 	5032.361971949	1.843e-03	1
1 4 1 2 18 e 	5033.519357812	7.077e-03	2
0 4 1 0 66 e 	5037.663317736	1.187e-03	1
1 0 2 0 20 e 	5037.874332214	4.000e-04	4
1 4 1 0 18 e 	5039.597704289	3.027e-04	2
0 0 2 0 68 e 	5040.831155776	1.309e-03	2
0 1 2 1 46 e 	5040.847677599	1.345e-03	2
1 4 1 2 19 e 	5041.211853186	7.077e-03	1
0 1 2 1 46 f 	5041.325476157	6.163e-03	1
2 2 1 0 36 e 	5041.367950646	3.022e-04	4
3 0 1 0 46 e 	5041.742604433	1.249e-04	1
1 0 2 0 21 e 	5046.272363137	3.027e-04	6
1 4 1 0 19 e 	5047.283016814	3.000e-04	3
1 4 1 2 20 e 	5049.310639090	7.077e-03	1
1 3 1 1 54 e 	5050.126957629	4.399e-04	2
1 3 1 1 54 f 	5051.450629102	3.149e-04	2
1 0 2 0 22 e 	5055.070350564	3.027e-04	6
1 4 1 0 20 e 	5055.372802215	3.000e-04	3
2 2 1 0 37 e 	5056.260886796	3.022e-04	4
0 1 2 1 47 e 	5059.698076310	6.154e-05	2
0 1 2 1 47 f 	5060.192376498	3.027e-04	1
3 0 1 0 47 e 	5060.511326923	1.122e-04	1
1 4 1 0 21 e 	5063.866972712	3.000e-04	2
1 0 2 0 23 e 	5064.267665402	4.000e-04	4
2 4 0 0 80 e 	5064.354617379	1.884e-03	1
0 4 1 0 67 e 	5064.813867141	1.250e-03	1
1 4 1 2 22 e 	5066.718089494	7.077e-03	2
0 5 1 1 44 e 	5067.446776910	3.004e-04	2
0 0 2 0 69 e 	5068.432182605	1.366e-03	2
2 2 1 0 38 e 	5071.555695023	3.022e-04	3
1 4 1 0 22 e 	5072.765829134	3.000e-04	2
1 3 1 1 55 f 	5073.683530187	4.452e-04	1
1 0 2 0 24 e 	5073.864958231	3.027e-04	4
1 4 1 2 23 e 	5076.028801652	7.077e-03	1
0 1 2 1 48 e 	5078.944589398	3.049e-04	1
3 0 1 0 48 e 	5079.678354433	1.249e-04	1
1 2 1 2 75 e 	5080.447909377	1.758e-03	1
1 4 1 0 23 e 	5082.069003797	4.000e-04	1
1 0 2 0 25 e 	5083.861638738	3.027e-04	5
0 5 1 1 45 e 	5085.683388561	3.006e-04	2
1 2 1 0 75 e 	5086.636009377	1.758e-03	1
2 2 1 0 39 e 	5087.343310580	1.136e-01	2
1 4 1 0 24 e 	5091.776684332	3.000e-04	2
0 4 1 0 68 e 	5092.368526351	1.310e-03	1
1 0 2 0 26 e 	5094.257816020	3.027e-04	5
1 3 1 1 56 e 	5094.897524765	1.769e-03	1
1 3 1 1 56 f 	5096.319044343	3.227e-04	1
0 0 2 0 70 e 	5096.431455153	1.420e-03	2
2 4 0 0 81 e 	5096.744585662	2.002e-03	1
0 1 2 1 49 e 	5098.595969512	4.988e-04	3
0 1 2 1 49 f 	5099.132539634	3.047e-04	1
3 0 1 0 49 e 	5099.244024584	1.130e-04	2
1 4 1 0 25 e 	5101.888797683	3.000e-04	3
2 2 1 0 40 e 	5103.435713979	1.087e-01	2
0 5 1 1 46 e 	5104.324927599	3.013e-04	2
1 0 2 0 27 e 	5105.053453629	3.027e-04	5
1 4 1 2 26 e 	5106.389948971	7.077e-03	1
1 4 1 0 26 e 	5112.405413597	3.000e-04	3
0 4 1 2 69 e 	5113.574920776	1.367e-03	1
1 0 2 0 28 e 	5116.248705061	3.027e-04	5
1 2 1 0 76 e 	5117.247456107	1.714e-03	1
0 2 2 2 4 e 	5117.412133695	1.248e-02	3
1 3 1 1 57 e 	5117.886612888	3.234e-04	1
0 1 2 1 50 e 	5118.643731742	1.218e-03	2
0 1 2 1 50 f 	5119.203514655	3.059e-04	1
3 0 1 0 50 e 	5119.208136864	1.228e-04	1
1 3 1 1 57 f 	5119.358197339	7.172e-04	1
2 2 1 0 41 e 	5119.852608559	3.022e-04	4
0 4 1 0 69 e 	5120.327420776	1.367e-03	1
0 2 2 0 0 e 	5120.983578662	4.000e-04	2
0 2 2 0 1 e 	5121.385515546	4.000e-04	2
0 2 2 2 6 e 	5121.841076058	1.016e-02	1
0 2 2 0 2 e 	5122.190132647	3.000e-04	4
1 4 1 0 27 e 	5123.326488569	3.027e-04	2
0 5 1 1 47 e 	5123.371158942	3.021e-04	2
0 2 2 0 3 e 	5123.396896088	4.000e-04	4
0 2 2 2 7 e 	5124.658833825	7.077e-03	1
0 0 2 0 71 e 	5124.828998417	1.475e-03	2
0 2 2 0 4 e 	5125.006213602	4.000e-04	4
0 2 2 0 5 e 	5127.017644733	4.000e-04	5
1 0 2 0 29 e 	5127.843177769	3.027e-04	3
0 2 2 2 8 e 	5127.878058102	7.077e-03	1
0 2 2 0 6 e 	5129.431391141	4.000e-04	4
2 4 0 0 82 e 	5129.532146261	2.040e-03	1
0 2 2 2 9 e 	5131.499733825	7.077e-03	1
0 2 2 0 7 e 	5132.247520014	4.000e-04	4
1 4 1 0 28 e 	5134.652124087	3.000e-04	3
0 2 2 0 8 e 	5135.465870768	3.000e-04	5
2 2 1 0 42 e 	5136.755318478	3.022e-04	3
0 2 2 0 9 e 	5139.086664083	3.000e-04	5
0 1 2 1 51 e 	5139.094530510	1.488e-04	3
3 0 1 0 51 e 	5139.570544286	1.260e-04	1
0 1 2 1 51 f 	5139.674939976	3.071e-04	1
1 0 2 0 30 e 	5139.836984984	3.027e-04	4
0 2 2 2 11 e 	5139.950101697	7.077e-03	2
1 4 1 2 29 e 	5140.390074013	7.077e-03	1
1 3 1 1 58 e 	5141.278090090	1.581e-03	2
1 3 1 1 58 f 	5142.800008888	4.681e-04	1
0 5 1 1 48 e 	5142.821832222	3.028e-04	2
0 2 2 0 10 e 	5143.109732594	4.000e-04	4
0 2 2 2 12 e 	5144.778918134	7.077e-03	2
1 4 1 0 29 e 	5146.382138566	3.027e-04	2
0 2 2 0 11 e 	5147.534601495	3.000e-04	6
0 4 1 0 70 e 	5148.690355153	1.423e-03	2
0 2 2 2 13 e 	5150.009953308	7.077e-03	1
1 0 2 0 31 e 	5152.230322671	3.027e-04	3
0 2 2 0 12 e 	5152.362032404	3.000e-04	6
1 4 1 2 30 e 	5152.530464500	7.077e-03	1
0 0 2 0 72 e 	5153.624637407	1.525e-03	2
2 2 1 0 43 e 	5154.059831705	3.022e-04	3
0 2 2 2 14 e 	5155.643341394	7.077e-03	1
0 2 2 0 13 e 	5157.591713418	3.000e-04	5
1 4 1 0 30 e 	5158.516572236	3.000e-04	3
0 1 2 1 52 e 	5159.943715707	9.186e-05	2
3 0 1 0 52 e 	5160.331235400	1.318e-04	2
0 1 2 1 52 f 	5160.546837079	3.085e-04	1
0 5 1 1 49 e 	5162.677003837	3.040e-04	2
2 4 0 0 83 e 	5162.721301414	2.077e-03	1
0 2 2 0 14 e 	5163.223336839	4.000e-04	3
1 0 2 0 32 e 	5165.022712323	3.027e-04	3
1 3 1 1 59 e 	5165.072146943	1.355e-03	1
1 4 1 2 31 f 	5165.101232763	7.077e-03	1
0 2 2 2 16 e 	5168.116573838	7.077e-03	1
0 2 2 0 15 e 	5169.257484720	3.000e-04	5
1 4 1 0 31 e 	5171.055464371	3.000e-04	3
2 2 1 0 44 e 	5171.766354166	3.031e-04	3
1 2 1 2 78 e 	5173.430625305	1.801e-03	1
0 2 2 2 17 e 	5174.957011983	7.077e-03	2
0 2 2 0 16 e 	5175.693688755	4.000e-04	4
0 4 1 0 71 e 	5177.457444434	1.475e-03	1
1 4 1 2 32 e 	5178.027569678	7.077e-03	1
1 0 2 0 33 e 	5178.214522495	3.027e-04	3
1 2 1 0 78 e 	5179.672725305	1.801e-03	1
0 1 2 1 53 e 	5181.192984931	1.724e-04	3
3 0 1 0 53 e 	5181.490303052	1.368e-04	2
0 1 2 1 53 f 	5181.818931178	3.124e-04	1
0 2 2 2 18 e 	5182.199341786	7.077e-03	1
0 2 2 0 17 e 	5182.531986499	4.000e-04	3
0 0 2 0 73 e 	5182.818397873	1.575e-03	2
0 5 1 1 50 e 	5182.936689398	3.049e-04	1
1 4 1 0 32 e 	5183.998700277	3.000e-04	2
0 2 2 0 18 e 	5189.772546272	4.000e-04	3
2 2 1 0 45 e 	5189.874746466	3.032e-04	3
1 3 1 1 60 f 	5190.892536767	8.404e-04	1
1 4 1 2 33 e 	5191.384362262	7.077e-03	1
1 4 1 2 33 f 	5191.412431323	7.077e-03	2
1 0 2 0 34 e 	5191.805558225	3.022e-04	4
2 4 0 0 84 e 	5196.267030443	2.114e-03	1
1 4 1 0 33 e 	5197.346544120	3.000e-04	2
0 2 2 0 19 e 	5197.415274411	4.000e-04	3
0 2 2 2 20 e 	5197.891041786	7.077e-03	1
0 6 1 0 5 e 	5202.111654951	3.000e-04	2
0 1 2 1 54 e 	5202.841963177	6.084e-04	2
3 0 1 0 54 e 	5203.047699324	1.408e-04	2
0 1 2 1 54 f 	5203.491513861	3.149e-04	1
0 5 1 1 51 e 	5203.601038462	3.062e-04	2
0 6 1 0 6 e 	5204.551618626	4.000e-04	1
1 4 1 2 34 e 	5205.141449226	7.077e-03	1
1 4 1 2 34 f 	5205.174205562	7.077e-03	1
0 2 2 0 20 e 	5205.460330570	3.000e-04	4
1 0 2 0 35 e 	5205.808097409	1.000e-01	2
0 4 1 0 72 e 	5206.628325106	1.525e-03	1
0 6 1 0 7 e 	5207.397365049	3.000e-04	1
2 2 1 0 46 e 	5208.505633753	1.196e-01	2
0 6 1 0 8 e 	5210.650395510	3.000e-04	1
1 4 1 0 34 e 	5211.098697968	3.000e-04	2
0 0 2 0 74 e 	5212.410152907	1.622e-03	2
1 3 1 1 61 e 	5213.864581055	1.464e-03	1
0 2 2 0 21 e 	5213.968284515	1.000e-01	2
0 6 1 0 9 e 	5214.308390826	3.000e-04	2
0 2 2 2 22 e 	5215.190789659	7.077e-03	3
0 2 2 2 22 f 	5215.193574234	8.718e-03	1
1 3 1 1 61 f 	5215.543012115	7.847e-04	1
1 4 1 2 35 e 	5219.305608755	7.077e-03	2
1 4 1 2 35 f 	5219.341129884	7.077e-03	1
1 0 2 0 36 e 	5220.184952946	3.022e-04	3
0 2 2 0 22 e 	5222.756251566	3.000e-04	5
0 2 2 2 23 e 	5224.443146771	7.077e-03	1
0 5 1 1 52 e 	5224.669868631	3.097e-04	2
0 1 2 1 55 e 	5224.890410990	2.541e-04	3
3 0 1 0 55 e 	5225.003292560	1.620e-04	2
1 4 1 0 35 e 	5225.255597740	3.000e-04	2
0 1 2 1 55 f 	5225.564395093	3.200e-04	1
2 2 1 0 47 e 	5227.406116107	1.000e-01	2
0 4 1 2 73 e 	5229.284352401	1.574e-03	1
2 4 0 0 85 e 	5230.259238480	2.150e-03	1
0 2 2 0 23 e 	5232.007269960	3.000e-04	4
0 6 1 0 13 e 	5233.009813609	3.000e-04	1
1 4 1 2 36 e 	5233.870982716	7.077e-03	2
1 4 1 2 36 f 	5233.912915395	1.003e-02	1
0 2 2 2 24 e 	5234.099394435	7.077e-03	2
1 0 2 0 37 e 	5234.973235678	3.022e-04	4
0 6 1 0 14 e 	5238.701465972	3.000e-04	2
1 3 1 1 62 e 	5238.863601844	1.410e-03	2
1 4 1 0 36 e 	5239.816550211	3.000e-04	1
1 3 1 1 62 f 	5240.596336767	8.404e-04	1
0 2 2 0 24 e 	5241.660475209	3.000e-04	5
0 0 2 0 75 e 	5242.399909377	1.758e-03	2
1 2 1 0 80 e 	5243.701517379	1.884e-03	1
0 2 2 2 25 e 	5244.156276667	7.077e-03	2
0 6 1 0 15 e 	5244.799733773	3.000e-04	1
0 5 1 1 53 e 	5246.143010745	3.111e-04	1
2 2 1 0 48 e 	5246.609403405	3.078e-04	2
3 0 1 0 56 e 	5247.343869549	8.279e-03	3
0 1 2 1 56 f 	5248.037144343	3.227e-04	1
1 4 1 2 37 e 	5248.843011167	7.077e-03	1
1 4 1 2 37 f 	5248.887147980	7.077e-03	2
1 0 2 0 38 e 	5250.160392798	3.022e-04	3
0 6 1 0 16 e 	5251.304756242	3.228e-04	2
0 2 2 0 25 e 	5251.715678782	3.000e-04	4
0 2 2 2 26 e 	5254.611774246	7.077e-03	1
1 4 1 0 37 e 	5254.782204871	3.045e-04	1
0 6 1 0 17 e 	5258.215429204	3.000e-04	1
0 4 1 2 74 e 	5259.217149707	1.622e-03	1
0 2 2 0 26 e 	5262.172403934	4.000e-04	4
1 4 1 2 38 e 	5264.215216206	7.077e-03	1
1 3 1 1 63 e 	5264.264581055	1.464e-03	1
1 4 1 2 38 f 	5264.267215395	7.077e-03	2
2 4 0 0 86 e 	5264.634367293	2.185e-03	1
0 2 2 2 27 e 	5265.477329360	7.077e-03	2
1 0 2 0 39 e 	5265.746666581	3.022e-04	3
1 3 1 1 63 f 	5266.052386295	8.927e-04	1
0 4 1 0 74 e 	5266.182149707	1.622e-03	1
2 2 1 0 49 e 	5266.324212657	3.046e-04	2
0 5 1 1 54 e 	5268.020663177	6.765e-04	1
3 0 1 0 57 e 	5270.106561879	6.010e-04	2
1 4 1 0 38 e 	5270.151829615	3.000e-04	3
0 1 2 1 57 e 	5270.188306122	1.225e-03	2
0 1 2 1 57 f 	5270.910330187	4.452e-04	1
0 0 2 0 76 e 	5272.787525305	1.801e-03	1
0 2 2 0 27 e 	5273.031778755	3.000e-04	4
0 6 1 0 19 e 	5273.257268234	4.000e-04	1
1 2 1 0 81 e 	5276.316809107	1.925e-03	2
0 2 2 2 28 e 	5276.736974246	7.077e-03	1
2 3 1 1 1 e 	5280.943062171	4.000e-04	1
0 6 1 0 20 e 	5281.388186206	4.000e-04	1
1 0 2 0 40 e 	5281.716626157	1.000e-01	2
2 3 1 1 2 e 	5281.749704946	5.284e-04	2
2 3 1 1 2 f 	5281.751557697	4.000e-04	1
2 3 1 1 3 e 	5282.959217880	1.093e-03	2
2 3 1 1 3 f 	5282.962601408	4.000e-04	1
0 2 2 0 28 e 	5284.292042744	4.000e-04	3
2 3 1 1 4 e 	5284.568605865	1.448e-03	2
2 3 1 1 4 f 	5284.573156861	3.077e-03	2
1 4 1 0 39 e 	5285.926066877	3.045e-04	1
2 2 1 0 50 e 	5286.330746864	1.000e-01	1
2 3 1 1 5 e 	5286.589063371	1.111e-03	2
2 3 1 1 5 f 	5286.596205228	8.324e-04	2
0 2 2 2 29 e 	5288.406452157	7.077e-03	1
2 3 1 1 6 e 	5289.002450392	7.790e-04	2
2 3 1 1 6 f 	5289.015385442	4.000e-04	2
0 4 1 2 75 e 	5289.553043346	1.669e-03	1
1 3 1 1 64 e 	5290.067968670	1.580e-03	1
0 5 1 1 55 e 	5290.302612888	3.234e-04	1
2 3 1 1 7 e 	5291.825577806	2.431e-03	2
2 3 1 1 7 f 	5291.848646864	4.000e-04	2
3 0 1 0 58 e 	5293.256741342	4.698e-04	2
0 1 2 1 58 e 	5293.436650278	1.598e-03	3
0 1 2 1 58 f 	5294.183408888	4.681e-04	1
2 3 1 1 8 e 	5295.045539586	4.000e-04	2
2 3 1 1 8 f 	5295.078645939	4.000e-04	2
0 2 2 0 29 e 	5295.955874483	3.000e-04	3
1 4 1 2 40 e 	5296.174077296	7.077e-03	1
0 4 1 0 75 e 	5296.564743346	1.669e-03	1
1 0 2 0 41 e 	5298.115985210	3.022e-04	3
2 3 1 1 9 e 	5298.671994863	5.519e-04	2
2 3 1 1 9 f 	5298.713877773	4.000e-04	2
0 6 1 0 22 e 	5298.869982090	4.000e-04	1
0 2 2 2 30 e 	5300.471367089	7.077e-03	3
2 3 1 1 10 e 	5302.700432991	4.000e-04	2
2 3 1 1 10 f 	5302.753689194	6.883e-04	2
2 2 1 0 51 e 	5306.883434286	1.000e-01	1
2 3 1 1 11 e 	5307.131971390	4.000e-04	2
2 3 1 1 11 f 	5307.195614572	4.000e-04	2
0 2 2 0 30 e 	5308.020655486	3.000e-04	5
2 3 1 1 12 e 	5311.966675898	4.000e-04	2
2 3 1 1 12 f 	5312.041494810	4.000e-04	2
1 4 1 2 41 e 	5312.760725835	7.077e-03	1
0 2 2 2 31 e 	5312.942518137	7.077e-03	2
0 5 1 1 56 e 	5312.988352081	4.410e-04	1
1 0 2 0 42 e 	5314.898716797	3.022e-04	3
1 3 1 1 65 e 	5316.272574425	1.531e-03	1
3 0 1 0 59 e 	5316.804378240	6.280e-04	2
0 1 2 1 59 e 	5317.086238276	1.281e-03	2
2 3 1 1 13 e 	5317.204049007	4.000e-04	2
2 3 1 1 13 f 	5317.291849277	4.000e-04	1
0 1 2 1 59 f 	5317.856697339	7.172e-04	1
0 6 1 0 24 e 	5317.977224090	4.000e-04	1
1 3 1 1 65 f 	5318.171952291	1.192e-03	2
1 4 1 0 41 e 	5318.687512625	3.000e-04	2
0 2 2 0 31 e 	5320.563763626	1.000e-01	2
2 3 1 1 14 e 	5322.846005601	9.835e-04	2
2 3 1 1 14 f 	5322.945779250	4.000e-04	1
0 2 2 2 32 e 	5325.811611689	7.077e-03	2
0 4 1 0 76 e 	5327.351856107	1.714e-03	1
2 2 1 0 52 e 	5327.877956905	3.166e-04	2
2 3 1 1 15 e 	5328.887728454	4.000e-04	2
2 3 1 1 15 f 	5329.003368763	4.000e-04	2
1 4 1 2 42 f 	5329.825199996	7.077e-03	2
1 0 2 0 43 e 	5332.080430524	3.022e-04	3
0 2 2 0 32 e 	5333.355868177	3.000e-04	5
2 4 0 0 88 e 	5334.570227293	2.185e-03	1
2 3 1 1 16 e 	5335.334192284	4.000e-04	2
2 3 1 1 16 f 	5335.464368342	4.000e-04	2
1 4 1 0 42 e 	5335.674692216	3.000e-04	4
0 6 1 0 26 e 	5338.711203838	4.000e-04	1
0 2 2 2 33 e 	5339.085104140	7.077e-03	1
3 0 1 0 60 e 	5340.749788886	7.172e-04	2
0 1 2 1 60 e 	5341.133291593	1.308e-03	3
0 1 2 1 60 f 	5341.929777689	8.173e-04	1
2 3 1 1 17 e 	5342.183059365	4.000e-04	2
2 3 1 1 17 f 	5342.329739238	4.000e-04	2
1 2 1 0 83 e 	5342.749185662	2.002e-03	1
1 3 1 1 66 e 	5342.876311833	5.105e-03	1
1 3 1 1 66 f 	5344.835412772	1.251e-03	1
0 2 2 0 33 e 	5346.626255612	3.000e-04	4
1 4 1 2 43 e 	5347.139702303	8.871e-03	1
2 2 1 0 53 e 	5349.151548767	1.000e-01	1
2 3 1 1 18 e 	5349.434434905	4.000e-04	1
2 3 1 1 18 f 	5349.598565832	4.000e-04	2
1 0 2 0 44 e 	5349.687420470	1.000e-01	1
0 2 2 2 34 e 	5352.757949226	7.077e-03	1
1 4 1 0 43 e 	5353.066471530	3.002e-04	3
2 3 1 1 19 e 	5357.088918325	4.000e-04	1
2 3 1 1 19 f 	5357.271187306	4.000e-04	2
0 5 1 1 58 e 	5359.572924765	1.769e-03	1
0 2 2 0 34 e 	5360.298304240	3.000e-04	5
1 4 1 2 44 f 	5365.029402085	7.077e-03	1
3 0 1 0 61 e 	5365.093136808	8.164e-04	2
2 3 1 1 20 e 	5365.145604800	4.000e-04	2
2 3 1 1 20 f 	5365.347065777	4.000e-04	2
0 1 2 1 61 e 	5365.579903000	1.373e-03	2
0 0 2 0 79 e 	5366.336132553	1.924e-03	1
0 1 2 1 61 f 	5366.403012115	7.847e-04	1
0 2 2 2 35 e 	5366.836404140	7.077e-03	1
1 0 2 0 45 e 	5367.639602675	3.041e-04	3
1 3 1 1 67 e 	5369.887415739	1.519e-03	2
2 4 0 0 89 e 	5370.132465856	2.220e-03	1
1 4 1 0 44 e 	5370.862381580	3.003e-04	2
2 2 1 0 54 e 	5370.920211564	1.177e-03	2
1 3 1 1 67 f 	5371.901500162	5.133e-03	1
2 3 1 1 21 e 	5373.605324736	4.000e-04	1
2 3 1 1 21 f 	5373.827086843	4.000e-04	1
0 2 2 0 35 e 	5374.372204689	3.000e-04	5
1 2 1 0 84 e 	5376.565856261	2.040e-03	1
0 2 2 2 36 e 	5381.312549226	7.077e-03	1
2 3 1 1 22 e 	5382.467767324	4.000e-04	1
2 3 1 1 22 f 	5382.710438159	4.000e-04	2
1 4 1 2 45 f 	5383.237660464	7.077e-03	2
0 5 1 1 59 e 	5383.474023150	1.291e-03	2
1 0 2 0 46 e 	5386.017253557	3.055e-04	2
0 2 2 0 36 e 	5388.847639194	3.000e-04	4
1 4 1 0 45 e 	5389.062354921	3.005e-04	2
3 0 1 0 62 e 	5389.834018259	9.060e-04	1
0 1 2 1 62 e 	5390.426110139	1.411e-03	1
0 1 2 1 62 f 	5391.275636767	8.404e-04	1
2 3 1 1 23 e 	5391.732711147	4.000e-04	2
2 3 1 1 23 f 	5391.997575600	4.000e-04	2
2 2 1 0 55 e 	5393.044520192	3.239e-04	2
0 2 2 2 37 e 	5396.193313369	7.077e-03	1
1 3 1 1 68 e 	5397.294903125	5.135e-03	1
0 6 1 0 31 e 	5397.661000573	3.000e-04	3
0 0 2 0 80 e 	5398.314280879	1.964e-03	1
2 3 1 1 24 e 	5401.400158553	4.000e-04	2
2 3 1 1 24 f 	5401.688039545	4.000e-04	1
1 4 1 2 46 e 	5401.737079974	7.078e-03	1
0 2 2 0 37 e 	5403.724798428	4.000e-04	3
1 0 2 0 47 e 	5404.793312184	3.043e-04	2
2 4 0 0 90 e 	5406.090714772	2.253e-03	1
1 4 1 0 46 e 	5407.666899221	3.013e-04	2
0 5 1 1 60 e 	5407.776682777	1.303e-03	2
0 6 1 0 32 e 	5410.670340277	3.000e-04	1
2 3 1 1 25 e 	5411.470446848	4.000e-04	2
0 2 2 2 38 e 	5411.472446751	7.077e-03	2
2 3 1 1 25 f 	5411.782170545	4.000e-04	2
3 0 1 0 63 e 	5414.972850789	1.121e-03	1
2 2 1 0 56 e 	5415.530096006	1.000e-01	1
0 1 2 1 63 e 	5415.671339301	1.462e-03	3
0 1 2 1 63 f 	5416.548186295	8.927e-04	1
0 2 2 0 38 e 	5419.003835807	3.000e-04	4
2 3 1 1 26 e 	5421.943367756	4.000e-04	2
2 3 1 1 26 f 	5422.279972545	4.000e-04	1
1 0 2 0 48 e 	5423.967903959	3.078e-04	2
0 6 1 0 33 e 	5424.086675870	3.000e-04	2
1 3 1 1 69 e 	5425.108247749	1.829e-03	1
1 4 1 0 47 e 	5426.675492165	3.038e-04	1
0 2 2 2 39 e 	5427.156625835	7.077e-03	1
1 3 1 1 69 f 	5427.240100162	5.133e-03	1
0 0 2 0 81 e 	5430.690085662	2.002e-03	1
0 5 1 1 61 e 	5432.483146943	1.355e-03	1
2 3 1 1 27 e 	5432.818401979	4.000e-04	2
2 3 1 1 27 f 	5433.181083670	4.000e-04	2
0 2 2 0 39 e 	5434.684218604	3.000e-04	4
0 6 1 0 34 e 	5437.909345244	3.000e-04	2
2 2 1 0 57 e 	5438.467586462	1.000e-01	1
3 0 1 0 64 e 	5440.509455970	1.187e-03	2
0 1 2 1 64 e 	5441.315831109	1.511e-03	2
0 1 2 1 64 f 	5442.220296261	9.751e-04	1
2 4 0 0 91 e 	5442.445536766	2.309e-03	1
0 2 2 2 40 e 	5443.260535376	2.300e-02	1
1 0 2 0 49 e 	5443.541021382	3.046e-04	3
2 3 1 1 28 e 	5444.096463332	4.000e-04	2
2 3 1 1 28 f 	5444.485503534	4.000e-04	2
1 2 1 0 86 e 	5445.400407293	2.185e-03	1
1 4 1 0 48 e 	5446.088514643	3.029e-04	2
4 0 1 0 3 e 	5447.351266431	4.000e-04	1
0 2 2 0 40 e 	5450.766190361	3.000e-04	3
4 0 1 0 5 e 	5450.937370200	4.000e-04	2
0 6 1 0 35 e 	5452.138605616	3.000e-04	2
4 0 1 0 6 e 	5453.328250813	4.000e-04	1
1 1 2 1 2 e 	5453.663798347	3.270e-04	2
1 1 2 1 2 f 	5453.665740891	4.000e-04	1
0 4 1 0 80 e 	5454.533517379	1.884e-03	1
1 1 2 1 3 e 	5454.865733589	4.000e-04	1
1 1 2 1 3 f 	5454.868466330	4.000e-04	1
1 3 1 1 70 f 	5455.513194948	5.178e-03	1
2 3 1 1 29 e 	5455.776466556	4.000e-04	2
4 0 1 0 7 e 	5456.117684969	4.000e-04	1
2 3 1 1 29 f 	5456.193760881	4.000e-04	1
0 5 1 1 62 e 	5457.594101844	1.431e-03	2
1 1 2 1 5 e 	5458.470518154	4.000e-04	1
4 0 1 0 8 e 	5459.305692813	4.000e-04	1
1 4 1 2 49 e 	5459.963834398	7.078e-03	1
1 1 2 1 6 e 	5460.875710548	3.519e-04	1
1 1 2 1 6 f 	5460.883897857	4.000e-04	1
2 2 1 0 58 e 	5461.829006860	1.000e-01	1
4 0 1 0 9 e 	5462.891730269	4.000e-04	2
0 0 2 0 82 e 	5463.462756261	2.040e-03	1
1 0 2 0 50 e 	5463.512403849	3.104e-04	2
1 1 2 1 7 e 	5463.677531458	4.000e-04	1
1 4 1 0 49 e 	5465.905807983	3.045e-04	2
3 0 1 0 65 e 	5466.443337183	1.250e-03	2
0 6 1 0 36 e 	5466.774375080	3.000e-04	2
4 0 1 0 10 e 	5466.876107765	4.000e-04	2
1 1 2 1 8 e 	5466.881185607	3.270e-04	2
0 2 2 0 41 e 	5467.249692811	4.000e-04	3
0 1 2 1 65 e 	5467.360438927	1.530e-03	3
2 3 1 1 30 e 	5467.859270273	4.000e-04	2
0 1 2 1 65 f 	5468.294012772	6.277e-03	1
2 3 1 1 30 f 	5468.304954445	4.000e-04	2
1 1 2 1 9 e 	5470.485839030	4.943e-04	2
4 0 1 0 11 e 	5471.259205243	4.000e-04	2
1 1 2 1 10 e 	5474.491881256	4.000e-04	1
0 2 2 2 42 e 	5476.630335376	2.300e-02	2
1 1 2 1 11 e 	5478.897330512	4.000e-04	1
2 4 0 0 92 e 	5479.195748295	2.342e-03	1
1 4 1 2 50 e 	5480.178311179	7.078e-03	1
2 3 1 1 31 e 	5480.344315520	4.000e-04	2
1 2 1 0 87 e 	5480.390568480	2.150e-03	1
2 3 1 1 31 f 	5480.819922472	4.000e-04	2
0 6 1 0 37 e 	5481.816473510	3.000e-04	2
1 3 1 1 71 e 	5481.934647749	1.829e-03	1
0 5 1 1 63 e 	5483.108777740	1.446e-03	2
1 1 2 1 12 e 	5483.702263608	3.519e-04	1
1 1 2 1 12 f 	5483.742780310	4.000e-04	2
1 0 2 0 51 e 	5483.882144028	3.120e-04	3
0 2 2 0 42 e 	5484.134783592	3.000e-04	4
1 3 1 1 71 f 	5484.188052840	5.163e-03	1
2 2 1 0 59 e 	5485.550818346	8.172e-04	2
1 4 1 0 50 e 	5486.127203684	3.105e-04	1
4 0 1 0 14 e 	5486.799191081	4.000e-04	1
1 1 2 1 13 f 	5488.945493277	4.000e-04	1
3 0 1 0 66 e 	5492.775147736	1.187e-03	1
4 0 1 0 15 e 	5492.775521214	4.000e-04	2
2 3 1 1 32 e 	5493.232067634	4.000e-04	1
2 3 1 1 32 f 	5493.737861658	4.000e-04	1
0 1 2 1 66 e 	5493.799911833	5.105e-03	1
0 2 2 2 43 e 	5493.895502303	8.871e-03	2
1 1 2 1 14 e 	5494.516518597	5.084e-04	2
1 1 2 1 14 f 	5494.569386917	4.000e-04	2
0 1 2 1 66 f 	5494.763512772	1.251e-03	1
0 0 2 0 83 e 	5496.632911414	2.077e-03	2
0 6 1 0 38 e 	5497.265099950	3.000e-04	1
4 0 1 0 16 e 	5499.150277656	4.000e-04	1
1 4 1 2 51 e 	5500.799793890	7.078e-03	1
1 4 1 2 51 f 	5500.963965867	7.078e-03	2
0 2 2 0 43 e 	5501.421342727	3.001e-04	4
1 0 2 0 52 e 	5504.650078789	3.132e-04	3
4 0 1 0 17 e 	5505.923730595	4.000e-04	2
2 3 1 1 33 e 	5506.521965746	4.001e-04	1
1 1 2 1 16 e 	5506.931444949	3.519e-04	1
2 3 1 1 33 f 	5507.059238314	4.000e-04	1
2 2 1 0 60 e 	5509.679096951	7.174e-04	1
1 3 1 1 72 e 	5511.385185254	5.215e-03	2
0 2 2 2 44 e 	5511.604435376	3.252e-02	1
4 0 1 0 18 e 	5513.095583710	4.000e-04	2
0 6 1 0 39 e 	5513.120575820	3.000e-04	2
1 3 1 1 72 f 	5513.264796407	5.178e-03	2
1 1 2 1 17 e 	5513.740252343	3.779e-04	2
1 1 2 1 17 f 	5513.817317707	4.000e-04	1
0 2 2 0 44 e 	5519.168479147	1.000e-01	2
3 0 1 0 67 e 	5519.504457595	1.368e-03	1
2 3 1 1 34 e 	5520.214072391	4.000e-04	1
0 1 2 1 67 e 	5520.645025958	1.658e-03	1
4 0 1 0 19 e 	5520.665279932	4.000e-04	2
2 3 1 1 34 f 	5520.783411658	4.000e-04	1
1 1 2 1 18 e 	5520.949444949	3.519e-04	1
0 1 2 1 67 f 	5521.634313581	1.310e-03	2
1 4 1 2 52 f 	5521.997575577	7.078e-03	2
1 0 2 0 53 e 	5525.816220854	3.193e-04	2
1 1 2 1 19 e 	5528.557652262	3.519e-04	2
4 0 1 0 20 e 	5528.633398763	4.000e-04	1
0 6 1 0 40 e 	5529.382435871	3.000e-04	1
0 2 2 2 45 e 	5529.678227599	7.078e-03	1
0 0 2 0 84 e 	5530.200240443	2.114e-03	1
2 3 1 1 35 e 	5534.308792746	4.001e-04	1
2 3 1 1 35 f 	5534.911389314	4.000e-04	1
1 1 2 1 20 e 	5536.567854229	3.519e-04	1
4 0 1 0 21 e 	5536.999780515	4.000e-04	2
0 2 2 0 45 e 	5537.198402745	3.005e-04	3
1 3 1 1 73 f 	5542.744029401	5.192e-03	1
1 4 1 2 53 f 	5543.435365530	7.078e-03	1
1 1 2 1 21 e 	5544.976489708	3.519e-04	2
1 1 2 1 21 f 	5545.091927843	4.000e-04	1
4 0 1 0 22 e 	5545.764364206	4.000e-04	1
0 6 1 0 41 e 	5546.051240436	3.000e-04	1
3 0 1 0 68 e 	5546.631198315	1.422e-03	1
1 0 2 0 54 e 	5547.416891224	1.000e-01	1
0 1 2 1 68 e 	5547.884010962	5.097e-03	2
0 2 2 2 46 e 	5548.168069649	7.078e-03	2
0 2 2 2 46 f 	5548.198261498	7.078e-03	1
2 3 1 1 36 e 	5548.805418736	4.000e-04	2
0 1 2 1 68 f 	5548.904472481	1.368e-03	1
2 3 1 1 36 f 	5549.442441920	4.000e-04	2
1 1 2 1 22 e 	5553.786593336	3.145e-04	1
1 1 2 1 22 f 	5553.912828992	4.000e-04	1
4 0 1 0 23 e 	5554.927233087	4.000e-04	1
0 2 2 0 46 e 	5555.688749379	3.013e-04	3
2 2 1 0 62 e 	5559.141037521	1.051e-03	1
0 5 1 1 66 e 	5562.076868670	1.580e-03	1
1 1 2 1 23 e 	5562.996284924	3.519e-04	1
0 6 1 0 42 e 	5563.125976809	3.003e-04	1
1 1 2 1 23 f 	5563.134429985	4.000e-04	1
2 3 1 1 37 e 	5563.704441497	4.001e-04	1
0 0 2 0 85 e 	5564.164668480	2.150e-03	1
2 3 1 1 37 f 	5564.376529092	4.000e-04	2
4 0 1 0 24 e 	5564.488015090	4.000e-04	1
0 2 2 2 47 e 	5567.062114398	7.078e-03	1
1 0 2 0 55 e 	5569.343020746	3.239e-04	2
1 3 1 1 74 e 	5570.619795034	5.225e-03	1
1 4 1 0 54 e 	5571.053826599	3.126e-04	2
1 3 1 1 74 f 	5572.624397865	5.207e-03	1
4 0 1 0 25 e 	5574.447101163	4.000e-04	2
0 2 2 0 47 e 	5574.608886923	1.000e-01	2
0 1 2 1 69 e 	5575.526991512	1.638e-03	3
2 3 1 1 38 e 	5579.005485401	4.001e-04	2
2 3 1 1 38 f 	5579.713618748	4.001e-04	2
1 1 2 1 25 e 	5582.617507290	3.145e-04	1
4 0 1 0 26 e 	5584.804463017	4.000e-04	2
0 5 1 1 67 e 	5589.208305519	1.541e-03	1
1 0 2 0 56 e 	5591.730096006	1.000e-01	1
1 1 2 1 26 e 	5593.028638587	3.519e-04	1
1 1 2 1 26 f 	5593.202704545	4.000e-04	1
0 2 2 0 48 e 	5593.873687445	3.029e-04	2
2 3 1 1 39 e 	5594.708791497	4.001e-04	1
2 3 1 1 39 f 	5595.453989939	4.001e-04	2
4 0 1 0 27 e 	5595.559556415	4.000e-04	2
0 6 1 0 44 e 	5598.495294104	3.003e-04	2
0 0 2 0 86 e 	5598.526107293	2.185e-03	1
3 0 1 0 70 e 	5602.076993468	1.527e-03	2
1 3 1 1 75 f 	5602.907282377	5.251e-03	1
1 1 2 1 27 e 	5603.838694697	6.646e-04	2
1 1 2 1 27 f 	5604.027037875	4.000e-04	1
0 1 2 1 70 f 	5604.643652840	8.765e-03	1
3 2 1 0 4 e 	5606.488648626	6.000e-04	1
4 0 1 0 28 e 	5606.712967724	4.000e-04	2
3 2 1 0 5 e 	5608.499927969	6.000e-04	1
2 3 1 1 40 e 	5610.813921057	4.001e-04	2
3 2 1 0 6 e 	5610.911936626	6.000e-04	1
2 3 1 1 40 f 	5611.597965081	6.727e-04	2
0 2 2 0 49 e 	5613.602377035	1.000e-01	1
3 2 1 0 7 e 	5613.726945871	6.000e-04	2
1 1 2 1 28 e 	5615.048738587	3.519e-04	1
1 1 2 1 28 f 	5615.251296390	4.000e-04	1
1 4 1 0 56 e 	5615.941998726	4.017e-04	1
0 6 1 0 45 e 	5616.789550363	3.005e-04	1
3 2 1 0 8 e 	5616.943569187	6.000e-04	2
4 0 1 0 29 e 	5618.264172265	4.000e-04	2
3 2 1 0 9 e 	5620.562233764	6.000e-04	1
0 2 2 2 50 e 	5626.144911179	7.078e-03	2
1 1 2 1 29 e 	5626.661630393	3.519e-04	1
1 1 2 1 29 f 	5626.876388464	4.000e-04	1
2 3 1 1 41 e 	5627.321116109	4.001e-04	1
2 3 1 1 41 f 	5628.143779724	4.001e-04	1
3 2 1 0 11 e 	5629.006675743	6.000e-04	2
4 0 1 0 30 e 	5630.213543386	4.000e-04	1
3 0 1 0 71 e 	5630.396222401	1.574e-03	1
1 3 1 1 76 e 	5631.458195034	5.225e-03	1
0 1 2 1 71 e 	5632.438326106	5.179e-03	1
0 1 2 1 71 f 	5633.110932840	5.155e-03	1
1 4 1 2 57 f 	5633.217715667	8.687e-03	1
0 0 2 0 87 e 	5633.284365856	2.220e-03	1
0 2 2 0 50 e 	5633.663273878	3.050e-04	3
3 2 1 0 12 e 	5633.831553274	6.000e-04	2
0 3 2 1 2 e 	5635.452709118	3.000e-04	1
0 6 1 0 46 e 	5635.492511399	3.013e-04	1
0 3 2 1 3 e 	5636.650425589	4.000e-04	1
1 4 1 0 57 e 	5638.991497192	4.432e-04	1
3 2 1 0 13 e 	5639.058079296	6.000e-04	2
0 3 2 1 5 e 	5640.270491684	3.000e-04	1
4 0 1 0 31 e 	5642.560753126	4.000e-04	2
0 3 2 1 6 e 	5642.688687445	4.000e-04	1
2 3 1 1 42 e 	5644.230796530	4.001e-04	2
3 2 1 0 14 e 	5644.687493829	6.000e-04	2
2 3 1 1 42 f 	5645.092443458	4.001e-04	1
0 2 2 2 51 e 	5646.645193890	7.078e-03	1
0 3 2 1 8 e 	5648.725979556	2.688e-03	2
0 3 2 1 8 f 	5648.757560857	4.000e-04	1
3 2 1 0 15 e 	5650.718361214	6.000e-04	2
1 1 2 1 31 f 	5651.328046881	4.000e-04	1
0 3 2 1 9 e 	5652.349027458	4.000e-04	1
0 3 2 1 9 f 	5652.388112680	4.000e-04	1
0 2 2 0 51 e 	5654.159704045	3.060e-04	2
4 0 1 0 32 e 	5655.306228850	4.000e-04	2
0 3 2 1 10 e 	5656.374360156	3.000e-04	2
0 3 2 1 10 f 	5656.421500369	4.000e-04	1
1 4 1 2 58 f 	5656.671644751	7.103e-03	1
3 2 1 0 16 e 	5657.150789869	6.000e-04	2
3 0 1 0 72 e 	5659.112729707	1.622e-03	1
0 3 2 1 11 e 	5660.802309733	3.000e-04	3
0 3 2 1 11 f 	5660.858569384	3.000e-04	2
2 3 1 1 43 e 	5661.541967502	4.002e-04	2
1 4 1 0 58 e 	5662.445644230	7.172e-04	1
2 2 1 0 66 e 	5662.873508906	1.188e-03	1
1 1 2 1 32 e 	5663.891801856	3.519e-04	1
3 2 1 0 17 e 	5663.985512559	6.000e-04	1
1 1 2 1 32 f 	5664.154528212	4.000e-04	1
0 3 2 1 12 e 	5665.632112898	4.000e-04	2
0 3 2 1 12 f 	5665.698965310	4.000e-04	2
0 2 2 2 52 e 	5667.530711179	7.078e-03	1
0 2 2 2 52 f 	5667.584675687	7.078e-03	1
4 0 1 0 33 e 	5668.449547312	4.000e-04	1
0 3 2 1 13 e 	5670.864911809	3.000e-04	4
3 2 1 0 18 e 	5671.222004210	6.000e-04	2
0 2 2 0 52 e 	5675.057138142	3.126e-04	2
0 3 2 1 14 e 	5676.499724357	3.000e-04	3
0 3 2 1 14 f 	5676.589919683	3.000e-04	1
1 1 2 1 33 f 	5677.381476063	4.000e-04	1
3 2 1 0 19 e 	5678.860266432	6.000e-04	2
2 3 1 1 44 e 	5679.255576151	4.010e-04	1
2 3 1 1 44 f 	5680.199151464	4.003e-04	2
1 4 1 2 59 f 	5680.528915667	8.687e-03	1
4 0 1 0 34 e 	5681.990172662	4.000e-04	2
0 3 2 1 15 e 	5682.537394768	3.000e-04	2
0 3 2 1 15 f 	5682.640345818	4.000e-04	1
3 2 1 0 20 e 	5686.900386763	6.000e-04	1
0 2 2 2 53 e 	5688.831608631	7.078e-03	2
0 3 2 1 16 e 	5688.977232784	4.000e-04	2
0 3 2 1 16 f 	5689.094191363	3.000e-04	3
0 1 2 1 73 e 	5690.510416988	5.210e-03	1
1 1 2 1 34 e 	5690.713229452	3.519e-04	2
1 1 2 1 34 f 	5691.008904658	4.000e-04	1
0 1 2 1 73 f 	5691.244209401	5.185e-03	1
3 2 1 0 21 e 	5695.342185015	6.000e-04	2
4 0 1 0 35 e 	5695.928805409	4.000e-04	2
0 3 2 1 17 f 	5695.950890770	4.000e-04	1
2 3 1 1 45 f 	5698.356505905	4.007e-04	2
0 5 1 1 71 e 	5701.766647749	1.829e-03	1
0 3 2 1 18 e 	5703.064528027	3.000e-04	1
0 3 2 1 18 f 	5703.211289478	3.000e-04	2
3 2 1 0 22 e 	5704.185923148	6.000e-04	2
1 1 2 1 35 f 	5705.036268314	4.000e-04	1
4 0 1 0 36 e 	5710.265354910	4.000e-04	2
0 2 2 2 54 e 	5710.533971536	7.078e-03	1
0 3 2 1 19 f 	5710.874380770	4.000e-04	1
3 2 1 0 23 e 	5713.431175942	6.000e-04	2
2 3 1 1 46 e 	5715.887013047	4.021e-04	1
2 3 1 1 46 f 	5716.917199686	4.014e-04	1
0 2 2 0 54 e 	5718.055015355	3.199e-04	1
0 3 2 1 20 f 	5718.941215277	4.000e-04	2
1 1 2 1 36 e 	5719.133497097	3.519e-04	1
1 1 2 1 36 f 	5719.464401047	4.000e-04	1
0 1 2 1 74 e 	5720.144095222	5.205e-03	2
0 1 2 1 74 f 	5720.909147865	5.200e-03	1
3 2 1 0 24 e 	5723.077772464	6.000e-04	2
4 0 1 0 37 e 	5724.999842557	4.000e-04	1
0 3 2 1 21 e 	5727.212329931	3.000e-04	2
0 3 2 1 21 f 	5727.410853914	4.000e-04	2
0 5 1 1 72 e 	5731.350485265	7.236e-03	1
3 2 1 0 25 e 	5733.125863087	6.000e-04	1
1 1 2 1 37 e 	5733.943418766	3.519e-04	1
1 0 2 0 62 e 	5734.220762890	9.054e-04	2
1 1 2 1 37 f 	5734.292084029	4.000e-04	1
2 3 1 1 47 e 	5734.805961942	4.016e-04	2
1 4 1 0 61 e 	5735.230845972	8.172e-04	1
2 3 1 1 47 f 	5735.879938566	4.020e-04	2
0 0 2 0 90 e 	5739.940138295	2.320e-03	1
4 0 1 0 38 e 	5740.131587079	4.000e-04	2
0 2 2 0 55 e 	5740.155497192	4.432e-04	1
0 3 2 1 23 f 	5745.559876655	3.000e-04	1
3 0 1 0 75 e 	5747.646799377	1.758e-03	1
1 1 2 1 38 e 	5749.152615326	3.519e-04	1
1 1 2 1 38 f 	5749.520368793	4.001e-04	1
0 1 2 1 75 e 	5750.176268862	5.202e-03	2
0 1 2 1 75 f 	5750.973331346	5.214e-03	1
2 3 1 1 48 e 	5754.126168047	4.021e-04	1
0 3 2 1 24 e 	5754.981347494	3.000e-04	2
0 2 2 2 56 e 	5755.132071344	7.078e-03	2
0 3 2 1 24 f 	5755.239421436	4.000e-04	2
1 0 2 0 63 e 	5759.365666925	1.009e-03	2
1 4 1 0 62 e 	5760.300607039	9.063e-04	1
0 3 2 1 25 e 	5765.041791050	3.000e-04	1
0 3 2 1 25 f 	5765.321264214	4.000e-04	1
4 0 1 0 40 e 	5771.588082350	4.000e-04	1
2 3 1 1 49 e 	5773.848428179	4.047e-04	1
1 2 1 0 95 e 	5774.951954328	2.441e-03	1
2 3 1 1 49 f 	5775.013302305	4.036e-04	2
0 3 2 1 26 f 	5775.806681545	4.000e-04	1
0 2 2 2 57 e 	5778.032408717	7.213e-03	1
0 1 2 1 76 e 	5780.607050377	5.255e-03	1
1 1 2 1 40 e 	5780.771072715	3.520e-04	1
1 1 2 1 40 f 	5781.177083704	4.001e-04	1
0 1 2 1 76 f 	5781.436199024	5.229e-03	1
1 0 2 0 64 e 	5784.907637521	1.051e-03	1
0 2 2 0 57 e 	5785.558756132	6.880e-04	1
0 3 2 1 27 e 	5786.370139828	3.001e-04	1
0 3 2 1 27 f 	5786.695069670	4.000e-04	2
4 0 1 0 41 e 	5787.912656602	4.000e-04	1
0 5 1 1 74 e 	5790.857185243	5.215e-03	1
2 4 1 0 2 e 	5793.206702273	4.023e-04	2
2 3 1 1 50 e 	5793.971977242	4.037e-04	2
2 4 1 0 3 e 	5794.417081506	4.023e-04	2
1 1 2 1 41 e 	5797.179980768	3.520e-04	1
0 3 2 1 28 f 	5797.986459678	4.000e-04	1
2 4 1 0 5 e 	5798.047430700	6.000e-04	2
2 4 1 0 6 e 	5800.468024219	6.000e-04	2
0 2 2 2 58 e 	5801.332604144	8.751e-03	1
2 2 1 0 71 e 	5801.552088432	1.575e-03	1
2 0 2 0 0 e 	5801.906436308	6.000e-04	1
2 0 2 0 1 e 	5802.305939099	4.023e-04	3
2 0 2 0 2 e 	5803.104509530	4.047e-04	2
2 4 1 0 7 e 	5803.291594069	4.023e-04	2
2 0 2 0 3 e 	5804.301463959	4.023e-04	3
4 0 1 0 42 e 	5804.634574823	4.000e-04	1
2 0 2 0 4 e 	5805.897736614	4.023e-04	3
2 4 1 0 8 e 	5806.519276813	6.000e-04	1
2 0 2 0 5 e 	5807.893114962	4.023e-04	4
3 0 1 0 77 e 	5808.656711949	1.843e-03	1
0 3 2 1 29 f 	5809.680792173	4.000e-04	2
2 4 1 0 9 e 	5810.149296609	4.023e-04	3
2 0 2 0 6 e 	5810.287784160	4.023e-04	4
0 1 2 1 77 f 	5812.297532377	5.244e-03	1
2 0 2 0 7 e 	5813.081413836	3.244e-04	3
1 1 2 1 42 e 	5813.987542634	3.521e-04	1
2 4 1 0 10 e 	5814.182889560	6.000e-04	1
2 3 1 1 51 e 	5814.497164179	4.047e-04	1
2 3 1 1 51 f 	5815.757107178	4.094e-04	1
2 0 2 0 8 e 	5816.274185035	3.231e-04	4
2 4 1 0 11 e 	5818.620056743	6.000e-04	2
2 0 2 0 9 e 	5819.866349213	3.219e-04	3
0 5 1 1 75 e 	5821.216316988	5.210e-03	1
2 4 1 0 12 e 	5823.460390578	6.000e-04	1
2 0 2 0 10 e 	5823.857516265	6.000e-04	2
0 2 2 2 59 f 	5825.108688459	8.687e-03	1
2 0 2 0 11 e 	5828.247515148	4.023e-04	4
2 4 1 0 13 e 	5828.705296796	8.742e-04	2
1 1 2 1 43 e 	5831.194891580	3.520e-04	2
1 1 2 1 43 f 	5831.662600327	4.002e-04	1
0 2 2 0 59 e 	5832.564845972	8.172e-04	1
2 0 2 0 12 e 	5833.036651633	4.023e-04	3
0 3 2 1 31 e 	5833.852223757	3.001e-04	1
2 4 1 0 14 e 	5834.351098189	4.023e-04	3
2 3 1 1 52 e 	5835.423819086	4.074e-04	1
2 0 2 0 13 e 	5838.225326229	4.023e-04	4
4 0 1 0 44 e 	5839.271647470	4.015e-04	1
2 4 1 0 15 e 	5840.400829714	6.000e-04	2
2 0 2 0 14 e 	5843.812953037	4.023e-04	4
2 4 1 0 16 e 	5846.854284864	4.023e-04	3
1 1 2 1 44 e 	5848.801942634	3.521e-04	1
0 2 2 2 60 e 	5849.133768161	8.751e-03	1
0 2 2 2 60 f 	5849.214682159	8.698e-03	1
2 0 2 0 15 e 	5849.799461214	6.000e-04	2
0 5 1 1 76 e 	5851.978995034	5.225e-03	1
2 4 1 0 17 e 	5853.710560059	4.020e-04	3
2 0 2 0 16 e 	5856.186591987	7.552e-04	4
2 3 1 1 53 e 	5856.752347800	4.141e-04	1
4 0 1 0 45 e 	5857.185693708	4.014e-04	1
0 3 2 1 33 f 	5860.487039063	4.000e-04	1
2 4 1 0 18 e 	5860.970077316	4.020e-04	2
2 0 2 0 17 e 	5862.970371630	6.000e-04	1
1 0 2 0 67 e 	5863.918472473	1.251e-03	2
1 1 2 1 45 e 	5866.808355976	3.533e-04	1
2 4 1 0 19 e 	5868.632621652	4.020e-04	3
2 0 2 0 18 e 	5870.155293009	4.020e-04	3
3 0 1 0 79 e 	5871.257532553	1.924e-03	1
0 3 2 1 34 e 	5873.685173685	3.001e-04	1
0 2 2 2 61 f 	5873.720960002	7.117e-03	1
0 3 2 1 34 f 	5874.195459047	4.000e-04	1
4 0 1 0 46 e 	5875.497203036	4.027e-04	1
2 4 1 0 20 e 	5876.698410763	6.000e-04	1
2 0 2 0 19 e 	5877.738716652	4.020e-04	3
2 3 1 1 54 e 	5878.481787081	5.133e-04	1
0 2 2 0 61 e 	5881.173273201	9.750e-04	1
2 4 1 0 21 e 	5885.167122245	4.020e-04	3
1 1 2 1 46 e 	5885.213532757	3.541e-04	1
2 0 2 0 20 e 	5885.721551474	4.020e-04	3
2 0 2 0 21 e 	5894.103482015	6.000e-04	2
4 0 1 0 47 e 	5894.206493607	4.022e-04	2
0 2 2 2 62 e 	5898.535455506	7.201e-03	1
0 2 2 2 62 f 	5898.627882159	8.698e-03	1
2 3 1 1 55 e 	5900.613105888	4.178e-04	1
2 0 2 0 22 e 	5902.884918469	3.123e-04	3
2 4 1 0 23 e 	5903.313148087	6.000e-04	1
1 1 2 1 47 e 	5904.018424632	3.548e-04	1
0 2 2 0 62 e 	5906.078098046	9.204e-04	2
2 0 2 0 23 e 	5912.065026942	6.000e-04	2
2 4 1 0 24 e 	5912.989957403	4.040e-04	1
4 0 1 0 48 e 	5913.312584966	4.039e-04	1
0 3 2 1 37 e 	5917.134926401	3.001e-04	1
0 3 2 1 37 f 	5917.737468029	4.000e-04	1
1 0 2 0 69 e 	5918.578377595	1.368e-03	1
2 0 2 0 24 e 	5921.645662011	3.114e-04	3
2 4 1 0 25 e 	5923.070342301	4.040e-04	1
1 1 2 1 48 e 	5923.222811523	3.541e-04	2
0 2 2 2 63 f 	5923.935861261	7.134e-03	1
2 3 1 1 56 f 	5924.654847888	5.377e-04	1
0 0 2 0 95 e 	5925.629050595	2.978e-03	1
2 0 2 0 25 e 	5931.626649217	6.290e-04	2
0 3 2 1 38 e 	5932.422016303	3.001e-04	1
4 0 1 0 49 e 	5932.816003479	4.032e-04	2
0 3 2 1 38 f 	5933.056986248	4.001e-04	2
3 0 1 0 81 e 	5935.451365662	2.002e-03	1
2 0 2 0 26 e 	5942.005910354	3.207e-04	1
1 1 2 1 49 e 	5942.825624632	3.548e-04	1
1 0 2 0 70 e 	5946.504101830	1.525e-03	1
0 3 2 1 39 f 	5948.779222724	4.001e-04	1
0 2 2 2 64 e 	5949.537355506	7.201e-03	2
0 2 2 2 64 f 	5949.642974001	7.166e-03	1
4 0 1 0 50 e 	5952.715730966	4.039e-04	1
1 2 2 2 3 e 	5954.675175195	1.350e-02	1
1 2 2 0 1 e 	5959.730447857	6.000e-04	1
1 2 2 0 2 e 	5960.533549963	6.000e-04	2
1 2 2 2 6 e 	5960.700155058	1.017e-02	1
1 2 2 0 3 e 	5961.737983387	6.000e-04	2
1 1 2 1 50 e 	5962.828275268	3.580e-04	1
1 2 2 0 4 e 	5963.344130923	4.000e-04	3
1 2 2 2 7 e 	5963.511499825	7.082e-03	1
0 3 2 1 40 e 	5964.200788103	3.002e-04	1
0 3 2 1 40 f 	5964.903690458	4.001e-04	1
1 2 2 0 5 e 	5965.351482101	4.000e-04	4
1 2 2 2 8 e 	5966.724269102	7.082e-03	1
1 2 2 2 8 f 	5966.724429140	7.082e-03	1
1 2 2 0 6 e 	5967.759536975	6.000e-04	4
1 2 2 2 9 f 	5970.339046025	7.082e-03	1
1 2 2 0 7 e 	5970.569837474	6.000e-04	4
4 0 1 0 51 e 	5973.014454035	4.046e-04	1
1 2 2 0 8 e 	5973.781671745	6.000e-04	4
1 2 2 2 10 e 	5974.354709102	7.082e-03	1
1 2 2 2 10 f 	5974.354864140	7.082e-03	1
0 2 2 2 65 e 	5975.638788548	7.210e-03	1
0 2 2 2 65 f 	5975.750461261	7.134e-03	1
1 2 2 0 9 e 	5977.394615728	6.000e-04	4
1 2 2 2 11 e 	5978.772291715	7.082e-03	1
1 2 2 0 10 e 	5981.409684015	4.000e-04	6
0 3 2 1 41 f 	5981.431273327	4.002e-04	1
0 2 2 0 65 e 	5983.195980444	1.251e-03	1
1 1 2 1 51 e 	5983.229404443	3.568e-04	2
1 2 2 2 12 e 	5983.591314667	7.082e-03	1
1 2 2 0 11 e 	5985.825019812	6.000e-04	4
1 2 2 2 13 e 	5988.811684715	7.082e-03	1
1 2 2 2 13 f 	5988.812167978	7.082e-03	1
1 2 2 0 12 e 	5990.642465502	6.000e-04	4
2 3 1 1 59 e 	5993.148701943	1.355e-03	1
1 2 2 2 14 e 	5994.434127667	7.082e-03	1
1 2 2 2 14 f 	5994.434399289	7.082e-03	1
1 2 2 0 13 e 	5995.861201927	4.000e-04	5
0 3 2 1 42 f 	5998.360856458	4.001e-04	1
1 2 2 2 15 e 	6000.457490116	7.082e-03	2
1 2 2 2 15 f 	6000.458363907	7.082e-03	1
1 2 2 0 14 e 	6001.481619318	4.000e-04	5
1 2 2 2 16 e 	6006.882718838	7.082e-03	1
1 2 2 2 16 f 	6006.883409917	7.082e-03	1
1 2 2 0 15 e 	6007.502952711	4.000e-04	6
0 2 2 0 66 e 	6009.702289480	1.311e-03	1
1 2 2 2 17 e 	6013.709400483	7.082e-03	2
1 2 2 2 17 f 	6013.710100281	7.082e-03	1
1 2 2 0 16 e 	6013.926035806	4.000e-04	5
0 3 2 1 43 f 	6015.692893327	4.002e-04	1
2 3 1 1 60 f 	6019.016899767	8.459e-04	1
1 2 2 0 17 e 	6020.749683612	4.000e-04	6
1 2 2 2 18 e 	6020.937298812	7.082e-03	2
2 0 2 0 33 e 	6025.849181038	3.224e-04	2
1 2 2 0 18 e 	6027.975281421	4.000e-04	6
1 2 2 2 19 e 	6028.566703114	7.082e-03	2
1 2 2 2 19 f 	6028.567735281	7.082e-03	1
1 6 1 0 9 e 	6030.310785764	6.000e-04	1
0 3 2 1 44 f 	6033.427505464	4.003e-04	2
1 2 2 0 19 e 	6035.601728101	4.000e-04	6
1 2 2 2 20 f 	6036.599232585	7.082e-03	1
1 2 2 0 20 e 	6043.629796572	4.000e-04	5
1 6 1 0 13 e 	6048.967344723	6.000e-04	1
0 3 2 1 45 e 	6050.677119826	1.171e-03	1
1 2 2 0 21 e 	6052.058737539	6.000e-04	4
1 2 2 2 22 e 	6053.862341899	7.082e-03	1
1 6 1 0 15 e 	6060.729001559	6.000e-04	1
1 2 2 0 22 e 	6060.889673776	4.000e-04	6
1 2 2 2 23 e 	6063.096910652	7.082e-03	1
1 2 2 2 23 f 	6063.099874925	7.082e-03	1
3 0 1 0 85 e 	6068.636901414	2.077e-03	1
1 1 2 1 55 e 	6068.824072527	3.988e-04	1
0 3 2 1 46 f 	6070.103600565	4.027e-04	1
1 2 2 0 23 e 	6070.121039824	4.000e-04	5
1 2 2 2 24 e 	6072.733454971	7.082e-03	1
1 2 2 2 24 f 	6072.735804768	7.082e-03	1
1 2 2 0 24 e 	6079.753850893	6.000e-04	3
0 0 2 0 99 e 	6081.316587314	1.124e-02	1
1 2 2 2 25 e 	6082.770023771	7.082e-03	1
1 2 2 2 25 f 	6082.773756552	7.082e-03	2
1 6 1 0 19 e 	6089.119423234	6.000e-04	1
1 2 2 0 25 e 	6089.788023729	4.000e-04	5
1 0 2 0 75 e 	6092.085485062	1.757e-03	1
1 2 2 2 26 e 	6093.204734246	7.082e-03	1
1 2 2 2 26 f 	6093.213068049	7.082e-03	1
1 2 2 0 26 e 	6100.223020104	4.000e-04	5
1 2 2 2 27 e 	6104.047811860	7.082e-03	2
1 2 2 2 27 f 	6104.052132863	7.082e-03	1
1 6 1 0 21 e 	6105.748165797	6.000e-04	1
0 3 2 1 48 e 	6107.380240824	1.172e-03	1
0 3 2 1 48 f 	6108.388322565	4.027e-04	1
1 2 2 0 27 e 	6111.059364195	4.000e-04	6
1 1 2 1 57 e 	6114.014806092	3.988e-04	2
1 2 2 2 28 e 	6115.288543500	7.082e-03	1
1 2 2 2 28 f 	6115.294005049	7.082e-03	1
0 0 3 0 0 e 	6117.576413789	6.000e-04	3
0 0 3 0 1 e 	6117.974903867	6.000e-04	5
0 0 3 0 2 e 	6118.771874531	4.023e-04	5
0 0 3 0 3 e 	6119.967382295	6.000e-04	4
0 0 3 0 4 e 	6121.561241016	6.000e-04	4
1 2 2 0 28 e 	6122.297006475	4.000e-04	6
0 0 3 0 5 e 	6123.553663562	4.023e-04	5
1 6 1 0 23 e 	6123.999686087	6.000e-04	1
0 0 3 0 6 e 	6125.944510856	6.000e-04	4
1 2 2 2 29 f 	6126.936024156	7.082e-03	1
0 3 2 1 49 f 	6128.134150634	4.036e-04	1
0 0 3 0 7 e 	6128.733843349	6.000e-04	4
2 0 2 0 40 e 	6129.306264404	3.278e-04	1
0 0 3 0 8 e 	6131.921533770	6.000e-04	4
1 6 1 0 24 e 	6133.733559838	6.000e-04	1
1 2 2 0 29 e 	6133.935072047	6.000e-04	4
0 0 3 0 9 e 	6135.507966906	4.023e-04	6
1 1 2 1 58 e 	6137.207631061	9.370e-04	1
3 0 1 0 87 e 	6137.651478480	2.152e-03	1
1 2 2 2 30 f 	6138.979714940	7.082e-03	1
0 0 3 0 10 e 	6139.492726761	4.023e-04	5
0 0 3 0 11 e 	6143.875792240	4.023e-04	5
2 0 2 0 41 e 	6145.692042250	3.018e-04	1
1 2 2 0 30 e 	6145.974753353	4.000e-04	6
0 3 2 1 50 e 	6147.190498966	3.382e-04	1
0 0 3 0 12 e 	6148.657231754	4.023e-04	3
0 0 3 0 13 e 	6153.837121106	6.000e-04	4
0 4 2 0 2 e 	6155.910271963	6.000e-04	2
0 4 2 0 3 e 	6157.120437644	6.000e-04	2
1 2 2 0 31 e 	6158.414853221	6.000e-04	3
0 4 2 0 4 e 	6158.733797575	6.000e-04	3
0 0 3 0 14 e 	6159.415496709	4.023e-04	6
0 4 2 0 5 e 	6160.750515828	6.000e-04	4
0 4 2 0 6 e 	6163.170641525	6.000e-04	3
1 2 2 2 32 e 	6164.260490678	7.082e-03	1
1 2 2 2 32 f 	6164.269898562	7.082e-03	1
0 0 3 0 15 e 	6165.392161188	4.020e-04	5
0 4 2 0 7 e 	6165.994180277	6.000e-04	4
0 4 2 0 8 e 	6169.220960311	6.000e-04	4
1 2 2 0 32 e 	6171.256608130	4.000e-04	5
0 0 3 0 16 e 	6171.767358681	6.000e-04	4
3 0 1 0 88 e 	6172.777104772	2.256e-03	1
0 4 2 0 9 e 	6172.851173932	6.000e-04	4
0 4 2 0 10 e 	6176.884628794	6.000e-04	4
0 2 2 0 72 e 	6177.143152873	1.924e-03	1
1 2 2 2 33 e 	6177.506477140	7.082e-03	1
0 0 3 0 17 e 	6178.540793409	4.020e-04	6
0 4 2 0 11 e 	6181.321466719	6.000e-04	3
1 2 2 0 33 e 	6184.499142387	4.000e-04	5
0 0 3 0 18 e 	6185.712508222	4.020e-04	4
0 4 2 0 12 e 	6186.161699176	6.000e-04	3
0 4 2 0 13 e 	6191.405069980	6.000e-04	4
0 0 3 0 19 e 	6193.282603979	4.020e-04	5
0 4 2 0 14 e 	6197.052166240	6.000e-04	4
1 2 2 0 34 e 	6198.142180044	4.000e-04	5
0 0 3 0 20 e 	6201.250882115	4.020e-04	5
0 4 2 0 15 e 	6203.102129410	6.000e-04	4
1 1 2 1 61 e 	6209.177786200	1.043e-03	1
0 4 2 0 16 e 	6209.555261557	6.000e-04	4
0 0 3 0 21 e 	6209.618065931	2.693e-04	5
1 2 2 0 35 e 	6212.186230457	4.000e-04	6
0 4 2 0 17 e 	6216.412103723	6.000e-04	4
0 0 3 0 22 e 	6218.382624499	4.020e-04	5
1 2 2 2 36 e 	6219.646890206	7.082e-03	1
0 4 2 0 18 e 	6223.672055945	6.000e-04	4
1 6 1 0 32 e 	6226.210280313	6.000e-04	1
1 2 2 0 36 e 	6226.631008978	6.000e-04	4
0 0 3 0 23 e 	6227.546314486	2.082e-04	6
0 4 2 0 19 e 	6231.335361653	6.000e-04	4
0 3 2 1 54 e 	6231.625115168	1.174e-03	2
0 2 2 0 74 e 	6236.156445674	1.714e-03	1
0 0 3 0 24 e 	6237.107257887	6.000e-04	3
0 4 2 0 20 e 	6239.402144044	6.000e-04	4
1 2 2 0 37 e 	6241.477160072	6.000e-04	4
0 0 3 0 25 e 	6247.067562434	2.000e-04	4
0 4 2 0 21 e 	6247.871830528	6.000e-04	4
0 3 2 1 55 e 	6253.736766489	1.215e-03	1
1 10 0 0 26 e 	6256.178379838	4.000e-04	1
1 2 2 0 38 e 	6256.723617618	6.000e-04	4
0 4 2 0 22 e 	6256.744709409	6.000e-04	3
0 0 3 0 26 e 	6257.491712017	1.000e-01	2
1 2 2 2 39 e 	6265.394809835	7.082e-03	1
0 4 2 0 23 e 	6266.020934099	6.000e-04	4
0 0 3 0 27 e 	6268.183729820	2.000e-04	2
1 2 2 0 39 e 	6272.370457648	6.000e-04	3
5 0 1 0 1 e 	6273.512220000	1.000e-03	1
5 0 1 0 3 e 	6275.499517431	1.000e-03	1
0 4 2 0 24 e 	6275.700444488	6.000e-04	4
0 3 2 1 56 e 	6276.249381122	1.178e-03	1
5 0 1 0 5 e 	6279.075055969	1.000e-03	1
0 0 3 0 28 e 	6279.341665587	2.000e-04	3
1 0 2 0 81 e 	6279.869705557	2.004e-03	1
0 4 2 0 25 e 	6285.782852285	6.000e-04	4
5 0 1 0 8 e 	6287.415764560	1.000e-03	1
1 2 2 0 40 e 	6288.418765793	4.000e-04	5
1 10 0 0 29 e 	6290.540880265	4.000e-04	2
0 0 3 0 29 e 	6290.950135265	1.000e-01	2
2 1 2 1 2 f 	6292.114961697	6.000e-04	1
2 1 2 1 3 e 	6293.313452881	4.206e-04	2
0 4 2 0 26 e 	6296.268669627	6.000e-04	4
2 1 2 1 5 e 	6296.912518154	6.000e-04	1
2 1 2 1 6 e 	6299.311823272	4.206e-04	2
2 1 2 1 6 f 	6299.324721026	6.000e-04	1
2 1 2 1 7 e 	6302.111326458	6.000e-04	1
1 10 0 0 30 e 	6302.743415386	2.000e-04	1
0 0 3 0 30 e 	6302.932675957	4.000e-04	3
1 2 2 0 41 e 	6304.867509705	4.001e-04	5
0 4 2 0 27 e 	6307.157761128	6.000e-04	4
5 0 1 0 13 e 	6309.261890869	1.000e-03	1
1 1 2 1 65 e 	6310.716797922	1.817e-03	2
1 10 0 0 31 e 	6315.153400940	3.000e-04	1
0 0 3 0 31 e 	6315.561600940	2.000e-04	1
0 4 2 0 28 e 	6318.450091354	6.000e-04	4
1 2 2 0 42 e 	6321.716303716	4.001e-04	5
2 1 2 1 12 f 	6322.151975369	6.000e-04	1
5 0 1 0 16 e 	6327.134697656	1.000e-03	1
2 1 2 1 13 e 	6327.302015512	6.000e-04	1
2 1 2 1 13 f 	6327.358894277	6.000e-04	1
1 10 0 0 32 e 	6327.909425386	3.000e-04	1
0 0 3 0 32 e 	6328.030887850	1.000e-01	2
0 4 2 0 29 e 	6330.145444757	6.000e-04	3
2 1 2 1 14 e 	6332.899841540	6.000e-04	1
2 1 2 1 14 f 	6332.964623250	6.000e-04	1
2 1 2 1 15 e 	6338.898004502	6.000e-04	1
1 2 2 0 43 e 	6338.966403345	4.002e-04	5
0 0 3 0 33 e 	6341.098043031	1.000e-01	1
0 4 2 0 30 e 	6342.243650673	6.000e-04	4
2 1 2 1 16 e 	6345.295448663	6.000e-04	1
2 1 2 1 16 f 	6345.378049583	6.000e-04	1
0 3 2 1 59 e 	6346.190137719	1.559e-03	1
5 0 1 0 19 e 	6348.580623234	1.000e-03	1
2 1 2 1 17 e 	6352.091454406	6.000e-04	1
2 1 2 1 17 f 	6352.184996707	6.000e-04	1
1 10 0 0 34 e 	6354.599419012	2.000e-04	1
0 0 3 0 34 e 	6354.670569012	1.000e-01	1
0 4 2 0 31 e 	6354.745255852	6.000e-04	4
1 2 2 0 44 e 	6356.616653106	4.010e-04	3
2 1 2 1 18 e 	6359.287809905	6.000e-04	1
2 1 2 1 19 e 	6366.884158325	6.000e-04	1
2 1 2 1 19 f 	6366.999818770	6.000e-04	1
0 4 2 0 32 e 	6367.649871966	6.000e-04	4
0 0 3 0 35 e 	6368.618151788	1.000e-01	1
5 0 1 0 22 e 	6373.600043090	1.000e-03	1
1 2 2 0 45 e 	6374.653345291	1.000e-01	1
2 1 2 1 20 e 	6374.879872275	6.000e-04	1
0 4 2 0 33 e 	6380.957500821	6.000e-04	3
1 10 0 0 36 e 	6382.876759012	2.000e-04	1
0 0 3 0 36 e 	6382.930753808	1.000e-01	1
2 1 2 1 21 e 	6383.274998736	6.000e-04	1
2 1 2 1 21 f 	6383.414495843	6.000e-04	1
2 1 2 1 22 f 	6392.222125992	6.000e-04	1
1 2 2 0 46 e 	6393.118649663	6.018e-04	2
0 4 2 0 34 e 	6394.668455219	6.000e-04	4
0 0 3 0 37 e 	6397.658336557	1.000e-01	1
2 1 2 1 23 e 	6401.263574307	6.000e-04	1
5 0 1 0 25 e 	6402.191458240	1.000e-03	1
0 4 2 0 35 e 	6408.782128064	6.000e-04	4
2 1 2 1 24 f 	6411.037831555	4.206e-04	2
1 2 2 0 47 e 	6411.970371310	6.022e-04	2
1 10 0 0 38 e 	6412.743930350	2.000e-04	1
0 0 3 0 38 e 	6412.830860350	1.000e-01	1
2 1 2 1 25 e 	6420.850317652	4.206e-04	2
2 1 2 1 25 f 	6421.045656397	4.403e-04	1
4 6 0 0 4 e 	6422.709784617	1.000e-03	1
0 4 2 0 36 e 	6423.298981791	6.000e-04	4
1 10 0 0 39 e 	6428.274666557	2.000e-04	1
0 0 3 0 39 e 	6428.348284602	1.000e-01	1
4 2 1 0 1 e 	6429.488738857	1.000e-03	1
1 2 2 0 48 e 	6431.168413966	1.000e-01	1
2 1 2 1 26 e 	6431.242009822	4.403e-04	1
4 2 1 0 4 e 	6433.096182626	1.000e-03	1
0 4 2 0 37 e 	6438.218885710	6.000e-04	4
4 2 1 0 7 e 	6440.312159774	1.000e-03	1
4 6 0 0 10 e 	6440.909842970	1.000e-03	1
2 1 2 1 27 f 	6442.259602875	6.000e-04	1
0 0 3 0 40 e 	6443.964140350	2.000e-04	1
1 10 0 0 40 e 	6444.204237608	2.000e-04	1
5 0 1 0 29 e 	6445.868650940	1.000e-03	1
1 2 2 0 49 e 	6450.874344640	4.045e-04	2
2 1 2 1 28 f 	6453.464118390	6.000e-04	1
0 4 2 0 38 e 	6453.541604600	6.000e-04	4
4 2 1 0 11 e 	6455.545694723	1.000e-03	1
0 0 3 0 41 e 	6460.519916857	2.000e-04	2
1 10 0 0 41 e 	6460.699596626	2.000e-04	1
4 6 0 0 14 e 	6461.133187081	1.000e-03	1
0 4 2 0 39 e 	6469.267457875	6.000e-04	3
5 0 1 0 31 e 	6470.087746312	1.000e-03	1
1 3 2 1 4 f 	6470.172223697	6.000e-04	1
1 2 2 0 50 e 	6470.940746864	1.000e-01	1
4 2 1 0 14 e 	6471.180487081	1.000e-03	1
1 3 2 1 5 e 	6472.171967871	6.000e-04	2
0 0 3 0 42 e 	6477.245728079	2.000e-04	2
1 3 2 1 8 e 	6480.607136445	6.000e-04	1
1 3 2 1 8 f 	6480.639764857	6.000e-04	1
1 3 2 1 9 e 	6484.221677458	6.000e-04	1
1 3 2 1 9 f 	6484.263509680	6.000e-04	1
0 4 2 0 40 e 	6485.396067700	6.000e-04	3
1 3 2 1 10 e 	6488.238411727	6.000e-04	1
1 3 2 1 10 f 	6488.289399020	6.000e-04	1
1 2 2 0 51 e 	6491.380525054	4.077e-04	2
1 3 2 1 11 e 	6492.657085512	6.000e-04	1
1 3 2 1 11 f 	6492.718057277	6.000e-04	1
0 0 3 0 43 e 	6494.386140708	1.000e-01	1
4 6 0 0 19 e 	6495.512103234	1.000e-03	1
0 3 2 1 65 e 	6496.890798670	1.929e-03	1
1 3 2 1 12 e 	6497.476856256	6.000e-04	1
1 3 2 1 12 f 	6497.549604369	6.000e-04	1
4 2 1 0 18 e 	6497.639152763	1.000e-03	1
0 3 2 1 65 f 	6498.712593511	3.006e-03	1
0 4 2 0 41 e 	6501.927829614	6.000e-04	2
1 3 2 1 13 e 	6502.697762502	6.000e-04	1
1 3 2 1 14 f 	6508.419061250	6.000e-04	1
0 0 3 0 44 e 	6511.883670605	2.029e-04	2
1 2 2 0 52 e 	6512.232696843	4.095e-04	1
1 3 2 1 15 e 	6514.346316454	6.000e-04	2
0 4 2 0 42 e 	6518.862467716	6.000e-04	2
1 3 2 1 16 e 	6520.772671905	6.000e-04	1
1 3 2 1 16 f 	6520.898773583	6.000e-04	1
4 6 0 0 22 e 	6520.993743090	1.000e-03	1
4 2 1 0 21 e 	6521.693875797	1.000e-03	1
1 3 2 1 17 f 	6527.742467238	6.000e-04	2
0 0 3 0 45 e 	6529.798145591	2.044e-04	2
1 2 2 0 53 e 	6533.486454088	4.140e-04	1
1 3 2 1 18 e 	6534.829577275	6.000e-04	1
1 3 2 1 18 f 	6534.988477563	6.000e-04	1
0 4 2 0 43 e 	6536.199390167	6.000e-04	2
5 0 1 0 36 e 	6537.575443808	1.000e-03	1
0 0 3 0 46 e 	6548.143847036	1.000e-01	1
4 2 1 0 24 e 	6549.356729838	1.000e-03	1
1 3 2 1 20 e 	6550.493067800	6.000e-04	2
1 3 2 1 20 f 	6550.687920992	6.000e-04	1
0 4 2 0 44 e 	6553.940026823	6.000e-04	1
1 2 2 0 54 e 	6555.139278355	4.152e-04	1
1 3 2 1 21 f 	6559.141312914	6.000e-04	2
4 6 0 0 26 e 	6560.631199838	1.000e-03	1
0 0 3 0 47 e 	6566.819317202	2.064e-04	2
1 3 2 1 22 e 	6567.761768958	6.000e-04	2
1 3 2 1 22 f 	6567.996970326	6.000e-04	1
1 3 2 1 23 e 	6576.998403307	6.000e-04	1
1 3 2 1 23 f 	6577.254977985	6.000e-04	1
4 2 1 0 27 e 	6580.631019591	1.000e-03	1
0 0 3 0 48 e 	6585.978413966	1.000e-01	1
1 3 2 1 24 e 	6586.636330053	6.000e-04	2
1 3 2 1 24 f 	6586.914729545	6.000e-04	1
0 4 2 0 46 e 	6590.629528470	6.010e-04	1
4 6 0 0 29 e 	6594.603359591	1.000e-03	1
1 3 2 1 25 e 	6596.675771348	6.000e-04	2
1 3 2 1 25 f 	6596.977385214	6.000e-04	1
5 0 1 0 40 e 	6598.700877608	1.000e-03	1
0 0 3 0 49 e 	6605.428647410	2.091e-04	2
1 3 2 1 26 e 	6607.116492256	6.000e-04	2
1 3 2 1 26 f 	6607.442210390	6.000e-04	1
3 4 1 0 4 e 	6615.129192626	1.000e-03	1
4 2 1 0 30 e 	6615.515375386	1.000e-03	1
0 1 3 1 1 e 	6616.252382171	6.000e-04	1
0 1 3 1 1 f 	6616.252395330	6.000e-04	1
0 1 3 1 2 e 	6617.050893502	6.000e-04	1
0 1 3 1 2 f 	6617.051838294	6.000e-04	2
1 3 2 1 27 e 	6617.958479711	6.000e-04	1
0 1 3 1 3 e 	6618.249065171	6.000e-04	1
0 1 3 1 3 f 	6618.250783369	6.000e-04	2
1 3 2 1 27 f 	6618.309562170	6.000e-04	2
3 4 1 0 6 e 	6619.560452626	1.000e-03	1
0 1 3 1 4 e 	6619.843469339	6.000e-04	1
0 1 3 1 5 e 	6621.840259589	6.000e-04	1
3 4 1 0 7 e 	6622.382949774	1.000e-03	1
0 1 3 1 6 e 	6624.235381339	6.000e-04	1
0 0 3 0 50 e 	6625.330746864	1.000e-01	1
0 1 3 1 7 f 	6627.040617680	6.000e-04	1
1 3 2 1 28 e 	6629.201597997	6.000e-04	1
3 4 1 0 9 e 	6629.231329774	1.000e-03	1
1 3 2 1 28 f 	6629.578602678	6.000e-04	1
0 1 3 1 8 e 	6630.219299445	6.000e-04	1
3 4 1 0 10 e 	6633.262702970	1.000e-03	1
0 1 3 1 9 f 	6633.832243867	6.000e-04	1
3 0 2 0 0 e 	6640.104823308	1.000e-03	1
3 0 2 0 1 e 	6640.502160000	1.000e-03	1
1 3 2 1 29 e 	6640.846196864	6.000e-04	1
1 3 2 1 29 f 	6641.250178464	6.000e-04	1
3 0 2 0 2 e 	6641.298202117	1.000e-03	2
3 0 2 0 3 e 	6642.489163715	1.000e-03	3
3 0 2 0 4 e 	6644.079109287	1.000e-03	3
4 6 0 0 33 e 	6645.553966312	1.000e-03	1
0 0 3 0 51 e 	6645.626734673	2.142e-04	2
3 0 2 0 5 e 	6646.066048789	1.000e-03	3
3 4 1 0 13 e 	6647.770960869	1.000e-03	1
3 0 2 0 6 e 	6648.451590219	1.000e-03	2
3 0 2 0 7 e 	6651.233319871	1.000e-03	2
1 3 2 1 30 e 	6652.892240773	6.000e-04	2
4 2 1 0 33 e 	6654.011596312	1.000e-03	1
3 0 2 0 8 e 	6654.413074187	1.000e-03	2
3 0 2 0 9 e 	6657.990123269	1.000e-03	2
3 0 2 0 10 e 	6661.964712711	6.016e-04	3
1 3 2 1 31 e 	6665.339473175	6.000e-04	1
1 3 2 1 31 f 	6665.798882063	6.000e-04	1
5 0 1 0 44 e 	6666.166690470	1.001e-03	1
3 0 2 0 11 e 	6666.337596403	1.000e-03	3
0 0 3 0 52 e 	6666.360370649	1.000e-01	1
3 0 2 0 12 e 	6671.106820932	6.016e-04	4
4 6 0 0 35 e 	6673.450543031	1.000e-03	1
3 0 2 0 13 e 	6676.273780771	1.000e-03	3
1 3 2 1 32 e 	6678.187748879	6.000e-04	1
1 3 2 1 32 f 	6678.677610935	6.000e-04	2
3 4 1 0 18 e 	6680.009417656	1.000e-03	1
3 0 2 0 14 e 	6681.838420412	1.000e-03	3
0 0 3 0 53 e 	6687.412579123	2.231e-04	2
3 0 2 0 15 e 	6687.799676099	1.000e-03	3
1 3 2 1 33 e 	6691.436294961	6.000e-04	2
3 0 2 0 16 e 	6694.158421869	1.000e-03	2
4 2 1 0 36 e 	6696.121753808	1.000e-03	1
3 0 2 0 17 e 	6700.914843095	1.000e-03	2
4 6 0 0 37 e 	6702.958646557	1.000e-03	1
3 4 1 0 21 e 	6704.189825797	1.000e-03	1
1 3 2 1 34 f 	6705.638341658	6.000e-04	1
3 0 2 0 18 e 	6708.068244319	6.013e-04	4
0 0 3 0 54 e 	6708.946891224	1.000e-01	1
3 0 2 0 19 e 	6715.619048700	1.000e-03	3
1 3 2 1 35 e 	6719.138828746	6.000e-04	1
1 3 2 1 35 f 	6719.722662314	6.000e-04	1
5 0 1 0 47 e 	6720.926176923	1.001e-03	1
3 0 2 0 20 e 	6723.567367725	1.000e-03	3
0 0 3 0 55 e 	6730.856341736	1.000e-01	1
3 0 2 0 21 e 	6731.912448482	6.013e-04	3
1 3 2 1 36 e 	6733.590484080	6.000e-04	1
1 3 2 1 36 f 	6734.207844793	6.000e-04	1
3 0 2 0 22 e 	6740.654728648	1.000e-03	2
4 2 1 0 39 e 	6741.850424602	1.000e-03	1
3 4 1 0 25 e 	6742.070496087	1.000e-03	1
1 3 2 1 37 e 	6748.443606097	6.000e-04	1
1 3 2 1 37 f 	6749.095139029	6.000e-04	1
3 0 2 0 23 e 	6749.794724442	1.000e-03	2
4 6 0 0 40 e 	6750.237617608	1.000e-03	1
0 0 3 0 56 e 	6753.068046334	5.654e-04	2
3 0 2 0 24 e 	6759.331772347	6.013e-04	4
5 1 1 1 4 e 	6759.591431339	3.000e-03	1
5 1 1 1 4 f 	6759.597797026	3.000e-03	1
3 4 1 0 27 e 	6763.428009591	1.000e-03	1
1 3 2 1 38 e 	6763.698846722	6.000e-04	1
5 1 1 1 6 e 	6763.970541339	3.000e-03	1
1 3 2 1 38 f 	6764.384271793	6.000e-04	1
5 1 1 1 7 f 	6766.776161047	2.000e-03	1
3 0 2 0 25 e 	6769.265601163	1.000e-03	2
5 1 1 1 9 e 	6773.529684268	3.000e-03	1
0 0 3 0 57 e 	6775.746686505	6.004e-04	2
5 0 1 0 50 e 	6779.246826864	1.003e-03	1
1 3 2 1 39 e 	6779.353133109	6.001e-04	1
3 0 2 0 26 e 	6779.596721298	6.013e-04	3
4 6 0 0 42 e 	6783.763797823	2.000e-03	1
3 4 1 0 29 e 	6786.397420940	1.000e-03	1
3 0 2 0 27 e 	6790.325463233	6.013e-04	3
4 2 1 0 42 e 	6791.200947823	1.000e-03	1
5 1 1 1 13 e 	6791.844391512	3.000e-03	1
5 1 1 1 13 f 	6791.898431818	2.000e-03	1
1 3 2 1 40 e 	6795.409351057	6.000e-04	2
5 1 1 1 14 f 	6797.482716583	2.000e-03	1
2 2 2 0 5 e 	6797.549526969	1.000e-03	1
0 0 3 0 58 e 	6798.821936860	7.169e-04	1
2 2 2 0 6 e 	6799.953004813	1.000e-03	1
3 0 2 0 28 e 	6801.450575766	6.013e-04	5
2 2 2 0 7 e 	6802.757908774	1.000e-03	1
2 2 2 0 8 e 	6805.963144687	1.000e-03	2
2 2 2 0 9 e 	6809.569710774	1.000e-03	1
1 3 2 1 41 e 	6811.866102109	6.001e-04	1
3 0 2 0 29 e 	6812.973018642	6.013e-04	4
2 2 2 0 10 e 	6813.576903560	1.000e-03	1
2 2 2 0 11 e 	6817.983250743	1.000e-03	2
5 0 1 0 52 e 	6820.106730649	1.004e-03	1
4 2 1 2 44 e 	6821.420967823	5.000e-03	1
0 0 3 0 59 e 	6822.293244577	8.173e-04	2
2 2 2 0 12 e 	6822.791643274	1.000e-03	2
5 1 1 1 18 e 	6823.694492905	3.000e-03	1
5 1 1 1 18 f 	6823.801461100	2.000e-03	1
3 4 1 0 32 e 	6823.872490313	1.000e-03	1
3 0 2 0 30 e 	6824.891606612	6.013e-04	5
4 2 1 0 44 e 	6826.115190470	1.001e-03	1
2 2 2 0 13 e 	6828.000775723	1.000e-03	1
1 3 2 1 42 f 	6829.558509458	6.000e-04	1
2 2 2 0 14 e 	6833.608636829	1.000e-03	2
4 6 0 0 45 e 	6837.057095291	2.000e-03	1
3 4 1 0 33 e 	6837.170093031	1.000e-03	1
3 0 2 0 31 e 	6837.207625919	6.013e-04	3
5 1 1 1 20 f 	6839.351712563	2.000e-03	1
2 2 2 0 15 e 	6839.619449214	1.000e-03	2
5 0 1 0 53 e 	6841.128338767	1.005e-03	1
1 3 2 1 43 e 	6845.982173271	6.001e-04	1
2 2 2 0 16 e 	6846.029082869	1.000e-03	2
0 0 3 0 60 e 	6846.162004536	9.059e-04	2
1 3 2 1 43 f 	6846.856576327	6.001e-04	1
5 1 1 1 21 e 	6847.582562307	3.000e-03	1
3 0 2 0 32 e 	6849.921584996	1.000e-03	2
2 2 2 0 17 e 	6852.839722095	1.000e-03	2
5 1 1 1 22 f 	6856.497013326	2.000e-03	1
2 2 2 0 18 e 	6860.051598710	1.000e-03	2
5 0 1 0 54 e 	6862.549420649	1.004e-03	1
4 2 1 0 46 e 	6862.645727036	1.001e-03	1
3 0 2 0 33 e 	6863.029043031	5.000e-02	1
3 4 1 0 35 e 	6864.974511788	1.000e-03	1
2 2 2 0 19 e 	6867.663379932	1.000e-03	2
0 0 3 0 61 e 	6870.586229088	1.000e-01	1
5 1 1 1 24 e 	6875.053815592	3.000e-03	1
2 2 2 0 20 e 	6875.675536484	1.000e-03	2
3 0 2 0 34 e 	6876.539424270	1.000e-03	2
4 2 1 2 47 e 	6876.891286923	5.000e-03	1
1 3 2 1 45 e 	6881.701033733	6.003e-04	1
2 2 2 0 21 e 	6884.087896515	1.000e-03	2
5 0 1 0 55 e 	6884.362108767	1.005e-03	1
3 0 2 0 35 e 	6890.443196170	1.000e-03	2
2 2 2 0 22 e 	6892.901761148	1.000e-03	2
0 0 3 0 62 e 	6895.087266026	1.051e-03	1
1 3 2 1 46 e 	6900.160601151	6.006e-04	1
4 2 1 0 48 e 	6900.791273966	1.002e-03	1
3 0 2 0 36 e 	6904.754753808	5.000e-02	1
5 1 1 1 27 e 	6906.100898248	3.000e-03	1
3 4 1 0 38 e 	6909.701920350	1.000e-03	1
0 4 2 0 61 e 	6917.130644413	8.230e-04	1
1 3 2 1 47 e 	6919.021901389	6.011e-04	1
3 0 2 0 37 e 	6919.451336557	5.000e-02	1
1 3 2 1 47 f 	6920.062364498	6.013e-04	1
0 0 3 0 63 e 	6920.145060789	1.121e-03	1
3 4 1 0 39 e 	6925.416406557	1.000e-03	1
4 3 1 1 4 e 	6925.922791339	1.000e-03	1
5 0 1 0 57 e 	6929.177336462	1.100e-03	1
4 3 1 1 6 f 	6930.364664857	1.000e-03	1
4 6 0 0 50 e 	6933.848076864	2.001e-03	1
3 0 2 0 38 e 	6934.534342557	1.000e-03	2
4 2 1 2 50 e 	6936.013386864	5.001e-03	1
1 3 2 1 48 f 	6939.367480565	6.018e-04	1
4 3 1 1 9 e 	6939.977563458	1.000e-03	1
4 2 1 0 50 e 	6940.556783966	1.002e-03	1
3 4 1 0 40 e 	6941.533437608	1.000e-03	1
0 4 2 0 62 e 	6942.116594370	9.112e-04	1
4 3 1 1 10 f 	6944.061250020	1.000e-03	1
0 0 3 0 64 e 	6945.598607736	1.187e-03	1
3 0 2 0 39 e 	6950.030284602	5.000e-02	1
5 1 1 1 31 e 	6953.070374864	3.000e-03	1
4 3 1 1 12 f 	6953.324818250	1.000e-03	1
4 6 0 0 51 e 	6954.399124286	2.001e-03	1
4 2 1 2 51 e 	6956.523144286	5.001e-03	1
4 3 1 1 13 e 	6958.450291512	1.000e-03	1
4 3 1 1 14 f 	6964.198716583	1.000e-03	1
5 1 1 1 32 e 	6965.803398634	3.000e-03	1
3 0 2 0 40 e 	6965.918567608	5.000e-02	1
1 0 3 0 1 e 	6966.571323429	1.000e-03	2
1 0 3 0 2 e 	6967.367363463	1.000e-03	2
0 4 2 0 63 e 	6967.504339088	9.800e-04	1
1 0 3 0 3 e 	6968.561645193	1.000e-03	4
4 3 1 1 15 e 	6970.095257502	1.000e-03	1
1 0 3 0 4 e 	6970.154968622	1.000e-01	2
0 0 3 0 65 e 	6971.448317141	1.250e-03	1
1 0 3 0 5 e 	6972.144579593	1.000e-03	4
1 0 3 0 6 e 	6974.532556239	1.000e-03	4
1 0 3 0 7 e 	6977.319148641	6.016e-04	4
1 3 2 1 50 e 	6978.006725398	6.025e-04	1
1 0 3 0 8 e 	6980.503981118	1.000e-03	4
4 2 1 0 52 e 	6981.947170649	1.004e-03	1
3 0 2 0 41 e 	6982.205666626	5.000e-02	1
1 0 3 0 9 e 	6984.086244103	1.000e-03	4
1 0 3 0 10 e 	6988.066830503	1.000e-03	3
4 3 1 1 18 f 	6990.779262563	1.000e-03	1
3 4 1 0 43 e 	6992.303596626	1.000e-03	1
1 0 3 0 11 e 	6992.445314707	1.000e-03	3
0 4 2 0 64 e 	6993.295766026	1.055e-03	1
1 4 2 0 8 e 	6995.432206187	1.000e-03	2
4 6 0 0 53 e 	6996.687448767	2.002e-03	1
1 0 3 0 12 e 	6997.221666227	6.016e-04	4
0 0 3 0 66 e 	6997.694106351	1.310e-03	1
1 3 2 1 51 e 	6998.468955179	6.031e-04	1
3 0 2 0 42 e 	6998.875742142	1.000e-03	2
1 4 2 0 9 e 	6999.048307769	1.000e-03	2
5 0 1 0 60 e 	6999.363094370	1.292e-03	1
1 0 3 0 13 e 	7002.395977878	6.016e-04	4
1 4 2 0 10 e 	7003.069047560	1.000e-03	1
4 2 1 0 53 e 	7003.252678767	2.002e-03	1
4 3 1 1 20 e 	7006.227761275	1.000e-03	1
5 1 1 1 35 e 	7006.398249097	3.000e-03	1
5 1 1 1 35 f 	7006.779331314	2.000e-03	1
1 4 2 0 11 e 	7007.490930764	1.000e-03	1
1 0 3 0 14 e 	7007.967964087	1.000e-03	3
1 4 2 0 12 e 	7012.312961970	1.000e-03	1
1 0 3 0 15 e 	7013.938016635	6.016e-04	4
4 3 1 1 21 f 	7014.936999843	1.000e-03	1
3 0 2 0 43 e 	7015.961140708	5.000e-02	1
1 4 2 0 13 e 	7017.538037723	1.000e-03	1
1 0 3 0 16 e 	7020.305656053	6.016e-04	4
1 4 2 0 14 e 	7023.165090829	1.000e-03	2
0 0 3 0 67 e 	7024.335910776	1.367e-03	1
1 0 3 0 17 e 	7027.071067138	1.000e-03	3
3 4 1 0 45 e 	7028.162825291	1.001e-03	1
1 4 2 0 15 e 	7029.194681869	1.000e-03	1
4 3 1 1 23 e 	7032.721652986	1.000e-03	1
4 3 1 1 23 f 	7033.054619214	1.000e-03	1
3 0 2 0 44 e 	7033.433420470	5.000e-02	1
1 0 3 0 18 e 	7034.234086970	1.000e-03	3
1 4 2 0 16 e 	7035.625244081	1.000e-03	1
1 0 3 0 19 e 	7041.794911795	1.000e-03	3
1 4 2 0 17 e 	7042.459135559	1.000e-03	1
4 2 1 2 55 e 	7042.641268767	5.001e-03	1
3 4 1 0 46 e 	7046.695417036	1.001e-03	1
4 2 1 0 55 e 	7047.088118767	2.002e-03	1
5 0 1 0 62 e 	7048.128946026	1.398e-03	1
1 0 3 0 20 e 	7049.753461839	1.000e-03	3
5 1 1 1 38 e 	7050.569091722	3.000e-03	1
5 1 1 1 38 f 	7051.017436704	2.000e-03	1
3 0 2 0 45 e 	7051.307345291	5.000e-02	1
0 0 3 0 68 e 	7051.374155201	1.422e-03	1
4 3 1 1 25 e 	7052.389363711	1.000e-03	1
4 3 1 1 25 f 	7052.779144875	1.000e-03	1
1 0 3 0 21 e 	7058.109496319	6.013e-04	3
4 6 0 0 56 e 	7063.092301224	3.002e-03	1
4 2 1 2 56 e 	7065.182241224	5.001e-03	1
1 4 2 0 20 e 	7065.371410763	1.000e-03	1
3 4 1 0 47 e 	7065.631035291	1.001e-03	1
5 1 1 1 39 e 	7066.088898109	3.000e-03	1
1 0 3 0 22 e 	7066.863131648	1.000e-03	2
3 0 2 0 46 e 	7069.561120926	1.001e-03	2
4 2 1 0 56 e 	7069.617381224	2.003e-03	1
4 3 1 1 27 e 	7073.660948248	1.000e-03	1
1 0 3 0 23 e 	7076.014229151	1.000e-03	3
5 1 1 1 40 f 	7082.497724458	3.000e-03	1
1 4 2 0 22 e 	7082.655646206	1.000e-03	1
3 4 1 0 48 e 	7084.973717036	1.001e-03	1
4 3 1 1 28 f 	7085.381775678	1.000e-03	1
1 0 3 0 24 e 	7085.562888430	6.013e-04	4
4 6 0 0 57 e 	7086.021526462	3.035e-03	1
3 0 2 0 47 e 	7088.235886923	5.000e-02	1
1 4 2 0 23 e 	7091.899918797	1.000e-03	1
4 2 1 0 57 e 	7092.559701736	2.003e-03	1
1 0 3 0 25 e 	7095.508858538	6.013e-04	4
4 3 1 1 29 e 	7096.534804864	1.000e-03	1
5 0 1 0 64 e 	7098.475577736	1.503e-03	1
1 4 2 0 24 e 	7101.548713090	1.000e-03	1
6 0 1 0 6 e 	7102.540160699	3.001e-03	1
3 4 1 0 49 e 	7104.711866923	1.001e-03	1
1 0 3 0 26 e 	7105.852075119	1.000e-03	2
3 0 2 0 48 e 	7107.281257229	1.002e-03	2
4 6 0 0 58 e 	7109.351106006	3.028e-03	1
6 0 1 0 9 e 	7112.040961355	3.001e-03	1
1 0 3 0 27 e 	7116.581049591	1.000e-01	1
3 5 1 1 1 e 	7116.910787171	2.000e-03	1
3 5 1 1 1 f 	7116.912060330	2.000e-03	1
4 3 1 1 31 e 	7121.010944175	1.000e-03	1
1 4 2 0 26 e 	7122.049334838	1.000e-03	1
5 0 1 0 65 e 	7124.239320789	2.260e-03	1
6 0 1 0 12 e 	7125.105995712	3.001e-03	1
0 2 3 0 3 e 	7125.777246207	6.000e-04	2
0 2 3 2 7 e 	7125.984174825	7.096e-03	1
3 0 2 0 49 e 	7126.736869238	1.002e-03	2
0 2 3 0 4 e 	7127.377125617	1.000e-03	1
1 0 3 0 28 e 	7127.692505251	1.000e-01	1
3 5 1 1 7 e 	7127.767879153	2.000e-03	1
3 5 1 1 7 f 	7127.805081047	2.000e-03	1
0 2 3 2 8 e 	7129.185658102	7.096e-03	1
3 1 2 1 3 f 	7129.284778408	2.000e-03	1
0 2 3 0 5 e 	7129.377197065	6.000e-04	2
0 2 3 0 6 e 	7131.777138719	1.000e-03	2
5 1 1 1 43 e 	7132.130880733	3.000e-03	1
0 2 3 2 9 e 	7132.785957752	7.096e-03	2
0 2 3 2 9 f 	7132.786136025	7.096e-03	1
3 1 2 1 5 e 	7132.873769153	2.000e-03	1
3 1 2 1 5 f 	7132.882948408	2.000e-03	1
1 4 2 0 27 e 	7132.902217240	1.000e-03	1
0 2 3 0 7 e 	7134.578357774	1.000e-03	1
0 0 3 0 71 e 	7134.863312401	1.574e-03	1
4 2 1 2 59 e 	7135.198744413	5.051e-03	1
0 2 3 0 8 e 	7137.777227677	6.000e-04	3
3 5 1 1 10 e 	7138.628314256	2.000e-03	1
3 5 1 1 10 f 	7138.699771369	2.000e-03	1
1 0 3 0 29 e 	7139.229220940	1.000e-01	1
4 2 1 0 59 e 	7139.667606462	2.052e-03	1
0 2 3 2 11 e 	7141.187773715	7.096e-03	1
0 2 3 0 9 e 	7141.378204774	1.000e-03	1
1 4 2 0 28 e 	7144.158189197	1.000e-03	1
0 2 3 0 10 e 	7145.377488175	6.000e-04	3
3 4 1 0 51 e 	7145.402007035	1.002e-03	1
0 2 3 2 12 e 	7145.988697601	7.096e-03	1
0 2 3 2 12 f 	7145.989156751	7.096e-03	1
3 0 2 0 50 e 	7146.586230671	1.003e-03	2
4 3 1 1 33 e 	7147.091259746	1.000e-03	1
4 3 1 1 33 f 	7147.751591314	1.000e-03	1
0 2 3 0 11 e 	7149.777209386	6.000e-04	3
5 1 1 1 44 f 	7150.228145242	3.000e-03	1
0 2 3 2 13 e 	7151.189156308	7.096e-03	1
1 0 3 0 30 e 	7151.191165386	1.000e-01	1
3 5 1 1 13 e 	7153.105487502	2.000e-03	1
0 2 3 0 12 e 	7154.577781774	1.000e-03	2
1 4 2 0 29 e 	7155.816779591	1.000e-03	1
0 2 3 2 14 e 	7156.790428030	7.096e-03	2
0 2 3 2 14 f 	7156.791071289	7.096e-03	1
3 5 1 1 14 f 	7158.874058250	1.000e-03	1
0 2 3 0 13 e 	7159.777223364	6.000e-04	3
6 0 1 0 18 e 	7161.922033276	3.001e-03	1
0 2 3 2 15 e 	7162.791139924	7.096e-03	1
3 1 2 1 13 e 	7163.196071512	2.000e-03	1
0 0 3 0 72 e 	7163.484099707	1.622e-03	1
1 0 3 0 31 e 	7163.518306312	1.000e-01	1
0 2 3 0 14 e 	7165.376676663	6.000e-04	2
3 0 2 0 51 e 	7166.833098021	1.003e-03	2
1 4 2 0 30 e 	7167.877427251	1.000e-03	1
0 2 3 2 16 e 	7169.191740394	7.096e-03	1
0 2 3 2 16 f 	7169.192219207	8.681e-03	1
3 5 1 1 16 e 	7171.202182905	2.000e-03	1
0 2 3 0 15 e 	7171.376662441	6.000e-04	3
3 5 1 1 16 f 	7171.379746583	1.000e-03	1
3 1 2 1 15 e 	7174.765568406	2.000e-03	1
4 3 1 1 35 e 	7174.772239097	1.000e-03	1
3 1 2 1 15 f 	7174.849774707	2.000e-03	1
0 2 3 2 17 e 	7175.992935043	7.096e-03	1
0 2 3 2 17 f 	7176.183605907	7.096e-03	1
1 0 3 0 32 e 	7176.240610313	1.000e-01	1
0 2 3 0 16 e 	7177.776680237	6.000e-04	2
1 4 2 0 31 e 	7180.338573940	1.000e-03	1
0 2 3 2 18 e 	7183.193488312	7.096e-03	2
0 2 3 2 18 f 	7183.194312917	7.096e-03	1
0 2 3 0 17 e 	7184.576371595	1.000e-03	2
3 5 1 1 18 e 	7185.275641275	2.000e-03	1
3 5 1 1 18 f 	7185.498831100	1.000e-03	1
6 0 1 0 21 e 	7185.671996338	3.001e-03	1
5 1 1 1 46 f 	7186.487372565	5.000e-03	1
3 0 2 0 52 e 	7187.476213912	1.004e-03	2
3 4 1 0 53 e 	7187.700294286	2.001e-03	1
1 0 3 0 33 e 	7189.378043031	1.000e-01	1
4 3 1 1 36 f 	7189.990154793	2.000e-03	1
0 2 3 0 18 e 	7191.774740253	6.000e-04	3
0 2 3 0 19 e 	7199.374229630	1.000e-03	1
3 5 1 1 20 f 	7201.228644992	1.000e-03	1
3 1 2 1 19 e 	7202.694940736	1.000e-03	1
3 1 2 1 19 f 	7202.829136770	1.000e-03	1
5 0 1 0 68 e 	7203.901656351	2.359e-03	1
5 1 1 1 47 e 	7204.525391494	3.000e-03	1
4 3 1 1 37 f 	7204.876020154	2.000e-03	1
5 1 1 1 47 f 	7205.201359634	5.000e-03	1
4 6 0 0 62 e 	7206.621464370	4.083e-03	1
0 2 3 0 20 e 	7207.373269984	1.000e-03	2
3 0 2 0 53 e 	7208.515181714	1.005e-03	2
4 2 1 2 62 e 	7208.835816026	5.095e-03	1
3 5 1 1 21 e 	7209.398712307	2.000e-03	1
4 2 1 0 62 e 	7213.411334370	3.110e-03	1
0 2 3 0 21 e 	7215.772001469	6.000e-04	3
0 2 3 2 22 f 	7215.996210964	7.096e-03	1
3 1 2 1 21 f 	7219.218049843	1.000e-03	1
4 3 1 1 38 e 	7219.295301722	1.000e-03	1
0 0 3 0 74 e 	7221.913286107	1.714e-03	1
6 0 1 0 25 e 	7222.875029067	3.001e-03	1
0 2 3 0 22 e 	7224.570622016	6.000e-04	3
0 2 3 2 23 f 	7225.196299925	7.096e-03	1
3 1 2 1 22 e 	7227.831475592	1.000e-03	1
3 5 1 1 23 f 	7227.846649214	1.000e-03	1
3 0 2 0 54 e 	7229.958891224	5.000e-02	1
1 0 3 0 36 e 	7231.100753808	1.000e-01	1
0 2 3 0 23 e 	7233.768705291	6.000e-04	3
4 3 1 1 39 f 	7235.843313724	2.000e-03	1
3 5 1 1 24 e 	7237.136991514	2.000e-03	1
3 1 2 1 23 f 	7237.206917985	1.000e-03	1
5 1 1 1 49 e 	7243.107251494	3.000e-03	1
0 2 3 0 24 e 	7243.367061964	1.000e-03	2
1 0 3 0 37 e 	7245.878336557	1.000e-01	1
3 5 1 1 25 f 	7247.602664875	1.000e-03	1
5 2 1 0 4 e 	7249.741870699	5.000e-03	1
4 3 1 1 40 e 	7250.979998392	1.000e-03	1
3 0 2 0 55 e 	7251.789341736	5.000e-02	1
0 2 3 0 25 e 	7253.365204163	1.000e-03	2
5 2 1 0 6 e 	7254.139108902	3.001e-03	1
3 4 1 0 56 e 	7254.166281224	2.003e-03	1
6 0 1 0 28 e 	7254.931039620	3.001e-03	1
3 1 2 1 25 e 	7256.560862986	1.000e-03	1
3 1 2 1 25 f 	7256.796644875	1.000e-03	1
4 6 0 0 64 e 	7257.638337736	4.154e-03	1
1 0 3 0 38 e 	7260.950860350	1.000e-01	1
5 1 1 1 50 e 	7262.990699398	3.000e-03	1
0 2 3 0 26 e 	7263.762723197	1.000e-03	1
0 2 3 2 27 e 	7265.990603563	7.096e-03	1
0 2 3 2 27 f 	7265.994271863	7.096e-03	1
4 3 1 1 41 f 	7268.412553724	2.000e-03	1
3 5 1 1 27 e 	7268.486658248	2.000e-03	1
3 0 2 0 56 e 	7274.006179973	1.081e-03	2
0 2 3 0 27 e 	7274.559592468	6.000e-04	3
1 0 3 0 39 e 	7276.428284602	1.000e-01	1
5 2 1 0 12 e 	7276.901572508	2.001e-03	1
6 0 1 0 30 e 	7278.282411816	3.001e-03	1
3 5 1 1 28 f 	7280.255410390	1.000e-03	1
0 0 3 0 76 e 	7281.924135305	1.801e-03	1
4 3 1 1 42 e 	7284.262788392	1.000e-03	1
0 2 3 0 28 e 	7285.756420724	1.000e-03	2
5 0 1 0 71 e 	7287.114314434	2.454e-03	1
0 2 3 2 29 e 	7288.786790157	7.096e-03	1
0 2 3 2 29 f 	7288.791211357	7.096e-03	1
3 1 2 1 28 e 	7288.881474667	1.000e-03	1
3 1 2 1 28 f 	7289.181485678	2.000e-03	1
3 5 1 1 29 e 	7291.393564864	2.000e-03	1
1 0 3 0 40 e 	7292.340567608	1.000e-01	1
5 2 1 0 15 e 	7293.674027582	1.002e-03	1
3 0 2 0 57 e 	7296.637586462	5.000e-02	1
0 2 3 0 29 e 	7297.352789235	6.000e-04	3
3 4 1 0 58 e 	7300.487616860	2.089e-03	1
0 2 3 2 30 f 	7300.790417526	7.096e-03	1
6 0 1 0 32 e 	7303.209479850	3.001e-03	1
3 5 1 1 30 f 	7304.033295678	1.000e-03	1
1 0 3 0 41 e 	7308.627666626	1.000e-01	1
0 2 3 0 30 e 	7309.348596201	6.000e-04	3
0 0 3 0 77 e 	7312.522001949	1.843e-03	1
0 2 3 2 31 e 	7313.181775013	7.096e-03	1
0 2 3 2 31 f 	7313.187305156	7.096e-03	1
5 0 1 0 72 e 	7315.640589707	2.546e-03	1
4 3 1 1 44 e 	7319.143463669	2.000e-03	1
3 0 2 0 58 e 	7319.656006860	5.000e-02	1
5 2 1 0 19 e 	7321.625794514	1.002e-03	1
0 2 3 0 31 e 	7321.744257822	6.000e-04	3
3 4 1 0 59 e 	7324.254794413	2.125e-03	1
3 1 2 1 31 e 	7324.798424175	1.000e-03	1
1 0 3 0 42 e 	7325.349537823	1.000e-01	1
3 5 1 1 32 e 	7328.761538634	2.000e-03	1
3 5 1 1 32 f 	7329.419360658	1.000e-03	1
6 0 1 0 34 e 	7329.721136060	3.000e-03	1
0 2 3 0 32 e 	7334.538931284	6.000e-04	3
4 6 0 0 67 e 	7337.149667141	5.139e-03	1
4 3 1 1 45 e 	7337.185446389	2.000e-03	1
5 2 1 0 21 e 	7337.996446338	1.002e-03	1
4 3 1 1 45 f 	7338.367346498	2.000e-03	1
1 0 3 0 43 e 	7342.406140708	1.000e-01	1
3 0 2 0 59 e 	7343.060357588	1.232e-03	2
0 0 3 0 78 e 	7343.515527379	1.884e-03	1
0 2 3 0 33 e 	7347.733649987	6.000e-04	3
3 4 1 0 60 e 	7348.418344370	2.161e-03	1
3 1 2 1 33 f 	7351.163684063	2.000e-03	1
4 3 1 1 46 e 	7355.625650151	2.000e-03	1
3 5 1 1 34 e 	7355.677558391	2.000e-03	1
6 0 1 0 36 e 	7357.811436060	3.000e-03	1
0 2 3 0 34 e 	7361.327598209	6.000e-04	2
3 1 2 1 34 e 	7364.309798391	1.000e-03	1
0 2 3 2 35 e 	7366.763564140	7.096e-03	1
0 2 3 2 35 f 	7366.773047884	7.096e-03	1
3 0 2 0 60 e 	7366.878394370	5.001e-02	1
3 5 1 1 35 f 	7370.506140029	1.000e-03	1
6 0 1 0 37 e 	7372.448064871	3.000e-03	1
3 4 1 0 61 e 	7372.983819088	3.131e-03	1
4 3 1 1 47 e 	7374.462451494	5.000e-03	1
0 0 3 0 79 e 	7374.904642553	1.924e-03	1
0 2 3 0 35 e 	7375.321836031	1.000e-03	1
5 2 1 0 25 e 	7375.529359301	1.002e-03	1
4 3 1 1 47 f 	7375.743109634	3.000e-03	1
3 1 2 1 35 f 	7378.766221314	2.000e-03	1
3 5 1 1 36 e 	7384.195201080	2.000e-03	1
0 2 3 0 36 e 	7389.714264867	6.000e-04	3
3 0 2 0 61 e 	7391.081229088	5.001e-02	1
4 3 1 1 48 f 	7395.034204655	3.001e-03	1
0 2 3 2 37 e 	7395.950627369	7.096e-03	1
0 2 3 2 37 f 	7395.962264080	7.096e-03	1
5 2 1 0 27 e 	7396.690316364	1.002e-03	1
6 0 1 0 39 e 	7402.911610846	3.000e-03	2
5 0 1 0 75 e 	7403.583943346	3.411e-03	1
0 2 3 0 37 e 	7404.506145989	6.000e-04	3
0 0 3 0 80 e 	7406.689250879	2.017e-03	1
3 1 2 1 37 e 	7407.416621497	1.000e-03	1
3 1 2 1 37 f 	7407.969290154	2.000e-03	1
0 2 3 2 38 f 	7411.156079395	1.004e-02	1
4 3 1 1 49 e 	7413.340496179	5.000e-03	1
3 5 1 1 38 e 	7414.312591722	2.000e-03	1
3 5 1 1 38 f 	7415.197584793	1.000e-03	1
3 0 2 0 62 e 	7415.678756026	5.001e-02	1
0 2 3 0 38 e 	7419.697922075	6.000e-04	3
3 1 2 1 38 f 	7423.175876704	2.000e-03	1
5 2 1 0 30 e 	7431.423497435	1.002e-03	1
0 2 3 0 39 e 	7435.288190519	6.000e-04	3
0 0 3 0 81 e 	7438.867815662	2.054e-03	1
3 0 2 0 63 e 	7440.670275419	1.452e-03	2
0 2 3 2 40 e 	7442.725743296	7.096e-03	1
0 2 3 2 40 f 	7442.746268395	7.096e-03	1
3 4 1 0 64 e 	7449.100747736	3.203e-03	1
0 2 3 0 40 e 	7451.278310350	1.000e-03	1
4 3 1 1 51 e 	7453.821136179	5.000e-03	1
3 1 2 1 40 f 	7454.790064458	2.000e-03	1
5 2 1 0 32 e 	7456.575679850	2.001e-03	1
3 5 1 1 41 e 	7462.488487271	2.000e-03	1
3 0 2 0 64 e 	7466.072517736	5.001e-02	1
0 2 3 0 41 e 	7467.667596792	6.001e-04	2
1 1 3 1 7 e 	7468.587320458	1.000e-03	1
3 1 2 1 41 e 	7470.493197271	1.000e-03	1
1 1 3 1 8 e 	7471.772203727	1.000e-03	1
4 0 2 0 3 e 	7474.556621794	2.001e-03	1
1 1 3 1 9 e 	7475.356939268	1.000e-03	1
4 0 2 0 5 e 	7478.126021794	1.002e-03	1
3 5 1 1 42 f 	7480.384165242	1.000e-03	1
4 0 2 0 6 e 	7480.501860699	1.002e-03	1
4 0 2 0 7 e 	7483.276703808	1.002e-03	1
5 2 1 0 34 e 	7483.323946060	2.001e-03	1
1 1 3 1 11 f 	7483.756302277	1.000e-03	1
0 2 3 0 42 e 	7484.455695716	1.000e-03	2
4 0 2 0 9 e 	7490.011561355	1.002e-03	1
3 0 2 0 65 e 	7491.848340072	1.553e-03	2
0 2 3 2 43 f 	7493.112218537	1.332e-02	1
4 0 2 0 10 e 	7493.973145712	1.002e-03	1
5 0 1 0 78 e 	7495.073685305	4.370e-03	1
4 3 1 1 53 f 	7497.492331178	3.001e-03	1
4 0 2 0 11 e 	7498.331453744	1.002e-03	1
0 2 3 0 43 e 	7501.643415626	1.000e-03	1
3 4 1 0 66 e 	7501.853637736	3.203e-03	1
4 0 2 0 12 e 	7503.088395712	1.002e-03	1
6 0 1 0 45 e 	7503.776525477	3.000e-03	1
3 1 2 1 43 e 	7504.434230733	1.000e-03	1
3 1 2 1 43 f 	7505.227308311	2.000e-03	1
4 0 2 0 13 e 	7508.237433744	1.002e-03	1
4 0 2 0 14 e 	7513.785365305	1.002e-03	1
3 5 1 1 44 e 	7514.257040151	2.000e-03	1
3 0 2 0 66 e 	7518.037226351	5.002e-02	1
4 3 1 1 54 f 	7519.184319102	3.002e-03	2
0 2 3 0 44 e 	7519.229068823	1.000e-03	1
4 0 2 0 15 e 	7519.728157582	1.002e-03	1
3 1 2 1 44 e 	7522.005770151	1.000e-03	1
3 1 2 1 44 f 	7522.847495686	2.000e-03	1
4 0 2 0 16 e 	7526.065595305	1.002e-03	1
4 0 2 0 17 e 	7532.801877582	1.002e-03	1
3 5 1 1 45 f 	7533.459706498	1.001e-03	1
0 2 3 0 45 e 	7537.216652708	1.001e-03	1
0 0 3 0 84 e 	7537.772200443	2.163e-03	1
4 0 2 0 18 e 	7539.933153276	1.002e-03	1
6 0 1 0 47 e 	7540.552939479	3.001e-03	1
3 1 2 1 45 f 	7540.869206498	2.000e-03	1
3 0 2 0 67 e 	7544.614120776	5.002e-02	1
0 2 3 2 46 e 	7547.049246325	7.097e-03	1
4 0 2 0 20 e 	7555.383837891	1.000e-03	2
0 2 3 0 46 e 	7555.599290253	1.001e-03	2
3 1 2 1 46 e 	7558.353000151	3.000e-03	1
4 0 2 0 21 e 	7563.703992646	1.262e-03	3
1 1 3 1 23 e 	7567.355257307	1.000e-03	1
1 1 3 1 23 f 	7567.503254100	1.000e-03	2
3 5 1 1 47 e 	7569.613441494	2.001e-03	1
3 5 1 1 47 f 	7570.831189634	2.001e-03	1
0 0 3 0 85 e 	7571.531058480	2.198e-03	1
3 0 2 0 68 e 	7571.579235201	2.423e-03	1
0 2 3 0 47 e 	7574.382986291	1.001e-03	1
1 1 3 1 24 f 	7577.073045545	1.000e-03	1
3 1 2 1 47 e 	7577.122816389	3.000e-03	1
4 0 2 0 23 e 	7581.530059301	1.002e-03	1
1 1 3 1 25 f 	7587.040913214	1.000e-03	1
4 0 2 0 24 e 	7591.038802403	1.002e-03	1
0 2 3 0 48 e 	7593.565938658	6.015e-04	2
3 1 2 1 48 e 	7596.299869398	3.000e-03	1
3 1 2 1 48 f 	7597.362604655	3.001e-03	2
6 0 1 0 50 e 	7598.682220151	3.001e-03	1
3 0 2 0 69 e 	7598.956644434	5.002e-02	1
4 0 2 0 25 e 	7600.941089301	1.002e-03	1
5 2 1 0 42 e 	7606.263396351	3.000e-03	1
1 1 3 1 27 e 	7607.971374711	1.000e-03	1
1 1 3 1 27 f 	7608.172907464	1.000e-03	1
4 3 1 1 58 f 	7609.948038888	3.021e-03	1
4 0 2 0 26 e 	7611.239565566	1.002e-03	1
0 2 3 0 49 e 	7613.146610979	1.001e-03	2
3 1 2 1 49 f 	7616.999249976	3.001e-03	1
1 1 3 1 28 e 	7619.120026997	1.000e-03	1
1 1 3 1 28 f 	7619.335140534	1.000e-03	2
4 0 2 0 27 e 	7621.933014802	1.000e-03	2
3 2 2 2 7 e 	7622.541669842	1.155e-02	1
3 2 2 2 7 f 	7622.541682574	1.155e-02	1
3 0 2 0 70 e 	7626.707845154	2.485e-03	2
3 5 1 1 50 e 	7628.551714086	2.001e-03	1
3 5 1 1 50 f 	7629.862947079	2.001e-03	1
1 1 3 1 29 e 	7630.665622248	1.000e-03	1
1 1 3 1 29 f 	7630.897104173	1.000e-03	2
4 0 2 0 28 e 	7633.024779620	1.002e-03	1
0 2 3 0 50 e 	7633.126711415	1.002e-03	2
3 2 2 2 10 e 	7633.348378102	7.348e-03	1
3 1 2 1 50 e 	7635.861129398	3.000e-03	1
0 0 3 0 87 e 	7640.227745856	2.328e-03	1
1 1 3 1 30 e 	7642.609465667	1.000e-03	1
4 0 2 0 29 e 	7644.510516364	1.002e-03	1
3 2 2 2 13 e 	7647.758047715	7.348e-03	1
3 2 2 2 13 f 	7647.758229978	7.348e-03	1
0 2 3 0 51 e 	7653.504594035	1.002e-03	1
3 0 2 0 71 e 	7654.876652401	5.002e-02	1
1 1 3 1 31 f 	7655.215027063	1.000e-03	1
3 1 2 1 51 e 	7656.239670745	3.001e-03	1
4 0 2 0 30 e 	7656.393111816	1.002e-03	1
5 2 1 0 45 e 	7658.948605477	3.000e-03	1
3 2 2 2 15 e 	7659.365726924	7.348e-03	1
3 2 2 2 15 f 	7659.366284907	7.348e-03	1
1 1 3 1 32 f 	7667.972379212	1.000e-03	1
4 0 2 0 31 e 	7668.670042069	1.002e-03	1
3 5 1 1 52 e 	7669.833033177	2.090e-03	1
3 5 1 1 52 f 	7671.195067079	2.001e-03	1
3 2 2 2 17 f 	7672.572281281	7.348e-03	1
0 2 3 0 52 e 	7674.283916649	1.004e-03	1
3 1 2 1 52 e 	7677.030723177	3.061e-03	1
1 1 3 1 33 f 	7681.125227314	1.000e-03	1
4 0 2 0 32 e 	7681.343569850	1.002e-03	1
3 0 2 0 72 e 	7683.421711209	2.546e-03	2
3 5 1 1 53 e 	7691.065819800	2.003e-03	1
4 0 2 0 33 e 	7694.412212069	1.002e-03	1
3 1 2 1 53 e 	7698.212919800	3.002e-03	1
3 2 2 2 21 e 	7703.782643186	7.348e-03	1
3 2 2 2 21 f 	7703.790396925	7.348e-03	1
4 0 2 0 34 e 	7707.876746060	1.001e-03	1
0 0 3 0 89 e 	7710.503106766	2.466e-03	1
3 0 2 0 73 e 	7712.369520982	2.576e-03	2
3 5 1 1 54 f 	7714.106464343	2.004e-03	1
0 2 3 0 54 e 	7717.033764224	1.006e-03	1
4 0 2 0 35 e 	7721.736414871	1.001e-03	1
3 2 2 2 23 e 	7721.789076771	7.348e-03	1
3 2 2 2 23 f 	7721.795230240	7.348e-03	1
3 2 2 2 24 f 	7731.397899344	7.348e-03	1
3 5 1 1 55 e 	7734.730222888	2.004e-03	1
4 0 2 0 36 e 	7735.989453023	1.001e-03	1
0 2 3 0 55 e 	7739.006800767	1.005e-03	1
3 1 2 1 55 f 	7743.345605093	3.002e-03	1
4 0 2 0 37 e 	7750.641236877	1.001e-03	1
3 5 1 1 56 f 	7758.590524343	2.004e-03	1
3 2 2 2 27 e 	7762.592066563	7.348e-03	1
3 2 2 2 27 f 	7762.602240863	7.681e-03	1
4 0 2 0 38 e 	7765.687103023	1.001e-03	1
3 0 2 0 75 e 	7771.448209377	2.635e-03	1
4 0 2 0 39 e 	7781.127804814	1.001e-03	1
3 5 1 1 57 f 	7781.426247339	2.089e-03	1
3 2 2 2 29 e 	7785.392414013	7.681e-03	1
3 2 2 2 29 f 	7785.404712156	7.681e-03	1
4 0 2 0 40 e 	7796.964843130	1.001e-03	1
3 2 2 2 30 e 	7797.386859678	7.681e-03	1
3 2 2 2 30 f 	7797.402852940	7.681e-03	1
2 4 2 0 2 e 	7799.164614617	2.000e-03	1
3 0 2 0 76 e 	7801.581325305	5.003e-02	1
3 5 1 1 58 e 	7803.199005416	2.264e-03	1
2 4 2 0 7 e 	7809.202949774	1.000e-03	1
2 0 3 0 0 e 	7811.953333308	1.000e-03	1
2 0 3 0 2 e 	7813.143834617	1.000e-03	1
2 4 2 0 9 e 	7816.027785764	1.000e-03	1
2 0 3 0 5 e 	7817.903405969	1.000e-03	1
3 2 2 2 32 e 	7822.580183701	7.681e-03	1
3 2 2 2 32 f 	7822.598035562	7.681e-03	1
2 0 3 0 7 e 	7823.060226969	2.000e-03	1
2 0 3 0 8 e 	7826.233884102	1.000e-03	3
2 4 2 0 12 e 	7829.275348578	1.000e-03	1
2 0 3 0 9 e 	7829.804164769	2.000e-03	2
4 0 2 0 42 e 	7829.821006351	1.001e-03	1
3 0 2 0 77 e 	7832.113521949	5.003e-02	1
2 0 3 0 10 e 	7833.771404265	2.000e-03	2
2 0 3 0 11 e 	7838.133288896	1.000e-03	3
2 0 3 0 12 e 	7842.892554774	2.000e-03	2
2 4 2 0 15 e 	7846.136591559	1.000e-03	1
2 0 3 0 13 e 	7848.051680296	2.064e-03	2
3 2 2 2 34 e 	7849.370079226	7.681e-03	1
3 2 2 2 34 f 	7849.395152799	7.681e-03	1
3 5 1 1 60 e 	7850.834220139	3.230e-03	1
3 5 1 1 60 f 	7852.280696767	2.134e-03	1
2 0 3 0 14 e 	7853.601934330	1.011e-03	3
2 4 2 0 17 e 	7859.383221559	1.000e-03	1
2 0 3 0 15 e 	7859.552309214	2.000e-03	2
2 0 3 0 16 e 	7865.900009727	1.000e-03	3
2 0 3 0 17 e 	7872.642989595	2.000e-03	2
3 2 2 2 36 f 	7877.791315395	1.120e-02	1
2 0 3 0 18 e 	7879.783269210	2.000e-03	2
2 4 2 0 20 e 	7882.263258206	1.000e-03	1
2 0 3 0 19 e 	7887.320111633	1.367e-03	3
3 2 2 2 37 e 	7892.558023369	8.660e-03	1
3 2 2 2 37 f 	7892.589548080	8.660e-03	1
3 0 2 0 79 e 	7894.348512553	2.748e-03	1
2 0 3 0 20 e 	7895.251441484	2.000e-03	2
3 5 1 1 62 e 	7900.056473548	5.169e-03	1
4 0 2 0 46 e 	7900.272164433	1.003e-03	1
3 5 1 1 62 f 	7901.486036261	2.191e-03	1
2 0 3 0 21 e 	7903.582236536	1.000e-03	3
3 2 2 2 38 e 	7907.748676206	8.660e-03	1
3 2 2 2 38 f 	7907.784875395	1.120e-02	1
2 4 2 0 23 e 	7908.753925797	1.000e-03	1
2 0 3 0 22 e 	7912.308782648	2.000e-03	2
4 0 2 0 47 e 	7918.872442134	2.001e-03	1
2 0 3 0 23 e 	7921.431901039	1.000e-03	3
3 5 1 1 63 e 	7925.283614425	5.189e-03	1
3 0 2 0 80 e 	7926.060690879	3.565e-03	1
3 5 1 1 63 f 	7926.678599001	2.294e-03	1
2 0 3 0 24 e 	7930.952654464	2.000e-03	2
4 0 2 0 48 e 	7937.863213684	1.003e-03	1
3 2 2 2 40 e 	7939.345645376	2.300e-02	1
3 2 2 2 40 f 	7939.367507908	1.120e-02	1
2 0 3 0 25 e 	7940.868136163	2.000e-03	2
3 1 2 1 64 e 	7949.066218670	3.328e-03	1
2 4 2 0 27 e 	7949.690519591	1.000e-03	1
2 0 3 0 26 e 	7951.182707231	1.000e-03	3
4 0 2 0 49 e 	7957.247680168	1.004e-03	1
3 0 2 0 81 e 	7958.172415514	3.586e-03	2
1 2 3 0 1 e 	7958.438648857	1.000e-03	1
1 2 3 0 2 e 	7959.237074617	1.000e-03	1
2 12 0 0 4 e 	7961.341232626	4.000e-03	1
2 0 3 0 27 e 	7961.892206866	1.001e-03	3
1 2 3 0 4 e 	7962.036424617	1.000e-03	1
1 2 3 0 5 e 	7964.037047431	1.000e-03	1
2 12 0 0 6 e 	7965.825560813	4.000e-03	1
1 2 3 0 6 e 	7966.436482626	1.000e-03	1
2 12 0 0 7 e 	7968.673527871	2.000e-03	2
1 2 3 0 7 e 	7969.234899774	1.000e-03	1
2 12 0 0 8 e 	7971.930954560	2.000e-03	1
1 2 3 0 8 e 	7972.438162687	1.000e-03	2
3 2 2 2 42 e 	7972.514985376	2.300e-02	1
3 2 2 2 42 f 	7972.547947908	1.120e-02	1
2 0 3 0 28 e 	7973.000084724	2.000e-03	2
2 12 0 0 9 e 	7975.590289774	1.000e-03	1
1 2 3 0 9 e 	7976.042295764	1.000e-03	1
4 0 2 0 50 e 	7977.025930151	1.004e-03	1
3 5 1 1 65 f 	7978.245965581	2.360e-03	1
2 12 0 0 10 e 	7979.654082970	1.000e-03	1
1 2 3 0 10 e 	7980.052428765	1.000e-03	2
2 12 0 0 11 e 	7984.117674723	1.000e-03	1
1 2 3 0 11 e 	7984.468220243	1.000e-03	2
2 0 3 0 29 e 	7984.502591715	1.000e-03	3
2 12 0 0 12 e 	7988.972885774	1.000e-03	2
1 2 3 0 12 e 	7989.301900774	1.000e-03	2
3 0 2 0 82 e 	7990.676753630	3.607e-03	2
1 2 3 0 13 e 	7994.212937796	1.000e-03	2
2 12 0 0 13 e 	7994.553600869	2.000e-03	1
2 0 3 0 30 e 	7996.403353819	2.000e-03	2
2 4 2 0 31 e 	7997.040350940	1.000e-03	1
4 0 2 0 51 e 	7997.198607337	1.005e-03	1
1 2 3 0 14 e 	7999.839237081	1.000e-03	1
2 12 0 0 14 e 	8000.232912829	2.000e-03	2
1 2 3 0 15 e 	8005.851331559	1.000e-03	1
2 12 0 0 15 e 	8006.327740869	5.000e-03	1
2 0 3 0 31 e 	8008.701046312	2.000e-03	1
1 2 3 0 16 e 	8012.254267081	1.000e-03	1
4 0 2 0 52 e 	8017.763427424	1.006e-03	1
1 2 3 0 17 e 	8019.050681559	1.000e-03	1
2 12 0 0 17 e 	8019.771901559	5.000e-03	1
2 0 3 0 32 e 	8021.394505913	1.000e-03	2
1 2 3 0 18 e 	8026.244627656	1.000e-03	1
2 0 3 0 33 e 	8034.484734031	2.000e-03	1
2 4 2 0 34 e 	8036.761719012	1.000e-03	1
4 0 2 0 53 e 	8038.713680266	2.004e-03	1
1 2 3 0 20 e 	8041.823968206	1.000e-03	1
2 0 3 0 34 e 	8047.974052012	1.000e-03	2
1 2 3 0 21 e 	8050.210403234	1.000e-03	1
3 1 2 1 68 e 	8055.749503125	5.940e-03	1
3 0 2 0 84 e 	8056.878240443	5.004e-02	1
1 2 3 0 22 e 	8058.996518206	1.000e-03	1
4 0 2 0 54 e 	8060.055312044	3.223e-03	1
2 0 3 0 35 e 	8061.853027788	2.000e-03	1
2 4 2 0 36 e 	8065.242153808	1.000e-03	1
1 2 3 0 23 e 	8068.180385797	1.000e-03	1
2 0 3 0 36 e 	8076.141439012	1.000e-03	1
1 2 3 0 24 e 	8077.762691464	1.000e-03	2
4 0 2 0 55 e 	8081.774689478	5.009e-03	1
3 5 1 1 69 f 	8086.134292840	5.529e-03	1
1 2 3 0 25 e 	8087.745322163	1.000e-03	2
3 0 2 0 85 e 	8090.556858480	3.670e-03	1
2 4 2 0 38 e 	8095.324753808	1.000e-03	1
1 2 3 0 26 e 	8098.127962017	1.000e-03	2
4 0 2 0 56 e 	8104.638802044	5.137e-03	1
2 0 3 0 38 e 	8105.896870350	1.000e-03	1
2 12 0 2 27 e 	8108.759413915	1.000e-03	2
1 2 3 0 27 e 	8108.910663915	1.000e-03	2
0 0 4 0 2 e 	8111.922324617	2.000e-03	1
0 0 4 0 4 e 	8114.694814617	1.000e-03	1
0 0 4 0 6 e 	8119.054232626	1.000e-03	1
1 2 3 0 28 e 	8120.064369724	1.000e-03	2
2 12 0 2 28 e 	8120.190292248	1.000e-03	2
0 0 4 0 7 e 	8121.827789774	1.000e-03	1
3 0 2 0 86 e 	8124.663707293	5.005e-02	1
0 0 4 0 8 e 	8124.997354560	1.000e-03	1
2 4 2 0 40 e 	8127.006010350	1.000e-03	1
0 0 4 0 9 e 	8128.564255764	1.000e-03	1
1 2 3 0 29 e 	8131.649631861	1.338e-03	2
0 0 4 0 10 e 	8132.526408765	1.000e-03	2
0 0 4 0 11 e 	8136.885105243	1.000e-03	2
2 0 3 0 40 e 	8137.241917608	1.000e-03	1
0 0 4 0 12 e 	8141.635965774	1.000e-03	2
1 2 3 0 30 e 	8143.625380319	1.000e-03	2
0 0 4 0 13 e 	8146.786947796	1.000e-03	2
0 0 4 0 14 e 	8152.333377081	1.000e-03	1
1 2 3 0 31 e 	8155.999088626	1.000e-03	2
0 0 4 0 15 e 	8158.276921559	1.000e-03	1
2 4 2 0 42 e 	8160.286867608	1.000e-03	1
1 2 3 0 32 e 	8168.772357850	1.000e-03	2
2 0 3 0 42 e 	8170.176577823	1.000e-03	1
0 0 4 0 17 e 	8171.350181559	1.000e-03	1
4 0 2 0 59 e 	8173.250437685	5.052e-03	1
1 2 3 0 33 e 	8181.944854671	1.000e-03	2
0 0 4 0 20 e 	8193.929392763	1.000e-03	1
3 0 2 0 88 e 	8194.012714772	5.471e-03	1
2 4 2 0 44 e 	8195.162780470	1.001e-03	1
1 2 3 0 34 e 	8195.510919662	1.000e-03	2
3 1 2 1 73 e 	8198.048626988	6.005e-03	1
2 0 3 0 44 e 	8204.701580470	1.001e-03	1
1 2 3 0 35 e 	8209.480501788	1.000e-03	1
0 0 4 0 23 e 	8220.070855797	1.000e-03	1
2 0 3 0 45 e 	8222.561885291	1.001e-03	1
1 2 3 0 37 e 	8238.612211788	1.000e-03	1
0 0 4 0 25 e 	8239.477396087	1.000e-03	1
2 4 2 0 47 e 	8250.469856923	1.001e-03	1
1 2 3 0 38 e 	8253.775650350	1.000e-03	1
3 1 2 1 75 e 	8257.460365726	6.030e-03	1
2 0 3 0 47 e 	8259.476666923	1.001e-03	1
3 0 2 0 90 e 	8264.996538295	5.005e-02	1
0 0 4 0 28 e 	8271.555975251	1.000e-03	1
1 2 3 0 40 e 	8285.298480350	1.000e-03	1
2 4 2 0 49 e 	8289.331486923	1.001e-03	1
2 1 3 1 3 e 	8294.220097171	2.000e-03	1
2 1 3 1 4 e 	8295.814571339	2.000e-03	1
2 1 3 1 4 f 	8295.820937026	2.000e-03	1
2 0 3 0 49 e 	8297.986757035	1.002e-03	1
1 2 3 0 41 e 	8301.656046626	1.000e-03	1
2 1 3 1 7 f 	8302.996660680	2.000e-03	1
0 0 4 0 31 e 	8307.194376312	1.000e-03	1
2 1 3 1 11 e 	8318.102224268	2.000e-03	1
2 1 3 1 13 e 	8328.051127502	2.000e-03	1
2 4 2 0 51 e 	8329.782907035	1.002e-03	1
3 0 2 0 92 e 	8337.583529438	5.006e-02	1
2 0 3 0 51 e 	8338.096434286	2.001e-03	1
2 1 3 1 15 e 	8339.590587502	1.000e-03	1
2 1 3 1 15 f 	8339.674361818	2.000e-03	1
0 0 4 0 34 e 	8346.391259012	1.000e-03	1
2 1 3 1 17 e 	8352.721423325	1.000e-03	1
1 2 3 0 44 e 	8353.123697823	1.000e-03	1
2 1 3 1 18 f 	8360.001311100	2.000e-03	1
2 1 3 1 19 e 	8367.443353325	1.000e-03	1
1 2 3 0 45 e 	8371.075245291	1.001e-03	1
2 4 2 0 53 e 	8371.821258767	1.005e-03	1
3 0 2 0 93 e 	8374.501254328	5.006e-02	1
2 1 3 1 20 f 	8375.545332563	1.000e-03	1
2 0 3 0 53 e 	8379.804728767	2.002e-03	1
0 0 4 0 37 e 	8389.148226557	1.000e-03	1
1 2 3 0 46 e 	8389.425397036	1.001e-03	1
2 1 3 1 22 f 	8392.680913326	1.000e-03	1
2 0 3 0 54 e 	8401.259351224	2.003e-03	1
2 1 3 1 23 e 	8401.656792307	1.000e-03	1
1 2 3 0 47 e 	8408.174265291	1.001e-03	1
2 4 2 0 55 e 	8415.440931736	1.007e-03	1
0 0 4 0 39 e 	8419.628524602	1.000e-03	1
2 1 3 1 25 e 	8421.148093711	1.000e-03	1
1 2 3 0 48 e 	8427.320965501	1.001e-03	2
2 4 2 0 56 e 	8437.843766006	1.081e-03	1
2 1 3 1 27 e 	8442.229038248	1.000e-03	1
2 1 3 1 27 f 	8442.484297464	1.000e-03	1
2 0 3 0 56 e 	8445.377436006	2.042e-03	1
1 2 3 0 49 e 	8446.865516979	1.001e-03	2
0 0 4 0 41 e 	8451.688456626	1.000e-03	1
2 1 3 1 28 f 	8453.640435678	1.000e-03	1
1 3 3 1 3 e 	8460.776854589	4.000e-03	1
1 3 3 1 4 e 	8462.378201339	4.000e-03	1
2 1 3 1 29 e 	8464.898824864	1.000e-03	1
1 3 3 1 6 f 	8466.789724857	2.000e-03	1
1 2 3 0 50 e 	8466.808450415	1.002e-03	2
2 0 3 0 57 e 	8468.039186462	2.052e-03	1
0 0 4 0 42 e 	8468.312927823	1.000e-03	1
1 3 3 1 8 e 	8472.763852445	2.000e-03	1
1 3 3 1 9 e 	8476.361193458	2.000e-03	1
1 3 3 1 10 e 	8480.354293727	2.000e-03	1
1 3 3 1 10 f 	8480.409970020	2.000e-03	1
2 4 2 0 58 e 	8483.831236006	1.081e-03	1
1 3 3 1 11 e 	8484.750021512	2.000e-03	1
0 0 4 0 43 e 	8485.329720708	1.001e-03	1
1 2 3 0 51 e 	8487.149407035	1.002e-03	1
2 1 3 1 31 e 	8489.155424175	1.000e-03	1
1 3 3 1 12 e 	8489.544634256	2.000e-03	1
2 0 3 0 58 e 	8491.105166860	2.089e-03	1
1 3 3 1 13 e 	8494.738231512	2.000e-03	1
1 3 3 1 14 e 	8500.332413540	2.000e-03	1
2 1 3 1 32 f 	8502.231460658	1.000e-03	1
0 0 4 0 44 e 	8502.743290470	1.001e-03	1
1 3 3 1 15 f 	8506.440324707	2.000e-03	1
2 4 2 0 59 e 	8507.415354413	1.232e-03	1
1 2 3 0 52 e 	8507.886876864	1.003e-03	1
2 0 3 0 59 e 	8514.573104413	2.125e-03	1
0 0 4 0 45 e 	8520.550115291	1.001e-03	1
1 3 3 1 18 e 	8526.699232905	2.000e-03	1
1 3 3 1 18 f 	8526.864072563	2.000e-03	1
2 1 3 1 34 e 	8528.519848634	1.000e-03	1
1 2 3 0 53 e 	8529.023164286	1.003e-03	1
2 4 2 0 60 e 	8531.391224370	1.292e-03	1
1 3 3 1 19 e 	8534.288350736	2.000e-03	1
1 3 3 1 19 f 	8534.469809843	2.000e-03	1
2 0 3 0 60 e 	8538.447194370	2.161e-03	1
0 0 4 0 46 e 	8538.750767036	2.001e-03	1
1 3 3 1 20 e 	8542.275911275	2.000e-03	1
2 1 3 1 35 f 	8542.850431314	1.000e-03	1
1 2 3 0 54 e 	8550.556390649	1.004e-03	1
1 3 3 1 21 e 	8550.665372307	2.000e-03	1
2 1 3 1 36 e 	8556.745181080	1.000e-03	1
2 1 3 1 36 f 	8557.182634793	1.000e-03	1
0 0 4 0 47 e 	8557.348996923	2.001e-03	1
1 3 3 1 22 e 	8559.450962324	2.000e-03	1
1 3 3 1 23 e 	8568.640502307	2.000e-03	1
1 3 3 1 23 f 	8568.908067985	1.000e-03	1
2 1 3 1 37 e 	8571.454001497	1.000e-03	1
0 0 4 0 48 e 	8576.342163966	2.001e-03	1
1 3 3 1 24 e 	8578.225301514	2.000e-03	1
1 3 3 1 24 f 	8578.515607545	1.000e-03	1
2 4 2 0 62 e 	8580.520816026	1.398e-03	1
2 1 3 1 38 f 	8587.041396704	1.000e-03	1
2 0 3 0 62 e 	8587.410766026	3.155e-03	1
1 3 3 1 25 e 	8588.211293711	2.000e-03	1
1 2 3 0 56 e 	8594.818236006	1.081e-03	1
0 0 4 0 49 e 	8595.732127035	2.001e-03	1
1 3 3 1 26 f 	8598.935700390	1.000e-03	1
2 4 2 0 63 e 	8605.674230789	2.260e-03	1
2 0 3 0 63 e 	8612.505710789	3.179e-03	1
0 0 4 0 50 e 	8615.513356864	2.001e-03	1
0 1 4 1 8 e 	8615.850663727	3.000e-03	1
0 1 4 1 8 f 	8615.869760020	3.000e-03	1
1 2 3 0 57 e 	8617.545436462	1.100e-03	1
2 1 3 1 40 e 	8617.956575057	1.000e-03	2
2 1 3 1 40 f 	8618.489104458	1.000e-03	1
0 1 4 1 9 e 	8619.420593458	3.000e-03	1
0 1 4 1 9 f 	8619.441933867	3.000e-03	1
1 3 3 1 28 e 	8620.562874667	3.000e-03	1
2 1 3 1 41 e 	8634.252227271	1.000e-03	1
0 0 4 0 51 e 	8635.689544286	2.001e-03	1
0 1 4 1 13 e 	8637.669861512	3.000e-03	1
2 0 3 0 64 e 	8638.001407736	3.203e-03	1
1 2 3 0 58 e 	8640.668706860	2.089e-03	1
0 1 4 1 14 e 	8643.225647663	3.000e-03	1
0 1 4 1 14 f 	8643.276566583	3.000e-03	1
1 3 3 1 30 f 	8644.574752212	1.000e-03	1
2 1 3 1 42 f 	8651.521485242	1.000e-03	1
0 1 4 1 16 f 	8655.589731100	3.000e-03	1
1 3 3 1 31 e 	8656.504694175	3.000e-03	1
1 2 3 0 59 e 	8664.193834413	2.125e-03	1
3 0 3 0 9 e 	8664.506731355	2.001e-03	1
3 0 3 0 10 e 	8668.461782030	2.001e-03	1
2 1 3 1 43 f 	8668.634048311	1.000e-03	1
1 3 3 1 32 f 	8669.796362212	1.000e-03	1
0 1 4 1 19 e 	8676.944110736	3.000e-03	1
0 1 4 1 19 f 	8677.033209843	3.000e-03	1
0 0 4 0 53 e 	8677.227328767	2.002e-03	1
3 0 3 0 13 e 	8682.691688209	2.001e-03	1
1 3 3 1 33 f 	8683.002371314	2.000e-03	1
2 0 3 0 66 e 	8683.481066351	2.359e-03	1
0 1 4 1 20 e 	8684.877862324	3.000e-03	1
0 1 4 1 20 f 	8684.975864992	3.000e-03	1
2 1 3 1 44 e 	8685.510590151	1.000e-03	1
1 2 3 0 60 e 	8688.111424370	2.161e-03	1
1 3 3 1 34 e 	8696.040708634	3.000e-03	1
0 0 4 0 54 e 	8698.587221224	2.003e-03	1
3 0 3 0 16 e 	8700.479775305	2.001e-03	1
2 1 3 1 45 e 	8703.389386389	1.001e-03	1
2 1 3 1 45 f 	8704.047596498	1.001e-03	1
2 0 3 0 67 e 	8710.202050776	2.392e-03	1
1 3 3 1 35 f 	8710.625840029	2.000e-03	1
0 1 4 1 23 f 	8711.188019214	3.000e-03	1
0 0 4 0 55 e 	8720.339981736	2.003e-03	1
2 1 3 1 46 e 	8721.662295047	2.000e-03	1
3 0 3 0 19 e 	8721.824766338	2.001e-03	1
3 0 3 0 20 e 	8729.726438019	2.001e-03	1
2 4 2 2 68 e 	8734.740476351	4.191e-03	1
1 2 3 0 62 e 	8737.143336026	2.226e-03	1
3 0 3 0 21 e 	8738.028936338	2.001e-03	1
1 3 3 1 37 e 	8739.162969097	3.000e-03	1
2 1 3 1 47 e 	8740.333001494	2.001e-03	1
0 1 4 1 26 e 	8740.804852997	5.000e-03	1
0 1 4 1 26 f 	8740.965190390	5.000e-03	1
2 1 3 1 47 f 	8741.046389634	1.001e-03	1
0 0 4 0 56 e 	8742.486856006	2.042e-03	1
3 0 3 0 22 e 	8746.721652403	2.001e-03	1
0 1 4 1 27 e 	8751.511313711	3.000e-03	1
0 1 4 1 27 f 	8751.687137464	5.000e-03	1
1 3 3 1 38 f 	8755.049306704	2.000e-03	1
3 0 3 0 23 e 	8755.810549301	2.001e-03	1
2 1 3 1 48 e 	8759.399999398	2.001e-03	1
2 1 3 1 48 f 	8760.141044655	1.002e-03	1
0 1 4 1 28 e 	8762.616422997	3.000e-03	1
2 0 3 0 69 e 	8764.822984434	4.246e-03	1
3 0 3 0 24 e 	8765.297045566	2.001e-03	1
3 0 3 0 25 e 	8775.174609067	2.001e-03	1
2 1 3 1 49 e 	8778.864686179	2.001e-03	1
2 1 3 1 49 f 	8779.630779634	2.001e-03	1
0 1 4 1 30 e 	8786.008105879	5.000e-03	1
0 1 4 1 31 f 	8798.543343972	5.000e-03	2
2 1 3 1 50 f 	8799.518037079	2.001e-03	1
1 3 3 1 41 e 	8802.243057271	3.000e-03	1
1 3 3 1 41 f 	8803.072637327	2.000e-03	1
3 0 3 0 28 e 	8807.181897435	2.001e-03	1
2 2 3 0 11 e 	8812.771611355	8.000e-03	1
1 2 3 0 65 e 	8813.665227141	2.327e-03	1
3 0 3 0 29 e 	8818.640307014	2.001e-03	1
2 1 3 1 51 f 	8819.799061178	3.001e-03	1
1 3 3 1 42 f 	8819.878615242	2.000e-03	1
0 1 4 1 33 e 	8824.078479746	5.000e-03	1
0 1 4 1 33 f 	8824.348334063	5.000e-03	1
2 2 3 0 14 e 	8828.324592508	8.000e-03	1
3 0 3 0 30 e 	8830.490237435	2.001e-03	1
1 3 3 1 43 e 	8836.178677271	3.000e-03	1
1 3 3 1 43 f 	8837.086798311	2.000e-03	1
0 1 4 1 34 e 	8837.561818391	5.000e-03	1
2 1 3 1 52 f 	8840.476267079	3.001e-03	1
2 4 2 2 72 e 	8849.744269707	5.242e-03	1
0 1 4 1 35 e 	8851.445559097	5.000e-03	1
1 3 3 1 44 e 	8853.739640151	3.000e-03	1
3 0 3 0 32 e 	8855.368739850	3.001e-03	1
0 0 4 0 61 e 	8859.144679088	3.131e-03	1
2 2 3 0 19 e 	8862.213486338	8.000e-03	1
2 2 3 0 20 e 	8870.183437810	8.001e-03	1
1 3 3 1 45 e 	8871.701810733	3.000e-03	1
2 0 3 0 73 e 	8876.441902401	4.281e-03	1
3 0 3 0 34 e 	8881.847779850	2.001e-03	1
2 1 3 1 54 f 	8883.018773861	5.001e-03	1
1 3 3 1 46 e 	8890.058905047	3.000e-03	1
0 1 4 1 38 e 	8895.447751080	5.000e-03	1
3 0 3 0 35 e 	8895.674990065	2.001e-03	1
2 1 3 1 55 f 	8904.887125093	5.001e-03	1
3 0 3 0 36 e 	8909.894749542	2.001e-03	2
3 0 3 0 37 e 	8924.511954871	2.001e-03	1
1 3 3 1 48 e 	8927.975815047	3.000e-03	1
0 0 4 0 64 e 	8933.859407736	3.203e-03	1
3 0 3 0 38 e 	8939.519623023	2.001e-03	1
2 1 3 1 57 f 	8949.809470187	5.011e-03	1
1 0 4 0 3 e 	8957.250117431	1.000e-02	1
1 0 4 0 4 e 	8958.840662626	1.000e-02	1
1 0 4 0 6 e 	8963.191840813	1.000e-02	2
1 0 4 0 7 e 	8965.960682871	1.000e-02	2
1 0 4 0 8 e 	8969.128754560	1.000e-02	1
1 0 4 0 9 e 	8972.713459774	1.000e-02	1
2 1 3 1 58 f 	8972.859058888	5.013e-03	1
1 0 4 0 10 e 	8976.664332970	1.000e-02	1
1 0 4 0 11 e 	8981.035594723	1.000e-02	1
1 0 4 0 12 e 	8985.782410774	1.040e-02	2
1 3 3 1 51 e 	8987.841346179	5.000e-03	1
1 0 4 0 13 e 	8990.927594723	1.000e-02	1
1 0 4 0 14 e 	8996.490302829	1.000e-02	2
1 0 4 0 15 e 	9002.430411214	1.000e-02	2
1 0 4 0 16 e 	9008.773607369	1.000e-02	2
1 0 4 0 17 e 	9015.513874595	1.000e-02	2
1 0 4 0 18 e 	9022.644097656	1.000e-02	1
1 0 4 0 19 e 	9030.166927630	1.000e-02	1
1 0 4 0 20 e 	9038.086420484	1.000e-02	2
1 0 4 0 21 e 	9046.409673234	1.000e-02	2
1 0 4 0 22 e 	9055.119548206	1.000e-02	1
1 0 4 0 23 e 	9064.227395797	1.000e-02	1
1 0 4 0 24 e 	9073.744693090	1.000e-02	1
1 0 4 0 25 e 	9083.646416087	1.000e-02	1
1 0 4 0 26 e 	9093.940539838	1.000e-02	1
1 0 4 0 27 e 	9104.636038240	1.000e-02	1
1 0 4 0 28 e 	9115.716884197	1.000e-02	1
1 0 4 0 29 e 	9127.196049591	1.000e-02	1
3 0 3 0 49 e 	9130.642262134	2.001e-03	1
1 0 4 0 30 e 	9139.079505251	1.000e-02	1
3 0 3 0 50 e 	9150.379643684	2.002e-03	1
1 0 4 0 31 e 	9151.336220940	1.000e-02	2
1 0 4 0 32 e 	9164.010165386	1.000e-02	1
3 0 3 0 51 e 	9170.512000168	2.002e-03	1
1 0 4 0 33 e 	9177.054306312	1.000e-02	1
1 0 4 0 34 e 	9190.529610313	1.000e-02	1
3 0 3 0 52 e 	9191.037110151	2.002e-03	1
1 0 4 0 35 e 	9204.384043031	1.000e-02	2
1 0 4 0 39 e 	9263.718336557	1.000e-02	1
1 0 4 0 40 e 	9279.530860350	1.000e-02	2
1 0 4 0 41 e 	9295.748284602	1.000e-02	1
1 2 4 0 2 e 	9934.727274617	1.000e-02	1
1 2 4 0 4 e 	9937.502662626	1.000e-02	1
1 2 4 0 5 e 	9939.480905969	1.000e-02	1
1 2 4 0 7 e 	9944.653682871	1.000e-02	2
1 2 4 0 8 e 	9947.820297687	1.000e-02	2
1 2 4 0 9 e 	9951.400087769	1.000e-02	2
1 2 4 0 10 e 	9955.382754560	1.000e-02	2
1 2 4 0 11 e 	9959.739715764	1.000e-02	1
1 2 4 0 12 e 	9964.514410774	1.000e-02	2
1 2 4 0 13 e 	9969.690297796	1.157e-02	2
1 2 4 0 14 e 	9975.234302829	1.000e-02	2
1 2 4 0 15 e 	9981.195911214	1.000e-02	2
1 2 4 0 16 e 	9987.535607369	1.000e-02	2
1 2 4 0 17 e 	9994.306374595	1.000e-02	2
1 2 4 0 18 e 	10001.451195210	1.000e-02	2
1 2 4 0 19 e 	10008.999050432	1.000e-02	2
1 2 4 0 20 e 	10016.944420484	1.000e-02	2
1 2 4 0 21 e 	10025.280284515	1.066e-02	2
1 2 4 0 22 e 	10034.017120648	1.000e-02	2
1 2 4 0 23 e 	10043.140405942	1.000e-02	2
1 2 4 0 24 e 	10052.674616464	1.000e-02	2
1 2 4 0 25 e 	10062.599416087	1.000e-02	1
1 2 4 0 26 e 	10072.924712017	1.000e-02	2
0 0 5 0 0 e 	10080.902713308	1.000e-02	1
0 0 5 0 1 e 	10081.286069429	1.000e-02	2
0 0 5 0 2 e 	10082.079493963	1.000e-02	2
0 0 5 0 3 e 	10083.264628144	1.000e-02	2
1 2 4 0 27 e 	10083.642543915	1.000e-02	2
0 0 5 0 4 e 	10084.841968622	1.000e-02	2
0 0 5 0 5 e 	10086.811511700	1.000e-02	2
0 0 5 0 6 e 	10089.174251719	1.000e-02	2
0 0 5 0 7 e 	10091.931682871	1.000e-02	2
1 2 4 0 28 e 	10094.755091215	1.000e-02	3
0 0 5 0 8 e 	10095.086297687	1.000e-02	2
0 0 5 0 9 e 	10098.632087769	1.000e-02	2
0 0 5 0 10 e 	10102.571473500	1.000e-02	3
1 2 4 0 29 e 	10106.272135265	1.000e-02	2
0 0 5 0 11 e 	10106.905655243	1.000e-02	2
0 0 5 0 12 e 	10111.632910774	1.000e-02	2
0 4 4 0 1 e 	10114.424138857	1.000e-02	1
0 4 4 0 2 e 	10115.216993963	1.000e-02	2
0 4 4 0 3 e 	10116.410128144	1.000e-02	2
0 0 5 0 13 e 	10116.754297796	1.000e-02	2
0 4 4 0 4 e 	10118.006968622	1.000e-02	2
1 2 4 0 30 e 	10118.180835319	1.000e-02	2
0 4 4 0 5 e 	10119.997511700	1.000e-02	2
0 0 5 0 14 e 	10122.268802829	1.000e-02	2
0 4 4 0 6 e 	10122.392251719	1.000e-02	2
0 4 4 0 7 e 	10125.188182871	1.000e-02	2
0 0 5 0 15 e 	10128.177411214	1.000e-02	2
0 4 4 0 8 e 	10128.380297687	1.000e-02	2
1 2 4 0 31 e 	10130.487263626	1.000e-02	2
0 4 4 0 9 e 	10131.971087769	1.000e-02	2
0 0 5 0 16 e 	10134.476607369	1.000e-02	2
0 4 4 0 10 e 	10135.959806833	1.000e-02	3
0 4 4 0 11 e 	10140.348155243	1.000e-02	2
0 0 5 0 17 e 	10141.172374595	1.000e-02	2
1 2 4 0 32 e 	10143.191387850	1.000e-02	2
0 4 4 0 12 e 	10145.134910774	1.000e-02	2
0 0 5 0 18 e 	10148.264195210	1.000e-02	2
0 4 4 0 13 e 	10150.317797796	1.000e-02	2
0 0 5 0 19 e 	10155.746550432	1.000e-02	2
0 4 4 0 14 e 	10155.902302829	1.000e-02	2
1 2 4 0 33 e 	10156.292674671	1.000e-02	2
0 4 4 0 15 e 	10161.883911214	1.000e-02	2
0 0 5 0 20 e 	10163.620920484	1.000e-02	2
0 4 4 0 16 e 	10168.265607369	1.000e-02	2
1 2 4 0 34 e 	10169.790089662	1.000e-02	2
0 0 5 0 21 e 	10171.892284515	1.000e-02	2
0 4 4 0 17 e 	10175.046874595	1.000e-02	2
0 0 5 0 22 e 	10180.556620648	1.000e-02	2
0 4 4 0 18 e 	10182.226695210	1.000e-02	2
1 2 4 0 35 e 	10183.681597409	1.000e-02	2
0 0 5 0 23 e 	10189.613405942	1.000e-02	2
0 4 4 0 19 e 	10189.807550432	1.000e-02	2
0 4 4 0 20 e 	10197.783920484	1.000e-02	2
1 2 4 0 36 e 	10197.972569012	1.000e-02	1
0 0 5 0 24 e 	10199.066116464	1.000e-02	2
0 4 4 0 21 e 	10206.151284515	1.000e-02	2
0 0 5 0 25 e 	10208.911727163	1.000e-02	2
1 2 4 0 37 e 	10212.650213378	1.000e-02	3
0 4 4 0 22 e 	10214.934120648	1.000e-02	2
0 0 5 0 26 e 	10219.146712017	1.000e-02	2
0 4 4 0 23 e 	10224.108405942	1.000e-02	2
1 2 4 0 38 e 	10227.729753808	1.000e-02	1
0 0 5 0 27 e 	10229.778543915	1.000e-02	2
0 4 4 0 24 e 	10233.679116464	1.000e-02	2
0 0 5 0 28 e 	10240.800631566	1.000e-02	3
1 2 4 0 39 e 	10243.216336557	1.000e-02	1
0 4 4 0 25 e 	10243.650727163	1.000e-02	2
0 0 5 0 29 e 	10252.220635265	1.000e-02	2
0 4 4 0 26 e 	10254.019212017	1.000e-02	2
1 2 4 0 40 e 	10259.085860350	1.000e-02	1
0 0 5 0 30 e 	10264.026165386	1.000e-02	1
0 4 4 0 27 e 	10264.790543915	1.000e-02	2
0 4 4 0 28 e 	10275.955964900	1.000e-02	3
0 0 5 0 31 e 	10276.233306312	1.000e-02	1
0 4 4 0 29 e 	10287.522635265	1.000e-02	2
0 0 5 0 32 e 	10288.826610313	1.000e-02	1
0 4 4 0 30 e 	10299.486335319	1.000e-02	2
0 0 5 0 33 e 	10301.819464125	1.000e-02	3
0 4 4 0 31 e 	10311.851263626	1.000e-02	2
0 0 5 0 34 e 	10315.204582779	1.000e-02	3
0 4 4 0 32 e 	10324.612387850	1.000e-02	2
1 2 4 0 44 e 	10326.548537823	1.000e-02	2
2 16 0 0 35 e 	10328.607151788	1.000e-02	1
0 0 5 0 35 e 	10328.990151788	1.000e-02	2
0 4 4 0 33 e 	10337.774174671	1.000e-02	2
0 0 5 0 36 e 	10343.134753808	1.000e-02	2
2 16 0 0 36 e 	10343.393753808	1.000e-02	1
0 4 4 0 34 e 	10351.337089662	1.000e-02	2
0 0 5 0 37 e 	10357.711336557	1.000e-02	2
0 4 4 0 35 e 	10365.291097409	1.074e-02	2
0 0 5 0 38 e 	10372.668860350	1.000e-02	1
0 4 4 0 36 e 	10379.651661410	1.000e-02	2
0 0 5 0 39 e 	10388.017284602	1.000e-02	1
0 4 4 0 37 e 	10394.411880044	1.000e-02	3
0 0 5 0 40 e 	10403.757567608	1.000e-02	2
0 4 4 0 38 e 	10409.572807079	1.000e-02	2
0 0 5 0 41 e 	10419.893666626	1.000e-02	1
0 4 4 0 39 e 	10425.125810580	1.000e-02	2
0 0 5 0 42 e 	10436.421537823	1.000e-02	1
0 4 4 0 40 e 	10441.082429436	1.000e-02	3
0 0 5 0 43 e 	10453.330140708	1.000e-02	1
0 4 4 0 41 e 	10457.441975614	1.109e-02	2
0 0 5 0 44 e 	10470.640420470	1.000e-02	1
0 4 4 0 42 e 	10474.199052716	1.000e-02	2
0 0 5 0 45 e 	10488.350345291	1.000e-02	1
0 4 4 0 43 e 	10491.353903667	1.000e-02	2
0 0 5 0 46 e 	10506.439847036	1.000e-02	1
0 4 4 0 44 e 	10508.896420470	1.000e-02	1
0 0 5 0 47 e 	10524.932886923	1.000e-02	2
0 4 4 0 45 e 	10526.851640708	1.000e-02	2
0 0 5 0 48 e 	10543.810413966	1.000e-02	1
0 0 5 0 49 e 	10563.081377035	1.000e-02	1
0 1 5 1 2 e 	10565.474339446	1.000e-02	2
0 1 5 1 2 f 	10565.475824794	1.000e-02	2
0 1 5 1 3 e 	10566.653955880	1.000e-02	2
0 1 5 1 3 f 	10566.656714369	1.000e-02	2
0 1 5 1 4 e 	10568.228273365	1.000e-02	2
0 1 5 1 4 f 	10568.232729361	1.000e-02	2
0 1 5 1 5 e 	10570.204286871	1.000e-02	2
0 1 5 1 5 f 	10570.210864728	1.000e-02	2
0 1 5 1 6 e 	10572.567792445	1.000e-02	1
0 1 5 1 6 f 	10572.579674857	1.000e-02	1
0 1 5 1 7 e 	10575.328381306	1.000e-02	2
0 1 5 1 7 f 	10575.340475864	1.000e-02	2
0 1 5 1 8 e 	10578.489448086	1.000e-02	2
0 1 5 1 8 f 	10578.504937439	1.000e-02	2
0 1 5 1 9 e 	10582.044123998	1.000e-02	3
0 1 5 1 9 f 	10582.064776138	1.000e-02	3
0 0 5 0 50 e 	10582.748746864	1.000e-02	1
0 1 5 1 10 e 	10585.989078991	1.000e-02	2
0 1 5 1 10 f 	10586.004572290	1.000e-02	2
0 1 5 1 11 e 	10590.323622890	1.000e-02	2
0 1 5 1 11 f 	10590.351842072	1.000e-02	2
0 1 5 1 12 e 	10595.064303898	1.000e-02	2
0 1 5 1 12 f 	10595.088882745	1.000e-02	2
0 1 5 1 13 e 	10600.186977502	1.000e-02	1
0 1 5 1 13 f 	10600.231531818	1.000e-02	1
0 0 5 0 51 e 	10602.808434286	1.000e-02	1
0 1 5 1 14 e 	10605.707025601	1.000e-02	2
0 1 5 1 14 f 	10605.765416583	1.000e-02	1
0 1 5 1 15 e 	10611.621537954	1.000e-02	2
0 1 5 1 15 f 	10611.681804707	1.000e-02	1
0 1 5 1 16 e 	10617.934130284	1.000e-02	2
0 1 5 1 16 f 	10618.003681100	1.000e-02	1
0 0 5 0 52 e 	10623.261370649	1.000e-02	1
0 1 5 1 17 e 	10624.645785865	1.000e-02	2
0 1 5 1 17 f 	10624.710915738	1.000e-02	2
0 1 5 1 18 e 	10631.737987090	1.000e-02	2
0 1 5 1 18 f 	10631.821822563	1.000e-02	1
0 1 5 1 19 e 	10639.234712030	1.000e-02	2
0 1 5 1 19 f 	10639.327049843	1.000e-02	1
0 0 5 0 53 e 	10644.105548767	1.000e-02	1
0 1 5 1 20 e 	10647.120446800	1.000e-02	2
0 1 5 1 20 f 	10647.222684992	1.000e-02	1
0 1 5 1 21 e 	10655.408661521	1.000e-02	2
0 1 5 1 21 f 	10655.506878914	1.000e-02	2
0 1 5 1 22 e 	10664.089343958	1.000e-02	2
0 1 5 1 22 f 	10664.196889159	1.000e-02	2
0 0 5 0 54 e 	10665.344891224	1.000e-02	1
0 1 5 1 23 e 	10673.158552986	1.000e-02	1
0 1 5 1 23 f 	10673.285819214	1.000e-02	1
0 1 5 1 24 e 	10682.615996207	1.000e-02	3
0 1 5 1 24 f 	10682.752857545	1.000e-02	2
0 0 5 0 55 e 	10686.971341736	1.000e-02	2
0 1 5 1 25 e 	10692.479923348	1.000e-02	2
0 1 5 1 25 f 	10692.627184875	1.000e-02	1
0 1 5 1 26 e 	10702.729432997	1.000e-02	1
0 1 5 1 26 f 	10702.889770390	1.000e-02	1
0 0 5 0 56 e 	10708.986096006	1.001e-02	1
0 1 5 1 27 e 	10713.376378248	1.000e-02	1
0 1 5 1 27 f 	10713.548587464	1.000e-02	1
0 1 5 1 28 e 	10724.419104667	1.000e-02	1
0 1 5 1 28 f 	10724.603605678	1.000e-02	1
0 0 5 0 57 e 	10731.396586462	1.001e-02	1
0 1 5 1 29 e 	10735.852574864	1.000e-02	1
0 1 5 1 29 f 	10736.049793881	1.000e-02	1
0 1 5 1 30 e 	10747.681765879	1.000e-02	1
0 1 5 1 30 f 	10747.892122212	1.000e-02	1
0 0 5 0 58 e 	10754.202006860	1.002e-02	1
0 1 5 1 31 e 	10759.902634175	1.000e-02	1
0 1 5 1 31 f 	10760.126554063	1.000e-02	1
0 1 5 1 32 e 	10772.521158634	1.000e-02	1
0 1 5 1 32 f 	10772.759060658	1.000e-02	1
0 0 5 0 59 e 	10777.396294413	1.003e-02	1
0 1 5 1 33 e 	10785.531289746	1.000e-02	1
0 1 5 1 33 f 	10785.783601314	1.000e-02	1
0 1 5 1 34 e 	10798.936008391	1.000e-02	1
0 1 5 1 34 f 	10799.203146047	1.000e-02	1
0 0 5 0 60 e 	10800.980394370	1.003e-02	1
0 1 5 1 35 e 	10812.729259097	1.000e-02	2
0 1 5 1 35 f 	10813.017150029	1.000e-02	2
0 0 5 0 61 e 	10824.960229088	1.004e-02	2
0 1 5 1 36 e 	10826.922021080	1.000e-02	1
0 1 5 1 36 f 	10827.220084793	1.000e-02	1
0 1 5 1 37 e 	10841.512241497	1.000e-02	1
0 1 5 1 37 f 	10841.826400154	1.000e-02	1
0 0 5 0 62 e 	10849.328756026	1.005e-02	1
0 1 5 1 38 e 	10856.477891722	1.000e-02	1
0 1 5 1 39 e 	10871.853918109	1.000e-02	1
0 0 5 0 63 e 	10874.080850789	1.006e-02	1
0 1 5 1 40 e 	10887.609288392	1.000e-02	1
0 0 5 0 64 e 	10899.233517736	1.006e-02	1
0 1 5 1 41 e 	10903.772937271	1.000e-02	1
0 1 5 1 41 f 	10904.182697327	1.000e-02	1
0 1 5 1 42 e 	10920.313873669	1.000e-02	1
0 1 5 1 42 f 	10920.747835242	1.000e-02	1
1 0 5 0 2 e 	10921.177713308	1.380e-02	1
1 0 5 0 3 e 	10922.376128144	1.000e-02	2
1 0 5 0 4 e 	10923.952274617	1.000e-02	1
0 0 5 0 65 e 	10924.773667141	1.007e-02	1
1 0 5 0 5 e 	10925.923667613	1.000e-02	2
1 0 5 0 6 e 	10928.302023238	7.000e-03	2
1 0 5 0 7 e 	10931.061459774	1.000e-02	1
1 0 5 0 8 e 	10934.226754560	1.000e-02	1
1 4 4 0 2 e 	10936.153274617	1.680e-02	1
0 1 5 1 43 e 	10937.274500733	1.000e-02	2
1 4 4 0 3 e 	10937.333117431	1.000e-02	1
0 1 5 1 43 f 	10937.723088311	1.000e-02	2
1 0 5 0 9 e 	10937.778587769	1.000e-02	2
1 4 4 0 4 e 	10938.907662626	1.000e-02	1
1 4 4 0 5 e 	10940.888511700	1.000e-02	2
1 0 5 0 10 e 	10941.723543765	1.000e-02	2
1 4 4 0 6 e 	10943.271459248	7.000e-03	3
1 4 4 0 7 e 	10946.054171290	1.170e-02	2
1 0 5 0 11 e 	10946.071155243	1.000e-02	2
1 4 4 0 8 e 	10949.213797687	1.000e-02	2
0 0 5 0 66 e 	10950.702226351	1.008e-02	2
1 4 4 0 9 e 	10952.779087769	1.000e-02	2
0 1 5 1 44 e 	10954.608280151	1.000e-02	1
0 1 5 1 44 f 	10955.084915686	1.000e-02	1
1 0 5 0 13 e 	10955.939797796	1.000e-02	2
1 4 4 0 10 e 	10956.739043765	1.000e-02	2
1 4 4 0 11 e 	10961.099155243	1.000e-02	2
1 0 5 0 14 e 	10961.467802829	1.000e-02	2
1 4 4 0 12 e 	10965.855910774	1.000e-02	2
1 0 5 0 15 e 	10967.387911214	1.000e-02	2
1 4 4 0 13 e 	10971.005594723	1.000e-02	1
0 1 5 1 45 e 	10972.327676389	1.000e-02	1
0 1 5 1 45 f 	10972.835776498	1.000e-02	1
1 0 5 0 16 e 	10973.708107369	1.000e-02	2
1 4 4 0 14 e 	10976.553802829	1.000e-02	2
0 0 5 0 67 e 	10977.032893959	1.007e-02	2
1 0 5 0 17 e 	10980.414374595	1.000e-02	2
1 4 4 0 15 e 	10982.498911214	1.000e-02	2
1 0 5 0 18 e 	10987.518695210	1.000e-02	2
1 4 4 0 16 e 	10988.841117081	1.000e-02	1
0 1 5 1 46 e 	10990.458175047	1.000e-02	1
0 1 5 1 46 f 	10990.981162565	1.000e-02	1
1 0 5 0 19 e 	10995.017550432	1.000e-02	2
1 4 4 0 17 e 	10995.574726537	1.000e-02	2
1 4 4 0 18 e 	11002.713177643	1.000e-02	2
1 0 5 0 20 e 	11002.909920484	1.000e-02	2
0 0 5 0 68 e 	11003.753255776	1.008e-02	2
0 1 5 1 47 e 	11008.975641494	1.000e-02	1
0 1 5 1 47 f 	11009.519939634	1.000e-02	1
1 4 4 0 19 e 	11010.241927630	1.000e-02	1
1 0 5 0 21 e 	11011.192395797	1.000e-02	1
1 4 4 0 20 e 	11018.169292763	1.000e-02	1
1 0 5 0 22 e 	11019.874693090	1.000e-02	1
1 4 4 0 21 e 	11026.490173234	1.000e-02	1
0 1 5 1 48 e 	11027.901089398	1.000e-02	1
0 1 5 1 48 f 	11028.466114655	1.000e-02	1
1 0 5 0 23 e 	11028.949380616	7.000e-03	3
0 0 5 0 69 e 	11030.857382605	1.009e-02	2
1 0 5 0 24 e 	11038.418116464	1.000e-02	2
1 4 4 0 23 e 	11044.331711233	7.000e-03	2
0 1 5 1 49 e 	11047.201466179	1.000e-02	2
0 1 5 1 49 f 	11047.787639976	1.000e-02	2
1 0 5 0 25 e 	11048.281727163	1.000e-02	2
1 4 4 0 24 e 	11053.846693090	1.000e-02	1
0 0 5 0 70 e 	11058.355205153	1.009e-02	2
1 0 5 0 26 e 	11058.536237689	1.000e-02	2
0 1 5 1 50 e 	11066.908674086	1.000e-02	1
0 1 5 1 50 f 	11067.513437079	1.000e-02	1
0 2 5 0 6 e 	11067.719251719	1.000e-02	2
1 0 5 0 27 e 	11069.178043915	1.000e-02	2
1 4 4 0 26 e 	11074.056539838	1.000e-02	1
0 2 5 0 9 e 	11077.233715764	2.260e-02	1
1 0 5 0 28 e 	11080.225505251	1.000e-02	1
0 2 5 0 10 e 	11081.154332970	1.230e-02	1
1 4 4 0 27 e 	11084.765038240	1.000e-02	1
0 2 5 0 11 e 	11085.510525476	1.000e-02	2
0 0 5 0 71 e 	11086.239649745	1.010e-02	3
0 1 5 1 51 e 	11086.986710745	1.000e-02	1
0 1 5 1 51 f 	11087.630431178	1.000e-02	1
0 2 5 0 12 e 	11090.262332970	1.000e-02	1
1 0 5 0 29 e 	11091.650220940	1.000e-02	1
0 2 5 0 13 e 	11095.405594723	1.000e-02	1
1 4 4 0 28 e 	11095.864884197	1.000e-02	1
0 2 5 0 14 e 	11100.946302829	1.000e-02	2
1 0 5 0 30 e 	11103.481165386	1.000e-02	1
0 2 5 0 15 e 	11106.895732702	1.690e-02	2
0 1 5 1 52 e 	11107.471463177	1.002e-02	1
0 1 5 1 52 f 	11108.140613861	1.000e-02	1
0 2 5 0 16 e 	11113.242117081	3.670e-02	1
0 0 5 0 72 e 	11114.513137407	1.011e-02	2
1 0 5 0 31 e 	11115.704306312	1.000e-02	1
1 4 4 0 30 e 	11119.266165386	1.000e-02	1
0 2 5 0 17 e 	11119.925782405	1.000e-02	2
0 2 5 0 18 e 	11127.052097656	1.000e-02	1
1 0 5 0 32 e 	11128.316596890	7.000e-03	2
0 1 5 1 53 e 	11128.342909800	1.000e-02	1
0 1 5 1 53 f 	11129.033895093	1.000e-02	1
1 4 4 0 31 e 	11131.558911923	1.000e-02	2
0 2 5 0 19 e 	11134.563604316	1.000e-02	2
1 0 5 0 33 e 	11141.326043031	1.000e-02	1
0 2 5 0 20 e 	11142.478920484	1.000e-02	2
0 0 5 0 73 e 	11143.186097873	1.012e-02	2
1 4 4 0 32 e 	11144.246995154	7.000e-03	3
0 1 5 1 54 e 	11149.623152081	1.001e-02	1
0 1 5 1 54 f 	11150.331429102	1.000e-02	2
0 2 5 0 21 e 	11150.775968671	1.840e-02	2
1 0 5 0 34 e 	11154.738569012	1.820e-02	1
1 4 4 0 33 e 	11157.331306312	1.000e-02	1
0 2 5 0 22 e 	11159.464548206	1.470e-02	1
1 0 5 0 35 e 	11168.510597409	1.000e-02	2
0 2 5 0 23 e 	11168.576325019	1.000e-02	3
1 4 4 0 34 e 	11170.818089662	1.000e-02	2
0 1 5 1 55 e 	11171.266312888	1.000e-02	2
0 1 5 1 55 f 	11172.013730187	1.001e-02	2
0 0 5 0 74 e 	11172.223756107	1.014e-02	1
0 2 5 0 24 e 	11178.071371045	1.000e-02	2
1 0 5 0 36 e 	11182.692753808	1.000e-02	1
1 4 4 0 35 e 	11184.697151788	1.000e-02	1
0 2 5 0 25 e 	11187.951727163	1.000e-02	2
0 1 5 1 56 e 	11193.322624765	1.009e-02	1
1 0 5 0 37 e 	11197.268336557	1.000e-02	1
0 2 5 0 26 e 	11198.234216214	1.120e-02	2
0 0 5 0 75 e 	11201.652709377	1.015e-02	1
0 2 5 0 27 e 	11208.908043915	1.000e-02	2
1 4 4 0 37 e 	11213.656151788	1.000e-02	1
0 1 5 1 57 e 	11215.771199357	1.005e-02	1
0 1 5 1 57 f 	11216.565513763	1.001e-02	2
0 2 5 0 28 e 	11219.978420113	1.000e-02	2
1 0 5 0 39 e 	11227.597284602	1.000e-02	1
1 4 4 0 38 e 	11228.740069244	7.000e-03	2
0 2 5 0 29 e 	11231.474049591	2.320e-02	1
0 0 5 0 76 e 	11231.511325305	1.015e-02	2
0 1 5 1 58 e 	11238.604624765	1.009e-02	1
1 0 5 0 40 e 	11243.346896467	7.000e-03	2
0 2 5 0 30 e 	11243.347505251	3.440e-02	1
0 2 5 0 31 e 	11255.580306312	1.000e-02	1
1 0 5 0 41 e 	11259.493666626	1.000e-02	1
0 1 5 1 59 e 	11261.835923150	1.005e-02	2
0 1 5 1 59 f 	11262.717012115	1.002e-02	1
0 2 5 0 32 e 	11268.219128671	1.000e-02	3
1 0 5 0 42 e 	11276.024537823	1.000e-02	1
0 2 5 0 33 e 	11281.269603256	1.000e-02	2
0 2 5 2 34 e 	11283.828353701	3.082e-02	1
0 1 5 1 60 e 	11285.467310139	1.007e-02	2
0 1 5 1 60 f 	11286.347936767	1.003e-02	2
1 0 5 0 43 e 	11292.952140708	1.000e-02	1
0 2 5 0 34 e 	11294.718000742	1.000e-02	2
0 2 5 2 35 e 	11297.663304140	3.082e-02	1
0 2 5 0 35 e 	11308.552614495	1.225e-02	3
0 1 5 1 61 e 	11309.463646943	1.006e-02	1
1 0 5 0 44 e 	11310.269078188	7.000e-03	2
0 2 5 0 36 e 	11322.725450211	5.000e-02	1
0 0 5 0 79 e 	11323.373332553	1.018e-02	1
0 1 5 1 62 e 	11333.872310139	1.007e-02	1
0 2 5 0 37 e 	11337.407336557	1.000e-02	1
0 2 5 0 38 e 	11352.445860350	1.510e-02	1
0 0 5 0 80 e 	11354.774780879	1.018e-02	2
0 1 5 1 63 e 	11358.678181055	1.008e-02	1
0 2 5 0 39 e 	11367.846336557	1.000e-02	1
0 2 5 0 40 e 	11383.657860350	1.000e-02	2
0 1 5 1 64 e 	11383.863693548	1.009e-02	2
1 4 4 0 48 e 	11401.364847036	1.000e-02	2
0 2 5 0 42 e 	11416.431537823	2.820e-02	1
0 2 5 0 44 e 	11450.848420470	2.000e-02	1
0 2 5 0 45 e 	11468.629345291	1.000e-02	1
2 4 4 0 1 e 	11741.444159084	5.400e-03	2
2 4 4 0 2 e 	11742.230043412	5.000e-03	2
2 4 4 0 3 e 	11743.423293887	5.500e-03	2
2 4 4 0 4 e 	11745.006862522	9.200e-03	2
2 4 4 0 5 e 	11747.006117431	5.000e-03	1
2 4 4 0 6 e 	11749.382280622	8.500e-03	3
2 4 4 0 7 e 	11752.175389204	5.000e-03	2
2 4 4 0 8 e 	11755.333754560	2.080e-02	1
2 0 5 0 1 e 	11762.384138857	1.000e-02	1
2 4 4 0 10 e 	11762.910181058	1.460e-02	2
2 0 5 0 2 e 	11763.175493963	1.000e-02	2
2 0 5 0 3 e 	11764.337895755	1.000e-02	2
2 0 5 0 4 e 	11765.904528842	1.000e-02	2
2 4 4 0 11 e 	11767.282003212	5.000e-03	2
2 0 5 0 5 e 	11767.861011700	1.000e-02	2
2 0 5 0 6 e 	11770.215706723	7.000e-03	3
2 4 4 0 12 e 	11772.050674814	5.000e-03	2
2 0 5 0 7 e 	11772.953465492	1.000e-02	2
2 0 5 0 8 e 	11776.093297687	1.000e-02	2
2 4 4 0 13 e 	11777.212232806	5.000e-03	2
2 0 5 0 9 e 	11779.620321124	1.000e-02	2
2 4 4 0 14 e 	11782.774488578	6.800e-03	1
2 0 5 0 10 e 	11783.542543765	1.000e-02	2
2 0 5 0 11 e 	11787.855448435	7.000e-03	3
2 4 4 0 15 e 	11788.742986316	5.000e-03	2
2 0 5 0 12 e 	11792.559410774	1.000e-02	2
2 4 4 0 16 e 	11795.101107369	5.000e-03	2
2 0 5 0 13 e 	11797.652297796	1.000e-02	2
2 4 4 0 17 e 	11801.855499711	9.600e-03	2
2 0 5 0 14 e 	11803.137848652	1.000e-02	2
2 4 4 0 18 e 	11809.003292763	1.030e-02	1
2 0 5 0 15 e 	11809.024911214	1.000e-02	2
2 0 5 0 16 e 	11815.297112274	7.000e-03	3
2 4 4 0 19 e 	11816.565550432	5.000e-03	2
2 0 5 0 17 e 	11821.959115486	7.000e-03	3
2 4 4 0 20 e 	11824.520043953	5.300e-03	2
2 0 5 0 18 e 	11829.019695210	1.000e-02	2
2 4 4 0 21 e 	11832.858395797	5.000e-03	1
2 0 5 0 19 e 	11836.461550432	1.000e-02	2
2 4 4 0 22 e 	11841.608322186	5.000e-03	2
2 0 5 0 20 e 	11844.312420484	1.000e-02	2
2 4 4 0 23 e 	11850.743851514	5.000e-03	3
2 0 5 0 21 e 	11852.535284515	1.000e-02	2
2 4 4 0 24 e 	11860.291856231	5.700e-03	2
2 0 5 0 22 e 	11861.158356788	7.000e-03	3
2 0 5 0 23 e 	11870.173613766	7.000e-03	3
2 4 4 0 25 e 	11870.219038240	5.000e-03	1
2 0 5 0 24 e 	11879.579332110	1.000e-02	2
2 4 4 0 26 e 	11880.557869310	1.580e-02	2
1 2 5 0 0 e 	11886.106713308	1.300e-02	1
1 2 5 0 1 e 	11886.516138857	1.000e-02	1
1 2 5 0 2 e 	11887.302274617	1.000e-02	1
1 2 5 0 3 e 	11888.492117431	1.000e-02	1
2 0 5 0 25 e 	11889.375038240	1.000e-02	1
1 2 5 0 4 e 	11890.072662626	1.000e-02	1
2 4 4 0 27 e 	11891.288101455	5.000e-03	2
1 2 5 0 5 e 	11892.040905969	1.000e-02	1
1 2 5 0 6 e 	11894.410734647	7.000e-03	2
1 2 5 0 7 e 	11897.181000665	1.000e-02	2
2 0 5 0 26 e 	11899.577884197	1.000e-02	1
1 2 5 0 8 e 	11900.336797687	1.000e-02	2
2 4 4 0 28 e 	11902.418848234	6.500e-03	2
1 2 5 0 9 e 	11903.896587769	1.000e-02	2
1 2 5 0 10 e 	11907.848449940	1.000e-02	2
2 0 5 0 27 e 	11910.159049591	1.000e-02	1
1 2 5 0 11 e 	11912.190155243	1.000e-02	2
2 4 4 0 29 e 	11913.928220940	7.000e-03	1
1 2 5 0 12 e 	11916.928910774	1.000e-02	2
2 0 5 0 28 e 	11921.118505251	1.660e-02	1
1 2 5 0 13 e 	11922.063297796	1.000e-02	2
2 4 4 0 30 e 	11925.855326660	5.000e-03	2
1 2 5 0 14 e 	11927.600264878	1.000e-02	2
2 0 5 0 29 e 	11932.500635265	1.000e-02	2
1 2 5 0 15 e 	11933.530382453	1.100e-02	2
2 4 4 0 31 e 	11938.174264006	5.200e-03	2
1 2 5 0 16 e 	11939.849559836	1.020e-02	2
2 0 5 0 30 e 	11944.259335319	1.000e-02	2
1 2 5 0 17 e 	11946.557374595	1.000e-02	2
2 4 4 0 32 e 	11950.885313695	5.000e-03	3
1 2 5 0 18 e 	11953.661695210	1.000e-02	2
2 0 5 0 31 e 	11956.408306312	1.000e-02	1
1 2 5 0 19 e 	11961.167050432	1.000e-02	2
2 4 4 0 33 e 	11963.976043031	2.540e-02	1
2 0 5 0 32 e 	11968.955939172	7.000e-03	2
1 2 5 0 20 e 	11969.074692788	1.000e-02	2
1 2 5 0 21 e 	11977.365284515	1.000e-02	2
2 0 5 0 33 e 	11981.895043031	1.000e-02	1
1 2 5 0 22 e 	11986.055620648	1.000e-02	2
2 4 4 0 35 e 	11991.416151788	5.000e-03	1
1 2 5 0 23 e 	11995.137638338	7.000e-03	3
2 0 5 0 34 e 	11995.211569012	1.000e-02	1
1 2 5 0 24 e 	12004.618442825	1.000e-02	2
2 4 4 0 36 e 	12005.722753808	5.100e-03	1
2 0 5 0 35 e 	12008.941097409	1.000e-02	2
1 2 5 0 25 e 	12014.490227163	1.000e-02	2
2 4 4 0 37 e 	12020.426080504	9.000e-03	2
2 0 5 0 36 e 	12023.054935348	7.000e-03	3
1 2 5 0 26 e 	12024.754212017	1.000e-02	2
0 0 6 0 1 e 	12028.290138857	1.000e-02	1
0 0 6 0 2 e 	12029.097713308	1.000e-02	1
0 0 6 0 3 e 	12030.277628144	1.000e-02	2
0 0 6 0 4 e 	12031.835968622	1.059e-02	2
0 0 6 0 5 e 	12033.801511700	1.000e-02	2
1 2 5 0 27 e 	12035.412543915	1.000e-02	2
2 4 4 0 38 e 	12035.505697557	5.000e-03	2
0 0 6 0 6 e 	12036.154762626	5.000e-03	1
2 0 5 0 37 e 	12037.567744173	1.000e-02	2
0 0 6 0 7 e 	12038.886682871	1.000e-02	2
0 0 6 0 8 e 	12042.020797687	1.000e-02	2
0 0 6 0 9 e 	12045.546587769	1.000e-02	2
1 2 5 0 28 e 	12046.480657402	1.010e-02	2
0 0 6 0 10 e 	12049.459043765	1.000e-02	2
2 4 4 0 39 e 	12050.995336557	7.900e-03	1
2 0 5 0 38 e 	12052.467449952	1.000e-02	3
0 0 6 0 11 e 	12053.772155243	1.000e-02	2
1 2 5 0 29 e 	12057.926007553	1.000e-02	2
0 0 6 0 12 e 	12058.477910774	1.000e-02	2
0 0 6 0 13 e 	12063.583297796	1.000e-02	2
2 4 4 0 40 e 	12066.887767608	5.000e-03	2
2 0 5 0 39 e 	12067.794284602	1.000e-02	2
0 0 6 0 14 e 	12069.067302829	1.000e-02	2
1 2 5 0 30 e 	12069.770835319	1.000e-02	2
0 4 5 0 6 e 	12070.169962626	5.000e-03	1
0 0 6 0 15 e 	12074.943911214	1.000e-02	2
0 0 6 0 16 e 	12081.217180510	5.000e-03	3
1 2 5 0 31 e 	12082.011763626	1.000e-02	2
2 4 4 0 41 e 	12083.174168483	5.000e-03	2
2 0 5 0 40 e 	12083.323567608	1.000e-02	2
0 0 6 0 17 e 	12087.875874595	1.000e-02	2
1 2 5 0 32 e 	12094.648408478	7.000e-03	2
0 0 6 0 18 e 	12094.928695210	1.000e-02	2
2 0 5 0 41 e 	12099.436324610	7.000e-03	3
2 4 4 0 42 e 	12099.840332565	1.460e-02	2
0 0 6 0 19 e 	12102.367550432	1.000e-02	2
1 2 5 0 33 e 	12107.672174671	1.000e-02	2
0 0 6 0 20 e 	12110.203920484	1.000e-02	2
2 0 5 0 42 e 	12115.911552716	1.000e-02	2
0 4 5 0 16 e 	12115.923517081	5.000e-03	1
2 4 4 0 43 e 	12116.931807847	5.000e-03	2
0 0 6 0 21 e 	12118.425784515	1.000e-02	2
1 2 5 0 34 e 	12121.094569012	1.000e-02	1
0 0 6 0 22 e 	12127.054120648	1.000e-02	2
2 0 5 0 43 e 	12132.772096972	1.000e-02	2
2 4 4 0 44 e 	12134.427537823	2.220e-02	1
1 2 5 0 35 e 	12134.919151788	1.000e-02	1
0 0 6 0 23 e 	12136.065112705	5.000e-03	3
0 0 6 0 24 e 	12145.464616464	1.000e-02	2
1 2 5 0 36 e 	12149.129753808	1.000e-02	1
2 0 5 0 44 e 	12150.016485077	1.000e-02	2
2 4 4 0 45 e 	12152.274573315	5.000e-03	2
0 0 6 0 25 e 	12155.257227163	1.000e-02	2
1 2 5 0 37 e 	12163.741744173	1.000e-02	2
0 0 6 0 26 e 	12165.440884197	1.000e-02	1
2 0 5 0 45 e 	12167.666899934	7.000e-03	2
2 4 4 0 46 e 	12170.538847036	5.000e-03	1
0 4 5 0 23 e 	12171.648716087	5.000e-03	1
0 0 6 0 27 e 	12176.019049591	1.000e-02	1
1 2 5 0 38 e 	12178.741259448	1.000e-02	2
2 0 5 0 46 e 	12185.703847036	1.000e-02	2
0 0 6 0 28 e 	12186.985505251	1.000e-02	1
2 4 4 0 47 e 	12189.195286923	5.000e-03	2
1 2 5 0 39 e 	12194.136284602	1.000e-02	1
0 0 6 0 29 e 	12198.349220940	1.000e-02	1
2 0 5 0 47 e 	12204.067201753	1.000e-02	3
2 4 4 0 48 e 	12208.248733558	5.000e-03	2
1 2 5 0 40 e 	12209.922869622	7.000e-03	2
0 0 6 0 30 e 	12210.088165386	1.000e-02	1
0 0 6 0 31 e 	12222.226306312	1.000e-02	1
2 0 5 0 48 e 	12222.920630501	1.000e-02	2
1 2 5 0 41 e 	12226.106666626	1.000e-02	1
0 0 6 0 32 e 	12234.757890313	5.000e-03	2
2 0 5 0 49 e 	12242.127824479	1.000e-02	2
1 2 5 0 42 e 	12242.683102433	1.000e-02	2
0 0 6 0 33 e 	12247.670043031	1.000e-02	1
1 2 5 0 43 e 	12259.642140708	1.000e-02	1
0 0 6 0 34 e 	12260.984569012	1.000e-02	1
2 0 5 0 50 e 	12261.732016564	1.000e-02	3
0 4 5 0 32 e 	12272.049810313	5.000e-03	1
0 0 6 0 35 e 	12274.685151788	1.000e-02	1
1 2 5 0 44 e 	12277.023420470	1.080e-02	1
2 0 5 0 51 e 	12281.730905661	1.000e-02	2
1 2 5 0 45 e 	12294.775345291	1.000e-02	1
2 0 5 0 52 e 	12302.105746864	1.000e-02	1
0 0 6 0 37 e 	12303.264336557	1.000e-02	1
1 2 5 0 46 e 	12312.928847036	1.000e-02	1
0 0 6 0 38 e 	12318.136860350	1.000e-02	1
2 0 5 0 53 e 	12322.880932655	1.000e-02	2
1 2 5 0 47 e 	12331.472886923	1.000e-02	2
0 0 6 0 39 e 	12333.396284602	1.000e-02	1
2 0 5 0 54 e 	12344.066891224	1.000e-02	1
0 0 6 0 40 e 	12349.057767608	5.000e-03	2
1 2 5 0 48 e 	12350.404413966	1.000e-02	1
0 0 6 0 41 e 	12365.088666626	1.000e-02	1
2 0 5 0 55 e 	12365.627860856	1.000e-02	3
1 2 5 0 49 e 	12369.746377035	1.000e-02	1
1 3 5 1 5 e 	12380.085399153	1.180e-02	1
1 3 5 1 5 f 	12380.094311047	1.180e-02	1
0 0 6 0 42 e 	12381.523537823	1.000e-02	1
1 3 5 1 6 e 	12382.449677525	8.400e-03	2
1 3 5 1 6 f 	12382.459527884	8.400e-03	2
1 3 5 1 7 e 	12385.219466235	5.000e-03	2
1 3 5 1 7 f 	12385.233853251	5.000e-03	2
2 0 5 0 56 e 	12387.578096006	1.001e-02	1
1 3 5 1 8 e 	12388.370792445	1.460e-02	1
1 3 5 1 8 f 	12388.382674857	1.460e-02	1
0 4 5 0 40 e 	12388.596967608	5.000e-03	1
1 2 5 0 50 e 	12389.573382234	1.487e-01	3
1 3 5 1 9 e 	12391.941603064	1.310e-02	2
1 3 5 1 9 f 	12391.959048336	1.310e-02	2
1 3 5 1 10 e 	12395.923103727	2.000e-02	1
1 3 5 1 10 f 	12395.942200020	2.000e-02	1
1 3 5 1 11 e 	12400.232843969	1.000e-02	2
1 3 5 1 11 f 	12400.293317080	1.302e-02	2
1 3 5 1 12 e 	12404.994783337	1.521e-02	2
1 3 5 1 12 f 	12405.030844830	1.340e-02	2
1 2 5 0 51 e 	12409.593434286	5.001e-03	1
2 0 5 0 57 e 	12409.920453920	9.201e-03	2
1 3 5 1 13 e 	12410.142241512	5.000e-03	1
1 3 5 1 13 f 	12410.175340277	5.000e-03	1
0 0 6 0 44 e 	12415.560420470	1.000e-02	1
1 3 5 1 15 e 	12421.592098406	1.420e-02	1
1 3 5 1 16 e 	12427.889497663	1.260e-02	1
2 0 5 0 58 e 	12432.667006860	8.721e-03	1
0 0 6 0 45 e 	12433.182345291	1.000e-02	1
1 3 5 1 18 e 	12441.727762905	8.100e-03	1
1 3 5 1 19 f 	12449.451026770	3.000e-04	1
0 0 6 0 46 e 	12451.180727036	5.000e-03	2
2 0 5 0 59 e 	12455.799586462	1.581e-02	1
1 3 5 1 20 f 	12457.379822563	2.400e-03	1
1 3 5 1 21 e 	12465.455132877	7.300e-03	2
1 3 5 1 21 f 	12465.696651919	3.700e-03	2
0 0 6 0 47 e 	12469.559886923	1.000e-02	1
1 3 5 1 22 e 	12474.135682324	9.300e-03	1
1 3 5 1 22 f 	12474.416022001	4.400e-03	2
2 0 5 0 60 e 	12479.342008297	8.521e-03	2
1 3 5 1 23 e 	12483.250372307	1.550e-02	1
1 3 5 1 23 f 	12483.512707985	1.980e-02	1
0 0 6 0 48 e 	12488.331413966	1.000e-02	1
1 3 5 1 24 e 	12492.746005592	2.630e-02	1
1 3 5 1 24 f 	12493.065093326	2.210e-02	1
1 2 5 0 55 e 	12494.012341736	1.000e-02	1
1 3 5 1 25 e 	12502.612552986	1.290e-02	1
1 3 5 1 25 f 	12502.971819214	2.230e-02	1
2 0 5 0 61 e 	12503.283294413	5.051e-03	1
0 4 5 0 47 e 	12511.854286923	5.000e-03	1
0 1 6 1 6 e 	12512.315292445	5.000e-03	1
0 1 6 1 6 f 	12512.327174857	5.000e-03	1
1 3 5 1 26 e 	12512.846991514	2.750e-02	1
1 3 5 1 26 f 	12513.235857545	1.620e-02	1
1 2 5 0 56 e 	12516.099096006	5.017e-03	1
1 3 5 1 27 e 	12523.551981763	1.000e-02	2
1 3 5 1 27 f 	12523.936184875	1.430e-02	1
1 3 5 1 28 e 	12534.620432997	1.160e-02	1
1 3 5 1 28 f 	12535.054770390	9.900e-03	1
1 2 5 0 57 e 	12538.566341736	1.480e-02	1
1 3 5 1 29 e 	12546.054378248	1.390e-02	1
1 3 5 1 30 e 	12557.897104667	2.540e-02	1
1 2 5 0 58 e 	12561.471006860	1.501e-02	1
0 1 6 1 17 e 	12564.086473325	5.000e-03	1
0 1 6 1 17 f 	12564.169026770	5.000e-03	1
1 3 5 1 31 e 	12570.163574864	8.000e-03	1
1 3 5 1 32 e 	12582.808765879	6.600e-03	1
1 2 5 0 59 e 	12584.717940437	1.001e-02	2
1 2 5 0 60 e 	12608.374265200	1.002e-02	3
1 3 5 1 34 e 	12609.286158634	9.000e-04	1
1 3 5 1 35 f 	12623.790601314	2.400e-03	1
0 0 6 0 55 e 	12630.679741736	5.001e-03	1
1 2 5 0 61 e 	12632.417294413	1.492e-02	1
1 3 5 1 37 e 	12651.945259097	1.000e-02	2
0 1 6 1 27 e 	12652.297378248	1.000e-02	1
0 1 6 1 27 f 	12652.501587464	1.000e-02	1
1 3 5 1 37 f 	12652.712650029	8.200e-03	1
1 2 5 0 63 e 	12681.738229088	2.282e-02	1
1 3 5 1 39 f 	12683.207400154	1.000e-02	2
2 2 5 0 1 e 	12707.334138857	1.060e-02	1
2 2 5 0 2 e 	12708.141853414	1.000e-02	2
2 2 5 0 5 e 	12712.871011700	1.000e-02	2
2 2 5 0 6 e 	12715.248723004	1.000e-02	2
2 2 5 0 7 e 	12718.005682871	1.000e-02	2
2 2 5 0 8 e 	12721.154840813	1.000e-02	1
2 2 5 0 9 e 	12724.706459774	1.000e-02	1
2 2 5 0 10 e 	12728.651754560	1.000e-02	1
2 2 5 0 11 e 	12733.002283903	1.000e-02	2
3 0 5 0 27 e 	12736.561038240	1.000e-02	1
0 1 6 1 34 e 	12737.364008391	2.000e-02	1
0 1 6 1 34 f 	12737.685146047	2.000e-02	1
2 2 5 0 12 e 	12737.734910774	1.000e-02	2
2 2 5 0 13 e 	12742.863297796	1.000e-02	2
0 0 6 0 60 e 	12744.026094370	5.067e-03	1
2 2 5 0 14 e 	12748.388302829	1.000e-02	2
2 2 5 0 15 e 	12754.307911214	1.000e-02	2
2 2 5 0 16 e 	12760.604117081	1.240e-02	1
2 2 5 0 17 e 	12767.323301900	1.000e-02	3
2 2 5 0 18 e 	12774.433195210	1.000e-02	2
2 2 5 0 19 e 	12781.926927630	1.000e-02	1
2 2 5 0 20 e 	12789.811420484	1.000e-02	2
2 2 5 0 21 e 	12798.100158191	1.000e-02	2
2 2 5 0 22 e 	12806.786888965	1.000e-02	2
2 2 5 0 23 e 	12815.849742657	1.000e-02	3
2 2 5 0 24 e 	12825.320616464	1.000e-02	2
2 2 5 0 25 e 	12835.182227163	1.000e-02	2
2 2 5 0 26 e 	12845.423539838	1.230e-02	1
2 2 5 0 27 e 	12856.082543915	1.000e-02	2
2 2 5 0 28 e 	12867.135325230	1.000e-02	2
1 0 6 0 5 e 	12867.936217431	1.000e-02	1
2 2 5 0 29 e 	12878.571049591	1.000e-02	1
1 4 5 0 5 e 	12884.611117431	1.000e-02	1
2 2 5 0 30 e 	12890.395505251	1.000e-02	1
2 2 5 0 31 e 	12902.623220940	1.000e-02	1
1 0 6 0 17 e 	12922.182127630	1.000e-02	1
2 2 5 0 33 e 	12928.268306312	1.000e-02	1
1 4 5 0 17 e 	12938.918927630	1.000e-02	1
0 0 6 0 68 e 	12945.604926351	5.154e-03	1
2 2 5 0 35 e 	12955.457043031	1.000e-02	2
2 2 5 0 36 e 	12969.649569012	1.000e-02	2
1 0 6 0 23 e 	12970.511016087	1.000e-02	1
1 4 5 0 23 e 	12987.343416087	1.000e-02	1
0 2 6 0 5 e 	12999.410503890	1.000e-02	2
0 2 6 0 8 e 	13007.672840813	1.080e-02	1
0 2 6 0 9 e 	13011.205459774	1.000e-02	1
0 2 6 0 11 e 	13019.464715764	1.000e-02	1
0 2 6 0 12 e 	13024.180332970	1.000e-02	1
0 2 6 0 13 e 	13029.310594723	1.000e-02	1
0 2 6 0 14 e 	13034.817488578	1.000e-02	1
0 2 6 0 15 e 	13040.718000869	1.000e-02	1
0 2 6 0 16 e 	13047.021117081	1.000e-02	1
0 2 6 0 18 e 	13060.773097656	1.000e-02	1
0 2 6 0 19 e 	13068.238927630	1.820e-02	1
1 0 6 0 32 e 	13069.453710313	1.000e-02	1
0 2 6 0 20 e 	13076.134292763	1.000e-02	1
0 2 6 0 21 e 	13084.381173234	1.000e-02	1
1 4 5 0 32 e 	13086.584610313	1.000e-02	1
0 2 6 0 22 e 	13093.038548206	1.000e-02	1
1 0 6 0 40 e 	13184.001360350	1.000e-02	1
0 2 6 0 32 e 	13201.225165386	1.000e-02	1
0 2 6 0 33 e 	13214.202306312	1.000e-02	2
1 4 5 0 42 e 	13234.366537823	2.000e-02	1
1 0 6 0 47 e 	13304.679945291	1.000e-02	1
0 2 6 0 40 e 	13316.041567608	2.000e-02	1
1 1 6 1 2 e 	13333.395871384	5.000e-03	2
1 1 6 1 2 f 	13333.398103796	5.000e-03	2
1 1 6 1 3 e 	13334.574332481	5.000e-03	2
1 1 6 1 3 f 	13334.578248615	5.000e-03	2
1 1 6 1 4 e 	13336.151355391	5.000e-03	1
1 1 6 1 4 f 	13336.153901697	5.000e-03	1
1 1 6 1 5 e 	13338.106545350	5.000e-03	3
1 1 6 1 5 f 	13338.111567181	5.000e-03	3
1 1 6 1 6 e 	13340.470792445	5.900e-03	1
1 1 6 1 6 f 	13340.482674857	5.900e-03	1
1 1 6 1 7 e 	13343.209082615	5.000e-03	2
1 1 6 1 7 f 	13343.222506002	5.000e-03	2
1 1 6 1 8 e 	13346.352792445	5.000e-03	1
1 1 6 1 8 f 	13346.364674857	5.000e-03	1
1 1 6 1 9 e 	13349.883118967	5.000e-03	2
1 1 6 1 9 f 	13349.903884042	5.000e-03	2
1 1 6 1 10 e 	13353.815078991	5.000e-03	2
1 1 6 1 10 f 	13353.838630694	5.000e-03	2
1 1 6 1 11 e 	13358.121923500	9.800e-03	2
1 1 6 1 11 f 	13358.150659824	9.800e-03	2
1 1 6 1 12 e 	13362.844380546	5.000e-03	2
1 1 6 1 12 f 	13362.876408125	5.470e-03	2
0 2 6 0 43 e 	13365.609666626	1.000e-02	1
1 1 6 1 13 e 	13367.944879241	5.000e-03	2
1 1 6 1 13 f 	13367.986685368	5.000e-03	2
1 1 6 1 14 e 	13373.441205961	5.000e-03	2
1 1 6 1 14 f 	13373.490049412	5.000e-03	2
1 1 6 1 15 e 	13379.320775570	5.000e-03	2
1 1 6 1 15 f 	13379.376479925	5.000e-03	2
1 1 6 1 16 e 	13385.612669141	1.166e-02	2
1 1 6 1 16 f 	13385.666571438	1.020e-02	2
1 1 6 1 17 e 	13392.293473325	1.890e-02	1
1 1 6 1 17 f 	13392.366026770	1.890e-02	1
1 1 6 1 18 e 	13399.340211275	5.000e-03	1
1 1 6 1 18 f 	13399.420822563	5.000e-03	1
1 1 6 1 19 e 	13406.800047096	5.000e-03	2
1 1 6 1 19 f 	13406.883339893	5.000e-03	2
1 1 6 1 20 e 	13414.651548517	8.892e-03	3
1 1 6 1 20 f 	13414.747245587	1.058e-02	3
0 2 6 0 47 e 	13437.170345291	1.000e-02	1
1 1 6 1 23 e 	13440.455372307	1.760e-02	1
1 1 6 1 23 f 	13440.662707985	3.000e-04	1
1 1 6 1 24 e 	13449.896005592	8.900e-03	1
1 1 6 1 24 f 	13450.113093326	1.090e-02	1
1 1 6 1 26 e 	13469.894991514	1.090e-02	1
1 1 6 1 28 e 	13491.442432997	1.000e-02	1
1 1 6 1 28 f 	13491.744770390	1.000e-02	1
1 1 6 1 29 e 	13502.812378248	2.500e-02	1
1 1 6 1 29 f 	13503.126587464	1.000e-02	2
1 0 6 0 57 e 	13510.125786462	1.001e-02	1
1 0 6 0 62 e 	13627.407756026	1.005e-02	1
0 0 7 0 2 e 	13953.005274617	1.000e-02	1
0 0 7 0 3 e 	13954.173117431	1.000e-02	1
0 0 7 0 4 e 	13955.707662626	2.250e-02	1
0 0 7 0 5 e 	13957.675011700	1.000e-02	2
0 0 7 0 6 e 	13960.043840813	2.270e-02	1
0 0 7 0 7 e 	13962.757459774	1.000e-02	1
0 0 7 0 8 e 	13965.863296317	1.000e-02	2
0 0 7 0 9 e 	13969.380587769	1.000e-02	2
0 0 7 0 10 e 	13973.285543765	1.000e-02	2
0 0 7 0 11 e 	13977.584121487	1.000e-02	2
0 0 7 0 12 e 	13982.252910774	1.000e-02	2
0 0 7 0 13 e 	13987.322797796	1.000e-02	2
0 0 7 0 14 e 	13992.783031412	1.000e-02	3
0 0 7 0 15 e 	13998.639911214	1.000e-02	2
0 0 7 0 16 e 	14004.870107369	1.000e-02	2
0 0 7 0 17 e 	14011.498874595	1.000e-02	2
0 0 7 0 18 e 	14018.525054377	1.000e-02	2
0 0 7 0 19 e 	14025.931966426	1.000e-02	2
0 0 7 0 20 e 	14033.731386823	1.000e-02	3
0 0 7 0 25 e 	14078.552416087	2.500e-02	1
0 0 7 0 46 e 	14372.947420470	1.770e-02	1
0 0 7 0 48 e 	14409.895847036	1.000e-02	1
0 0 7 0 51 e 	14468.256958250	1.000e-02	2
0 0 7 0 53 e 	14509.102434286	2.950e-02	1
0 0 7 0 54 e 	14530.111370649	1.000e-02	1
0 0 7 0 55 e 	14551.473748767	1.000e-02	2
