nb bootstrap iteration = 100
0 0 0 0 0 e   0.000000000  0.000000000  0.000e+00  0.000e+00  0.000e+00
0 0 0 0 1 e   0.405713308  0.405713308  1.298e-09  3.336e-08  3.336e-08
0 0 0 0 2 e   1.217138857  1.217138857  3.716e-08  4.717e-08  5.777e-08
0 0 0 0 3 e   2.434274617  2.434274617  3.732e-08  4.902e-08  7.577e-08
0 0 0 0 4 e   4.057117431  4.057117430  3.977e-08  5.930e-08  9.621e-08
0 0 0 0 5 e   6.085662626  6.085662665  2.163e-07  1.770e-07  2.367e-07
0 0 0 0 6 e   8.519905969  8.519906012  2.193e-07  1.801e-07  3.227e-07
0 0 0 0 7 e   11.359840813  11.359840857  2.196e-07  1.810e-07  3.904e-07
0 0 0 0 8 e   14.605459774  14.605459819  2.191e-07  1.811e-07  4.476e-07
0 0 0 0 9 e   18.256754560  18.256754605  2.192e-07  1.811e-07  4.984e-07
0 0 0 0 10 e   22.313715764  22.313715809  2.188e-07  1.812e-07  5.443e-07
0 0 0 0 11 e   26.776332970  26.776333016  2.187e-07  1.813e-07  5.866e-07
0 0 0 0 12 e   31.644594723  31.644594770  2.184e-07  1.813e-07  6.260e-07
0 0 0 0 13 e   36.918488578  36.918488636  2.255e-07  1.889e-07  6.654e-07
0 0 0 0 14 e   42.598000869  42.598000926  2.254e-07  1.889e-07  7.025e-07
0 0 0 0 15 e   48.683117081  48.683117138  2.250e-07  1.890e-07  7.377e-07
0 0 0 0 16 e   55.173821560  55.173821619  2.267e-07  1.891e-07  7.717e-07
0 0 0 0 17 e   62.070097656  62.070097717  2.262e-07  1.892e-07  8.042e-07
0 0 0 0 18 e   69.371927630  69.371927692  2.260e-07  1.910e-07  8.353e-07
0 0 0 0 19 e   77.079292763  77.079292824  2.262e-07  1.915e-07  8.654e-07
0 0 0 0 20 e   85.192173234  85.192173295  2.261e-07  1.918e-07  8.945e-07
0 0 0 0 21 e   93.710548206  93.710548266  2.268e-07  1.926e-07  9.228e-07
0 0 0 0 22 e   102.634395797  102.634395856  2.275e-07  1.934e-07  9.504e-07
0 0 0 0 23 e   111.963693090  111.963693148  2.276e-07  1.944e-07  9.773e-07
0 0 0 0 24 e   121.698416087  121.698416146  2.269e-07  1.962e-07  1.003e-06
0 0 0 0 25 e   131.838539838  131.838539896  2.265e-07  1.965e-07  1.029e-06
0 0 0 0 26 e   142.384038240  142.384038298  2.269e-07  1.980e-07  1.053e-06
0 0 0 0 27 e   153.334884197  153.334884255  2.272e-07  2.005e-07  1.077e-06
0 0 0 0 28 e   164.691049591  164.691049650  2.272e-07  2.023e-07  1.101e-06
0 0 0 0 29 e   176.452505251  176.452505310  2.272e-07  2.027e-07  1.124e-06
0 0 0 0 30 e   188.619220940  188.619220997  2.267e-07  2.033e-07  1.147e-06
0 0 0 0 31 e   201.191165386  201.191165444  2.263e-07  2.042e-07  1.169e-06
0 0 0 0 32 e   214.168306312  214.168306370  2.263e-07  2.042e-07  1.191e-06
0 0 0 0 33 e   227.550610313  227.550610371  2.263e-07  2.042e-07  1.212e-06
0 0 0 0 34 e   241.338043031  241.338043089  2.263e-07  2.043e-07  1.233e-06
0 0 0 0 35 e   255.530569012  255.530569070  2.264e-07  2.044e-07  1.254e-06
0 0 0 0 36 e   270.128151788  270.128151847  2.264e-07  2.057e-07  1.274e-06
0 0 0 0 37 e   285.130753808  285.130753867  2.264e-07  2.058e-07  1.294e-06
0 0 0 0 38 e   300.538336557  300.538336616  2.262e-07  2.062e-07  1.314e-06
0 0 0 0 39 e   316.350860350  316.350860409  2.262e-07  2.063e-07  1.333e-06
0 0 0 0 40 e   332.568284602  332.568284661  2.262e-07  2.064e-07  1.352e-06
0 0 0 0 41 e   349.190567608  349.190567667  2.263e-07  2.072e-07  1.371e-06
0 0 0 0 42 e   366.217666626  366.217666685  2.265e-07  2.104e-07  1.389e-06
0 0 0 0 43 e   383.649537824  383.649537882  2.265e-07  2.140e-07  1.408e-06
0 0 0 0 44 e   401.486140654  401.486139025  1.367e-05  2.238e-05  2.458e-05
0 0 0 0 45 e   419.727420417  419.727418784  1.363e-05  2.241e-05  2.582e-05
0 0 0 0 46 e   438.373345348  438.373339452  1.797e-05  2.499e-05  3.290e-05
0 0 0 0 47 e   457.423847093  457.423841237  1.794e-05  2.501e-05  3.736e-05
0 0 0 0 48 e   476.878886981  476.878881151  1.791e-05  2.503e-05  4.178e-05
0 0 0 0 49 e   496.738414024  496.738408227  1.793e-05  2.505e-05  4.704e-05
0 0 0 0 50 e   517.002377092  517.002371301  1.792e-05  2.507e-05  5.195e-05
0 1 0 1 1 e   520.828323502  520.828323761  9.066e-07  2.166e-06  2.166e-06
0 1 0 1 1 f   520.828747891  520.828748151  9.065e-07  2.166e-06  2.166e-06
0 1 0 1 2 e   521.640737170  521.640737379  8.302e-07  1.921e-06  1.921e-06
0 1 0 1 2 f   521.642010330  521.642010538  8.302e-07  1.921e-06  1.922e-06
0 1 0 1 3 e   522.859355391  522.859355600  8.301e-07  1.921e-06  1.922e-06
0 1 0 1 3 f   522.861901697  522.861901905  8.301e-07  1.921e-06  1.922e-06
0 1 0 1 4 e   524.484174589  524.484174652  9.716e-07  2.059e-06  2.061e-06
0 1 0 1 4 f   524.488418408  524.488418470  9.716e-07  2.059e-06  2.062e-06
0 1 0 1 5 e   526.515191339  526.515191491  7.218e-07  1.498e-06  1.501e-06
0 1 0 1 5 f   526.521557026  526.521557178  7.218e-07  1.498e-06  1.517e-06
0 1 0 1 6 e   528.952399153  528.952399306  7.208e-07  1.497e-06  1.516e-06
0 1 0 1 6 f   528.961311047  528.961311200  7.208e-07  1.497e-06  1.531e-06
0 1 0 1 7 e   531.795792445  531.795792584  6.418e-07  1.411e-06  1.448e-06
0 1 0 1 7 f   531.807674857  531.807674995  6.435e-07  1.411e-06  1.464e-06
0 1 0 1 8 e   535.045363458  535.045363599  6.425e-07  1.412e-06  1.465e-06
0 1 0 1 8 f   535.060640680  535.060640821  6.425e-07  1.412e-06  1.482e-06
0 0 0 0 51 e   537.670746922  537.670744463  2.834e-05  3.098e-05  6.029e-05
0 1 0 1 9 e   538.701103727  538.701103799  6.122e-07  1.497e-06  1.563e-06
0 1 0 1 9 f   538.720200020  538.720200091  6.122e-07  1.497e-06  1.578e-06
0 1 0 1 10 e   542.763004268  542.763004348  6.276e-07  1.411e-06  1.496e-06
0 1 0 1 10 f   542.786343867  542.786343946  6.275e-07  1.411e-06  1.512e-06
0 1 0 1 11 e   547.231054256  547.231054418  7.509e-07  1.561e-06  1.653e-06
0 1 0 1 11 f   547.259061369  547.259061529  7.507e-07  1.561e-06  1.667e-06
0 1 0 1 12 e   552.105241512  552.105241675  7.482e-07  1.562e-06  1.669e-06
0 1 0 1 12 f   552.138340276  552.138340440  7.482e-07  1.562e-06  1.683e-06
0 1 0 1 13 e   557.385553540  557.385553799  8.734e-07  1.699e-06  1.810e-06
0 1 0 1 13 f   557.424168250  557.424168325  6.019e-07  1.596e-06  1.729e-06
0 0 0 0 52 e   558.743434356  558.743430969  3.104e-05  3.217e-05  6.609e-05
0 1 0 1 14 e   563.071977502  563.071977772  9.021e-07  1.771e-06  1.892e-06
0 1 0 1 14 f   563.116531818  563.116531901  4.813e-07  1.596e-06  1.744e-06
0 1 0 1 15 e   569.164497663  569.164497975  9.599e-07  1.840e-06  1.970e-06
0 1 0 1 15 f   569.215416583  569.215416652  4.359e-07  1.596e-06  1.759e-06
0 1 0 1 16 e   575.663098406  575.663098808  1.205e-06  1.957e-06  2.092e-06
0 1 0 1 16 f   575.720804707  575.720804838  4.446e-07  1.596e-06  1.773e-06
0 0 0 0 53 e   580.220370758  580.220374064  3.624e-05  4.195e-05  8.149e-05
0 1 0 1 17 e   582.567762904  582.567763295  1.441e-06  2.198e-06  2.330e-06
0 1 0 1 17 f   582.632681100  582.632681263  4.765e-07  1.412e-06  1.625e-06
0 1 0 1 18 e   589.878473325  589.878473704  1.444e-06  2.205e-06  2.347e-06
0 1 0 1 18 f   589.951026769  589.951026946  4.896e-07  1.422e-06  1.649e-06
0 1 0 1 19 e   597.595211275  597.595211812  2.432e-06  2.421e-06  2.571e-06
0 1 0 1 19 f   597.675822563  597.675822783  6.362e-07  1.739e-06  1.942e-06
0 0 0 0 54 e   602.101548876  602.101552170  3.623e-05  4.196e-05  8.697e-05
0 1 0 1 20 e   605.717950735  605.717951017  3.346e-06  2.619e-06  3.456e-06
0 1 0 1 20 f   605.807049843  605.807050109  6.827e-07  2.006e-06  2.196e-06
0 1 0 1 21 e   614.246682324  614.246682660  2.182e-06  2.703e-06  2.847e-06
0 1 0 1 21 f   614.344684991  614.344685200  8.742e-07  2.241e-06  2.424e-06
0 1 0 1 22 e   623.181372307  623.181372986  2.871e-06  2.977e-06  3.116e-06
0 1 0 1 22 f   623.288707985  623.288708130  1.088e-06  2.454e-06  2.632e-06
0 0 0 0 55 e   624.386891333  624.386894759  3.632e-05  4.197e-05  9.656e-05
0 1 0 1 23 e   632.522005592  632.522005499  2.375e-06  3.051e-06  3.195e-06
0 1 0 1 23 f   632.639093326  632.639093479  1.268e-06  2.650e-06  2.825e-06
0 1 0 1 24 e   642.268552985  642.268553198  2.096e-06  2.896e-06  3.056e-06
0 1 0 1 24 f   642.395819214  642.395819259  1.452e-06  2.733e-06  2.911e-06
0 0 0 0 56 e   647.076341845  647.076345433  3.637e-05  4.199e-05  1.053e-04
0 1 0 1 25 e   652.420991513  652.420991527  1.703e-06  2.818e-06  2.991e-06
0 1 0 1 25 f   652.558857544  652.558857581  1.652e-06  2.813e-06  2.995e-06
0 1 0 1 26 e   662.979293710  662.979293762  2.063e-06  2.990e-06  3.162e-06
0 1 0 1 26 f   663.128184874  663.128184977  1.449e-06  2.986e-06  3.166e-06
0 0 0 0 57 e   670.170096197  670.170151335  4.005e-04  5.061e-05  4.149e-04
0 1 0 1 27 e   673.943432997  673.943432852  1.676e-06  3.153e-06  3.324e-06
0 1 0 1 27 f   674.103770389  674.103770563  1.280e-06  3.148e-06  3.328e-06
0 1 0 1 28 e   685.313378247  685.313377860  2.830e-06  3.308e-06  3.479e-06
0 1 0 1 28 f   685.485587464  685.485587688  1.514e-06  3.304e-06  3.482e-06
0 0 0 0 58 e   693.667586652  693.667641716  4.003e-04  5.062e-05  4.566e-04
0 1 0 1 29 e   697.089104666  697.089104438  1.760e-06  3.455e-06  3.627e-06
0 1 0 1 29 f   697.273605678  697.273605883  1.193e-06  3.370e-06  3.553e-06
0 1 0 1 30 e   709.270574864  709.270574040  3.922e-06  3.597e-06  4.080e-06
0 1 0 1 30 f   709.467793881  709.467794128  1.852e-06  3.594e-06  3.772e-06
0 0 0 0 59 e   717.569007050  717.569062096  4.003e-04  5.063e-05  6.073e-04
0 1 0 1 31 e   721.857765879  721.857765662  1.924e-06  3.659e-06  3.834e-06
0 1 0 1 31 f   722.068122212  722.068122260  1.342e-06  3.655e-06  3.837e-06
0 1 0 1 32 e   734.850634175  734.850633317  4.613e-06  3.865e-06  4.759e-06
0 1 0 1 32 f   735.074554064  735.074554162  2.282e-06  3.862e-06  4.041e-06
0 0 0 0 60 e   741.874294615  741.874350022  3.992e-04  5.798e-05  7.265e-04
0 1 0 1 33 e   748.249158635  748.249158407  2.389e-06  3.922e-06  4.099e-06
0 1 0 1 33 f   748.487060659  748.487060558  1.719e-06  3.919e-06  4.102e-06
0 1 0 1 34 e   762.053289746  762.053287976  5.326e-06  4.116e-06  5.462e-06
0 1 0 1 34 f   762.305601315  762.305601178  2.844e-06  4.045e-06  4.228e-06
0 0 0 0 61 e   766.583394572  766.583449898  4.016e-04  5.798e-05  8.301e-04
0 1 0 1 35 e   776.263008392  776.263008165  2.830e-06  4.170e-06  4.348e-06
0 1 0 1 35 f   776.530146048  776.530145750  2.195e-06  4.166e-06  4.351e-06
0 1 0 1 36 e   790.878259098  790.878257352  5.052e-06  4.288e-06  5.206e-06
0 1 0 1 36 f   791.160650029  791.160649257  3.569e-06  4.285e-06  4.470e-06
0 0 0 0 62 e   791.696229291  791.696283039  3.996e-04  5.798e-05  9.201e-04
0 1 0 1 37 e   805.899021082  805.899020163  3.191e-06  4.403e-06  4.583e-06
0 1 0 1 37 f   806.197084794  806.197084212  2.683e-06  4.400e-06  4.586e-06
0 0 0 0 63 e   817.212756236  817.212808657  4.001e-04  5.798e-05  1.003e-03
0 1 0 1 38 e   821.325241495  821.325240363  4.616e-06  4.515e-06  4.794e-06
0 1 0 1 38 f   821.639400154  821.639399200  4.132e-06  4.512e-06  4.804e-06
0 1 0 1 39 e   837.156891725  837.156890866  3.058e-06  4.624e-06  4.807e-06
0 1 0 1 39 f   837.487566705  837.487566023  2.668e-06  4.621e-06  4.810e-06
0 0 0 0 64 e   843.132851012  843.132906281  4.000e-04  5.798e-05  1.080e-03
0 1 0 1 40 e   853.393918109  853.393916685  6.042e-06  4.731e-06  6.187e-06
0 1 0 1 40 f   853.741533723  853.741532673  4.542e-06  4.729e-06  4.918e-06
1 0 0 0 0 e   858.966915048  858.966915144  2.921e-06  4.336e-05  4.336e-05
1 0 0 0 1 e   859.371418453  859.371418549  2.921e-06  4.336e-05  4.336e-05
1 0 0 0 2 e   860.180424362  860.180424458  2.921e-06  4.336e-05  4.336e-05
1 0 0 0 3 e   861.393930607  861.393930703  2.921e-06  4.336e-05  4.336e-05
1 0 0 0 4 e   863.011931794  863.011931254  2.509e-06  4.336e-05  4.336e-05
1 0 0 0 5 e   865.034430699  865.034430160  2.482e-06  4.336e-05  4.336e-05
1 0 0 0 6 e   867.461413808  867.461413272  2.462e-06  4.336e-05  4.336e-05
0 0 0 0 65 e   869.456517960  869.456573274  3.999e-04  5.799e-05  1.151e-03
0 1 0 1 41 e   870.036288392  870.036288452  3.916e-06  5.183e-06  5.356e-06
1 0 0 0 7 e   870.292878902  870.292878367  2.460e-06  4.336e-05  4.336e-05
0 1 0 1 41 f   870.401264458  870.401264510  3.638e-06  4.907e-06  5.095e-06
1 0 0 0 8 e   873.528817447  873.528816913  2.460e-06  4.336e-05  4.337e-05
1 0 0 0 9 e   877.169222030  877.169221729  2.712e-06  4.336e-05  4.337e-05
1 0 0 0 10 e   881.214081355  881.214081053  2.713e-06  4.336e-05  4.337e-05
1 0 0 0 11 e   885.663385712  885.663385443  2.778e-06  4.336e-05  4.337e-05
0 1 0 1 42 e   887.083937271  887.083937568  7.022e-06  8.065e-06  8.181e-06
0 1 0 1 42 f   887.466697327  887.466697942  7.049e-06  8.236e-06  8.352e-06
1 0 0 0 12 e   890.517123744  890.517123451  2.859e-06  4.336e-05  4.337e-05
1 0 0 0 13 e   895.775282508  895.775282216  2.874e-06  4.336e-05  4.337e-05
0 0 0 0 66 e   896.183667365  896.183722661  3.999e-04  5.800e-05  1.216e-03
1 0 0 0 14 e   901.437848209  901.437847918  2.876e-06  4.336e-05  4.337e-05
0 1 0 1 43 e   904.536873674  904.536872793  5.934e-06  1.126e-05  1.135e-05
0 1 0 1 43 f   904.937835246  904.937834420  5.844e-06  1.114e-05  1.123e-05
1 0 0 0 15 e   907.504805305  907.504805015  2.879e-06  4.336e-05  4.337e-05
1 0 0 0 16 e   913.976137582  913.976137816  3.538e-06  4.003e-05  4.003e-05
1 0 0 0 17 e   920.851833276  920.851836274  1.369e-05  4.003e-05  4.004e-05
0 1 0 1 44 e   922.395000748  922.394997014  1.173e-05  1.374e-05  1.381e-05
0 1 0 1 44 f   922.814588326  922.814584959  1.143e-05  1.363e-05  1.873e-05
0 0 0 0 67 e   923.314226575  923.314281849  3.999e-04  5.800e-05  1.280e-03
1 0 0 0 18 e   928.131864514  928.131866465  8.681e-06  4.003e-05  4.004e-05
1 0 0 0 19 e   935.816218019  935.816218497  8.566e-06  4.003e-05  4.004e-05
0 1 0 1 45 e   940.658280176  940.658274063  1.848e-05  1.583e-05  2.250e-05
0 1 0 1 45 f   941.096915711  941.096909992  1.849e-05  1.574e-05  2.828e-05
1 0 0 0 20 e   943.904866338  943.904865778  8.292e-06  4.003e-05  4.004e-05
0 0 0 0 68 e   950.848121000  950.848174413  3.989e-04  5.839e-05  1.340e-03
1 0 0 0 21 e   952.397947810  952.397937480  1.014e-04  4.003e-05  1.014e-04
0 1 0 1 46 e   959.326676433  959.326670695  1.761e-05  1.767e-05  2.776e-05
0 1 0 1 46 f   959.784776541  959.784770868  1.780e-05  1.759e-05  3.297e-05
1 0 0 0 22 e   961.294997802  961.294998933  7.367e-06  4.003e-05  4.004e-05
1 0 0 0 23 e   970.596422403  970.596423146  4.772e-06  4.003e-05  4.004e-05
0 1 0 1 47 e   978.400175130  978.400169044  1.875e-05  1.934e-05  3.455e-05
0 0 0 0 69 e   978.785285426  978.785338898  3.989e-04  5.989e-05  1.399e-03
0 1 0 1 47 f   978.878162647  978.878156629  1.865e-05  1.927e-05  3.860e-05
1 0 0 0 24 e   980.302059301  980.302059382  2.346e-06  4.003e-05  4.004e-05
1 0 0 0 25 e   990.411885566  990.411886621  9.226e-06  4.003e-05  4.004e-05
0 1 0 1 48 e   997.878641568  997.878632619  2.159e-05  2.088e-05  3.981e-05
0 1 0 1 48 f   998.376939708  998.376930952  2.146e-05  2.081e-05  4.522e-05
1 0 0 0 26 e   1000.925859067  1000.925860199  8.139e-06  4.003e-05  4.004e-05
0 0 0 0 70 e   1007.125644659  1007.125698044  3.988e-04  6.026e-05  1.454e-03
1 0 0 0 27 e   1011.843979620  1011.843983711  2.386e-05  4.003e-05  4.004e-05
0 1 0 1 49 e   1017.762089465  1017.762079990  1.950e-05  2.260e-05  4.599e-05
0 1 0 1 49 f   1018.281114722  1018.281105252  1.945e-05  2.254e-05  5.077e-05
1 0 0 0 28 e   1023.166176364  1023.166177338  4.365e-06  4.003e-05  4.004e-05
1 0 0 0 29 e   1034.892457435  1034.892452299  2.915e-05  4.003e-05  4.004e-05
0 0 0 0 71 e   1035.869125331  1035.869178853  3.988e-04  6.063e-05  1.508e-03
0 1 0 1 50 e   1038.050466244  1038.050457599  2.192e-05  2.420e-05  5.290e-05
0 1 0 1 50 f   1038.590640041  1038.590631371  2.171e-05  2.414e-05  5.707e-05
0 2 0 2 2 e   1042.510811566  1042.510905819  1.029e-03  5.126e-03  1.443e-02
0 2 0 2 2 f   1042.510814295  1042.510908618  1.029e-03  5.126e-03  1.443e-02
0 2 0 2 3 e   1043.732165339  1043.732259589  1.029e-03  5.126e-03  1.349e-02
0 2 0 2 3 f   1043.732168068  1043.732262390  1.029e-03  5.126e-03  1.349e-02
0 2 0 2 4 e   1045.360629195  1045.360722990  1.029e-03  5.126e-03  1.248e-02
0 2 0 2 4 f   1045.360631924  1045.360725718  1.029e-03  5.126e-03  1.248e-02
1 0 0 0 30 e   1047.022777014  1047.022775940  6.159e-06  4.003e-05  4.004e-05
0 2 0 0 0 e   1047.042051193  1047.042051197  7.978e-08  1.001e-06  1.001e-06
0 2 0 2 5 e   1047.396202052  1047.396295868  1.029e-03  5.126e-03  1.138e-02
0 2 0 2 5 f   1047.396208419  1047.396302235  1.029e-03  5.126e-03  1.138e-02
0 2 0 0 1 e   1047.449011992  1047.449011993  7.935e-08  1.000e-06  1.000e-06
0 2 0 0 2 e   1048.262932093  1048.262932016  7.248e-07  1.001e-06  1.001e-06
0 2 0 0 3 f   1049.084854408  1049.084854470  9.716e-07  6.344e-06  6.670e-06
0 2 0 0 3 e   1049.483810566  1049.483810830  6.940e-07  6.698e-07  6.964e-07
0 2 0 2 6 e   1049.841209842  1049.841303349  1.029e-03  5.126e-03  1.016e-02
0 2 0 2 6 f   1049.841222574  1049.841316081  1.029e-03  5.126e-03  1.016e-02
0 2 0 0 4 f   1050.715573026  1050.715573178  7.218e-07  6.184e-06  6.368e-06
0 2 0 0 4 e   1051.111644853  1051.111644857  6.429e-07  1.001e-06  1.004e-06
0 2 0 2 7 e   1052.690976058  1052.691069586  1.029e-03  5.126e-03  8.770e-03
0 2 0 2 7 f   1052.690998974  1052.691092502  1.029e-03  5.126e-03  8.770e-03
0 2 0 0 5 e   1053.146431533  1053.146431689  6.522e-07  1.002e-06  1.006e-06
0 2 0 0 6 e   1055.588165049  1055.588165212  4.286e-07  8.531e-07  8.854e-07
0 2 0 2 8 e   1055.948633825  1055.948770112  2.259e-04  5.000e-03  5.000e-03
0 2 0 2 8 f   1055.948672025  1055.948808312  2.259e-04  5.000e-03  5.000e-03
0 2 0 0 7 e   1058.436841460  1058.436841529  4.286e-07  6.910e-07  7.627e-07
0 1 0 1 51 e   1058.743674120  1058.743672044  3.976e-05  3.753e-05  6.541e-05
0 1 0 1 51 f   1059.305437144  1059.305427758  2.146e-05  2.564e-05  6.317e-05
1 0 0 0 31 e   1059.557111816  1059.557111353  6.049e-06  4.003e-05  4.004e-05
0 2 0 2 9 e   1059.612558102  1059.612694401  2.259e-04  5.000e-03  5.000e-03
0 2 0 2 9 f   1059.612618140  1059.612754439  2.259e-04  5.000e-03  5.000e-03
0 2 0 0 8 e   1061.692453776  1061.692453910  3.953e-07  1.016e-06  1.089e-06
0 2 0 2 10 e   1063.683545679  1063.683681977  2.259e-04  5.000e-03  5.000e-03
0 2 0 2 10 f   1063.683635758  1063.683772056  2.259e-04  5.000e-03  5.000e-03
0 0 0 0 72 e   1065.015652626  1065.015706225  3.987e-04  6.100e-05  1.559e-03
0 2 0 0 9 e   1065.354995510  1065.354995590  3.921e-07  8.534e-07  9.637e-07
0 2 0 2 11 e   1068.161583601  1068.161719938  2.261e-04  5.000e-03  5.000e-03
0 2 0 2 11 f   1068.161713751  1068.161850088  2.261e-04  5.000e-03  5.000e-03
0 2 0 0 10 e   1069.424458355  1069.424458402  3.769e-07  6.913e-07  8.523e-07
1 0 0 0 32 e   1072.495422069  1072.495423072  8.791e-06  4.003e-05  4.005e-05
0 2 0 2 12 e   1073.046657715  1073.046794079  2.262e-04  5.000e-03  5.000e-03
0 2 0 2 12 f   1073.046839978  1073.046976341  2.262e-04  5.000e-03  5.000e-03
0 2 0 0 11 e   1073.900833225  1073.900832922  2.111e-06  1.016e-06  2.180e-06
0 2 0 2 13 e   1078.338752667  1078.338889032  2.262e-04  5.000e-03  5.000e-03
0 2 0 2 13 f   1078.339001289  1078.339137654  2.262e-04  5.000e-03  5.000e-03
0 2 0 0 12 e   1078.784113609  1078.784113992  2.043e-06  1.016e-06  2.126e-06
0 1 0 1 52 e   1079.841710815  1079.841705991  3.935e-05  3.852e-05  6.987e-05
0 1 0 1 52 f   1080.425431222  1080.425428611  3.826e-05  3.719e-05  7.636e-05
0 2 0 2 14 e   1084.037853308  1084.037989673  2.260e-04  5.000e-03  5.000e-03
0 2 0 2 14 f   1084.038184924  1084.038321290  2.260e-04  5.000e-03  5.000e-03
0 2 0 0 13 e   1084.074282224  1084.074282430  7.747e-07  1.016e-06  1.194e-06
1 0 0 0 33 e   1085.837669850  1085.837670601  7.844e-06  4.003e-05  4.005e-05
0 2 0 0 14 e   1089.771333773  1089.771333834  4.538e-07  1.018e-06  1.216e-06
0 2 0 2 15 e   1090.143941394  1090.144077748  2.259e-04  5.000e-03  5.000e-03
0 2 0 2 15 f   1090.144375207  1090.144511561  2.259e-04  5.000e-03  7.071e-03
0 0 0 0 73 e   1094.565149933  1094.565203730  3.986e-04  6.136e-05  1.609e-03
0 2 0 0 15 e   1095.875254134  1095.875254166  4.338e-07  1.018e-06  1.237e-06
0 2 0 2 16 e   1096.656816924  1096.656925673  2.609e-04  5.000e-03  5.000e-03
0 2 0 2 16 f   1096.657374906  1096.657483655  2.609e-04  5.000e-03  5.000e-03
1 0 0 0 34 e   1099.583820065  1099.583820359  1.689e-06  4.003e-05  4.005e-05
0 1 0 1 53 e   1101.344432247  1101.344428924  2.022e-04  4.259e-04  4.310e-04
0 1 0 1 53 f   1101.950613929  1101.950609223  3.770e-05  3.818e-05  8.520e-05
0 2 0 0 16 e   1102.386029204  1102.386029288  3.746e-07  1.018e-06  1.257e-06
0 2 0 2 17 e   1103.576773838  1103.576885481  2.989e-04  5.000e-03  5.000e-03
0 2 0 2 17 f   1103.577480917  1103.577592561  2.989e-04  5.000e-03  5.000e-03
0 2 0 0 17 e   1109.303646226  1109.303646274  4.139e-07  6.939e-07  1.038e-06
0 2 0 2 18 e   1110.903907042  1110.904015070  3.012e-04  5.000e-03  5.000e-03
0 2 0 2 18 f   1110.904791281  1110.904899308  3.012e-04  5.000e-03  5.000e-03
1 0 0 0 35 e   1113.733846060  1113.733845983  3.043e-06  3.669e-05  3.671e-05
0 2 0 0 18 e   1116.628089876  1116.628089980  4.727e-07  1.018e-06  1.297e-06
0 2 0 2 19 e   1118.637741786  1118.637849758  3.012e-04  5.000e-03  5.000e-03
0 2 0 2 19 f   1118.638834585  1118.638942557  3.012e-04  5.000e-03  5.000e-03
0 1 0 1 54 e   1123.251909892  1123.251913351  4.307e-05  4.717e-05  9.416e-05
0 1 0 1 54 f   1123.880895202  1123.880896187  4.012e-05  4.672e-05  9.872e-05
0 2 0 0 19 e   1124.359343205  1124.359343371  5.016e-07  1.018e-06  1.317e-06
0 0 0 0 74 e   1124.517543571  1124.517597382  3.986e-04  6.136e-05  1.658e-03
0 2 0 2 20 e   1126.778253186  1126.778310321  3.194e-04  5.000e-03  5.000e-03
0 2 0 2 20 f   1126.779589480  1126.779646615  3.194e-04  5.000e-03  5.000e-03
1 0 0 0 36 e   1128.287704871  1128.287705403  5.051e-06  3.669e-05  3.671e-05
0 2 0 0 20 e   1132.497392231  1132.497392301  4.586e-07  1.018e-06  1.336e-06
0 2 0 2 21 e   1135.326039089  1135.326171576  4.995e-04  5.000e-03  5.000e-03
0 2 0 2 21 f   1135.326083964  1135.325942491  1.744e-03  5.000e-03  5.000e-03
0 2 0 0 21 e   1141.042217042  1141.042216972  8.387e-07  1.018e-06  1.355e-06
1 0 0 0 37 e   1143.245353023  1143.245352363  7.746e-06  3.669e-05  3.671e-05
0 2 0 2 22 e   1144.279601651  1144.279749397  4.248e-04  5.000e-03  5.000e-03
0 2 0 2 22 f   1144.282786924  1144.282634934  6.341e-04  5.000e-03  5.000e-03
0 1 0 1 55 e   1145.564152291  1145.564191773  2.885e-04  4.718e-05  3.014e-04
0 1 0 1 55 f   1146.216244437  1146.216246806  4.007e-05  4.673e-05  1.073e-04
0 2 0 0 22 e   1149.993800556  1149.993800715  5.800e-07  1.018e-06  1.374e-06
0 2 0 2 23 e   1153.641239899  1153.641369758  5.377e-04  5.000e-03  5.000e-03
0 2 0 2 23 f   1153.651510767  1153.651188766  2.753e-03  5.000e-03  5.000e-03
0 0 0 0 75 e   1154.872756332  1154.872810177  3.986e-04  6.136e-05  1.705e-03
1 0 0 0 38 e   1158.606766877  1158.606767171  4.013e-06  3.669e-05  3.672e-05
0 2 0 0 23 e   1159.352121656  1159.352121584  6.128e-07  1.019e-06  1.393e-06
0 2 0 2 24 e   1163.408746770  1163.408926550  4.324e-04  5.000e-03  5.000e-03
0 2 0 2 24 f   1163.412900240  1163.412931452  4.953e-04  5.000e-03  5.000e-03
0 1 0 1 56 e   1168.280812940  1168.280816498  4.146e-05  4.884e-05  1.082e-04
0 1 0 1 56 f   1168.956730382  1168.956769901  2.886e-04  4.674e-05  3.072e-04
0 2 0 0 24 e   1169.117162942  1169.117162999  3.303e-07  1.019e-06  1.412e-06
0 2 0 2 25 e   1173.584448971  1173.584535917  5.451e-04  5.000e-03  5.000e-03
0 2 0 2 25 f   1173.588109344  1173.588082922  7.254e-04  5.000e-03  5.000e-03
1 0 0 0 39 e   1174.371893131  1174.371895270  1.063e-05  3.669e-05  3.672e-05
0 2 0 0 25 e   1179.288902907  1179.288902957  5.061e-07  6.959e-07  1.221e-06
0 2 0 2 26 e   1184.165306563  1184.165372386  4.147e-04  5.000e-03  5.000e-03
0 2 0 2 26 f   1184.169480863  1184.169530492  5.093e-04  5.000e-03  5.000e-03
0 0 0 0 76 e   1185.630709602  1185.630763467  3.986e-04  6.136e-05  1.751e-03
0 2 0 0 26 e   1189.867317697  1189.867317852  6.914e-07  1.019e-06  1.448e-06
1 0 0 0 40 e   1190.540684814  1190.540684435  3.805e-06  3.669e-05  3.672e-05
0 1 0 1 57 e   1191.401657746  1191.401708089  1.401e-03  5.314e-04  1.405e-03
0 1 0 1 57 f   1192.102009039  1192.102047547  2.571e-04  4.675e-05  3.785e-04
0 2 0 2 27 e   1195.149774245  1195.150015954  3.906e-03  5.000e-03  5.000e-03
0 2 0 2 27 f   1195.158435049  1195.158204570  6.683e-04  5.000e-03  5.000e-03
0 2 0 0 27 e   1200.852386618  1200.852386718  4.413e-07  1.019e-06  1.466e-06
0 2 0 2 28 e   1206.548752157  1206.548808792  4.207e-04  5.000e-03  5.000e-03
0 2 0 2 28 f   1206.553550357  1206.553611338  5.925e-04  5.000e-03  5.000e-03
1 0 0 0 41 e   1207.113116233  1207.113116916  7.896e-06  3.669e-05  3.672e-05
0 2 0 0 28 e   1212.244085506  1212.244085575  4.359e-07  1.020e-06  1.484e-06
0 1 0 1 58 e   1214.929234432  1214.929078898  1.057e-03  4.271e-04  1.135e-03
0 1 0 1 58 f   1215.652297539  1215.652351297  3.997e-04  5.463e-05  6.068e-04
0 0 0 0 77 e   1216.791325531  1216.791379414  3.986e-04  6.136e-05  1.795e-03
0 2 0 2 29 e   1218.348064500  1218.348799269  2.099e-03  5.000e-03  5.000e-03
0 2 0 2 29 f   1218.356575526  1218.356578011  6.940e-04  5.000e-03  5.000e-03
0 2 0 0 29 e   1224.042389043  1224.042389124  5.362e-07  1.020e-06  1.501e-06
1 0 0 0 42 e   1224.089130048  1224.089131564  7.066e-06  3.669e-05  3.672e-05
0 2 0 2 30 e   1230.558074013  1230.558093353  4.584e-04  5.000e-03  5.000e-03
0 2 0 2 30 f   1230.564372156  1230.564417905  5.489e-04  5.000e-03  5.000e-03
0 2 0 0 30 e   1236.247273596  1236.247273658  3.115e-07  6.977e-07  1.323e-06
0 1 0 1 59 e   1238.859290491  1238.859134957  1.057e-03  4.271e-04  1.151e-03
0 1 0 1 59 f   1239.607277890  1239.607331647  3.997e-04  5.463e-05  7.266e-04
1 0 0 0 43 e   1241.468686324  1241.468685456  7.836e-06  3.669e-05  3.672e-05
0 2 0 2 31 e   1243.170969677  1243.171661686  2.045e-03  5.000e-03  5.000e-03
0 2 0 2 31 f   1243.178962940  1243.178963381  1.070e-03  5.000e-03  5.000e-03
0 0 0 0 78 e   1248.354522174  1248.354576077  3.986e-04  6.136e-05  1.839e-03
0 2 0 0 31 e   1248.858711356  1248.858711411  4.344e-07  1.020e-06  1.535e-06
0 2 0 2 32 e   1256.194362262  1256.194328023  4.760e-04  5.000e-03  5.000e-03
0 2 0 2 32 f   1256.202232764  1256.202231316  9.818e-05  5.000e-03  5.000e-03
1 0 0 0 44 e   1259.251745453  1259.251745066  9.276e-06  3.669e-05  3.672e-05
0 2 0 0 32 e   1261.876676325  1261.876676357  2.840e-07  1.021e-06  1.552e-06
0 1 0 1 60 e   1263.193682019  1263.193526484  1.057e-03  4.271e-04  1.219e-03
0 1 0 1 60 f   1263.967012315  1263.967066071  3.997e-04  5.463e-05  7.453e-04
0 2 0 2 33 e   1269.620353700  1269.620981394  2.096e-03  5.000e-03  5.000e-03
0 2 0 2 33 f   1269.630205562  1269.630166837  2.048e-04  5.000e-03  5.000e-03
0 2 0 0 33 e   1275.301140277  1275.301140370  6.000e-07  6.977e-07  1.380e-06
1 0 0 0 45 e   1277.438253049  1277.438249201  1.564e-05  4.298e-05  4.951e-05
0 0 0 0 79 e   1280.320217605  1280.320271625  3.986e-04  6.137e-05  1.882e-03
0 2 0 2 34 e   1283.455304140  1283.454918538  9.288e-04  5.000e-03  5.000e-03
0 2 0 2 34 f   1283.465429885  1283.465427245  9.361e-05  5.000e-03  5.000e-03
0 1 0 1 61 e   1287.932345214  1287.932189680  1.057e-03  4.271e-04  1.282e-03
0 1 0 1 61 f   1288.731436968  1288.731490723  3.997e-04  5.463e-05  8.257e-04
0 2 0 0 34 e   1289.132075415  1289.132075492  4.679e-07  1.021e-06  1.585e-06
1 0 0 0 46 e   1296.028159481  1296.028156621  1.629e-05  4.587e-05  5.264e-05
0 2 0 2 35 e   1297.694149225  1297.694633961  2.277e-03  5.000e-03  5.000e-03
0 2 0 2 35 f   1297.707222799  1297.707259409  2.246e-04  5.000e-03  5.000e-03
0 2 0 0 35 e   1303.369450211  1303.369450393  1.006e-06  1.021e-06  1.601e-06
0 2 0 2 36 e   1312.342313369  1312.341936835  9.123e-04  5.000e-03  5.000e-03
0 2 0 2 36 f   1312.354848081  1312.354853668  9.273e-05  5.000e-03  5.000e-03
0 0 0 0 80 e   1312.688332778  1312.688386736  3.996e-04  6.173e-05  1.924e-03
0 1 0 1 62 e   1313.075216130  1313.075060596  1.057e-03  4.271e-04  1.344e-03
0 1 0 1 62 f   1313.900486495  1313.900540248  3.997e-04  5.463e-05  8.989e-04
1 0 0 0 47 e   1315.021424490  1315.021418394  1.814e-05  4.719e-05  5.753e-05
0 2 0 0 36 e   1318.013235817  1318.013235689  8.464e-07  1.021e-06  1.617e-06
0 2 0 2 37 e   1327.393716206  1327.394144968  2.336e-03  5.000e-03  5.000e-03
0 2 0 2 37 f   1327.409915395  1327.409820701  4.553e-04  5.018e-03  8.676e-03
0 2 0 0 37 e   1333.063399950  1333.063400199  1.103e-06  1.021e-06  1.685e-06
1 0 0 0 48 e   1334.418012191  1334.418006213  1.784e-05  2.510e-05  4.501e-05
0 1 0 1 63 e   1338.622228623  1338.622073089  1.057e-03  4.271e-04  1.401e-03
0 1 0 1 63 f   1339.474096462  1339.474150214  3.997e-04  5.463e-05  9.838e-04
0 2 0 2 38 e   1342.854411169  1342.855802175  3.974e-03  5.000e-03  5.000e-03
0 2 0 2 38 f   1342.869847881  1342.869853579  9.202e-05  5.000e-03  5.000e-03
0 0 0 0 81 e   1345.458781104  1345.458835228  3.986e-04  6.138e-05  1.964e-03
0 2 0 0 38 e   1348.519911204  1348.519911231  5.900e-07  1.021e-06  1.648e-06
1 0 0 0 49 e   1354.217803742  1354.217797984  1.772e-05  4.721e-05  6.304e-05
0 2 0 2 39 e   1358.717077296  1358.717445129  2.512e-03  5.000e-03  5.000e-03
0 2 0 2 39 f   1358.737615395  1358.737520701  4.553e-04  5.000e-03  5.000e-03
0 2 0 0 39 e   1364.382735871  1364.382736020  8.266e-07  1.021e-06  1.664e-06
0 1 0 1 64 e   1364.573905760  1364.573718323  9.820e-04  5.243e-04  1.404e-03
0 1 0 1 64 f   1365.452209218  1365.452262982  3.993e-04  6.152e-05  1.151e-03
1 1 0 1 1 e   1372.864329859  1372.864354114  1.149e-04  1.311e-04  1.312e-04
1 1 0 1 1 f   1372.864716506  1372.864751451  4.060e-04  6.674e-04  6.674e-04
1 1 0 1 2 e   1373.674517344  1373.674545158  1.126e-04  1.301e-04  1.301e-04
1 1 0 1 2 f   1373.675813733  1373.675849815  4.059e-04  6.671e-04  6.671e-04
1 0 0 0 50 e   1374.420830226  1374.420826656  2.525e-05  5.008e-05  6.871e-05
1 1 0 1 3 e   1374.889771072  1374.889798896  1.126e-04  1.300e-04  1.301e-04
1 1 0 1 3 f   1374.892437735  1374.892473820  4.059e-04  6.671e-04  6.671e-04
0 2 0 2 40 e   1374.989825837  1374.989913152  2.952e-03  5.000e-03  5.000e-03
0 2 0 2 40 f   1375.010351417  1375.010327761  1.385e-04  5.000e-03  5.000e-03
1 1 0 1 4 e   1376.510103025  1376.510130851  1.126e-04  1.300e-04  1.300e-04
1 1 0 1 4 f   1376.514597689  1376.514633775  4.059e-04  6.671e-04  6.671e-04
1 1 0 1 5 e   1378.535510548  1378.535538457  1.126e-04  1.300e-04  1.300e-04
1 1 0 1 5 f   1378.542288709  1378.542324683  4.058e-04  6.671e-04  6.671e-04
0 0 0 0 82 e   1378.631485887  1378.631540229  3.987e-04  6.174e-05  2.004e-03
0 2 0 0 40 e   1380.651840436  1380.651840454  6.293e-07  1.021e-06  1.679e-06
1 1 0 1 6 e   1380.965987527  1380.966015430  1.126e-04  1.300e-04  1.300e-04
1 1 0 1 6 f   1380.975506959  1380.975542933  4.058e-04  6.671e-04  6.671e-04
1 1 0 1 7 e   1383.801639972  1383.801633754  1.586e-05  1.300e-04  1.300e-04
1 1 0 1 7 f   1383.813749110  1383.813513451  8.400e-04  2.402e-03  2.402e-03
1 1 0 1 8 e   1387.040103727  1387.040103799  6.122e-07  4.400e-03  4.400e-03
1 1 0 1 8 f   1387.058650000  1387.058649866  7.535e-05  1.300e-04  1.300e-04
1 1 0 1 9 e   1390.687750415  1390.687744225  3.618e-05  1.300e-04  1.300e-04
1 1 0 1 9 f   1390.709294568  1390.709262271  3.026e-04  1.300e-04  3.026e-04
0 1 0 1 65 e   1390.929000006  1390.928812643  9.820e-04  5.243e-04  1.460e-03
0 2 0 2 41 e   1391.687435375  1391.687221222  1.603e-02  5.000e-03  1.603e-02
0 2 0 2 41 f   1391.689297908  1391.689280368  5.510e-04  5.018e-03  8.676e-03
0 1 0 1 65 f   1391.834712996  1391.834767767  4.011e-04  6.152e-05  1.219e-03
1 1 0 1 10 e   1394.738427021  1394.738420779  3.621e-05  1.300e-04  1.300e-04
1 1 0 1 10 f   1394.763340643  1394.763309725  3.014e-04  1.300e-04  3.014e-04
1 0 0 0 51 e   1395.027000217  1395.026996344  2.561e-05  5.009e-05  7.216e-05
0 2 0 0 41 e   1397.327189470  1397.327189322  9.965e-07  1.021e-06  1.694e-06
1 1 0 1 11 e   1399.194129676  1399.194123466  3.621e-05  1.300e-04  1.300e-04
1 1 0 1 11 f   1399.224069354  1399.224039148  3.007e-04  1.300e-04  3.007e-04
1 1 0 1 12 e   1404.054846556  1404.054840358  3.625e-05  1.300e-04  1.300e-04
1 1 0 1 12 f   1404.090269140  1404.090239360  3.002e-04  1.300e-04  3.002e-04
0 2 0 2 42 e   1408.748602304  1408.746867817  5.758e-03  5.000e-03  5.758e-03
0 2 0 2 42 f   1408.776231538  1408.776263986  2.328e-04  7.142e-03  1.123e-02
1 1 0 1 13 e   1409.320563608  1409.320557407  3.625e-05  1.300e-04  1.300e-04
1 1 0 1 13 f   1409.361924834  1409.361895079  3.002e-04  1.300e-04  3.002e-04
0 0 0 0 83 e   1412.206356486  1412.206411050  3.988e-04  6.210e-05  2.043e-03
0 2 0 0 42 e   1414.408734180  1414.408734932  6.409e-06  7.929e-06  8.046e-06
1 1 0 1 14 e   1414.991295233  1414.991295031  1.921e-06  1.300e-04  1.300e-04
1 1 0 1 14 f   1415.039299294  1415.039298839  1.722e-06  1.300e-04  1.300e-04
1 0 0 0 52 e   1416.036257422  1416.036258084  3.161e-05  5.329e-05  8.046e-05
0 1 0 1 66 e   1417.688735283  1417.688385696  9.701e-04  6.061e-04  1.506e-03
0 1 0 1 66 f   1418.621595804  1418.621650963  4.010e-04  6.153e-05  1.280e-03
1 1 0 1 15 e   1421.067073585  1421.067112280  2.206e-04  1.300e-04  2.206e-04
1 1 0 1 15 f   1421.121796772  1421.121798785  2.137e-05  1.300e-04  1.300e-04
0 2 0 2 43 e   1426.258235375  1426.258021222  1.603e-02  5.018e-03  2.776e-02
0 2 0 2 43 f   1426.267002085  1426.266987188  5.502e-04  5.000e-03  5.000e-03
1 1 0 1 16 e   1427.547494653  1427.547458295  1.305e-04  1.300e-04  1.306e-04
1 1 0 1 16 f   1427.609847311  1427.609849424  7.826e-05  1.300e-04  1.300e-04
0 2 0 0 43 e   1431.896476810  1431.896476518  5.056e-06  1.005e-05  1.015e-05
1 1 0 1 17 e   1434.433144949  1434.433143203  6.522e-06  1.300e-04  1.300e-04
1 1 0 1 17 f   1434.503142916  1434.503159730  7.379e-05  1.300e-04  1.300e-04
1 0 0 0 53 e   1437.448557514  1437.448559131  3.328e-05  5.670e-05  8.708e-05
1 1 0 1 18 e   1441.723710033  1441.723692812  9.064e-05  1.300e-04  1.300e-04
1 1 0 1 18 f   1441.801749439  1441.801748752  7.815e-06  1.300e-04  1.300e-04
0 2 0 2 44 e   1444.131702304  1444.129967817  5.758e-03  5.018e-03  9.973e-03
0 2 0 2 44 f   1444.165461446  1444.165461870  1.944e-04  5.000e-03  5.000e-03
0 1 0 1 67 e   1444.848315099  1444.848323595  4.579e-04  3.504e-03  3.709e-03
0 1 0 1 67 f   1445.812722704  1445.812775959  3.991e-04  6.154e-05  1.340e-03
0 0 0 0 84 e   1446.183311639  1446.183366254  3.988e-04  6.246e-05  2.082e-03
1 1 0 1 19 e   1449.419054229  1449.419050799  1.215e-05  1.300e-04  1.300e-04
1 1 0 1 19 f   1449.505814095  1449.505813409  7.815e-06  1.300e-04  1.300e-04
0 2 0 0 44 e   1449.790350374  1449.790348826  6.973e-06  1.276e-05  1.284e-05
1 1 0 1 20 e   1457.519294491  1457.519303884  3.881e-05  1.300e-04  1.300e-04
1 1 0 1 20 f   1457.615195679  1457.615194861  1.568e-05  1.300e-04  1.300e-04
1 0 0 0 54 e   1459.263820375  1459.263824212  3.925e-05  6.277e-05  1.029e-04
0 2 0 2 45 e   1462.439259379  1462.439200234  1.395e-03  5.000e-03  5.000e-03
0 2 0 2 45 f   1462.469363326  1462.469359959  1.143e-05  5.000e-03  5.000e-03
1 1 0 1 21 e   1466.024415234  1466.024414126  5.675e-06  1.300e-04  1.301e-04
1 1 0 1 21 f   1466.130006675  1466.130005037  5.518e-06  1.300e-04  1.300e-04
0 2 0 0 45 e   1468.090311422  1468.090307181  1.635e-05  1.499e-05  2.140e-05
0 1 0 1 68 e   1472.418053532  1472.417544359  9.288e-04  7.399e-04  1.581e-03
0 1 0 1 68 f   1473.408200386  1473.408257233  4.019e-04  3.503e-03  3.751e-03
1 1 0 1 22 e   1474.934384923  1474.934374725  4.817e-05  1.300e-04  1.301e-04
1 1 0 1 22 f   1475.049960838  1475.049965815  1.331e-05  1.300e-04  1.300e-04
0 0 0 0 85 e   1480.562240668  1480.562295489  3.989e-04  6.247e-05  2.119e-03
0 2 0 2 46 e   1481.143527653  1481.143519118  1.639e-04  5.000e-03  5.000e-03
0 2 0 2 46 f   1481.179759511  1481.179759472  1.945e-04  5.000e-03  5.000e-03
1 0 0 0 55 e   1481.481512155  1481.481452023  7.828e-04  6.530e-05  7.876e-04
1 1 0 1 23 e   1484.249193335  1484.249188546  1.597e-05  6.678e-05  6.685e-05
1 1 0 1 23 f   1484.375181434  1484.375180112  7.639e-06  1.300e-04  1.300e-04
0 2 0 0 46 e   1486.796317800  1486.796311982  1.771e-05  1.693e-05  2.863e-05
1 1 0 1 24 e   1493.968672948  1493.968659291  4.573e-05  1.300e-04  1.301e-04
1 1 0 1 24 f   1494.105644396  1494.105634336  2.659e-05  1.300e-04  1.301e-04
0 2 0 2 47 e   1500.254880028  1500.254838058  1.385e-03  5.000e-03  5.000e-03
0 2 0 2 47 f   1500.295461541  1500.295455868  1.780e-05  5.000e-03  5.000e-03
0 1 0 1 69 e   1500.386306440  1500.386304617  4.545e-04  3.504e-03  3.752e-03
0 1 0 1 69 f   1501.407770964  1501.407830278  4.058e-04  3.503e-03  3.772e-03
1 1 0 1 25 e   1504.093032821  1504.093029847  1.087e-05  1.300e-04  1.301e-04
1 0 0 0 56 e   1504.103199628  1504.103236614  2.388e-04  6.531e-05  2.576e-04
1 1 0 1 25 f   1504.241361933  1504.241397550  1.054e-04  1.300e-04  1.301e-04
0 2 0 0 47 e   1505.908387109  1505.908381250  1.786e-05  1.866e-05  3.345e-05
1 1 0 1 26 e   1514.622107289  1514.622119140  5.867e-05  6.677e-05  6.684e-05
1 1 0 1 26 f   1514.782376742  1514.782376157  6.010e-06  1.300e-04  1.301e-04
0 0 0 0 86 e   1515.343068705  1515.343123631  3.989e-04  6.247e-05  2.157e-03
0 2 0 2 48 e   1519.774914465  1519.774904990  1.950e-05  5.000e-03  5.000e-03
0 2 0 0 48 e   1525.426392241  1525.426385943  1.963e-05  2.025e-05  4.005e-05
1 1 0 1 27 e   1525.555838586  1525.555837379  5.427e-06  1.300e-04  1.301e-04
1 1 0 1 27 f   1525.728341145  1525.728340247  4.252e-06  1.300e-04  1.301e-04
1 0 0 0 57 e   1527.127079423  1527.127107744  2.127e-04  6.791e-05  2.373e-04
0 1 0 1 70 e   1528.763274876  1528.762709801  9.629e-04  8.046e-04  1.698e-03
0 1 0 1 70 f   1529.811353065  1529.811416329  3.978e-04  3.503e-03  3.793e-03
1 1 0 1 28 e   1536.894182103  1536.894152309  2.756e-04  1.300e-04  2.756e-04
1 1 0 1 28 f   1537.079681431  1537.079681642  1.402e-06  1.300e-04  1.301e-04
0 2 0 2 49 e   1539.698906568  1539.698897619  2.159e-05  5.000e-03  5.000e-03
0 2 0 0 49 e   1545.350342313  1545.350332904  1.960e-05  2.202e-05  4.549e-05
1 1 0 1 29 e   1548.637276472  1548.637267229  3.291e-05  1.300e-04  1.301e-04
1 1 0 1 29 f   1548.835933881  1548.835934128  1.852e-06  5.000e-03  5.000e-03
0 0 0 0 87 e   1550.525707518  1550.525762527  3.988e-04  6.247e-05  2.193e-03
1 0 0 0 58 e   1550.553803743  1550.553859437  3.999e-04  7.355e-05  4.650e-04
0 1 0 1 71 e   1557.976185490  1557.976243333  4.015e-04  3.545e-03  6.309e-03
0 1 0 1 71 f   1558.619095173  1558.619144583  4.382e-04  3.503e-03  3.814e-03
0 2 0 2 50 e   1560.028634465  1560.028624990  1.950e-05  5.000e-03  5.000e-03
0 2 0 2 50 f   1560.078666269  1560.078653774  7.541e-05  5.000e-03  5.000e-03
1 1 0 1 30 e   1560.785030393  1560.785027816  1.244e-05  1.300e-04  1.301e-04
1 1 0 1 30 f   1560.997200251  1560.997188935  4.137e-05  1.300e-04  1.301e-04
0 2 0 0 50 e   1565.680203897  1565.680195171  2.002e-05  2.366e-05  5.172e-05
1 1 0 1 31 e   1573.337301855  1573.337301017  3.919e-06  1.300e-04  1.301e-04
1 1 0 1 31 f   1573.563618961  1573.563619318  1.966e-06  1.300e-04  1.301e-04
0 3 0 1 1 e   1573.773609118  1573.773609243  9.028e-07  2.166e-06  2.895e-06
0 3 0 1 1 f   1573.774435604  1573.774436110  1.877e-06  2.166e-06  2.896e-06
1 0 0 0 59 e   1574.383097144  1574.383152837  3.999e-04  7.355e-05  6.070e-04
0 3 0 1 2 e   1574.587833472  1574.587833718  8.679e-07  2.166e-06  2.895e-06
0 3 0 1 2 f   1574.590310157  1574.590310418  1.124e-06  2.166e-06  2.896e-06
0 3 0 1 3 e   1575.809166982  1575.809167165  8.872e-07  2.166e-06  2.895e-06
0 3 0 1 3 f   1575.814121265  1575.814121397  8.662e-07  2.166e-06  2.896e-06
0 3 0 1 4 e   1577.437607550  1577.437607734  8.249e-07  1.640e-06  2.224e-06
0 3 0 1 4 f   1577.445864576  1577.445864743  7.749e-07  1.640e-06  2.234e-06
0 3 0 1 5 e   1579.473150701  1579.473150861  8.330e-07  1.800e-06  2.353e-06
0 3 0 1 5 f   1579.485535532  1579.485535724  8.112e-07  1.800e-06  2.363e-06
0 2 0 2 51 e   1580.763711244  1580.763702599  2.192e-05  5.000e-03  5.000e-03
0 2 0 2 51 f   1580.818075522  1580.818073086  3.858e-05  5.000e-03  5.000e-03
0 3 0 1 6 e   1581.915791684  1581.915791807  7.202e-07  1.730e-06  2.255e-06
0 3 0 1 6 f   1581.933131404  1581.933131540  8.739e-07  1.729e-06  2.266e-06
0 3 0 1 7 e   1584.765524306  1584.765524445  6.736e-07  1.731e-06  2.268e-06
0 3 0 1 7 f   1584.788643359  1584.788643525  7.017e-07  1.731e-06  2.278e-06
0 0 0 0 88 e   1586.110066081  1586.110121133  3.988e-04  6.247e-05  2.229e-03
1 1 0 1 32 e   1586.294147192  1586.294150554  1.104e-05  1.301e-04  1.301e-04
0 2 0 0 51 e   1586.415905149  1586.415895764  2.146e-05  2.519e-05  5.773e-05
1 1 0 1 32 f   1586.535009261  1586.535003120  1.985e-05  1.301e-04  1.301e-04
0 1 0 1 72 e   1587.157026331  1587.157079853  3.988e-04  3.505e-03  3.815e-03
0 1 0 1 72 f   1587.830429626  1587.830483225  3.987e-04  3.503e-03  3.835e-03
0 3 0 1 8 e   1588.022341109  1588.022341221  6.547e-07  1.730e-06  2.255e-06
0 3 0 1 8 f   1588.052065946  1588.052066080  5.722e-07  1.729e-06  2.266e-06
0 3 0 1 9 e   1591.686235335  1591.686235427  6.105e-07  1.729e-06  2.267e-06
0 3 0 1 9 f   1591.723390817  1591.723390931  6.494e-07  1.729e-06  2.277e-06
0 3 0 1 10 e   1595.757196994  1595.757197119  6.866e-07  1.800e-06  2.384e-06
0 3 0 1 10 f   1595.802609132  1595.802609231  6.966e-07  1.800e-06  2.394e-06
1 0 0 0 60 e   1598.615017891  1598.615072158  3.999e-04  7.602e-05  7.269e-04
1 1 0 1 33 e   1599.655480834  1599.655485847  7.307e-05  1.301e-04  1.301e-04
1 1 0 1 33 f   1599.911423183  1599.911423645  3.549e-05  1.301e-04  1.301e-04
0 3 0 1 11 e   1600.235216429  1600.235216561  7.345e-07  1.699e-06  2.264e-06
0 3 0 1 11 f   1600.289711106  1600.289711275  7.353e-07  1.699e-06  2.274e-06
0 2 0 2 52 e   1601.908578498  1601.908485566  3.223e-03  5.000e-03  5.001e-03
0 2 0 2 52 f   1601.963565597  1601.963552548  7.573e-05  5.000e-03  5.000e-03
0 3 0 1 12 e   1605.120281930  1605.120282168  7.918e-07  1.854e-06  2.484e-06
0 3 0 1 12 f   1605.184684876  1605.184684978  6.858e-07  1.854e-06  2.493e-06
0 2 0 0 52 e   1607.557383217  1607.557380598  3.826e-05  3.688e-05  7.140e-05
0 3 0 1 13 e   1610.412383721  1610.412383938  8.389e-07  1.855e-06  2.495e-06
0 3 0 1 13 f   1610.487519683  1610.487519811  6.880e-07  1.730e-06  2.414e-06
1 1 0 1 34 e   1613.421263636  1613.421263411  2.387e-06  1.301e-04  1.301e-04
1 1 0 1 34 f   1613.692664868  1613.692665018  1.173e-05  1.301e-04  1.301e-04
0 3 0 1 14 e   1616.111506590  1616.111506864  9.029e-07  1.971e-06  2.676e-06
0 3 0 1 14 f   1616.198202412  1616.198202474  5.284e-07  1.883e-06  2.556e-06
0 1 0 1 73 e   1616.742085468  1616.742143279  4.015e-04  3.520e-03  3.850e-03
0 1 0 1 73 f   1617.445598090  1617.445649812  4.384e-04  3.503e-03  3.855e-03
0 0 0 0 89 e   1622.096054998  1622.096110307  3.991e-04  6.248e-05  2.264e-03
0 3 0 1 15 e   1622.217637453  1622.217637803  1.054e-06  2.034e-06  2.777e-06
0 3 0 1 15 f   1622.316717262  1622.316717415  5.898e-07  1.884e-06  2.567e-06
1 0 0 0 61 e   1623.249488465  1623.249542732  3.999e-04  7.602e-05  8.293e-04
0 2 0 2 53 e   1623.450185815  1623.450180991  3.935e-05  5.000e-03  5.001e-03
0 2 0 2 53 f   1623.513775741  1623.513773482  3.871e-05  5.000e-03  5.001e-03
1 1 0 1 35 e   1627.591478070  1627.591472586  7.193e-05  1.301e-04  1.302e-04
1 1 0 1 35 f   1627.878824672  1627.878824151  4.301e-06  1.301e-04  1.301e-04
0 3 0 1 16 e   1628.730761784  1628.730762142  1.199e-06  2.094e-06  2.875e-06
0 3 0 1 16 f   1628.843051342  1628.843051483  4.481e-07  1.730e-06  2.374e-06
0 2 0 0 53 e   1629.104637914  1629.104633197  3.771e-05  3.788e-05  7.617e-05
0 3 0 1 17 e   1635.650863365  1635.650863766  1.299e-06  2.198e-06  3.034e-06
0 3 0 1 17 f   1635.777187735  1635.777187871  4.706e-07  1.738e-06  2.396e-06
1 1 0 1 36 e   1642.166078432  1642.166078282  2.835e-06  1.301e-04  1.301e-04
1 1 0 1 36 f   1642.469896418  1642.469895570  9.047e-06  1.301e-04  1.301e-04
0 3 0 1 18 e   1642.977925586  1642.977926069  1.881e-06  2.415e-06  3.356e-06
0 3 0 1 18 f   1643.119109316  1643.119109508  6.681e-07  1.730e-06  2.374e-06
0 2 0 2 54 e   1645.397707869  1645.397624133  3.222e-03  5.018e-03  5.037e-03
0 1 0 1 74 e   1646.730417213  1646.730442118  4.050e-04  3.506e-03  3.857e-03
0 1 0 1 74 f   1647.464891571  1647.464945382  3.986e-04  3.503e-03  3.876e-03
1 0 0 0 62 e   1648.286450069  1648.286504336  3.999e-04  7.602e-05  9.207e-04
0 3 0 1 19 e   1650.711928026  1650.711928267  2.422e-06  2.421e-06  3.373e-06
0 3 0 1 19 f   1650.868798680  1650.868798881  5.711e-07  1.738e-06  2.396e-06
0 2 0 0 54 e   1651.057589197  1651.057590178  4.012e-05  4.647e-05  9.381e-05
1 1 0 1 37 e   1657.145097098  1657.145095358  5.073e-06  1.301e-04  1.302e-04
1 1 0 1 37 f   1657.465692548  1657.465691287  6.962e-06  1.301e-04  1.301e-04
0 0 0 0 90 e   1658.483576991  1658.483632723  3.991e-04  6.248e-05  2.299e-03
0 3 0 1 20 e   1658.852857407  1658.852857674  2.231e-06  2.619e-06  3.670e-06
0 3 0 1 20 f   1659.026236274  1659.026236490  8.153e-07  2.006e-06  2.792e-06
0 3 0 1 21 e   1667.400686018  1667.400686552  2.947e-06  2.804e-06  4.289e-06
0 3 0 1 21 f   1667.591403410  1667.591403613  9.559e-07  2.241e-06  3.138e-06
0 2 0 2 55 e   1667.758371608  1667.758370040  6.016e-05  5.000e-03  5.001e-03
1 1 0 1 38 e   1672.528418768  1672.528415515  1.241e-05  1.301e-04  1.302e-04
1 1 0 1 38 f   1672.866312156  1672.866310262  4.964e-05  1.301e-04  1.302e-04
0 2 0 0 55 e   1673.416215447  1673.416217822  4.007e-05  4.648e-05  9.861e-05
1 0 0 0 63 e   1673.725837727  1673.725891994  3.999e-04  7.602e-05  1.003e-03
0 3 0 1 22 e   1676.355402453  1676.355402442  2.203e-06  2.882e-06  4.051e-06
0 3 0 1 22 f   1676.564276654  1676.564276841  1.092e-06  2.454e-06  3.449e-06
0 1 0 1 75 e   1677.121895259  1677.121952828  4.015e-04  3.506e-03  3.878e-03
0 1 0 1 75 f   1677.887769249  1677.887831955  4.045e-04  3.503e-03  3.896e-03
0 3 0 1 23 e   1685.716976143  1685.716976587  2.249e-06  3.064e-06  4.327e-06
0 3 0 1 23 f   1685.944836482  1685.944836517  1.336e-06  2.650e-06  3.735e-06
1 1 0 1 39 e   1688.316015325  1688.316014085  1.217e-05  1.301e-04  1.302e-04
1 1 0 1 39 f   1688.671642930  1688.671642260  1.233e-05  1.301e-04  1.302e-04
0 2 0 2 56 e   1690.519817291  1690.519856773  2.885e-04  5.000e-03  5.009e-03
0 0 0 0 91 e   1695.272538520  1695.272594408  3.990e-04  6.284e-05  2.333e-03
0 3 0 1 24 e   1695.485391049  1695.485390969  1.855e-06  2.990e-06  4.229e-06
0 3 0 1 24 f   1695.733057932  1695.733058047  1.414e-06  2.833e-06  4.000e-06
0 2 0 0 56 e   1696.180597387  1696.180636911  2.886e-04  4.650e-05  3.044e-04
1 0 0 0 64 e   1699.567584193  1699.567638460  3.999e-04  7.602e-05  1.080e-03
1 1 0 1 40 e   1704.507966737  1704.507964213  2.899e-05  1.301e-04  1.302e-04
1 1 0 1 40 f   1704.881667829  1704.881667250  5.216e-05  1.301e-04  1.302e-04
0 3 0 1 25 e   1705.660618843  1705.660618940  2.044e-06  3.064e-06  4.327e-06
0 3 0 1 25 f   1705.928919040  1705.928919103  1.451e-06  2.910e-06  4.116e-06
0 1 0 1 76 e   1707.916485951  1707.916524893  4.082e-04  3.506e-03  3.898e-03
0 1 0 1 76 f   1708.714082602  1708.714136467  3.986e-04  3.503e-03  3.916e-03
2 0 0 0 0 e   1710.976306685  1710.976306657  1.015e-06  1.268e-04  1.268e-04
2 0 0 0 1 e   1711.379577251  1711.379577222  1.015e-06  1.268e-04  1.268e-04
2 0 0 0 2 e   1712.186117254  1712.186117225  1.015e-06  1.268e-04  1.268e-04
2 0 0 0 3 e   1713.395923592  1713.395923066  2.083e-06  1.268e-04  1.268e-04
0 2 0 2 57 e   1713.686871224  1713.686869528  6.006e-05  5.000e-03  5.001e-03
2 0 0 0 4 e   1715.008995751  1715.008997450  7.866e-06  1.268e-04  1.268e-04
0 3 0 1 26 e   1716.242637251  1716.242637198  1.663e-06  2.990e-06  4.229e-06
0 3 0 1 26 f   1716.532393462  1716.532393582  1.441e-06  2.985e-06  4.229e-06
2 0 0 0 5 e   1717.025325678  1717.025325543  1.624e-06  1.234e-04  1.234e-04
0 2 0 0 57 e   1719.350398876  1719.350437290  2.571e-04  4.651e-05  2.778e-04
2 0 0 0 6 e   1719.444909319  1719.444909735  3.225e-06  1.234e-04  1.234e-04
1 1 0 1 41 e   1721.103872716  1721.103872440  5.575e-06  1.301e-04  1.302e-04
1 1 0 1 41 f   1721.496317571  1721.496319604  2.300e-05  1.301e-04  1.302e-04
2 0 0 0 7 e   1722.267702087  1722.267705422  5.391e-05  1.201e-04  1.201e-04
2 0 0 0 8 e   1725.493790880  1725.493788794  2.456e-05  1.201e-04  1.201e-04
1 0 0 0 65 e   1725.811609129  1725.811664706  3.998e-04  8.590e-05  1.151e-03
0 3 0 1 27 e   1727.231418975  1727.231418768  2.529e-06  3.153e-06  4.466e-06
0 3 0 1 27 f   1727.543455665  1727.543455834  1.382e-06  3.149e-06  4.465e-06
2 0 0 0 9 e   1729.123117070  1729.123116586  3.934e-06  1.167e-04  1.167e-04
0 0 0 0 92 e   1732.462970340  1732.463026650  4.009e-04  4.105e-04  2.369e-03
2 0 0 0 10 e   1733.155607068  1733.155609184  3.140e-05  1.167e-04  1.167e-04
0 2 0 2 58 e   1737.259343269  1737.259227992  1.141e-03  5.018e-03  5.211e-03
0 2 0 2 58 f   1737.348915867  1737.348969305  1.178e-03  5.000e-03  7.097e-03
2 0 0 0 11 e   1737.591369958  1737.591369443  7.801e-06  1.134e-04  1.134e-04
1 1 0 1 42 e   1738.104180771  1738.104179669  1.434e-05  1.301e-04  1.302e-04
1 1 0 1 42 f   1738.515762328  1738.515762217  3.777e-06  1.301e-04  1.302e-04
0 3 0 1 28 e   1738.626939828  1738.626939637  1.699e-06  3.308e-06  4.689e-06
0 3 0 1 28 f   1738.962078212  1738.962078357  1.200e-06  3.303e-06  4.689e-06
0 1 0 1 77 e   1739.114550602  1739.114604467  3.986e-04  3.507e-03  3.919e-03
2 0 0 0 12 e   1742.430295001  1742.430294165  1.735e-05  1.101e-04  1.101e-04
0 2 0 0 58 e   1742.925856332  1742.925910015  3.998e-04  5.442e-05  5.761e-04
2 0 0 0 13 e   1747.672407330  1747.672402824  3.401e-05  1.067e-04  1.067e-04
0 3 0 1 29 e   1750.429166543  1750.429165916  3.338e-06  3.456e-06  4.903e-06
0 3 0 1 29 f   1750.788233172  1750.788233402  1.584e-06  3.452e-06  4.903e-06
1 0 0 0 66 e   1752.457867575  1752.457923117  3.998e-04  8.590e-05  1.219e-03
2 0 0 0 14 e   1753.317679312  1753.317678212  3.859e-05  1.067e-04  1.067e-04
1 1 0 1 43 e   1755.508442641  1755.508441072  9.319e-06  1.302e-04  1.305e-04
1 1 0 1 43 f   1755.939540216  1755.939539106  7.891e-06  1.303e-04  1.305e-04
2 0 0 0 15 e   1759.366077715  1759.366087639  2.307e-05  2.347e-05  2.348e-05
0 2 0 2 59 e   1761.236138696  1761.236023419  1.141e-03  5.018e-03  7.190e-03
0 2 0 2 59 f   1761.332144951  1761.332198390  1.178e-03  5.000e-03  5.037e-03
0 3 0 1 30 e   1762.638079464  1762.638079207  1.868e-06  3.597e-06  5.108e-06
0 3 0 1 30 f   1763.021892440  1763.021892578  1.273e-06  3.515e-06  4.998e-06
2 0 0 0 16 e   1765.817725542  1765.817721617  3.794e-05  1.001e-04  1.001e-04
0 2 0 0 59 e   1766.906644430  1766.906698116  3.998e-04  5.442e-05  6.069e-04
0 0 0 0 93 e   1770.054529663  1770.054586426  4.008e-04  4.105e-04  2.402e-03
2 0 0 0 17 e   1772.672412242  1772.672397582  1.224e-04  9.673e-05  1.224e-04
1 1 0 1 44 e   1773.316802408  1773.316797358  3.724e-05  1.305e-04  1.310e-04
1 1 0 1 44 f   1773.767884908  1773.767883535  1.564e-05  1.305e-04  1.310e-04
0 3 0 1 31 e   1775.253638515  1775.253637640  4.179e-06  3.734e-06  5.841e-06
0 3 0 1 31 f   1775.663023473  1775.663023640  2.029e-06  3.730e-06  5.305e-06
1 0 0 0 67 e   1779.506283925  1779.506338630  3.999e-04  8.591e-05  1.280e-03
2 0 0 0 18 e   1779.930280050  1779.930280864  5.153e-06  9.340e-05  9.340e-05
0 2 0 2 60 e   1785.617816977  1785.617701700  1.141e-03  5.018e-03  5.149e-03
0 2 0 2 60 f   1785.720588659  1785.720642098  1.178e-03  5.000e-03  7.097e-03
2 0 0 0 19 e   1787.591173414  1787.591174507  1.149e-05  9.340e-05  9.340e-05
0 3 0 1 32 e   1788.275823757  1788.275823538  2.118e-06  3.793e-06  5.393e-06
0 3 0 1 32 f   1788.711598936  1788.711598905  1.488e-06  3.789e-06  5.393e-06
0 2 0 0 60 e   1791.292846173  1791.292899860  3.998e-04  5.442e-05  7.267e-04
1 1 0 1 45 e   1791.529043120  1791.529027384  8.966e-05  1.307e-04  1.315e-04
1 1 0 1 45 f   1792.000660737  1792.000655111  1.480e-05  1.307e-04  1.320e-04
2 0 0 0 20 e   1795.655120421  1795.655121149  2.498e-05  9.006e-05  9.007e-05
0 3 0 1 33 e   1801.704592461  1801.704591184  4.877e-06  3.993e-06  6.814e-06
0 3 0 1 33 f   1802.167582553  1802.167582418  2.785e-06  3.989e-06  5.679e-06
2 0 0 0 21 e   1804.122157630  1804.122156937  1.778e-05  8.673e-05  8.673e-05
1 0 0 0 68 e   1806.956777820  1806.956832057  3.988e-04  8.591e-05  1.341e-03
0 0 0 0 94 e   1808.047254554  1808.047311587  4.008e-04  4.107e-04  2.436e-03
1 1 0 1 46 e   1810.145356029  1810.145353510  3.073e-05  1.310e-04  1.329e-04
0 2 0 2 61 e   1810.404302713  1810.404187436  1.141e-03  5.018e-03  7.190e-03
0 2 0 2 61 f   1810.514182359  1810.514235798  1.178e-03  5.000e-03  7.120e-03
1 1 0 1 46 f   1810.637790655  1810.637781029  2.421e-05  1.309e-04  1.340e-04
2 0 0 0 22 e   1812.992170778  1812.992170820  2.647e-05  8.673e-05  8.673e-05
0 3 0 1 34 e   1815.539925513  1815.539925277  2.635e-06  4.048e-06  5.761e-06
0 3 0 1 34 f   1816.030946354  1816.030946141  1.991e-06  4.044e-06  5.761e-06
0 2 0 0 61 e   1816.084407239  1816.084460929  3.998e-04  5.442e-05  8.292e-04
2 0 0 0 23 e   1822.265176285  1822.265175562  7.052e-06  8.339e-05  8.340e-05
1 1 0 1 47 e   1829.165732815  1829.165730834  3.038e-05  1.312e-04  1.341e-04
1 1 0 1 47 f   1829.679366467  1829.679360333  4.841e-05  1.312e-04  1.353e-04
0 3 0 1 35 e   1829.781773686  1829.781771962  5.077e-06  4.236e-06  7.272e-06
0 3 0 1 35 f   1830.301649672  1830.301649129  3.310e-06  4.166e-06  5.936e-06
2 0 0 0 24 e   1831.941143711  1831.941145597  2.813e-05  8.339e-05  8.340e-05
1 0 0 0 69 e   1834.809278539  1834.809329943  3.991e-04  8.617e-05  1.399e-03
0 2 0 2 62 e   1835.595519278  1835.595404001  1.141e-03  5.018e-03  5.179e-03
0 2 0 2 62 f   1835.712860203  1835.712913641  1.178e-03  5.000e-03  5.068e-03
0 2 0 0 62 e   1841.281273401  1841.281327093  3.998e-04  5.442e-05  9.205e-04
2 0 0 0 25 e   1842.020110354  1842.020109798  8.801e-06  8.006e-05  8.006e-05
0 3 0 1 36 e   1844.430119737  1844.430119127  3.015e-06  4.288e-06  6.107e-06
0 3 0 1 36 f   1844.979665921  1844.979665492  2.398e-06  4.285e-06  6.106e-06
0 0 0 0 95 e   1846.441104098  1846.441101184  4.172e-04  6.955e-04  2.533e-03
1 1 0 1 48 e   1848.589824708  1848.589819971  2.277e-05  1.314e-04  1.359e-04
1 1 0 1 48 f   1849.125397600  1849.125391533  1.862e-05  1.314e-04  1.370e-04
2 0 0 0 26 e   1852.501945659  1852.501944835  1.376e-05  8.006e-05  8.006e-05
0 3 0 1 37 e   1859.484911297  1859.484909886  4.801e-06  4.403e-06  6.785e-06
0 3 0 1 37 f   1860.064948591  1860.064947703  3.906e-06  4.400e-06  6.272e-06
0 2 0 2 63 e   1861.191390058  1861.191274782  1.141e-03  5.018e-03  5.195e-03
0 2 0 2 63 f   1861.319890847  1861.319944286  1.178e-03  5.000e-03  5.080e-03
1 0 0 0 70 e   1863.063715569  1863.063770366  3.981e-04  8.720e-05  1.454e-03
2 0 0 0 27 e   1863.386676583  1863.386675954  1.532e-05  8.006e-05  8.006e-05
0 2 0 0 63 e   1866.883389253  1866.883442946  3.998e-04  5.442e-05  1.003e-03
1 1 0 1 49 e   1868.417890358  1868.417879620  7.428e-05  1.317e-04  1.376e-04
1 1 0 1 49 f   1868.975453439  1868.975444219  2.145e-05  1.317e-04  1.392e-04
2 0 0 0 28 e   1874.674440350  1874.674419123  4.594e-05  2.013e-05  4.595e-05
0 3 0 1 38 e   1874.946126403  1874.946125515  3.115e-06  4.515e-06  6.434e-06
0 3 0 1 38 f   1875.557472250  1875.557471585  2.809e-06  4.512e-06  6.433e-06
0 0 0 0 96 e   1885.235550820  1885.235608034  4.010e-04  1.166e-03  2.767e-03
2 0 0 0 29 e   1886.364714579  1886.364715492  6.719e-06  8.006e-05  8.006e-05
0 2 0 2 64 e   1887.192423623  1887.192268089  1.057e-03  5.018e-03  5.210e-03
0 2 0 2 64 f   1887.326061462  1887.326115214  3.997e-04  5.000e-03  5.096e-03
1 2 0 2 2 f   1888.162789049  1888.162882865  1.029e-03  5.130e-03  1.444e-02
1 2 0 2 2 e   1888.162792681  1888.162886497  1.029e-03  5.130e-03  1.444e-02
1 1 0 1 50 e   1888.649403762  1888.649394710  1.941e-05  1.319e-04  1.397e-04
1 1 0 1 50 f   1889.229830630  1889.229821040  1.945e-05  1.319e-04  1.414e-04
1 2 0 2 3 f   1889.381077869  1889.381171685  1.029e-03  5.130e-03  1.349e-02
1 2 0 2 3 e   1889.381081501  1889.381175317  1.029e-03  5.130e-03  1.349e-02
0 3 0 1 39 e   1890.813716302  1890.813715019  5.341e-06  4.625e-06  7.177e-06
1 2 0 2 4 f   1891.005448419  1891.005542235  1.029e-03  5.130e-03  1.248e-02
1 2 0 2 4 e   1891.005452052  1891.005545868  1.029e-03  5.130e-03  1.248e-02
0 3 0 1 39 f   1891.457186938  1891.457185920  4.359e-06  4.622e-06  6.666e-06
1 0 0 0 71 e   1891.720002055  1891.720056395  3.989e-04  8.745e-05  1.508e-03
1 2 0 0 0 e   1892.230535724  1892.230536780  6.556e-06  3.432e-05  3.432e-05
1 2 0 0 1 e   1892.636442453  1892.636443509  6.556e-06  3.432e-05  3.432e-05
0 2 0 0 64 e   1892.890723233  1892.890777005  3.993e-04  6.133e-05  1.080e-03
1 2 0 2 5 f   1893.035908176  1893.036002035  1.029e-03  5.130e-03  1.349e-02
1 2 0 2 5 e   1893.035912068  1893.036005903  1.029e-03  5.130e-03  1.349e-02
1 2 0 0 2 e   1893.448254072  1893.448255129  6.556e-06  3.000e-05  3.000e-05
1 2 0 0 3 e   1894.666024327  1894.666024142  3.688e-05  1.335e-04  1.335e-04
1 2 0 2 6 f   1895.472447823  1895.472541683  1.029e-03  5.130e-03  1.444e-02
1 2 0 2 6 e   1895.472451716  1895.472545551  1.029e-03  5.130e-03  1.444e-02
1 2 0 0 4 e   1896.289642690  1896.289642505  3.688e-05  1.336e-04  1.336e-04
1 2 0 0 5 e   1898.319159977  1898.319160080  3.681e-05  1.336e-04  1.336e-04
2 0 0 0 30 e   1898.457929752  1898.457927270  2.027e-05  8.006e-05  8.006e-05
1 2 0 0 6 e   1900.754570177  1900.754570280  3.681e-05  1.337e-04  1.337e-04
1 2 0 0 7 e   1903.589459774  1903.589459819  2.191e-07  1.000e-01  1.000e-01
1 2 0 0 8 e   1906.842754560  1906.842754605  2.192e-07  1.000e-01  1.000e-01
0 3 0 1 40 e   1907.087654725  1907.087653865  3.058e-06  4.731e-06  6.745e-06
0 3 0 1 40 f   1907.764064705  1907.764064023  2.668e-06  4.728e-06  6.745e-06
1 1 0 1 51 e   1909.284875333  1909.284866862  2.190e-05  1.322e-04  1.424e-04
1 1 0 1 51 f   1909.888151222  1909.888148611  3.826e-05  8.000e-03  8.000e-03
1 2 0 0 9 e   1910.495886122  1910.495867787  1.093e-04  3.337e-04  3.337e-04
2 0 0 0 31 e   1910.953911014  1910.953909939  2.576e-05  8.339e-05  8.340e-05
0 2 0 2 65 e   1913.596990058  1913.596874782  1.141e-03  5.036e-03  8.810e-03
0 2 0 2 65 f   1913.739474218  1913.739527982  3.993e-04  5.000e-03  5.131e-03
1 2 0 0 10 e   1914.554810342  1914.554792003  1.093e-04  3.337e-04  3.337e-04
1 2 0 0 11 e   1919.019593544  1919.019575208  1.093e-04  3.337e-04  3.337e-04
0 2 0 0 65 e   1919.303152118  1919.303206671  4.010e-04  6.133e-05  1.152e-03
1 0 0 0 72 e   1920.778088657  1920.778142843  3.992e-04  8.771e-05  1.560e-03
0 3 0 1 41 e   1923.767888103  1923.767886669  6.038e-06  4.836e-06  8.645e-06
2 0 0 0 32 e   1923.852612150  1923.852610581  3.386e-05  8.339e-05  8.340e-05
1 2 0 0 12 e   1923.890227718  1923.890209386  1.093e-04  3.337e-04  3.337e-04
0 0 0 0 97 e   1924.434550820  1924.434608034  4.010e-04  4.166e-03  5.001e-03
0 3 0 1 41 f   1924.478055723  1924.478054673  4.542e-06  4.833e-06  6.895e-06
1 2 0 0 13 e   1929.118297796  1929.118457831  3.090e-03  1.000e-01  1.000e-01
1 1 0 1 52 e   1930.323305157  1930.323298509  1.982e-05  4.443e-04  4.491e-04
1 1 0 1 52 f   1930.950839321  1930.950830203  2.145e-05  1.325e-04  1.468e-04
1 2 0 0 14 e   1934.848651947  1934.848635560  3.935e-05  1.001e-03  1.001e-03
2 0 0 0 33 e   1937.154052406  1937.154052013  4.156e-06  8.339e-05  8.340e-05
0 2 0 2 66 e   1940.406346316  1940.406231040  1.141e-03  5.036e-03  1.015e-02
0 2 0 2 66 f   1940.557811055  1940.557864820  3.993e-04  5.000e-03  7.165e-03
0 3 0 1 42 e   1940.854212806  1940.854180747  1.666e-04  8.000e-04  8.000e-04
1 2 0 0 15 e   1940.937275798  1940.937275909  3.477e-07  7.902e-07  1.057e-06
0 3 0 1 42 f   1941.598988035  1941.598955793  1.238e-04  8.000e-04  8.000e-04
0 2 0 0 66 e   1946.120680667  1946.120736195  4.011e-04  6.134e-05  1.219e-03
1 2 0 0 16 e   1947.431824703  1947.431801997  5.828e-05  1.001e-03  1.001e-03
1 0 0 0 73 e   1950.237872162  1950.237924981  3.981e-04  8.796e-05  1.609e-03
2 0 0 0 34 e   1950.858149926  1950.858150346  2.232e-05  8.673e-05  8.674e-05
1 1 0 1 53 e   1951.766520353  1951.766521134  5.424e-05  8.000e-03  8.000e-03
1 1 0 1 53 f   1952.417295202  1952.417296187  4.012e-05  8.000e-03  8.001e-03
1 2 0 0 17 e   1954.267821560  1954.267821619  2.267e-07  1.000e-01  1.000e-01
0 3 0 1 43 e   1958.347047736  1958.347024968  1.255e-04  8.000e-04  8.001e-04
0 3 0 1 43 f   1959.127245059  1959.127243932  8.837e-06  1.004e-04  1.008e-04
1 2 0 0 18 e   1961.636382610  1961.636382672  2.266e-07  6.614e-07  1.041e-06
0 0 0 0 98 e   1964.030894798  1964.030952127  4.010e-04  4.167e-03  6.509e-03
2 0 0 0 35 e   1964.964828625  1964.964829257  2.741e-06  8.673e-05  8.674e-05
1 2 0 0 19 e   1969.347622466  1969.347622531  2.265e-07  1.200e-06  1.462e-06
0 2 0 0 67 e   1973.343189704  1973.343242959  3.991e-04  6.135e-05  1.280e-03
1 1 0 1 54 e   1973.611569737  1973.611669599  7.380e-04  5.000e-03  5.009e-03
1 1 0 1 54 f   1974.288079501  1974.288075016  5.744e-05  5.000e-03  5.001e-03
0 3 0 1 44 e   1976.246039731  1976.246035061  1.121e-05  1.007e-04  1.013e-04
0 3 0 1 44 f   1977.062272087  1977.062260226  6.842e-05  8.001e-04  8.002e-04
1 2 0 0 20 e   1977.464605658  1977.464605718  2.262e-07  6.941e-07  1.109e-06
2 0 0 0 36 e   1979.474106699  1979.474106878  5.211e-06  9.006e-05  9.007e-05
1 0 0 0 74 e   1980.099285949  1980.099339639  3.981e-04  8.821e-05  1.657e-03
1 2 0 0 21 e   1985.988211886  1985.988200493  3.170e-05  1.001e-03  1.001e-03
2 0 0 0 37 e   1994.385916370  1994.385914145  2.590e-05  9.006e-05  9.007e-05
0 3 0 1 45 e   1994.550901462  1994.550871125  1.393e-04  8.001e-04  8.002e-04
1 2 0 0 22 e   1994.917463789  1994.917443705  1.044e-04  1.001e-03  1.001e-03
0 3 0 1 45 f   1995.404438951  1995.404499715  3.067e-04  8.001e-04  8.003e-04
1 1 0 1 55 e   1995.861841416  1995.861837938  2.570e-04  8.000e-03  8.001e-03
1 1 0 1 55 f   1996.562502792  1996.562496719  3.365e-04  8.000e-03  8.001e-03
0 2 0 0 68 e   2000.970744445  2000.970797947  3.989e-04  6.314e-05  1.341e-03
0 0 0 0 99 e   2004.027887540  2004.027944826  4.010e-04  4.167e-03  7.729e-03
1 2 0 0 23 e   2004.250083003  2004.250083293  9.997e-07  3.003e-04  3.003e-04
2 0 0 0 38 e   2009.700266313  2009.700261833  3.455e-05  9.340e-05  9.341e-05
1 0 0 0 75 e   2010.362248945  2010.362302104  3.992e-04  8.821e-05  1.705e-03
0 3 0 1 46 e   2013.262219880  2013.262226469  6.383e-05  8.002e-04  8.005e-04
1 2 0 0 24 e   2013.986539838  2013.986539896  2.265e-07  1.000e-01  1.000e-01
0 3 0 1 46 f   2014.153302647  2014.153296629  1.865e-05  8.002e-04  8.012e-04
1 1 0 1 56 e   2018.515072841  2018.515083938  5.652e-05  1.721e-04  1.973e-04
1 1 0 1 56 f   2019.241386738  2019.241419975  3.219e-04  8.000e-03  8.001e-03
1 2 0 0 25 e   2024.133801830  2024.133799054  1.646e-05  1.001e-03  1.001e-03
2 0 0 0 39 e   2025.417064404  2025.417065270  1.059e-05  9.340e-05  9.341e-05
0 2 0 0 69 e   2029.003061331  2029.003107651  4.053e-04  8.021e-04  1.562e-03
0 3 0 1 47 e   2032.379467231  2032.379486578  1.580e-04  8.003e-04  8.013e-04
0 3 0 1 47 f   2033.309113697  2033.309121040  6.934e-05  8.002e-04  8.009e-04
1 2 0 0 26 e   2034.686618705  2034.686613121  1.927e-05  1.001e-03  1.001e-03
1 0 0 0 76 e   2041.026685288  2041.026740878  3.985e-04  9.064e-05  1.751e-03
2 0 0 0 40 e   2041.536342250  2041.536339661  1.108e-05  2.347e-05  2.350e-05
1 1 0 1 57 e   2041.572388686  2041.572273975  8.013e-04  8.000e-03  8.001e-03
1 1 0 1 57 f   2042.323603961  2042.323656466  3.520e-04  8.000e-03  8.006e-03
0 0 0 0 100 e   2044.427887540  2044.427944826  4.010e-04  5.776e-03  9.648e-03
1 2 0 0 27 e   2045.642781427  2045.642798902  6.300e-05  2.003e-04  2.003e-04
0 3 0 1 48 e   2051.902493966  2051.902489672  2.098e-05  1.019e-04  1.076e-04
0 3 0 1 48 f   2052.871565209  2052.871517051  3.336e-04  8.002e-04  8.012e-04
1 2 0 0 28 e   2057.011194724  2057.011744336  5.431e-03  1.000e-01  1.000e-01
0 2 0 0 70 e   2057.440333706  2057.440388156  3.981e-04  1.166e-04  1.454e-03
2 0 0 0 41 e   2058.057878777  2058.057876869  1.587e-05  9.673e-05  9.674e-05
0 0 1 0 0 e   2062.200895577  2062.200895556  1.195e-06  5.000e-05  7.071e-05
0 0 1 0 1 e   2062.604178454  2062.604178433  1.195e-06  5.000e-05  5.000e-05
0 0 1 0 2 e   2063.410743074  2063.410743053  1.195e-06  5.000e-05  5.000e-05
0 0 1 0 3 e   2064.620582294  2064.620582210  4.692e-07  1.579e-06  1.580e-06
1 1 0 1 58 e   2065.031241200  2065.031282934  1.881e-04  4.578e-04  6.068e-04
1 1 0 1 58 f   2065.809328896  2065.809410242  4.255e-04  9.356e-04  1.009e-03
0 0 1 0 4 e   2066.233704762  2066.233704679  4.694e-07  1.115e-06  1.117e-06
0 0 1 0 5 e   2068.250098308  2068.250098279  4.149e-07  8.933e-07  8.984e-07
1 2 0 0 29 e   2068.768192381  2068.773466733  2.140e-02  5.000e-02  5.000e-02
0 0 1 0 6 e   2070.669759001  2070.669759040  2.164e-07  5.940e-07  6.395e-07
0 3 0 1 49 e   2071.831540891  2071.831503531  1.061e-04  8.004e-04  8.014e-04
1 0 0 0 77 e   2072.092509696  2072.092564421  3.999e-04  9.064e-05  1.796e-03
0 3 0 1 49 f   2072.841063035  2072.841053541  2.541e-05  1.022e-04  1.118e-04
0 0 1 0 7 e   2073.492679900  2073.492679943  2.193e-07  8.531e-07  9.121e-07
2 0 0 0 42 e   2074.981793947  2074.981794353  3.828e-05  9.673e-05  9.674e-05
1 2 0 2 30 e   2075.733279677  2075.733971686  2.045e-03  5.003e-03  7.073e-03
1 2 0 2 30 f   2075.742022940  2075.742023381  1.070e-03  5.003e-03  7.073e-03
0 0 1 0 8 e   2076.718855565  2076.718855477  9.751e-07  1.406e-06  1.459e-06
0 0 1 0 9 e   2080.348639497  2080.348640856  1.948e-05  3.564e-03  3.564e-03
1 2 0 0 30 e   2080.938365386  2080.940579821  9.991e-03  5.000e-02  5.000e-02
0 0 1 0 10 e   2084.381298550  2084.381299910  1.948e-05  3.564e-03  3.564e-03
0 2 0 0 71 e   2086.282363051  2086.282415716  3.995e-04  8.023e-04  1.661e-03
0 0 1 0 11 e   2088.817181390  2088.817182750  1.948e-05  3.564e-03  3.564e-03
1 1 0 1 59 e   2088.894132604  2088.894174338  1.881e-04  4.578e-04  7.601e-04
1 1 0 1 59 f   2089.698892492  2089.698973838  4.255e-04  9.356e-04  1.376e-03
0 3 0 1 50 e   2092.166599662  2092.166572630  1.156e-04  8.003e-04  8.016e-04
2 0 0 0 43 e   2092.308048717  2092.308047897  8.093e-06  1.001e-04  1.001e-04
0 3 0 1 50 f   2093.217146289  2093.217132796  2.349e-05  1.026e-04  1.145e-04
1 2 0 0 31 e   2093.527458750  2093.529348215  9.334e-03  5.000e-02  5.000e-02
0 0 1 0 12 e   2093.656274074  2093.656275433  1.948e-05  3.564e-03  3.564e-03
0 0 1 0 13 e   2098.898571697  2098.898573056  1.948e-05  3.564e-03  3.564e-03
0 4 0 2 2 e   2100.745086981  2100.745106891  1.058e-03  5.127e-03  1.443e-02
0 4 0 2 2 f   2100.745089427  2100.745137832  1.041e-03  5.127e-03  1.443e-02
0 4 0 2 3 e   2101.969392967  2101.969412879  1.058e-03  5.127e-03  1.349e-02
0 4 0 2 3 f   2101.969395413  2101.969443820  1.041e-03  5.127e-03  1.349e-02
1 0 0 0 78 e   2103.559657518  2103.559710116  3.981e-04  7.150e-05  1.839e-03
0 4 0 2 4 e   2103.603296132  2103.603316031  1.058e-03  5.127e-03  1.248e-02
0 4 0 2 4 f   2103.603298578  2103.603346963  1.041e-03  5.127e-03  1.248e-02
0 0 1 0 14 e   2104.544022829  2104.544022752  1.214e-05  3.564e-03  3.564e-03
0 4 0 0 0 e   2104.827662291  2104.827661587  4.206e-06  1.001e-04  1.001e-04
0 4 0 0 1 e   2105.235598304  2105.235597599  4.206e-06  1.001e-04  1.001e-04
0 4 0 2 5 e   2105.643783259  2105.643804149  1.058e-03  5.127e-03  1.138e-02
0 4 0 2 5 f   2105.643800871  2105.643849182  1.041e-03  5.127e-03  1.138e-02
0 4 0 0 2 e   2106.051549224  2106.051547619  9.111e-06  1.000e-04  1.000e-04
1 2 0 0 32 e   2106.509377101  2106.509376724  6.028e-06  1.078e-04  1.078e-04
0 4 0 0 3 e   2107.274291476  2107.274426072  8.436e-04  1.001e-03  1.001e-03
0 4 0 2 6 e   2108.092354430  2108.092375320  1.058e-03  5.127e-03  1.248e-02
0 4 0 2 6 f   2108.095393265  2108.095441576  1.041e-03  5.127e-03  1.248e-02
0 4 0 0 4 e   2108.906031456  2108.906166051  8.436e-04  1.001e-03  1.001e-03
2 0 0 0 44 e   2110.036511561  2110.036511628  7.120e-06  1.001e-04  1.001e-04
0 0 1 0 15 e   2110.592730869  2110.592730926  2.254e-07  3.564e-03  3.564e-03
0 4 0 0 5 e   2110.946482229  2110.946506335  2.654e-04  8.000e-04  8.000e-04
0 4 0 2 7 e   2110.949809842  2110.949903349  1.029e-03  5.188e-03  1.141e-02
0 4 0 2 7 f   2110.949822574  2110.949916081  1.029e-03  5.188e-03  1.141e-02
0 3 0 1 51 e   2112.907599031  2112.907593835  2.499e-05  1.030e-04  1.157e-04
1 1 0 1 60 e   2113.160187743  2113.160229477  1.881e-04  4.578e-04  8.874e-04
0 4 0 0 6 e   2113.394578337  2113.394729356  3.819e-04  8.000e-04  8.000e-04
1 1 0 1 60 f   2113.992062309  2113.992143655  4.255e-04  9.356e-04  1.664e-03
0 3 0 1 51 f   2114.000033961  2114.000016599  2.955e-05  1.029e-04  1.176e-04
0 4 0 2 8 f   2114.213629535  2114.213678576  1.086e-03  5.064e-03  7.116e-03
0 4 0 2 8 e   2114.215528804  2114.215712958  2.556e-04  5.064e-03  7.116e-03
0 2 0 0 72 e   2115.528993228  2115.529044553  3.915e-04  8.023e-04  1.708e-03
0 4 0 0 7 e   2116.249826442  2116.249828758  1.254e-05  9.000e-05  9.000e-05
0 0 1 0 16 e   2117.044482369  2117.044482623  4.099e-06  3.564e-03  3.564e-03
0 4 0 2 9 f   2117.886446801  2117.886495776  1.086e-03  5.064e-03  7.116e-03
0 4 0 2 9 e   2117.888278357  2117.888462528  2.556e-04  5.064e-03  7.116e-03
0 4 0 0 8 e   2119.513275613  2119.513277133  8.817e-06  9.000e-05  9.000e-05
1 2 0 0 33 e   2119.924674672  2119.924210998  3.241e-03  1.000e-01  1.000e-01
0 4 0 2 10 f   2121.967322065  2121.967370888  1.086e-03  5.064e-03  7.116e-03
0 4 0 2 10 e   2121.969061060  2121.969245247  2.556e-04  5.064e-03  7.116e-03
0 4 0 0 9 e   2123.184641990  2123.184643514  8.828e-06  9.001e-05  9.001e-05
0 0 1 0 17 e   2123.899404595  2123.899404628  1.258e-05  3.564e-03  3.564e-03
0 4 0 2 11 e   2126.457862200  2126.458046414  2.556e-04  5.064e-03  7.116e-03
0 4 0 2 11 f   2126.460583389  2126.460631934  1.086e-03  5.064e-03  7.116e-03
0 4 0 0 10 e   2127.263923455  2127.263924973  8.847e-06  9.000e-05  9.001e-05
2 0 0 0 45 e   2128.167175153  2128.167171462  1.495e-05  1.031e-04  1.060e-04
0 0 1 0 18 e   2131.157487656  2131.157487717  2.262e-07  3.564e-03  3.564e-03
0 4 0 2 12 e   2131.354666116  2131.354850341  2.556e-04  5.064e-03  7.116e-03
0 4 0 2 12 f   2131.357544022  2131.357592383  1.086e-03  5.064e-03  7.116e-03
0 4 0 0 11 e   2131.751115105  2131.751116598  8.851e-06  9.000e-05  9.000e-05
1 2 0 0 34 e   2133.694079928  2133.694080288  1.085e-06  2.003e-04  2.003e-04
0 3 0 1 52 e   2134.054319174  2134.054321528  1.087e-04  8.009e-04  8.035e-04
0 3 0 1 52 f   2135.189196076  2135.189185270  2.184e-05  1.032e-04  1.210e-04
1 0 0 0 79 e   2135.428005684  2135.428061110  3.987e-04  9.566e-05  1.882e-03
0 4 0 0 12 e   2136.646208686  2136.646210164  8.841e-06  9.001e-05  9.001e-05
0 4 0 2 13 e   2136.659527937  2136.659627408  2.879e-04  5.064e-03  7.116e-03
0 4 0 2 13 f   2136.659784877  2136.659877327  3.192e-04  5.064e-03  7.116e-03
1 1 0 1 61 e   2137.829341618  2137.829383352  1.881e-04  4.578e-04  9.985e-04
1 1 0 1 61 f   2138.688773055  2138.688854401  4.255e-04  9.356e-04  1.853e-03
0 0 1 0 19 e   2138.818655432  2138.818655722  5.844e-06  3.564e-03  3.564e-03
0 4 0 0 13 e   2141.949204699  2141.949206506  8.840e-06  9.001e-05  9.001e-05
0 4 0 2 14 e   2142.372204480  2142.372308535  2.388e-04  5.064e-03  7.116e-03
0 4 0 2 14 f   2142.372545697  2142.372625234  2.781e-04  5.064e-03  7.116e-03
0 2 0 0 73 e   2145.180353099  2145.180406373  3.991e-04  8.023e-04  1.754e-03
2 0 0 0 46 e   2146.699976597  2146.699974424  1.660e-05  1.058e-04  1.089e-04
0 0 1 0 20 e   2146.882885484  2146.882885222  5.315e-06  3.564e-03  3.564e-03
0 4 0 0 14 e   2147.660085982  2147.660092248  3.887e-05  9.001e-05  9.001e-05
1 2 0 0 35 e   2147.907597409  2147.908389113  8.328e-03  1.000e-01  1.000e-01
0 4 0 2 15 e   2148.492895763  2148.492997927  2.902e-04  5.064e-03  7.116e-03
0 4 0 2 15 f   2148.493340563  2148.493446985  2.404e-04  5.064e-03  7.116e-03
0 4 0 0 15 e   2153.778856726  2153.778860008  1.378e-05  9.001e-05  9.001e-05
0 4 0 2 16 e   2155.021710841  2155.021825374  2.701e-04  5.250e-03  7.250e-03
0 4 0 2 16 f   2155.022268695  2155.022406687  2.323e-04  5.064e-03  7.116e-03
0 0 1 0 21 e   2155.350234515  2155.350236342  2.433e-05  3.564e-03  3.564e-03
0 3 0 1 53 e   2155.606993330  2155.606999876  1.959e-04  8.009e-04  8.040e-04
0 3 0 1 53 f   2156.784971299  2156.784965664  5.368e-05  8.009e-04  8.045e-04
0 4 0 0 16 e   2160.305499886  2160.305496983  1.223e-05  9.001e-05  9.001e-05
0 4 0 2 17 e   2161.958630192  2161.958885081  6.389e-04  5.250e-03  7.250e-03
0 4 0 2 17 f   2161.959514430  2161.959797332  6.872e-04  5.250e-03  7.250e-03
1 2 0 0 36 e   2162.500538986  2162.500544461  1.723e-05  1.001e-03  1.001e-03
1 1 0 1 62 e   2162.901527794  2162.901569528  1.881e-04  4.578e-04  1.098e-03
1 1 0 1 62 f   2163.788956609  2163.789037955  4.255e-04  9.356e-04  1.600e-03
0 0 1 0 22 e   2164.220535648  2164.220535519  5.412e-06  3.564e-03  3.564e-03
2 0 0 0 47 e   2165.634913247  2165.634907283  1.792e-05  2.527e-05  4.149e-05
0 4 0 0 17 e   2167.240024678  2167.240016154  2.577e-05  9.001e-05  9.001e-05
1 0 0 0 80 e   2167.697507814  2167.697562484  3.989e-04  1.009e-04  1.924e-03
0 4 0 2 18 e   2169.302881841  2169.302985346  3.446e-04  5.250e-03  7.250e-03
0 4 0 2 18 f   2169.303796902  2169.303912560  3.135e-04  5.064e-03  7.116e-03
0 0 1 0 23 e   2173.493876785  2173.493877425  2.710e-05  3.564e-03  3.564e-03
0 4 0 0 18 e   2174.582415024  2174.582413357  1.190e-05  9.000e-05  9.001e-05
0 2 0 0 74 e   2175.236099933  2175.236153730  3.986e-04  1.601e-03  2.270e-03
0 4 0 2 19 e   2177.054999313  2177.055112610  3.438e-04  5.250e-03  7.250e-03
0 4 0 2 19 f   2177.055879932  2177.056039787  3.567e-04  5.064e-03  7.116e-03
1 2 0 0 37 e   2177.512188883  2177.512191313  6.911e-04  1.001e-03  1.001e-03
0 3 0 1 54 e   2177.564964461  2177.564971039  2.632e-04  8.014e-04  8.562e-04
0 3 0 1 54 f   2178.787480293  2178.787456671  1.057e-04  8.009e-04  8.054e-04
0 4 0 0 19 e   2182.332655627  2182.332650133  1.722e-05  9.001e-05  9.001e-05
0 0 1 0 24 e   2183.170235621  2183.170236261  2.710e-05  3.564e-03  3.564e-03
2 0 0 0 48 e   2184.971819745  2184.971814259  1.869e-05  1.064e-04  1.128e-04
0 4 0 2 20 e   2185.215515256  2185.215616288  5.299e-04  5.250e-03  7.250e-03
0 4 0 2 20 f   2185.216557017  2185.216520757  7.906e-04  5.064e-03  7.116e-03
1 1 0 1 63 e   2188.376679600  2188.376721334  1.881e-04  4.578e-04  1.190e-03
1 1 0 1 63 f   2189.292546943  2189.292628289  4.255e-04  9.356e-04  1.297e-03
0 4 0 0 20 e   2190.491010245  2190.491005552  3.446e-04  8.000e-04  8.000e-04
1 2 0 0 38 e   2192.928194648  2192.928196672  6.513e-06  1.001e-03  1.001e-03
0 0 1 0 25 e   2193.249546087  2193.249546146  2.269e-07  3.564e-03  3.564e-03
0 4 0 2 21 e   2193.782976698  2193.782932997  4.954e-04  5.250e-03  7.250e-03
0 4 0 2 21 f   2193.784442055  2193.784433298  3.922e-04  5.064e-03  7.116e-03
0 4 0 0 21 e   2199.056619556  2199.056619715  5.797e-07  4.128e-06  4.223e-06
0 3 0 1 55 e   2199.928537161  2199.928581703  2.293e-04  9.064e-04  9.112e-04
1 0 0 0 81 e   2200.368070936  2200.368126240  3.983e-04  1.092e-04  1.964e-03
0 3 0 1 55 f   2201.196389346  2201.196397393  2.933e-04  8.014e-04  8.074e-04
0 4 0 2 22 e   2202.757893445  2202.758048452  6.053e-04  5.064e-03  7.116e-03
0 4 0 2 22 f   2202.771281373  2202.770838106  2.243e-03  5.064e-03  7.116e-03
0 0 1 0 26 e   2203.731822017  2203.731822312  1.808e-06  3.564e-03  3.564e-03
2 0 0 0 49 e   2204.710750657  2204.710745094  1.792e-05  1.064e-04  1.143e-04
0 2 0 0 75 e   2205.696545899  2205.696602799  3.994e-04  1.174e-04  1.705e-03
0 4 0 0 22 e   2208.030401537  2208.030545060  4.776e-04  8.000e-04  8.000e-04
1 2 0 0 39 e   2208.750357886  2208.750352332  2.078e-05  2.003e-04  2.003e-04
0 4 0 2 23 e   2212.139768927  2212.139936959  4.066e-04  5.064e-03  7.116e-03
0 4 0 2 23 f   2212.148238058  2212.148084943  6.725e-04  5.064e-03  7.116e-03
1 1 0 1 64 e   2214.256039563  2214.255869834  1.066e-03  5.853e-04  1.761e-03
0 0 1 0 27 e   2214.617008915  2214.617007215  3.725e-05  3.564e-03  3.564e-03
1 1 0 1 64 f   2215.199474538  2215.199555884  4.255e-04  9.356e-04  1.358e-03
0 4 0 0 23 e   2217.411935940  2217.411935990  3.294e-07  4.128e-06  4.236e-06
2 1 0 1 1 e   2218.432538218  2218.432525434  1.683e-04  3.900e-03  5.515e-03
2 1 0 1 1 f   2218.434032735  2218.433902865  7.940e-04  3.900e-03  5.515e-03
2 1 0 1 2 e   2219.240415113  2219.240402328  1.683e-04  3.900e-03  3.900e-03
2 1 0 1 2 f   2219.242881635  2219.242751765  7.940e-04  3.900e-03  3.900e-03
2 1 0 1 3 e   2220.453685837  2220.453672782  1.681e-04  3.900e-03  3.900e-03
2 1 0 1 3 f   2220.454696648  2220.454567903  7.951e-04  3.900e-03  3.900e-03
0 4 0 2 24 e   2221.931682051  2221.931793945  5.593e-04  5.064e-03  7.116e-03
0 4 0 2 24 f   2221.947490767  2221.947168766  2.753e-03  5.064e-03  7.116e-03
2 1 0 1 4 e   2222.068391339  2222.068391491  7.218e-07  3.900e-03  3.900e-03
2 1 0 1 4 f   2222.073257026  2222.073257178  7.218e-07  3.900e-03  3.900e-03
0 3 0 1 56 e   2222.698183291  2222.698232485  9.021e-04  8.014e-04  9.511e-04
0 3 0 1 56 f   2224.011706738  2224.011723532  1.376e-04  8.014e-04  8.085e-04
2 1 0 1 5 e   2224.088060159  2224.088060311  7.218e-07  3.900e-03  5.515e-03
2 1 0 1 5 f   2224.095373940  2224.095374092  7.218e-07  3.900e-03  5.515e-03
2 0 0 0 50 e   2224.851634213  2224.851630621  2.496e-05  1.064e-04  1.163e-04
1 2 0 0 40 e   2224.977713979  2224.977687046  2.207e-03  1.000e-01  1.000e-01
0 0 1 0 28 e   2225.905034724  2225.905035720  2.819e-05  3.564e-03  3.564e-03
2 1 0 1 6 e   2226.512041892  2226.511997766  5.769e-04  3.900e-03  3.900e-03
2 1 0 1 6 f   2226.522265942  2226.522259250  5.125e-04  3.900e-03  3.900e-03
0 4 0 0 24 e   2227.201185882  2227.201229387  2.026e-04  8.000e-04  8.000e-04
2 1 0 1 7 e   2229.339731306  2229.339731110  3.948e-04  3.900e-03  3.900e-03
2 1 0 1 7 f   2229.353375864  2229.353425007  3.922e-04  3.900e-03  3.900e-03
0 2 0 2 76 e   2230.723666332  2230.723720177  3.986e-04  1.173e-04  1.751e-03
0 4 0 2 25 e   2232.129438940  2232.129619446  4.280e-04  5.001e-03  7.072e-03
0 4 0 2 25 f   2232.140745867  2232.140769129  5.002e-04  5.001e-03  7.072e-03
1 0 0 0 82 e   2233.439605782  2233.439658173  4.008e-04  1.146e-04  2.004e-03
2 1 0 1 9 e   2236.206604268  2236.206604348  6.276e-07  3.900e-03  3.900e-03
2 1 0 1 9 f   2236.228543867  2236.228543946  6.275e-07  3.900e-03  3.900e-03
0 4 0 0 25 e   2237.398497039  2237.398573999  2.321e-04  8.000e-04  8.000e-04
0 0 1 0 29 e   2237.596050265  2237.596049312  3.236e-05  3.564e-03  3.564e-03
2 1 0 1 10 e   2240.244728991  2240.244737480  4.101e-04  3.900e-03  3.900e-03
2 1 0 1 10 f   2240.271630694  2240.271629076  3.865e-04  3.900e-03  3.900e-03
1 1 0 1 65 e   2240.535971705  2240.536137612  6.358e-04  3.387e-04  1.253e-03
1 1 0 1 65 f   2241.509504829  2241.509558593  3.993e-04  6.700e-04  1.332e-03
1 2 0 0 41 e   2241.612475614  2241.612506023  5.931e-04  1.000e-01  1.000e-01
0 4 0 2 26 e   2242.732512899  2242.732904520  3.848e-03  5.064e-03  7.116e-03
0 4 0 2 26 f   2242.747910067  2242.747619751  7.093e-04  5.064e-03  7.116e-03
2 1 0 1 11 e   2244.687474344  2244.687492627  5.051e-05  2.001e-04  2.002e-04
2 1 0 1 11 f   2244.720571007  2244.720580026  2.931e-05  2.001e-04  2.002e-04
2 0 0 0 51 e   2245.394389445  2245.394392051  3.702e-05  4.642e-05  6.967e-05
0 3 0 1 57 e   2245.874198686  2245.874087903  7.540e-04  8.015e-04  8.088e-04
0 3 0 1 57 f   2247.233352108  2247.233410313  3.597e-04  8.019e-04  8.587e-04
0 4 0 0 26 e   2248.003442429  2248.003440603  1.673e-05  1.000e-04  1.000e-04
2 1 0 1 12 e   2249.535653540  2249.535653799  8.734e-07  3.900e-03  3.900e-03
2 1 0 1 12 f   2249.573768250  2249.573768325  6.019e-07  3.900e-03  3.900e-03
0 0 1 0 30 e   2249.689755386  2249.689755444  2.263e-07  3.564e-03  3.564e-03
0 4 0 2 27 e   2253.750643568  2253.750836966  7.032e-04  5.250e-03  7.250e-03
0 4 0 2 27 f   2253.763143145  2253.762975576  6.523e-04  5.064e-03  7.116e-03
2 1 0 1 13 e   2254.786059507  2254.786042605  3.292e-04  3.900e-03  3.900e-03
2 1 0 1 13 f   2254.830536047  2254.830547190  2.926e-04  3.900e-03  3.900e-03
1 2 0 0 42 e   2258.655537824  2258.655537882  2.265e-07  1.000e-01  1.000e-01
0 4 0 0 27 e   2259.016114051  2259.016120754  1.616e-05  1.001e-04  1.001e-04
2 1 0 1 14 e   2260.440325601  2260.440297548  1.301e-04  3.900e-03  3.900e-03
2 1 0 1 14 f   2260.490492416  2260.490502869  9.856e-04  3.900e-03  3.900e-03
0 0 1 0 31 e   2262.185915581  2262.185915640  2.262e-07  1.876e-06  2.199e-06
0 4 0 2 28 e   2265.169274706  2265.170256203  2.387e-03  5.064e-03  7.116e-03
0 4 0 2 28 f   2265.186879507  2265.186684877  6.990e-04  5.064e-03  7.116e-03
2 0 0 0 52 e   2266.338975984  2266.338977980  3.058e-05  1.111e-04  1.264e-04
2 1 0 1 15 e   2266.498487954  2266.498462610  5.651e-04  3.900e-03  3.900e-03
2 1 0 1 15 f   2266.557018263  2266.556949318  6.097e-04  3.900e-03  3.900e-03
1 0 0 0 83 e   2266.912031096  2266.912090288  3.985e-04  1.262e-04  2.043e-03
1 1 0 1 66 e   2267.221324048  2267.221114639  1.041e-03  7.229e-04  1.793e-03
0 2 0 0 77 e   2267.830709602  2267.830763467  3.986e-04  8.023e-04  1.926e-03
1 1 0 1 66 f   2268.223027748  2268.223089973  4.010e-04  6.700e-04  1.391e-03
0 3 0 1 58 e   2269.455472765  2269.455298432  1.054e-03  4.386e-04  1.561e-03
0 4 0 0 28 e   2270.436576621  2270.436582177  1.302e-04  8.000e-04  8.000e-04
0 3 0 1 58 f   2270.861158138  2270.861212047  3.554e-04  1.105e-04  5.192e-04
2 1 0 1 16 e   2272.961480534  2272.961435701  9.744e-05  5.004e-04  5.004e-04
2 1 0 1 16 f   2273.026454513  2273.026492891  1.272e-04  5.003e-04  5.004e-04
0 0 1 0 32 e   2275.085202394  2275.085202452  2.263e-07  8.586e-07  1.450e-06
1 2 0 0 43 e   2276.090318094  2276.090319040  6.435e-06  1.001e-03  1.001e-03
0 4 0 2 29 e   2276.999635783  2276.999699205  4.163e-04  5.001e-03  7.072e-03
0 4 0 2 29 f   2277.017227984  2277.017262535  5.883e-04  5.001e-03  7.072e-03
2 1 0 1 17 e   2279.826807305  2279.826808664  2.885e-06  1.334e-04  1.335e-04
2 1 0 1 17 f   2279.901791713  2279.901791723  7.785e-07  1.668e-04  1.668e-04
0 4 0 0 29 e   2282.264941323  2282.264991321  2.349e-04  8.000e-04  8.000e-04
2 1 0 1 18 e   2287.099837090  2287.099821496  1.416e-03  3.900e-03  3.900e-03
2 1 0 1 18 f   2287.183401832  2287.183368267  1.343e-03  3.900e-03  3.900e-03
2 0 0 0 53 e   2287.685330011  2287.685330400  3.332e-05  1.115e-04  1.296e-04
0 0 1 0 33 e   2288.387186197  2288.387195838  2.670e-05  3.336e-04  3.336e-04
0 4 0 2 30 e   2289.233991029  2289.234780592  2.155e-03  5.064e-03  7.116e-03
0 4 0 2 30 f   2289.254737591  2289.254701812  1.101e-03  5.064e-03  7.116e-03
0 3 0 1 59 e   2293.441416905  2293.441242572  1.054e-03  4.386e-04  1.549e-03
1 2 0 0 44 e   2293.937401063  2293.937401164  3.003e-07  2.336e-04  2.336e-04
1 1 0 1 67 e   2294.308520028  2294.308170441  9.701e-04  1.315e-03  1.999e-03
0 4 0 0 30 e   2294.500763014  2294.500764440  1.906e-05  1.001e-04  1.001e-04
2 1 0 1 19 e   2294.770073325  2294.770073704  1.444e-06  3.900e-03  3.900e-03
2 1 0 1 19 f   2294.863226769  2294.863226946  4.896e-07  3.900e-03  3.900e-03
0 3 0 1 59 f   2294.895230516  2294.895284425  3.554e-04  1.105e-04  6.291e-04
1 1 0 1 67 f   2295.339543237  2295.339605463  4.010e-04  6.700e-04  1.445e-03
0 2 0 0 78 e   2299.504455531  2299.504509414  3.986e-04  1.601e-03  2.406e-03
1 0 0 0 84 e   2300.785245598  2300.785300356  3.974e-04  1.382e-04  2.081e-03
0 4 0 2 31 e   2301.879375663  2301.879450070  6.464e-04  5.064e-03  7.116e-03
0 4 0 2 31 f   2301.902452764  2301.902451316  9.818e-05  5.064e-03  7.116e-03
0 0 1 0 34 e   2302.091913794  2302.091913853  2.264e-07  1.185e-06  1.695e-06
2 1 0 1 20 e   2302.847411275  2302.847411812  2.432e-06  3.800e-03  3.800e-03
2 1 0 1 20 f   2302.949522563  2302.949522783  6.362e-07  3.900e-03  3.900e-03
0 4 0 0 31 e   2307.144410872  2307.144428764  3.873e-04  8.000e-04  8.000e-04
2 0 0 0 54 e   2309.433394067  2309.433398534  3.567e-05  1.147e-04  1.407e-04
2 1 0 1 21 e   2311.328750735  2311.328751017  3.346e-06  3.800e-03  3.800e-03
1 2 0 0 45 e   2312.190604132  2312.190596049  2.422e-05  1.001e-03  1.002e-03
0 4 0 2 32 e   2314.928459677  2314.929151686  2.045e-03  5.064e-03  7.116e-03
0 4 0 2 32 f   2314.955885562  2314.955846837  2.048e-04  5.064e-03  7.116e-03
0 0 1 0 35 e   2316.199613031  2316.199613089  2.263e-07  3.564e-03  3.564e-03
0 3 0 1 60 e   2317.832747100  2317.832572766  1.054e-03  4.386e-04  1.561e-03
0 3 0 1 60 f   2319.335462605  2319.335516514  3.554e-04  1.105e-04  7.226e-04
0 4 0 0 32 e   2320.195953911  2320.196014150  3.342e-04  8.000e-04  8.000e-04
2 1 0 1 22 e   2320.213582324  2320.213582660  2.182e-06  3.800e-03  3.800e-03
2 1 0 1 22 f   2320.337884991  2320.337885200  8.742e-07  3.800e-03  3.800e-03
1 1 0 1 68 e   2321.794225460  2321.794233955  4.579e-04  3.527e-03  5.119e-03
0 4 0 2 33 e   2328.388718299  2328.388685170  6.474e-04  5.064e-03  7.116e-03
0 4 0 2 33 f   2328.417792286  2328.417792106  1.632e-04  5.064e-03  7.116e-03
2 1 0 1 23 e   2329.502352985  2329.502353198  2.096e-06  3.800e-03  3.800e-03
2 1 0 1 23 f   2329.637119214  2329.637119259  1.452e-06  3.800e-03  3.800e-03
0 0 1 0 36 e   2330.709621410  2330.709620963  6.979e-05  3.564e-03  3.564e-03
1 2 0 0 46 e   2330.825133755  2330.825100547  2.139e-03  1.000e-01  1.000e-01
2 0 0 0 55 e   2331.583119643  2331.583123528  3.657e-05  1.147e-04  1.439e-04
0 4 0 0 33 e   2333.654840025  2333.654893580  3.730e-04  8.000e-04  8.000e-04
1 0 0 0 85 e   2335.059168250  2335.059226251  4.005e-04  1.534e-04  2.120e-03
2 1 0 1 24 e   2339.193408583  2339.193408597  1.703e-06  1.668e-04  1.668e-04
2 1 0 1 24 f   2339.339900582  2339.339900618  1.652e-06  1.668e-04  1.668e-04
0 4 0 2 34 e   2342.252293479  2342.253439928  2.730e-03  5.064e-03  7.116e-03
0 4 0 2 34 f   2342.286129137  2342.286138177  2.405e-04  5.064e-03  7.116e-03
0 3 0 1 61 e   2342.629406224  2342.629231891  1.054e-03  4.386e-04  1.612e-03
0 3 0 1 61 f   2344.181793145  2344.181847055  3.554e-04  1.105e-04  8.052e-04
1 2 0 2 47 e   2344.741184465  2344.741174990  1.950e-05  5.023e-03  7.088e-03
0 0 1 0 37 e   2345.622109173  2345.622108252  1.785e-05  3.564e-03  3.564e-03
0 4 0 0 34 e   2347.521577360  2347.521590855  2.514e-04  8.000e-04  8.000e-04
2 1 0 1 25 f   2349.449619214  2349.449619259  1.452e-06  3.800e-03  3.800e-03
1 1 0 1 69 e   2349.688755251  2349.688246079  9.288e-04  9.962e-04  1.869e-03
1 2 0 0 47 e   2349.910556669  2349.910563387  3.141e-05  1.101e-04  1.137e-04
1 1 0 1 69 f   2350.781906699  2350.781963546  4.019e-04  3.526e-03  5.148e-03
2 0 0 0 56 e   2354.134567123  2354.134602795  2.599e-04  1.147e-04  2.772e-04
0 4 0 2 35 e   2356.526097618  2356.525710328  9.170e-04  5.064e-03  7.116e-03
0 4 0 2 35 f   2356.563007997  2356.563011591  9.163e-05  5.064e-03  7.116e-03
2 1 0 1 26 e   2359.772242255  2359.771458812  1.305e-02  3.800e-03  1.305e-02
2 1 0 1 26 f   2359.958963967  2359.958817813  8.966e-04  3.800e-03  3.800e-03
0 0 1 0 38 e   2360.937237079  2360.937235415  3.717e-05  3.564e-03  3.564e-03
0 4 0 0 35 e   2361.796097092  2361.796139262  2.879e-04  8.000e-04  8.000e-04
0 3 0 1 62 e   2367.831336404  2367.831162071  1.054e-03  4.386e-04  1.660e-03
1 2 0 0 48 e   2369.378492637  2369.378485540  1.944e-05  6.675e-04  6.684e-04
0 3 0 1 62 f   2369.434160625  2369.434214534  3.554e-04  1.105e-04  8.801e-04
1 0 0 0 86 e   2369.733699241  2369.733758399  4.032e-04  1.719e-04  2.157e-03
2 1 0 1 27 e   2370.690785979  2370.690845118  8.644e-04  3.800e-03  3.800e-03
2 1 0 1 27 f   2370.875333244  2370.875337346  1.537e-05  2.002e-04  2.002e-04
0 4 0 2 36 e   2371.203509225  2371.203993961  2.277e-03  5.064e-03  7.116e-03
0 4 0 2 36 f   2371.246902799  2371.246939409  2.246e-04  5.064e-03  7.116e-03
0 4 0 0 36 e   2376.478066510  2376.478108761  2.311e-04  8.000e-04  8.000e-04
0 0 1 0 39 e   2376.654765580  2376.654764032  3.106e-05  3.564e-03  3.564e-03
2 0 0 0 57 e   2377.087423450  2377.087439703  1.928e-04  1.147e-04  2.197e-04
1 1 0 1 70 e   2377.980698758  2377.980696935  4.545e-04  3.580e-03  5.186e-03
1 1 0 1 70 f   2379.106568843  2379.106628158  4.058e-04  3.526e-03  5.164e-03
2 1 0 1 28 e   2381.996783921  2381.996796026  3.726e-05  2.669e-04  2.669e-04
2 1 0 1 28 f   2382.196205678  2382.196205883  1.193e-06  3.800e-03  3.800e-03
1 2 0 0 49 e   2389.251462074  2389.251271873  4.211e-03  5.000e-02  5.000e-02
0 4 0 0 37 e   2391.567826407  2391.567949457  4.795e-04  8.000e-04  8.000e-04
0 0 1 0 40 e   2392.774871118  2392.774869218  5.454e-05  3.564e-03  3.564e-03
0 3 0 1 63 e   2393.438478999  2393.438304666  1.054e-03  4.386e-04  1.708e-03
2 1 0 1 29 e   2393.708526555  2393.708594535  6.489e-04  3.800e-03  3.800e-03
2 1 0 1 29 f   2393.920790673  2393.920796149  6.610e-04  3.900e-03  3.900e-03
0 3 0 1 63 f   2395.092502040  2395.092555949  3.554e-04  1.105e-04  9.492e-04
2 0 0 0 58 e   2400.441888297  2400.441943039  4.006e-04  1.181e-04  5.768e-04
0 4 0 2 38 e   2401.783806206  2401.784234968  2.336e-03  5.064e-03  7.116e-03
0 4 0 2 38 f   2401.837725395  2401.837630701  4.553e-04  5.081e-03  1.005e-02
1 0 0 0 87 e   2404.808755558  2404.808810268  4.062e-04  1.906e-04  2.194e-03
2 1 0 1 30 e   2405.819804666  2405.819804438  1.760e-06  3.800e-03  3.800e-03
2 1 0 1 30 f   2406.048205678  2406.048205883  1.193e-06  3.900e-03  3.900e-03
0 4 0 0 38 e   2407.065041545  2407.065225775  4.545e-04  8.000e-04  8.000e-04
0 0 1 0 41 e   2409.297343475  2409.297341574  5.454e-05  3.564e-03  3.564e-03
1 2 0 0 50 e   2409.525691439  2409.525377648  4.279e-03  5.000e-02  5.000e-02
1 3 0 1 1 e   2412.528459238  2412.528484196  9.589e-05  2.413e-04  2.413e-04
1 3 0 1 1 f   2412.529410473  2412.529381718  6.951e-05  2.413e-04  2.413e-04
1 3 0 1 2 e   2413.340627763  2413.340652713  9.590e-05  2.407e-04  2.407e-04
1 3 0 1 2 f   2413.343313532  2413.343284773  6.951e-05  2.407e-04  2.407e-04
1 3 0 1 3 e   2414.558877420  2414.558902641  9.593e-05  2.003e-04  2.003e-04
1 3 0 1 3 f   2414.564166370  2414.564138023  6.958e-05  2.003e-04  2.003e-04
1 3 0 1 4 e   2416.183193767  2416.183218989  9.593e-05  2.003e-04  2.003e-04
1 3 0 1 4 f   2416.191972631  2416.191944285  6.958e-05  2.003e-04  2.003e-04
0 4 0 2 39 e   2417.686606709  2417.688151875  4.272e-03  5.064e-03  7.116e-03
0 4 0 2 39 f   2417.742787268  2417.742785771  1.008e-04  5.001e-03  7.072e-03
1 3 0 1 5 e   2418.213581704  2418.213606927  9.593e-05  2.003e-04  2.003e-04
1 3 0 1 5 f   2418.226724069  2418.226695410  6.979e-05  2.003e-04  2.003e-04
2 1 0 1 31 e   2418.336754520  2418.336887116  9.977e-04  3.800e-03  3.800e-03
2 1 0 1 31 f   2418.579123973  2418.579036809  7.247e-04  3.900e-03  3.900e-03
1 3 0 1 6 e   2420.650035525  2420.650060748  9.593e-05  2.003e-04  2.003e-04
1 3 0 1 6 f   2420.668416581  2420.668387920  6.979e-05  2.003e-04  2.003e-04
0 3 0 1 64 f   2421.157106462  2421.157160214  3.997e-04  1.601e-03  1.879e-03
0 4 0 0 39 e   2422.970087159  2422.970129396  2.257e-04  8.000e-04  8.000e-04
1 3 0 1 7 e   2423.492410554  2423.492410099  9.388e-06  4.004e-04  4.004e-04
1 3 0 1 7 f   2423.516651945  2423.516647323  1.790e-05  4.004e-04  4.004e-04
2 0 0 0 59 e   2424.197625214  2424.197679956  4.006e-04  1.181e-04  6.075e-04
0 0 1 0 42 e   2426.221807662  2426.221817836  3.034e-05  2.669e-04  2.669e-04
1 3 0 1 8 e   2426.746443491  2426.745590194  6.566e-03  2.850e-02  2.850e-02
1 3 0 1 8 f   2426.764672873  2426.764927578  3.307e-03  2.850e-02  2.850e-02
1 2 0 0 51 e   2430.210701106  2430.210697639  3.140e-05  1.002e-03  1.003e-03
0 2 0 0 82 e   2430.239729796  2430.239783920  3.986e-04  1.174e-04  2.004e-03
1 3 0 1 9 e   2430.395614327  2430.395614424  6.760e-07  3.040e-05  3.044e-05
1 3 0 1 9 f   2430.420072774  2430.420843457  7.749e-03  2.850e-02  2.850e-02
2 1 0 1 32 e   2431.254665879  2431.254665662  1.924e-06  3.900e-03  3.900e-03
2 1 0 1 32 f   2431.513922212  2431.513922260  1.342e-06  3.900e-03  3.900e-03
0 4 0 2 40 e   2434.013705029  2434.013782434  1.612e-02  5.064e-03  1.688e-02
0 4 0 2 40 f   2434.056823716  2434.056678501  5.010e-04  5.064e-03  7.116e-03
1 3 0 1 10 e   2434.456261476  2434.456261573  6.754e-07  3.022e-05  3.026e-05
1 3 0 1 10 f   2434.489452064  2434.490222747  7.749e-03  2.850e-02  2.850e-02
1 3 0 1 11 e   2438.922934283  2438.922934379  6.747e-07  3.003e-05  3.007e-05
1 3 0 1 11 f   2438.965730150  2438.966500832  7.749e-03  2.850e-02  2.850e-02
0 4 0 0 40 e   2439.282128322  2439.282132755  1.716e-05  1.001e-04  1.001e-04
1 0 0 0 88 e   2440.284241799  2440.284300747  4.069e-04  2.128e-04  2.230e-03
0 0 1 0 43 e   2443.549320654  2443.549319025  1.367e-05  3.564e-03  3.564e-03
1 3 0 1 12 e   2443.795622275  2443.795622371  6.748e-07  3.022e-05  3.027e-05
1 3 0 1 12 f   2443.848896457  2443.849667139  7.749e-03  2.850e-02  2.850e-02
0 3 0 1 65 e   2445.868710177  2445.868522814  9.820e-04  9.565e-04  2.015e-03
0 3 0 1 65 f   2447.626719218  2447.626772982  3.993e-04  1.601e-03  1.972e-03
2 0 0 0 60 e   2448.354708419  2448.354763161  4.006e-04  1.181e-04  7.275e-04
1 3 0 1 13 e   2449.074282563  2449.074276373  3.625e-05  1.300e-04  1.301e-04
1 3 0 1 13 f   2449.126152922  2449.126944673  8.320e-03  2.850e-02  2.850e-02
0 4 0 2 41 e   2450.706547597  2450.706665666  2.909e-03  5.001e-03  7.072e-03
0 4 0 2 41 f   2450.779351417  2450.779327761  1.385e-04  7.071e-03  8.660e-03
1 2 0 0 52 e   2451.297555761  2451.297559068  3.624e-05  4.199e-05  7.347e-05
1 3 0 1 14 e   2454.769497663  2454.769497975  9.599e-07  2.850e-02  2.850e-02
1 3 0 1 14 f   2454.820416583  2454.820416652  4.359e-07  2.850e-02  2.850e-02
0 4 0 0 41 e   2456.002221296  2456.002221835  3.406e-06  1.000e-04  1.000e-04
2 1 0 1 34 e   2458.306308392  2458.306308165  2.830e-06  3.900e-03  3.900e-03
2 1 0 1 34 f   2458.596203354  2458.596203747  2.667e-04  3.900e-03  3.900e-03
1 3 0 1 15 e   2460.849540392  2460.849535074  1.519e-04  2.336e-04  2.336e-04
1 3 0 1 15 f   2460.954735459  2460.954730854  1.255e-05  2.670e-04  2.670e-04
0 0 1 0 44 e   2461.278940417  2461.278938784  1.363e-05  3.564e-03  3.564e-03
1 3 0 1 16 e   2467.360934766  2467.358714792  1.305e-02  2.850e-02  2.850e-02
1 3 0 1 16 f   2467.438849943  2467.440828393  5.914e-03  2.850e-02  2.850e-02
0 4 0 2 42 f   2467.904580573  2467.904565676  5.502e-04  5.099e-03  7.142e-03
2 1 0 1 35 e   2472.435789746  2472.435787976  5.326e-06  3.900e-03  3.900e-03
0 3 0 1 66 e   2472.691130006  2472.690942643  9.820e-04  9.565e-04  1.759e-03
1 2 0 0 53 e   2472.789146408  2472.789149757  3.624e-05  3.363e-04  3.427e-04
2 0 0 0 61 e   2472.913072522  2472.913127264  4.006e-04  1.181e-04  8.296e-04
0 4 0 0 42 e   2473.129189825  2473.129249118  3.019e-04  8.000e-04  8.000e-04
1 3 0 1 17 e   2474.248948731  2474.248959360  3.710e-05  3.337e-04  3.337e-04
1 3 0 1 17 f   2474.383393274  2474.383389191  1.723e-05  3.337e-04  3.337e-04
0 3 0 1 66 f   2474.502593727  2474.502647491  3.993e-04  1.601e-03  2.540e-03
1 0 0 0 89 e   2476.160061485  2476.160113095  4.033e-04  2.353e-04  2.265e-03
0 0 1 0 45 e   2479.410598001  2479.410597831  3.729e-05  3.564e-03  3.564e-03
1 3 0 1 18 e   2481.600007259  2481.595688820  2.199e-02  2.850e-02  2.850e-02
1 3 0 1 18 f   2481.697539145  2481.697906591  2.218e-03  2.850e-02  2.850e-02
0 4 0 2 43 e   2485.403702304  2485.401967817  5.758e-03  7.084e-03  1.223e-02
0 4 0 2 43 f   2485.438422985  2485.438397442  2.288e-04  5.099e-03  7.141e-03
2 1 0 1 36 e   2486.968208392  2486.968208165  2.830e-06  3.900e-03  3.900e-03
1 3 0 1 19 e   2489.325616068  2489.322605030  2.623e-02  2.850e-02  2.850e-02
1 3 0 1 19 f   2489.434333260  2489.433709941  2.600e-03  2.850e-02  2.850e-02
0 4 0 0 43 e   2490.664214519  2490.664287253  3.128e-04  8.000e-04  8.000e-04
1 2 0 0 54 e   2494.685714590  2494.685716268  3.327e-05  1.150e-04  1.410e-04
1 3 0 1 20 e   2497.455611979  2497.449309400  2.854e-02  2.850e-02  2.854e-02
1 3 0 1 20 f   2497.574213635  2497.573590054  2.113e-03  2.850e-02  2.850e-02
2 0 0 0 62 e   2497.872651022  2497.872705764  4.006e-04  1.181e-04  9.213e-04
0 0 1 0 46 e   2497.944583755  2497.944580118  1.694e-05  3.564e-03  3.564e-03
0 2 0 0 84 e   2498.031083938  2498.031138502  3.988e-04  1.178e-04  2.082e-03
2 1 0 1 37 e   2501.907600297  2501.907795631  2.396e-03  3.900e-03  3.900e-03
2 1 0 1 37 f   2502.249300154  2502.249299200  4.132e-06  3.900e-03  3.900e-03
0 4 0 2 44 e   2503.356259379  2503.356200234  1.395e-03  7.071e-03  8.660e-03
0 4 0 2 44 f   2503.386363326  2503.386359959  1.143e-05  7.071e-03  8.660e-03
1 3 0 1 21 e   2505.988811510  2505.985026521  2.916e-02  2.850e-02  2.916e-02
1 3 0 1 21 f   2506.118462759  2506.118447647  3.093e-04  2.850e-02  2.850e-02
0 4 0 0 44 e   2508.606929216  2508.606925443  4.311e-05  1.334e-04  1.334e-04
1 0 0 0 90 e   2512.436127967  2512.436183538  4.021e-04  2.643e-04  2.300e-03
1 3 0 1 22 e   2514.850141745  2514.850141652  2.375e-06  3.109e-06  4.458e-06
1 3 0 1 22 f   2515.070996266  2515.070996419  1.268e-06  2.821e-06  3.992e-06
0 0 1 0 47 e   2516.880496164  2516.880488976  2.504e-05  3.564e-03  3.564e-03
1 2 0 0 55 e   2516.986622875  2516.986626943  3.650e-05  2.702e-04  2.839e-04
0 4 0 2 45 e   2521.698527653  2521.698519118  1.639e-04  7.071e-03  8.660e-03
0 4 0 2 45 f   2521.734759511  2521.734759472  1.945e-04  7.071e-03  8.660e-03
2 0 0 0 63 e   2523.233377038  2523.233431780  4.006e-04  1.181e-04  1.004e-03
1 3 0 1 23 e   2524.269918824  2524.264728522  3.816e-02  2.850e-02  3.816e-02
1 3 0 1 23 f   2524.427838309  2524.427630859  1.333e-03  2.850e-02  2.850e-02
0 4 0 0 45 e   2526.956721255  2526.956787652  3.668e-04  8.001e-04  8.002e-04
2 1 0 1 39 e   2532.987191547  2532.987197047  5.678e-05  2.002e-04  2.002e-04
2 1 0 1 39 f   2533.367338286  2533.367337332  4.132e-06  2.002e-04  2.002e-04
1 3 0 1 24 e   2534.023112126  2534.013563887  4.512e-02  2.850e-02  4.512e-02
1 3 0 1 24 f   2534.191386188  2534.191248087  1.918e-03  2.850e-02  2.850e-02
0 0 1 0 48 e   2536.218757093  2536.218751237  1.794e-05  3.564e-03  3.564e-03
1 2 0 0 56 e   2539.736891333  2539.736894759  3.632e-05  1.000e-01  1.000e-01
0 4 0 2 46 e   2540.450880028  2540.450838058  1.385e-03  7.071e-03  8.660e-03
0 4 0 2 46 f   2540.491461541  2540.491455868  1.780e-05  7.071e-03  8.660e-03
1 3 0 1 25 e   2544.080895822  2544.080986213  3.299e-04  5.005e-04  5.005e-04
1 3 0 1 25 f   2544.358203970  2544.357948734  1.434e-03  2.850e-02  2.850e-02
0 4 0 0 46 e   2545.713942144  2545.713991813  2.035e-04  8.001e-04  8.004e-04
2 0 0 0 64 e   2548.995190861  2548.995246284  4.030e-04  1.274e-04  1.081e-03
1 0 0 0 91 e   2549.112405241  2549.112461520  4.007e-04  2.936e-04  2.333e-03
2 1 0 1 40 e   2549.134390059  2549.134340871  1.317e-03  3.900e-03  3.900e-03
2 1 0 1 40 f   2549.534864458  2549.534864510  3.638e-06  4.000e-03  4.000e-03
1 3 0 1 26 e   2554.733572706  2554.722006706  4.143e-02  2.850e-02  4.143e-02
1 3 0 1 26 f   2554.930694006  2554.931936386  5.271e-03  2.850e-02  2.850e-02
0 0 1 0 49 e   2555.958533888  2555.958528096  1.792e-05  2.508e-05  4.873e-05
3 0 0 0 0 e   2555.990547572  2555.990568973  8.305e-04  4.000e-03  5.657e-03
3 0 0 0 1 e   2556.392559777  2556.392581177  8.305e-04  4.000e-03  4.000e-03
3 0 0 0 2 e   2557.196583039  2557.196604439  8.305e-04  4.000e-03  4.000e-03
3 0 0 0 3 e   2558.402974613  2558.402940726  3.023e-04  4.000e-03  4.000e-03
0 4 0 2 47 e   2559.612914465  2559.612904990  1.950e-05  7.071e-03  8.660e-03
3 0 0 0 4 e   2560.011999637  2560.011990422  4.858e-04  4.000e-03  4.000e-03
3 0 0 0 5 e   2562.021567250  2562.021549182  8.005e-04  4.000e-03  4.000e-03
1 2 0 0 57 e   2562.853568642  2562.854339588  8.432e-03  1.000e-01  1.000e-01
3 0 0 0 6 e   2564.433811379  2564.433808908  3.599e-04  4.000e-03  4.000e-03
0 4 0 0 47 e   2564.878758185  2564.878822210  2.457e-04  8.002e-04  8.007e-04
1 3 0 1 27 e   2565.597308623  2565.597411772  4.379e-04  6.673e-04  6.673e-04
2 1 0 1 41 e   2565.681518109  2565.681516685  6.042e-06  3.900e-03  3.900e-03
1 3 0 1 27 f   2565.927574041  2565.927570187  1.627e-05  2.670e-04  2.670e-04
3 0 0 0 7 e   2567.250013808  2567.250013272  2.462e-06  4.000e-03  4.000e-03
0 2 0 0 86 e   2567.437484875  2567.437539696  3.989e-04  1.180e-04  2.157e-03
3 0 0 0 8 e   2570.463540813  2570.463540857  2.196e-07  4.000e-03  4.000e-03
3 0 0 0 9 e   2574.081454998  2574.081454773  2.711e-06  1.091e-04  1.091e-04
2 0 0 0 65 e   2575.157996356  2575.158052834  3.995e-04  1.274e-04  1.151e-03
0 1 1 1 1 e   2575.711502891  2575.711503151  9.065e-07  2.012e-05  2.023e-05
0 1 1 1 1 f   2575.711933502  2575.711933761  9.066e-07  2.012e-05  2.023e-05
0 0 1 0 50 e   2576.100715717  2576.100709926  1.792e-05  2.514e-05  5.333e-05
0 1 1 1 2 e   2576.519609961  2576.519651942  6.235e-04  4.300e-03  4.300e-03
0 1 1 1 2 f   2576.520378687  2576.520378896  8.302e-07  4.300e-03  6.081e-03
1 3 0 1 28 e   2577.071546888  2577.064251257  4.918e-02  2.850e-02  4.918e-02
1 3 0 1 28 f   2577.296755425  2577.298134420  6.658e-03  2.850e-02  2.850e-02
0 1 1 1 3 e   2577.731050712  2577.731092694  6.235e-04  4.300e-03  4.300e-03
0 1 1 1 3 f   2577.733110330  2577.733110538  8.302e-07  4.300e-03  4.300e-03
3 0 0 0 10 e   2578.102064133  2578.102033512  4.026e-04  3.900e-03  3.900e-03
0 1 1 1 4 e   2579.346164156  2579.346155786  3.755e-04  4.300e-03  6.081e-03
0 1 1 1 4 f   2579.349811318  2579.349785360  3.109e-04  4.300e-03  6.081e-03
0 1 1 1 5 e   2581.365218876  2581.365210556  3.755e-04  4.300e-03  4.300e-03
0 1 1 1 5 f   2581.371022401  2581.370996437  3.109e-04  4.300e-03  4.300e-03
3 0 0 0 11 e   2582.522868105  2582.522873834  3.512e-04  3.900e-03  3.900e-03
2 1 0 1 42 e   2582.633873674  2582.633872793  5.934e-06  4.000e-03  4.000e-03
2 1 0 1 42 f   2583.074064458  2583.074064510  3.638e-06  4.000e-03  4.000e-03
0 1 1 1 6 e   2583.788072722  2583.788064403  3.755e-04  4.300e-03  4.300e-03
0 1 1 1 6 f   2583.796463504  2583.796437540  3.109e-04  4.300e-03  4.300e-03
0 4 0 0 48 e   2584.450984711  2584.450972822  8.941e-05  8.002e-04  8.009e-04
0 3 0 1 70 f   2586.062782532  2586.062841846  4.058e-04  3.505e-03  5.149e-03
1 0 0 0 92 e   2586.188702072  2586.188756513  4.018e-04  3.263e-04  2.367e-03
1 2 0 0 58 e   2586.368197029  2586.368967975  8.432e-03  1.000e-01  1.000e-01
0 1 1 1 7 e   2586.614375573  2586.614375706  6.424e-07  1.592e-06  2.163e-06
0 1 1 1 7 f   2586.626449588  2586.626449734  6.425e-07  1.607e-06  2.186e-06
3 0 0 0 12 e   2587.347326534  2587.347389137  5.520e-04  3.900e-03  3.900e-03
1 3 0 1 29 e   2588.730574864  2588.730574040  3.922e-06  5.000e-02  5.000e-02
1 3 0 1 29 f   2589.100793881  2589.100794128  1.852e-06  5.000e-02  5.000e-02
0 1 1 1 8 e   2589.844806817  2589.844806915  6.624e-07  2.305e-06  2.722e-06
0 1 1 1 8 f   2589.860330457  2589.860330630  6.646e-07  2.316e-06  2.740e-06
3 0 0 0 13 e   2592.572924666  2592.572924241  1.229e-04  3.900e-03  3.900e-03
0 1 1 1 9 e   2593.479016448  2593.479016571  6.448e-07  2.005e-05  2.006e-05
0 1 1 1 9 f   2593.498419685  2593.498419840  6.469e-07  2.005e-05  2.010e-05
0 0 1 0 51 e   2596.645060724  2596.645066588  7.785e-05  3.564e-03  3.564e-03
0 1 1 1 10 e   2597.517529697  2597.517560895  3.930e-04  4.000e-03  4.000e-03
0 1 1 1 10 f   2597.541900020  2597.541900091  6.122e-07  4.300e-03  4.300e-03
3 0 0 0 14 e   2598.200187028  2598.200186725  2.985e-04  3.900e-03  3.900e-03
2 1 0 1 43 e   2599.990119010  2599.990124949  5.653e-05  4.000e-03  4.000e-03
2 1 0 1 43 f   2600.451397327  2600.451397942  7.049e-06  4.000e-03  4.000e-03
1 3 0 1 30 e   2600.905765879  2600.905765662  1.924e-06  5.000e-02  5.000e-02
1 3 0 1 30 f   2601.319122212  2601.319122260  1.342e-06  5.000e-02  5.000e-02
2 0 0 0 66 e   2601.721756235  2601.721811481  4.001e-04  1.304e-04  1.219e-03
0 1 1 1 11 e   2601.958242468  2601.958181842  4.712e-04  4.000e-03  4.000e-03
0 1 1 1 11 f   2601.986743867  2601.986743946  6.275e-07  4.300e-03  4.300e-03
3 0 0 0 15 e   2604.230292896  2604.230177443  6.987e-04  3.900e-03  3.900e-03
0 4 0 0 49 e   2604.430284369  2604.430374494  4.197e-04  8.003e-04  8.013e-04
0 1 1 1 12 e   2606.804845918  2606.804871951  5.386e-04  4.000e-03  4.000e-03
0 1 1 1 12 f   2606.839161369  2606.839161529  7.507e-07  4.300e-03  4.300e-03
1 2 0 0 59 e   2610.287259022  2610.288029968  8.432e-03  1.000e-01  1.000e-01
3 0 0 0 16 e   2610.661539423  2610.661538435  2.750e-05  3.900e-03  3.900e-03
0 1 1 1 13 e   2612.053741512  2612.053741675  7.482e-07  4.300e-03  4.300e-03
0 1 1 1 13 f   2612.092940276  2612.092940440  7.482e-07  4.300e-03  4.300e-03
1 3 0 1 31 e   2613.650608060  2613.640502223  6.464e-02  2.850e-02  6.464e-02
1 3 0 1 31 f   2613.925044516  2613.925310769  7.122e-04  2.850e-02  2.850e-02
3 0 0 0 17 e   2617.494501048  2617.494492109  2.031e-04  3.900e-03  3.900e-03
0 0 1 0 52 e   2617.591208840  2617.591207525  5.159e-05  3.564e-03  3.565e-03
0 1 1 1 14 e   2617.706425601  2617.706425818  5.336e-05  4.300e-03  4.300e-03
2 1 0 1 44 e   2617.746776925  2617.746800389  1.358e-03  4.000e-03  4.000e-03
0 1 1 1 14 f   2617.751992416  2617.751985811  1.325e-04  4.300e-03  4.300e-03
2 1 0 1 44 f   2618.228075479  2618.227983232  1.022e-03  4.000e-03  4.000e-03
1 0 0 0 93 e   2623.664919063  2623.664973538  4.018e-04  3.264e-04  2.401e-03
0 1 1 1 15 e   2623.763475602  2623.763469092  2.485e-04  4.000e-03  4.000e-03
0 1 1 1 15 f   2623.815318263  2623.815309652  1.664e-04  4.300e-03  4.300e-03
3 0 0 0 18 e   2624.730395306  2624.730421713  3.668e-04  3.900e-03  3.900e-03
0 4 0 0 50 e   2624.817038083  2624.817192055  4.365e-04  8.003e-04  8.016e-04
1 3 0 1 32 e   2626.642170711  2626.632345048  6.570e-02  2.850e-02  6.570e-02
1 3 0 1 32 f   2626.934022467  2626.934500102  2.643e-03  2.850e-02  2.850e-02
2 0 0 0 67 e   2628.686377024  2628.686432280  4.001e-04  1.304e-04  1.280e-03
0 1 1 1 16 e   2630.223730284  2630.223735250  1.720e-04  4.300e-03  4.300e-03
0 1 1 1 16 f   2630.282198841  2630.282186293  1.581e-04  4.300e-03  4.300e-03
3 0 0 0 19 e   2632.366740967  2632.366778629  7.926e-05  5.019e-04  5.019e-04
1 2 0 0 60 e   2634.610698934  2634.611469880  8.432e-03  1.000e-01  1.414e-01
2 1 0 1 45 e   2635.905332855  2635.905329924  2.349e-05  1.341e-04  1.348e-04
0 5 0 1 1 e   2635.999497432  2635.999541295  1.722e-03  5.002e-03  7.072e-03
0 5 0 1 1 f   2635.999651060  2635.999429020  1.768e-03  5.002e-03  7.072e-03
2 1 0 1 45 f   2636.409440209  2636.409440839  1.967e-05  1.341e-04  1.354e-04
0 5 0 1 2 e   2636.815079324  2636.815123186  1.722e-03  5.000e-03  5.000e-03
0 5 0 1 2 f   2636.817656628  2636.817434588  1.768e-03  5.000e-03  5.000e-03
0 1 1 1 17 e   2637.087885865  2637.087884445  1.331e-04  4.300e-03  4.300e-03
0 1 1 1 17 f   2637.153715738  2637.153724940  8.548e-05  4.300e-03  4.300e-03
0 5 0 1 3 e   2638.038450657  2638.038494517  1.722e-03  5.000e-03  5.000e-03
0 5 0 1 3 f   2638.044663476  2638.044441435  1.768e-03  5.000e-03  5.000e-03
0 0 1 0 53 e   2638.939059399  2638.939060086  6.472e-05  3.564e-03  3.565e-03
0 5 0 1 4 e   2639.667794490  2639.667968073  1.778e-03  5.000e-03  5.000e-03
0 5 0 1 4 f   2639.681075417  2639.681003783  2.170e-03  5.000e-03  5.000e-03
1 3 0 1 33 e   2640.048378206  2640.037997604  7.362e-02  2.850e-02  7.362e-02
1 3 0 1 33 f   2640.359789253  2640.360805447  4.383e-03  2.850e-02  2.850e-02
3 0 0 0 20 e   2640.406058890  2640.406046175  2.937e-04  3.900e-03  3.900e-03
0 5 0 1 5 e   2641.712796002  2641.712969585  1.778e-03  5.000e-03  5.000e-03
0 5 0 1 5 f   2641.720018672  2641.719947039  2.170e-03  5.000e-03  5.000e-03
0 3 0 1 72 e   2642.564167353  2642.564225196  4.015e-04  3.547e-03  7.238e-03
0 5 0 1 6 e   2644.159517160  2644.159690743  1.778e-03  5.000e-03  7.071e-03
0 5 0 1 6 f   2644.174010493  2644.173938860  2.170e-03  5.000e-03  7.071e-03
0 3 0 1 72 f   2644.275689643  2644.275739053  4.382e-04  3.505e-03  5.180e-03
0 1 1 1 18 e   2644.354837090  2644.354798823  2.720e-04  4.300e-03  4.300e-03
0 1 1 1 18 f   2644.429122563  2644.429122783  6.362e-07  4.300e-03  4.300e-03
0 4 0 0 51 e   2645.615377092  2645.615371301  1.792e-05  5.000e-03  5.000e-03
3 0 0 0 21 e   2648.847037290  2648.847089741  7.926e-04  3.800e-03  3.800e-03
0 1 1 1 19 e   2652.026502948  2652.026519144  1.714e-04  4.000e-03  4.000e-03
0 1 1 1 19 f   2652.108488306  2652.108538492  3.326e-04  4.300e-03  4.300e-03
1 3 0 1 34 e   2653.860456652  2653.843242818  8.346e-02  2.850e-02  8.346e-02
0 5 0 1 9 e   2653.940352284  2653.940355533  7.659e-04  5.000e-03  5.000e-03
0 5 0 1 9 f   2653.994640680  2653.994640821  6.425e-07  5.000e-03  5.000e-03
1 3 0 1 34 f   2654.200654518  2654.200651488  1.015e-05  3.337e-04  3.337e-04
2 1 0 1 46 e   2654.469277653  2654.469208669  1.418e-03  4.000e-03  4.000e-03
2 1 0 1 46 f   2654.993815711  2654.993809992  1.849e-05  4.000e-03  4.000e-03
2 0 0 0 68 e   2656.051800985  2656.051855575  3.993e-04  1.334e-04  1.341e-03
3 0 0 0 22 e   2657.688539179  2657.688525520  5.460e-04  3.800e-03  3.800e-03
0 5 0 1 10 e   2658.018103727  2658.018103799  6.122e-07  5.000e-03  5.000e-03
0 5 0 1 10 f   2658.083630694  2658.083626852  3.682e-04  5.000e-03  5.000e-03
1 2 0 0 61 e   2659.338466194  2659.339237140  8.432e-03  1.000e-01  1.732e-01
0 1 1 1 20 e   2660.101222079  2660.101227154  9.206e-05  4.000e-03  4.000e-03
0 1 1 1 20 f   2660.191953777  2660.191954917  2.298e-05  4.300e-03  4.300e-03
0 0 1 0 54 e   2660.688678263  2660.688678951  6.472e-05  3.564e-03  3.565e-03
1 0 0 0 94 e   2661.541098967  2661.541138641  4.009e-04  5.710e-04  2.469e-03
0 5 0 1 11 e   2662.503824654  2662.503859796  7.186e-04  4.500e-03  4.500e-03
0 5 0 1 11 f   2662.583842072  2662.583846022  2.095e-03  5.000e-03  5.000e-03
0 4 0 0 52 e   2666.816558840  2666.816564777  1.333e-04  5.000e-03  5.000e-03
3 0 0 0 23 e   2666.932488031  2666.932497476  2.432e-05  6.683e-04  6.683e-04
0 5 0 1 12 e   2667.394068862  2667.393929001  1.658e-03  4.500e-03  4.500e-03
0 5 0 1 12 f   2667.491114810  2667.491115140  3.897e-05  5.000e-03  5.000e-03
1 3 0 1 35 e   2668.077990776  2668.064546831  8.746e-02  2.850e-02  8.746e-02
1 3 0 1 35 f   2668.425611838  2668.426160225  2.609e-03  2.850e-02  2.850e-02
0 1 1 1 21 e   2668.579748358  2668.579731776  1.380e-04  4.000e-03  4.000e-03
0 1 1 1 21 f   2668.679549843  2668.679550109  6.827e-07  4.300e-03  4.300e-03
0 5 0 1 13 e   2672.697634754  2672.697631807  1.393e-05  1.000e-04  1.000e-04
0 5 0 1 13 f   2672.807848811  2672.807900828  5.178e-04  4.500e-03  4.500e-03
2 1 0 1 47 f   2673.983658125  2673.983791869  1.068e-03  4.000e-03  4.000e-03
3 0 0 0 24 e   2676.578903984  2676.578913979  3.134e-04  3.800e-03  3.800e-03
0 1 1 1 22 e   2677.461620648  2677.461621735  2.045e-05  4.000e-03  4.000e-03
0 1 1 1 22 f   2677.570562408  2677.570562617  8.742e-07  2.455e-06  3.450e-06
0 5 0 1 14 e   2678.406400434  2678.406375483  5.669e-04  4.500e-03  4.500e-03
0 5 0 1 14 f   2678.532702986  2678.532747373  8.400e-04  4.500e-03  4.500e-03
1 3 0 1 36 e   2682.498227325  2682.498281284  2.177e-04  3.337e-04  3.337e-04
0 0 1 0 55 e   2682.840060361  2682.840063091  4.418e-05  3.564e-03  3.565e-03
0 4 0 2 53 e   2682.977946129  2682.977862392  3.222e-03  5.117e-03  7.180e-03
1 3 0 1 36 f   2683.062272733  2683.063592643  4.573e-03  2.850e-02  2.850e-02
2 0 0 0 69 e   2683.817932639  2683.817981562  4.006e-04  1.335e-04  1.399e-03
1 2 0 0 62 e   2684.419586891  2684.419642160  4.000e-04  1.456e-04  1.219e-03
0 5 0 1 15 e   2684.523269676  2684.523281799  5.443e-04  4.500e-03  4.500e-03
0 5 0 1 15 f   2684.668688110  2684.668771663  5.946e-04  4.500e-03  4.500e-03
3 0 0 0 25 e   2686.627093261  2686.626894859  1.076e-03  3.800e-03  3.800e-03
0 1 1 1 23 e   2686.747511546  2686.747517935  2.434e-04  4.000e-03  4.000e-03
0 1 1 1 23 f   2686.866319214  2686.866319259  1.452e-06  4.300e-03  4.300e-03
0 4 0 0 53 e   2688.427434356  2688.427430969  3.104e-05  5.000e-03  5.001e-03
0 5 0 1 16 e   2691.047832379  2691.047887196  1.186e-03  4.500e-03  4.500e-03
0 5 0 1 16 f   2691.211471831  2691.211466257  3.847e-05  4.500e-03  4.500e-03
2 1 0 1 48 e   2692.803989465  2692.803979990  1.950e-05  4.000e-03  4.000e-03
2 1 0 1 48 f   2693.377314722  2693.377305252  1.945e-05  4.000e-03  4.000e-03
0 1 1 1 24 f   2696.564293326  2696.564293479  1.268e-06  4.300e-03  4.300e-03
3 0 0 0 26 e   2697.074550499  2697.074560437  1.293e-04  3.800e-03  3.800e-03
1 3 0 1 37 e   2697.715332974  2697.690735285  9.914e-02  2.850e-02  9.914e-02
0 5 0 1 17 e   2697.979111171  2697.979059207  1.143e-03  5.000e-03  5.000e-03
1 3 0 1 37 f   2698.105266483  2698.107144605  8.357e-03  2.850e-02  2.850e-02
0 5 0 1 17 f   2698.164729142  2698.164666202  1.574e-03  5.000e-03  5.000e-03
1 0 0 0 95 e   2699.816950820  2699.817008034  4.010e-04  5.997e-04  2.509e-03
0 5 0 1 18 e   2705.318141291  2705.318076261  7.431e-04  4.500e-03  4.500e-03
0 0 1 0 56 e   2705.393198765  2705.393224041  2.175e-04  3.564e-03  3.566e-03
0 5 0 1 18 f   2705.525563799  2705.525708874  2.664e-03  5.000e-03  5.000e-03
0 1 1 1 25 e   2706.528273348  2706.528251676  6.400e-04  4.300e-03  4.300e-03
0 1 1 1 25 f   2706.668684874  2706.668684977  1.449e-06  4.300e-03  4.300e-03
3 0 0 0 27 e   2707.925705038  2707.925686617  2.239e-04  3.800e-03  3.800e-03
1 2 0 0 63 e   2709.955841603  2709.955896871  4.000e-04  1.456e-04  1.151e-03
2 0 0 0 70 e   2711.984732576  2711.984786414  3.988e-04  1.372e-04  1.454e-03
2 1 0 1 49 e   2712.575066244  2712.575057599  2.192e-05  4.000e-03  4.000e-03
0 5 0 1 19 e   2713.064651188  2713.064658995  1.294e-03  4.500e-03  4.500e-03
1 3 0 1 38 e   2713.156059587  2713.134300731  1.072e-01  2.850e-02  1.072e-01
2 1 0 1 49 f   2713.169290495  2713.169294509  1.555e-03  4.000e-03  4.000e-03
0 5 0 1 19 f   2713.295818476  2713.295896871  6.281e-04  4.500e-03  4.500e-03
1 3 0 1 38 f   2713.564716452  2713.566358493  7.154e-03  2.850e-02  2.850e-02
0 1 1 1 26 e   2717.038214977  2717.038022128  6.637e-04  2.669e-04  6.637e-04
0 1 1 1 26 f   2717.162961094  2717.162961130  1.652e-06  2.669e-04  2.669e-04
3 0 0 0 28 e   2719.177684197  2719.177684255  2.272e-07  4.000e-03  4.000e-03
0 5 0 1 20 e   2721.220196188  2721.220213843  7.022e-04  4.500e-03  4.500e-03
0 5 0 1 20 f   2721.475095871  2721.475136670  5.662e-04  4.500e-03  4.500e-03
0 0 1 0 57 e   2728.347207712  2728.347215337  3.689e-05  2.045e-04  2.300e-04
1 3 0 1 39 e   2728.760918109  2728.760916685  6.042e-06  5.000e-02  5.000e-02
1 3 0 1 39 f   2729.431533723  2729.431532673  4.542e-06  5.000e-02  5.000e-02
0 5 0 1 21 e   2729.783016783  2729.783075626  7.104e-04  4.500e-03  4.500e-03
0 5 0 1 21 f   2730.062794174  2730.062795431  9.480e-04  4.500e-03  4.500e-03
3 0 0 0 29 e   2730.832156210  2730.832179931  6.350e-04  3.800e-03  3.800e-03
2 2 0 0 1 e   2731.803938857  2731.803938857  3.716e-08  4.000e-03  4.000e-03
2 2 0 0 2 e   2732.613643963  2732.613644900  2.345e-05  4.000e-03  4.000e-03
2 1 0 1 50 e   2732.749789465  2732.749779990  1.950e-05  4.000e-03  4.000e-03
0 4 0 0 55 e   2732.862548876  2732.862552170  3.623e-05  5.000e-03  5.001e-03
2 1 0 1 50 f   2733.367875933  2733.367785717  1.504e-03  4.100e-03  4.100e-03
2 2 0 0 3 e   2733.828128144  2733.828127901  7.906e-06  4.000e-03  4.000e-03
2 2 0 0 4 e   2735.447418622  2735.447422963  3.286e-05  4.000e-03  4.000e-03
1 2 0 0 64 e   2735.896255891  2735.896311160  4.000e-04  1.456e-04  1.219e-03
2 2 0 0 5 e   2737.471561788  2737.471561241  2.510e-06  5.273e-05  5.273e-05
1 0 0 0 96 e   2738.492517970  2738.492513314  4.172e-04  8.471e-04  2.671e-03
0 5 0 1 22 e   2738.752485803  2738.752461294  6.272e-04  4.500e-03  4.500e-03
0 5 0 1 22 f   2739.059204933  2739.059212246  8.930e-04  5.000e-03  5.000e-03
0 1 1 1 28 e   2739.227405251  2739.227405310  2.272e-07  4.000e-03  4.000e-03
2 2 0 0 6 e   2739.900501719  2739.900503448  2.875e-05  4.000e-03  4.000e-03
2 0 0 0 71 e   2740.552090267  2740.552143566  3.991e-04  1.373e-04  1.508e-03
2 2 0 0 7 e   2742.734259774  2742.734259819  2.191e-07  4.000e-03  4.000e-03
3 0 0 0 30 e   2742.886768062  2742.886766808  3.082e-05  1.078e-04  1.078e-04
1 3 0 1 40 e   2744.997288392  2744.997288452  3.916e-06  5.000e-02  5.000e-02
1 3 0 1 40 f   2745.707264458  2745.707264510  3.638e-06  5.000e-02  5.000e-02
2 2 0 0 8 e   2745.972854560  2745.972854605  2.192e-07  4.000e-03  4.000e-03
0 5 0 1 23 e   2748.129117424  2748.129085278  3.722e-04  4.500e-03  4.500e-03
0 5 0 1 23 f   2748.465992319  2748.466026688  4.894e-04  5.000e-03  5.000e-03
2 2 0 0 9 e   2749.616215764  2749.616215809  2.188e-07  4.000e-03  4.000e-03
0 0 1 0 58 e   2751.703715025  2751.703770153  4.005e-04  5.062e-05  5.767e-04
2 2 0 0 10 e   2753.664055044  2753.664060025  1.361e-05  3.365e-04  3.365e-04
3 0 0 0 31 e   2755.343664923  2755.343662521  4.614e-05  3.800e-03  3.800e-03
0 4 0 0 56 e   2755.694891333  2755.694894759  3.632e-05  5.000e-03  5.001e-03
0 5 0 1 24 e   2757.914540730  2757.914669092  1.100e-03  4.500e-03  4.500e-03
2 2 0 0 11 e   2758.117215764  2758.117215809  2.188e-07  4.000e-03  4.000e-03
0 5 0 1 24 f   2758.277636078  2758.277683212  1.106e-03  4.500e-03  4.500e-03
1 3 0 1 41 e   2761.637937271  2761.637937568  7.022e-06  5.000e-02  5.000e-02
1 2 0 0 65 e   2762.192904453  2762.193359862  1.073e-02  1.000e-01  1.000e-01
1 3 0 1 41 f   2762.383697327  2762.383697942  7.049e-06  5.000e-02  5.000e-02
2 2 0 0 12 e   2762.974932970  2762.974933016  2.187e-07  4.000e-03  4.000e-03
0 1 1 1 30 e   2763.043198047  2763.043204615  1.405e-04  4.000e-03  4.000e-03
0 1 1 1 30 f   2763.243605678  2763.243605883  1.193e-06  4.300e-03  4.300e-03
0 3 0 1 76 f   2765.564319249  2765.564381955  4.045e-04  3.505e-03  5.240e-03
0 5 0 1 25 e   2768.106423348  2768.106385129  6.926e-04  5.000e-03  5.000e-03
3 0 0 0 32 e   2768.202722729  2768.202715852  5.395e-04  3.800e-03  3.800e-03
2 2 0 0 13 e   2768.237394723  2768.237394770  2.184e-07  4.000e-03  4.000e-03
0 5 0 1 25 f   2768.501132517  2768.501130153  3.862e-04  5.000e-03  5.000e-03
2 0 0 0 72 e   2769.519938433  2769.519992813  3.960e-04  1.375e-04  1.559e-03
2 2 0 0 14 e   2773.904652829  2773.904652227  2.764e-05  4.000e-03  4.000e-03
2 1 0 1 52 e   2774.302953183  2774.302948029  1.257e-04  4.000e-03  4.001e-03
0 0 1 0 59 e   2775.461361093  2775.461416215  4.005e-04  5.063e-05  6.074e-04
0 1 1 1 31 e   2775.557474864  2775.557474040  3.922e-06  4.300e-03  4.300e-03
0 1 1 1 31 f   2775.771093881  2775.771094128  1.852e-06  4.300e-03  4.300e-03
1 3 0 1 42 e   2778.675873674  2778.675872793  5.934e-06  5.000e-02  5.000e-02
0 5 0 1 26 e   2778.708614495  2778.708561160  1.237e-03  5.000e-03  5.000e-03
0 4 0 0 57 e   2778.928341845  2778.928345433  3.637e-05  5.000e-03  5.001e-03
0 5 0 1 26 f   2779.132991991  2779.132980286  3.796e-04  4.500e-03  4.500e-03
1 3 0 1 42 f   2779.463835246  2779.463834420  5.844e-06  5.000e-02  5.000e-02
2 2 0 0 15 e   2779.976611214  2779.976611050  7.531e-06  4.000e-03  4.000e-03
3 0 0 0 33 e   2781.462244692  2781.462315165  8.127e-04  3.800e-03  3.800e-03
2 2 0 0 16 e   2786.453307369  2786.453308057  6.871e-06  4.000e-03  4.000e-03
0 1 1 1 32 e   2788.472465879  2788.472465662  1.924e-06  4.300e-03  4.300e-03
0 1 1 1 32 f   2788.700022212  2788.700022260  1.342e-06  4.300e-03  4.300e-03
1 2 0 0 66 e   2788.941464519  2788.941919928  1.073e-02  1.000e-01  1.000e-01
0 5 0 1 27 e   2789.716528742  2789.716747406  1.125e-03  4.500e-03  4.500e-03
0 5 0 1 27 f   2790.173867453  2790.173797093  1.678e-03  4.500e-03  4.500e-03
2 2 0 0 17 e   2793.334724595  2793.334724578  2.206e-06  4.000e-03  4.000e-03
3 0 0 0 34 e   2795.124032797  2795.123990004  6.104e-04  3.800e-03  3.800e-03
2 1 0 1 53 e   2795.684809892  2795.684813351  4.307e-05  4.100e-03  4.101e-03
1 3 0 1 43 e   2796.120000748  2796.119997014  1.173e-05  5.000e-02  5.000e-02
1 3 0 1 43 f   2796.953588326  2796.953584959  1.143e-05  5.000e-02  5.000e-02
2 0 0 0 73 e   2798.888200995  2798.888254771  3.983e-04  1.377e-04  1.610e-03
0 0 1 0 60 e   2799.620432574  2799.620487694  4.005e-04  5.063e-05  7.276e-04
2 2 0 0 18 e   2800.620795210  2800.620795438  1.936e-06  4.000e-03  4.000e-03
0 5 0 1 28 e   2801.132051893  2801.132182163  1.453e-03  4.500e-03  4.500e-03
0 5 0 1 28 f   2801.622442694  2801.622468726  5.514e-04  4.500e-03  4.500e-03
0 1 1 1 33 e   2801.792434175  2801.792433317  4.613e-06  4.300e-03  4.300e-03
0 1 1 1 33 f   2802.033854064  2802.033854162  2.282e-06  4.300e-03  4.300e-03
2 2 0 0 19 e   2808.311600432  2808.311597671  1.969e-05  4.000e-03  4.000e-03
3 0 0 0 35 e   2809.185944849  2809.185891496  1.023e-03  3.800e-03  3.800e-03
0 5 0 1 29 e   2812.953501965  2812.953505143  2.291e-03  4.500e-03  4.500e-03
0 5 0 1 29 f   2813.480160215  2813.480247047  7.599e-04  4.500e-03  4.500e-03
1 3 0 1 44 e   2813.975280176  2813.975274063  1.848e-05  5.000e-02  5.000e-02
1 3 0 1 44 f   2814.835915711  2814.835909992  1.849e-05  5.000e-02  5.000e-02
0 1 1 1 34 e   2815.514983513  2815.514977010  9.112e-05  4.300e-03  4.300e-03
0 1 1 1 34 f   2815.770803354  2815.770804683  1.138e-04  4.300e-03  4.300e-03
1 2 0 0 67 e   2816.126667365  2816.126722661  3.999e-04  1.000e-01  1.000e-01
2 2 0 0 20 e   2816.407128062  2816.407117521  9.988e-05  2.370e-04  2.370e-04
2 1 0 1 54 e   2817.467292269  2817.467373993  9.249e-04  4.100e-03  4.111e-03
2 1 0 1 54 f   2818.186544437  2818.186546806  4.007e-05  4.100e-03  4.102e-03
3 0 0 0 36 e   2823.648834361  2823.648842809  2.317e-04  3.800e-03  3.800e-03
0 0 1 0 61 e   2824.180864815  2824.180919934  4.005e-04  5.063e-05  8.295e-04
2 2 0 0 21 e   2824.907184515  2824.907185172  8.487e-06  4.000e-03  4.000e-03
0 5 0 1 30 f   2825.747479382  2825.747512053  8.635e-04  4.500e-03  4.500e-03
0 4 0 0 59 e   2826.624586652  2826.624641716  4.003e-04  5.000e-03  5.021e-03
2 0 0 0 74 e   2828.656797505  2828.656850856  3.990e-04  1.378e-04  1.658e-03
0 1 1 1 35 e   2829.629366355  2829.629464608  2.319e-04  1.668e-04  2.319e-04
0 1 1 1 35 f   2829.923109948  2829.923062806  1.522e-04  1.668e-04  1.669e-04
1 3 0 1 45 e   2832.240676433  2832.240670695  1.761e-05  5.000e-02  5.000e-02
1 3 0 1 45 f   2833.141776541  2833.141770868  1.780e-05  5.000e-02  5.000e-02
2 2 0 0 22 e   2833.811893090  2833.811893148  2.276e-07  4.000e-03  4.000e-03
0 5 0 1 31 e   2837.821300708  2837.821438225  2.283e-03  4.500e-03  4.500e-03
0 5 0 1 31 f   2838.421970677  2838.421979018  1.261e-03  4.500e-03  4.500e-03
3 0 0 0 37 e   2838.515687538  2838.515609818  1.047e-03  3.900e-03  3.900e-03
2 1 0 1 55 e   2839.654312940  2839.654316498  4.146e-05  4.100e-03  4.102e-03
2 1 0 1 55 f   2840.399495202  2840.399496187  4.012e-05  4.100e-03  4.101e-03
2 2 0 0 23 e   2843.121216087  2843.121216146  2.269e-07  4.000e-03  4.000e-03
1 2 0 0 68 e   2843.744226575  2843.744281849  3.999e-04  1.000e-01  1.000e-01
0 1 1 1 36 e   2844.169779381  2844.169778462  3.191e-06  4.458e-06  4.631e-06
0 1 1 1 36 f   2844.456218051  2844.456217469  2.683e-06  4.460e-06  6.397e-06
0 0 1 0 62 e   2849.142595624  2849.142650743  4.005e-04  5.063e-05  9.212e-04
0 5 0 1 32 e   2850.864088193  2850.864115412  8.563e-05  1.700e-04  1.701e-04
1 3 0 1 46 e   2850.897175130  2850.897169044  1.875e-05  5.000e-02  5.000e-02
0 4 0 0 60 e   2851.081007050  2851.081062096  4.003e-04  5.000e-03  5.037e-03
0 5 0 1 32 f   2851.504237600  2851.504243952  1.878e-05  1.001e-04  1.001e-04
1 3 0 1 46 f   2851.846162647  2851.846156629  1.865e-05  5.000e-02  5.000e-02
2 2 0 0 24 e   2852.835216464  2852.835217389  1.746e-05  4.000e-03  4.000e-03
3 0 0 0 38 e   2853.780336083  2853.780344001  2.692e-05  1.708e-04  1.708e-04
2 0 0 0 75 e   2858.825649181  2858.825703296  3.991e-04  1.378e-04  1.705e-03
0 1 1 1 37 e   2859.102036557  2859.102036616  2.262e-07  4.000e-03  4.000e-03
2 2 0 0 25 e   2862.953727163  2862.953727479  8.476e-06  4.000e-03  4.000e-03
2 1 0 1 56 f   2863.017109039  2863.017147547  2.571e-04  4.100e-03  4.118e-03
0 5 0 1 33 e   2864.318556752  2864.318556363  1.924e-04  5.000e-03  5.000e-03
0 5 0 1 33 f   2864.997715535  2864.997707937  1.065e-03  5.000e-03  5.000e-03
3 0 0 0 39 e   2869.448096570  2869.448099105  5.075e-04  3.900e-03  3.900e-03
1 3 0 1 47 e   2869.969124830  2869.969118862  1.754e-05  2.343e-04  2.359e-04
1 3 0 1 47 f   2870.953939708  2870.953930952  2.146e-05  5.000e-02  5.000e-02
1 2 0 0 69 e   2871.690121000  2871.690174413  3.989e-04  1.000e-01  1.000e-01
2 2 0 0 26 e   2873.476784197  2873.476784255  2.272e-07  4.000e-03  4.000e-03
0 1 1 1 38 e   2874.425103586  2874.425144970  1.058e-04  1.335e-04  1.335e-04
0 0 1 0 63 e   2874.505558894  2874.505614013  4.005e-04  5.063e-05  1.004e-03
0 1 1 1 38 f   2874.768006456  2874.767970506  1.239e-04  1.668e-04  1.669e-04
0 4 0 0 61 e   2875.949294615  2875.949350022  3.992e-04  5.000e-03  5.053e-03
0 5 0 1 34 e   2878.177791513  2878.177821381  4.487e-04  5.000e-03  5.000e-03
0 5 0 1 34 f   2878.898397860  2878.898386170  5.519e-04  5.000e-03  5.000e-03
2 2 0 0 27 e   2884.404449591  2884.404449650  2.272e-07  4.000e-03  4.000e-03
2 1 0 1 57 e   2885.228312940  2885.228316498  4.146e-05  4.100e-03  4.102e-03
3 0 0 0 40 e   2885.516401688  2885.516410593  1.479e-04  3.900e-03  3.900e-03
2 1 0 1 57 f   2886.033730382  2886.033769901  2.886e-04  4.100e-03  4.112e-03
2 0 0 0 76 e   2889.394671917  2889.394726230  4.011e-04  1.378e-04  1.751e-03
0 1 1 1 39 e   2890.196168613  2890.195670815  1.032e-03  2.669e-04  1.032e-03
1 3 0 1 48 f   2890.466104495  2890.466094394  1.999e-05  2.679e-04  2.727e-04
0 1 1 1 39 f   2890.489606753  2890.489886826  6.425e-04  2.669e-04  6.425e-04
0 5 0 1 35 e   2892.445689417  2892.445717110  4.240e-04  5.000e-03  5.000e-03
0 5 0 1 35 f   2893.207665921  2893.207665492  2.398e-06  5.000e-03  5.000e-03
2 2 0 0 28 e   2895.736605251  2895.736605310  2.272e-07  4.000e-03  4.000e-03
0 0 1 0 64 e   2900.270106236  2900.270158657  4.001e-04  3.564e-03  3.703e-03
0 4 0 0 62 e   2901.217394572  2901.217449898  4.016e-04  5.000e-03  5.069e-03
3 0 0 0 41 e   2901.986742459  2901.986758058  4.390e-04  3.900e-03  3.900e-03
0 1 1 1 40 e   2906.316790059  2906.316786283  3.182e-04  4.300e-03  4.300e-03
0 1 1 1 40 f   2906.669715581  2906.669692732  2.505e-04  4.300e-03  4.300e-03
0 5 0 1 36 e   2907.118959844  2907.118882865  7.433e-04  5.000e-03  5.000e-03
2 2 0 0 29 e   2907.472943582  2907.472946046  6.712e-06  2.700e-04  2.700e-04
0 5 0 1 36 f   2907.925146048  2907.925145750  2.195e-06  5.000e-03  5.000e-03
2 1 0 1 58 e   2908.621457746  2908.621508089  1.401e-03  4.134e-03  4.366e-03
1 0 1 0 0 e   2918.105099943  2918.105101651  3.251e-05  1.000e-04  1.000e-04
1 0 1 0 1 e   2918.507306122  2918.507307829  3.251e-05  1.000e-04  1.000e-04
3 0 0 0 42 e   2918.856952969  2918.856961060  2.565e-05  2.035e-04  2.035e-04
1 0 1 0 2 e   2919.311683022  2919.311685171  2.194e-05  5.273e-05  5.273e-05
2 2 0 0 30 e   2919.614265386  2919.614265444  2.263e-07  4.000e-03  4.000e-03
2 0 0 0 77 e   2920.363788674  2920.363842986  3.979e-04  1.378e-04  1.795e-03
1 0 1 0 3 e   2920.518298182  2920.518297685  7.230e-06  1.000e-04  1.000e-04
1 0 1 0 4 e   2922.127161451  2922.127161845  4.187e-05  1.000e-04  1.000e-04
0 1 1 1 41 e   2922.860668195  2922.860658193  1.797e-04  4.000e-03  4.000e-03
0 5 0 1 37 f   2923.050507478  2923.050579684  1.196e-03  5.000e-03  5.000e-03
0 1 1 1 41 f   2923.230233723  2923.230232673  4.542e-06  4.300e-03  4.300e-03
1 0 1 0 5 e   2924.138168307  2924.138168696  4.185e-05  1.000e-04  1.000e-04
0 0 1 0 65 e   2926.435269189  2926.435313237  4.196e-04  3.564e-03  3.724e-03
1 0 1 0 6 e   2926.551362372  2926.551362762  4.185e-05  1.000e-04  1.000e-04
0 4 0 0 63 e   2926.898229291  2926.898283039  3.996e-04  5.000e-03  5.084e-03
1 0 1 0 7 e   2929.366697972  2929.366697329  1.720e-05  1.000e-04  1.000e-04
2 2 0 0 31 e   2932.159806312  2932.159806370  2.263e-07  4.000e-03  4.000e-03
1 0 1 0 8 e   2932.584207813  2932.584207042  2.312e-05  1.000e-04  1.000e-04
1 4 0 2 3 e   2934.655997566  2934.656091819  1.029e-03  5.127e-03  1.532e-02
3 0 0 0 43 e   2936.129970958  2936.129962806  7.552e-04  3.900e-03  3.900e-03
1 0 1 0 9 e   2936.203917898  2936.203919930  3.900e-05  1.000e-04  1.000e-04
0 5 0 1 38 e   2937.686876370  2937.686876229  8.227e-05  5.000e-03  5.000e-03
1 4 0 2 5 e   2938.321239583  2938.321333090  1.029e-03  5.142e-03  1.139e-02
1 4 0 2 5 f   2938.321252315  2938.321345822  1.029e-03  5.142e-03  1.139e-02
1 4 0 0 2 e   2938.367513308  2938.367513308  1.298e-09  4.000e-03  4.000e-03
0 5 0 1 38 f   2938.580876822  2938.580855639  5.311e-04  5.000e-03  5.000e-03
1 4 0 0 3 e   2939.588138857  2939.588138857  3.716e-08  4.000e-03  4.000e-03
0 1 1 1 42 e   2939.808023640  2939.808022236  4.342e-05  4.000e-03  4.000e-03
0 1 1 1 42 f   2940.196264458  2940.196264510  3.638e-06  4.300e-03  4.300e-03
1 0 1 0 10 e   2940.225838835  2940.225839714  1.167e-05  1.000e-04  1.000e-04
1 4 0 0 5 e   2943.249917431  2943.249917430  3.977e-08  4.000e-03  4.000e-03
1 4 0 2 7 e   2943.615275366  2943.615368872  1.029e-03  5.133e-03  1.138e-02
1 4 0 2 7 f   2943.615288098  2943.615381604  1.029e-03  5.133e-03  1.138e-02
1 0 1 0 11 e   2944.649815349  2944.649815408  7.867e-06  1.000e-04  1.000e-04
1 4 0 0 7 e   2948.485453776  2948.485453910  3.953e-07  1.050e-02  1.050e-02
1 0 1 0 12 e   2949.476005844  2949.476006234  5.583e-06  1.000e-04  1.000e-04
2 0 0 0 78 e   2951.732910867  2951.732964067  3.980e-04  1.378e-04  1.839e-03
1 4 0 0 8 e   2951.794255742  2951.793744419  1.599e-03  6.672e-04  1.599e-03
0 0 1 0 66 e   2953.001182876  2953.001238150  3.999e-04  5.801e-05  1.341e-03
0 5 0 1 39 e   2953.585448110  2953.585526887  1.791e-03  5.000e-03  5.000e-03
3 0 0 0 44 e   2953.802330130  2953.802390454  7.908e-04  3.900e-03  3.900e-03
0 5 0 1 39 f   2954.527966938  2954.527942432  4.359e-04  5.000e-03  5.000e-03
1 0 1 0 13 e   2954.704202876  2954.704201849  5.742e-05  1.000e-04  1.000e-04
1 4 0 0 9 e   2955.455987754  2955.455930570  2.134e-04  2.670e-04  2.670e-04
0 1 1 1 43 e   2957.157818564  2957.157814830  1.173e-05  1.377e-05  1.601e-05
0 1 1 1 43 f   2957.564243703  2957.564240336  1.143e-05  1.367e-05  1.602e-05
2 2 0 0 33 e   2958.464075592  2958.464075544  2.188e-06  3.361e-04  3.361e-04
1 4 0 0 10 e   2959.517706906  2959.512026135  1.563e-02  4.000e-03  1.563e-02
1 0 1 0 14 e   2960.334522933  2960.334523090  4.546e-06  1.000e-04  1.000e-04
1 4 0 0 11 e   2963.993105788  2963.989412368  1.427e-02  4.000e-03  1.427e-02
1 0 1 0 15 e   2966.366916322  2966.366914992  1.976e-05  1.000e-04  1.000e-04
1 4 0 0 12 e   2968.876125152  2968.872386112  1.334e-02  4.000e-03  1.334e-02
1 4 0 2 13 e   2969.263868567  2969.264004932  2.260e-04  5.007e-03  7.076e-03
1 4 0 2 13 f   2969.264200183  2969.264336548  2.260e-04  5.007e-03  7.076e-03
0 5 0 1 40 e   2969.885889914  2969.885807360  1.571e-03  5.000e-03  5.000e-03
0 5 0 1 40 f   2970.876566705  2970.876566023  2.668e-06  5.000e-03  5.000e-03
3 0 0 0 45 e   2971.875140654  2971.875139025  1.367e-05  4.000e-03  4.000e-03
2 2 0 0 34 e   2972.222669012  2972.222669070  2.264e-07  4.000e-03  4.000e-03
1 0 1 0 16 e   2972.801307514  2972.801306548  1.446e-05  1.000e-04  1.000e-04
1 4 0 0 13 e   2974.171994603  2974.171942033  2.626e-04  3.337e-04  3.337e-04
0 1 1 1 44 e   2974.911373674  2974.911372793  5.934e-06  4.300e-03  4.300e-03
0 1 1 1 44 f   2975.335735246  2975.335734420  5.844e-06  4.300e-03  4.300e-03
1 0 1 0 17 e   2979.637854037  2979.637855991  8.682e-06  4.003e-05  4.004e-05
1 4 0 0 14 e   2979.862699460  2979.859929190  1.166e-02  4.000e-03  1.166e-02
0 0 1 0 67 e   2979.968727365  2979.968782661  3.999e-04  3.564e-03  3.766e-03
1 4 0 2 15 e   2981.069499514  2981.069608262  2.609e-04  5.099e-03  7.142e-03
1 4 0 2 15 f   2981.883390165  2981.883498914  2.609e-04  5.007e-03  7.076e-03
2 1 0 1 61 f   2982.128112315  2982.128166071  3.997e-04  4.100e-03  4.168e-03
2 0 0 0 79 e   2983.501957427  2983.502011179  3.991e-04  1.378e-04  1.882e-03
1 4 0 0 15 e   2985.966861688  2985.963940619  9.451e-03  4.000e-03  9.451e-03
2 2 0 0 35 e   2986.385647409  2986.385647783  3.335e-06  4.000e-03  4.000e-03
0 5 0 1 41 e   2986.594565457  2986.594563731  3.153e-04  5.000e-03  5.000e-03
1 0 1 0 18 e   2986.876418123  2986.876418165  2.356e-07  2.276e-06  2.414e-06
1 4 0 2 16 e   2987.582682164  2987.582818518  2.259e-04  5.011e-03  7.079e-03
1 4 0 2 16 f   2987.583115977  2987.583252332  2.259e-04  5.011e-03  8.667e-03
0 5 0 1 41 f   2987.640115525  2987.640145780  1.253e-03  5.000e-03  5.000e-03
3 0 0 0 46 e   2990.351899319  2990.352128176  1.060e-03  4.000e-03  4.000e-03
1 4 0 0 16 e   2992.476692061  2992.474977502  7.328e-03  4.000e-03  7.328e-03
0 1 1 1 45 e   2993.066400748  2993.066397014  1.173e-05  4.300e-03  4.300e-03
0 1 1 1 45 f   2993.509888326  2993.509884959  1.143e-05  4.300e-03  4.300e-03
1 3 0 1 53 f   2994.126158010  2994.126158994  4.012e-05  4.675e-05  1.092e-04
1 4 0 2 17 e   2994.502342444  2994.502451193  2.609e-04  5.175e-03  7.196e-03
1 4 0 2 17 f   2994.502900427  2994.503009175  2.609e-04  5.175e-03  7.196e-03
1 0 1 0 19 e   2994.516905497  2994.516905351  2.325e-05  1.000e-04  1.000e-04
1 4 0 0 17 e   2999.392895960  2999.390383364  9.248e-03  4.000e-03  9.248e-03
2 2 0 0 36 e   3000.952961410  3000.952961366  5.227e-06  4.000e-03  4.000e-03
1 0 1 0 20 e   3002.559440581  3002.559440752  1.719e-06  1.000e-04  1.000e-04
0 5 0 1 42 e   3003.710668064  3003.710524032  2.030e-03  5.000e-03  5.000e-03
0 5 0 1 42 f   3004.803264458  3004.803264510  3.638e-06  5.000e-03  5.000e-03
2 1 0 1 62 e   3006.207645214  3006.207489680  1.057e-03  4.122e-03  4.317e-03
1 4 0 0 18 e   3006.718438837  3006.717779418  4.556e-03  4.000e-03  4.556e-03
0 0 1 0 68 e   3007.336635426  3007.336688898  3.989e-04  3.565e-03  3.829e-03
3 0 0 0 47 e   3009.225751000  3009.225721669  9.778e-04  4.000e-03  4.000e-03
1 0 1 0 21 e   3011.003854568  3011.003854711  5.436e-05  1.000e-04  1.000e-04
0 1 1 1 46 e   3011.610534229  3011.610572974  1.477e-04  1.679e-04  1.699e-04
0 1 1 1 46 f   3012.102303996  3012.102297978  1.865e-05  1.679e-04  1.723e-04
1 4 0 0 19 e   3014.450602648  3014.450414230  9.013e-04  6.672e-04  9.013e-04
2 0 0 0 80 e   3015.670841505  3015.670897864  3.961e-04  1.378e-04  1.923e-03
2 2 0 0 37 e   3015.924551788  3015.924551847  2.264e-07  4.000e-03  4.000e-03
1 0 1 0 22 e   3019.850325701  3019.850326939  1.312e-05  1.000e-04  1.000e-04
0 5 0 1 43 e   3021.234937271  3021.234937568  7.022e-06  5.000e-03  5.000e-03
0 5 0 1 43 f   3022.375697327  3022.375697942  7.049e-06  5.000e-03  5.000e-03
1 4 0 0 20 e   3022.581557820  3022.579026734  1.171e-02  4.000e-03  1.171e-02
3 0 0 0 48 e   3028.501322337  3028.501315342  2.037e-04  4.000e-03  4.000e-03
1 0 1 0 23 e   3029.098496101  3029.098492742  4.476e-05  1.000e-04  1.000e-04
0 1 1 1 47 e   3030.585620325  3030.585637356  4.357e-04  4.000e-03  4.000e-03
0 1 1 1 47 f   3031.070176220  3031.070151884  5.678e-04  4.300e-03  4.300e-03
1 4 0 0 21 e   3031.131873234  3031.131873295  2.261e-07  4.000e-03  4.000e-03
2 2 0 0 38 e   3031.300357079  3031.300357195  2.272e-06  4.000e-03  4.000e-03
2 1 0 1 63 f   3032.588686495  3032.588740248  3.997e-04  4.100e-03  4.198e-03
0 0 1 0 69 e   3035.105734659  3035.105788044  3.988e-04  3.565e-03  3.850e-03
1 3 0 1 55 f   3038.429109087  3038.429110071  4.012e-05  3.369e-04  3.511e-04
1 0 1 0 24 e   3038.748586630  3038.748589604  6.036e-05  1.000e-04  1.000e-04
1 4 0 0 22 e   3040.082648206  3040.082648266  2.268e-07  4.000e-03  4.000e-03
1 4 0 2 23 e   3044.561601651  3044.561749397  4.248e-04  5.099e-03  7.141e-03
1 4 0 2 23 f   3044.570986924  3044.570834934  6.341e-04  5.099e-03  7.141e-03
2 2 0 0 39 e   3047.080336557  3047.080336616  2.262e-07  4.000e-03  4.000e-03
3 0 0 0 49 e   3048.178364766  3048.178410911  6.153e-04  4.000e-03  4.000e-03
2 0 0 0 81 e   3048.239478562  3048.239531487  3.986e-04  1.380e-04  1.965e-03
1 0 1 0 25 e   3048.800689996  3048.800690068  2.315e-07  8.571e-07  1.320e-06
1 4 0 0 23 e   3049.440355664  3049.440350826  1.797e-05  5.005e-04  5.005e-04
0 1 1 1 48 e   3049.948844553  3049.948813917  6.811e-05  1.001e-03  1.002e-03
0 1 1 1 48 f   3050.453637141  3050.453693840  4.257e-04  4.300e-03  4.300e-03
1 4 0 2 24 e   3054.329739899  3054.329869758  5.377e-04  5.099e-03  7.141e-03
1 4 0 2 24 f   3054.347310767  3054.346988766  2.753e-03  5.099e-03  7.141e-03
1 4 0 0 24 e   3059.204393090  3059.204393148  2.276e-07  4.000e-03  4.000e-03
1 0 1 0 26 e   3059.254475856  3059.254479950  2.388e-05  4.004e-05  4.005e-05
0 4 0 0 68 e   3061.392616792  3061.392672067  3.999e-04  5.037e-04  1.376e-03
2 2 0 0 40 e   3063.264563979  3063.264564101  2.893e-06  4.000e-03  4.000e-03
1 4 0 2 25 e   3064.504988476  3064.505260052  9.747e-04  5.099e-03  7.141e-03
1 4 0 2 25 f   3064.517829069  3064.517782780  7.318e-04  5.025e-03  7.089e-03
3 0 0 0 50 e   3068.255773570  3068.255762908  4.040e-04  4.000e-03  4.001e-03
1 4 0 0 25 e   3069.375438240  3069.375438298  2.269e-07  4.000e-03  4.000e-03
0 1 1 1 49 e   3069.715057055  3069.715076324  3.816e-04  4.000e-03  4.000e-03
1 0 1 0 27 e   3070.110097851  3070.110097900  2.276e-07  8.257e-07  1.338e-06
0 1 1 1 49 f   3070.240914854  3070.240873868  4.101e-04  4.300e-03  4.300e-03
1 4 0 2 26 e   3075.084548971  3075.084635917  5.451e-04  5.099e-03  7.141e-03
1 4 0 2 26 f   3075.098909344  3075.098882922  7.254e-04  5.099e-03  7.141e-03
2 2 0 0 41 e   3079.853009096  3079.853006370  8.211e-06  4.021e-04  4.021e-04
1 4 0 0 26 e   3079.953384197  3079.953384255  2.272e-07  4.000e-03  4.000e-03
2 0 0 0 82 e   3081.207779982  3081.207832829  4.008e-04  1.408e-04  2.004e-03
1 0 1 0 28 e   3081.367409102  3081.367403950  2.918e-05  4.004e-05  4.005e-05
1 3 0 1 57 e   3082.920446638  3082.920492015  9.022e-04  3.372e-04  9.087e-04
2 1 0 1 65 f   3084.658009218  3084.658062982  3.993e-04  4.100e-03  4.259e-03
1 4 0 2 27 e   3086.071706563  3086.071772386  4.147e-04  5.099e-03  7.141e-03
1 4 0 2 27 f   3086.087180863  3086.087230492  5.093e-04  5.099e-03  7.141e-03
3 0 0 0 51 e   3088.732482291  3088.732437554  5.352e-04  4.000e-03  4.001e-03
0 1 1 1 50 e   3089.883548042  3089.883543616  2.761e-04  4.300e-03  4.300e-03
0 1 1 1 50 f   3090.430795868  3090.430767490  3.280e-04  4.300e-03  4.300e-03
0 2 1 2 3 e   3091.333333695  3091.333428996  1.028e-03  5.232e-03  1.354e-02
1 0 1 0 29 e   3093.026409912  3093.026410460  1.301e-06  1.000e-04  1.000e-04
0 5 0 1 47 e   3095.396493966  3095.396489672  2.098e-05  5.001e-03  5.002e-03
0 2 1 0 0 e   3095.554410992  3095.554410993  7.935e-08  6.001e-05  6.002e-05
2 2 0 0 42 e   3096.845367608  3096.845367667  2.263e-07  4.000e-03  4.000e-03
1 4 0 2 28 e   3097.466674245  3097.466915954  3.906e-03  5.099e-03  7.141e-03
1 4 0 2 28 f   3097.488135049  3097.487904570  6.683e-04  5.099e-03  7.141e-03
0 2 1 0 3 e   3097.982128144  3097.982128172  7.211e-06  4.000e-03  4.000e-03
0 2 1 0 4 e   3099.599830720  3099.599887371  1.890e-04  1.077e-03  1.077e-03
0 2 1 0 5 e   3101.623638400  3101.623639074  1.259e-05  4.000e-03  4.000e-03
0 2 1 0 6 e   3104.051341235  3104.051341908  1.259e-05  4.000e-03  4.000e-03
1 0 1 0 30 e   3105.087145587  3105.087146294  1.490e-06  1.000e-04  1.000e-04
0 2 1 0 7 e   3106.883659774  3106.883659819  2.191e-07  4.000e-03  4.000e-03
1 4 0 2 29 e   3109.265552157  3109.265608792  4.207e-04  5.099e-03  7.141e-03
1 4 0 2 29 f   3109.286950357  3109.287011338  5.925e-04  5.099e-03  7.141e-03
3 0 0 0 52 e   3109.611317151  3109.611311281  4.021e-04  4.000e-03  4.001e-03
0 2 1 0 8 e   3110.120554560  3110.120554605  2.192e-07  4.000e-03  4.000e-03
0 1 1 1 51 e   3110.454260114  3110.454255290  3.935e-05  3.853e-05  6.517e-05
0 1 1 1 51 f   3111.023137585  3111.023134975  3.826e-05  3.719e-05  6.871e-05
2 1 0 1 66 f   3111.296929115  3111.296982369  3.991e-04  1.778e-04  1.399e-03
0 2 1 0 9 e   3113.762015764  3113.762015809  2.188e-07  4.000e-03  4.000e-03
1 4 0 0 29 e   3114.127657159  3114.127656147  3.836e-06  3.337e-04  3.337e-04
2 2 0 0 43 e   3114.241866626  3114.241866685  2.265e-07  4.000e-03  4.000e-03
2 0 0 0 83 e   3114.575661782  3114.575715618  4.008e-04  1.470e-04  2.044e-03
0 5 0 1 48 e   3114.960540891  3114.960503531  1.061e-04  5.064e-03  5.127e-03
1 0 1 0 31 e   3117.549711114  3117.549711451  8.738e-07  1.000e-04  1.000e-04
0 2 1 0 10 e   3117.808132970  3117.808133016  2.187e-07  4.000e-03  4.000e-03
1 4 0 2 30 e   3121.470764500  3121.471499269  2.099e-03  5.099e-03  7.141e-03
1 4 0 2 30 f   3121.496475526  3121.496478011  6.940e-04  5.099e-03  7.141e-03
0 2 1 0 11 e   3122.258794723  3122.258794770  2.184e-07  4.000e-03  4.000e-03
1 4 0 0 30 e   3126.332505251  3126.332505310  2.272e-07  4.000e-03  4.000e-03
0 2 1 0 12 e   3127.113988578  3127.113988636  2.255e-07  4.000e-03  4.000e-03
1 0 1 0 32 e   3130.413713673  3130.413713708  2.324e-07  8.262e-07  1.432e-06
3 0 0 0 53 e   3130.893238898  3130.893357641  1.150e-03  4.100e-03  4.101e-03
0 1 1 1 52 e   3131.428338208  3131.428314668  6.138e-04  4.300e-03  4.301e-03
0 1 1 1 52 f   3132.019196508  3132.019221430  3.698e-04  4.300e-03  4.301e-03
2 2 0 0 44 e   3132.042420417  3132.042418784  1.363e-05  4.000e-03  4.000e-03
0 2 1 0 13 e   3132.373700869  3132.373700926  2.254e-07  4.000e-03  4.000e-03
1 4 0 2 31 e   3134.085874013  3134.085893353  4.584e-04  5.099e-03  7.141e-03
1 4 0 2 31 f   3134.111872156  3134.111917905  5.489e-04  5.099e-03  7.141e-03
0 5 0 1 49 e   3134.924599662  3134.924572630  1.156e-04  5.064e-03  5.127e-03
2 1 0 1 67 e   3137.236035283  3137.235685696  9.701e-04  4.145e-03  4.410e-03
0 2 1 0 14 e   3138.038017081  3138.038017138  2.250e-07  4.000e-03  4.000e-03
1 4 0 0 31 e   3138.944120940  3138.944120997  2.267e-07  4.000e-03  4.000e-03
1 0 1 0 33 e   3143.679451429  3143.679593159  4.738e-04  4.000e-03  4.000e-03
0 2 1 0 15 e   3144.106821560  3144.106821619  2.267e-07  4.000e-03  4.000e-03
1 4 0 2 32 e   3147.101669677  3147.102361686  2.045e-03  5.099e-03  7.141e-03
1 4 0 2 32 f   3147.135462940  3147.135463381  1.070e-03  5.099e-03  7.141e-03
2 0 0 0 84 e   3148.343038470  3148.343102648  3.987e-04  1.532e-04  2.082e-03
2 2 0 0 45 e   3150.247040654  3150.247039025  1.367e-05  4.000e-03  4.000e-03
0 2 1 0 16 e   3150.580197656  3150.580197717  2.262e-07  4.000e-03  4.000e-03
1 4 0 0 32 e   3151.962565386  3151.962565444  2.263e-07  4.000e-03  4.000e-03
3 0 0 0 54 e   3152.570291333  3152.570294759  3.632e-05  4.000e-03  4.001e-03
0 1 1 1 53 e   3152.803534356  3152.803530969  3.104e-05  4.000e-03  4.001e-03
0 1 1 1 53 f   3153.387136616  3153.387134005  3.826e-05  2.694e-04  2.800e-04
1 0 1 0 34 e   3157.346469598  3157.346469656  2.264e-07  8.262e-07  1.467e-06
0 2 1 0 17 e   3157.458027630  3157.458027692  2.260e-07  4.000e-03  4.000e-03
0 2 1 0 18 e   3164.740292763  3164.740292824  2.262e-07  4.000e-03  4.000e-03
1 4 0 0 33 e   3165.387970838  3165.387970181  3.304e-06  2.003e-04  2.003e-04
0 2 1 2 19 e   3165.805511503  3165.805568638  3.194e-04  5.000e-03  7.071e-03
0 2 1 2 19 f   3165.806483212  3165.806540347  3.194e-04  5.000e-03  7.071e-03
2 2 0 0 46 e   3168.855533755  3168.855529656  1.563e-05  4.000e-03  4.000e-03
1 0 1 0 35 e   3171.415283911  3171.415448161  5.063e-04  4.000e-03  4.000e-03
0 2 1 0 19 e   3172.427073234  3172.427073295  2.261e-07  4.000e-03  4.000e-03
3 0 0 0 55 e   3174.647999628  3174.648036614  2.388e-04  4.101e-03  4.109e-03
0 5 0 1 51 e   3176.076319174  3176.076321528  1.087e-04  5.064e-03  5.127e-03
1 4 0 0 34 e   3179.219510313  3179.219510371  2.263e-07  4.000e-03  4.000e-03
0 0 1 0 74 e   3179.959951043  3179.959992007  4.092e-04  2.414e-04  1.660e-03
0 2 1 0 20 e   3180.518348206  3180.518348266  2.268e-07  4.000e-03  4.000e-03
0 2 1 2 21 e   3182.396693310  3182.396841055  4.248e-04  5.000e-03  7.071e-03
0 2 1 2 21 f   3182.399374233  3182.399222243  6.341e-04  5.000e-03  7.071e-03
2 0 0 0 85 e   3182.509776472  3182.509832455  3.993e-04  1.657e-04  2.120e-03
1 0 1 0 36 e   3185.885535017  3185.885959793  1.102e-03  4.000e-03  4.000e-03
2 2 0 0 47 e   3187.867966164  3187.867961194  2.347e-05  4.000e-03  4.000e-03
1 4 0 2 35 f   3188.644681229  3188.644686816  9.273e-05  5.004e-03  7.074e-03
0 2 1 0 21 e   3189.014054027  3189.014054186  5.800e-07  1.236e-06  1.848e-06
1 4 0 0 35 e   3193.457943031  3193.457943089  2.263e-07  4.000e-03  4.000e-03
0 1 1 1 55 e   3196.762309892  3196.762313351  4.307e-05  4.300e-03  4.301e-03
0 1 1 1 55 f   3197.421995202  3197.421996187  4.012e-05  4.300e-03  4.301e-03
0 2 1 2 23 e   3200.614797767  3200.614475766  2.753e-03  5.000e-03  7.071e-03
1 0 1 0 37 e   3200.756876760  3200.756976208  3.962e-04  4.000e-03  4.000e-03
0 2 1 0 23 e   3207.218578089  3207.218578145  3.303e-07  1.236e-06  1.559e-06
2 2 0 0 48 e   3207.284265205  3207.284259109  1.814e-05  4.720e-05  6.020e-05
1 4 0 0 36 e   3208.103169012  3208.103169070  2.264e-07  4.000e-03  4.000e-03
1 0 1 0 38 e   3216.029793101  3216.029890454  4.907e-04  4.000e-03  4.000e-03
2 0 0 0 86 e   3217.075825171  3217.075882322  3.984e-04  1.812e-04  2.156e-03
0 1 1 1 56 e   3219.343852890  3219.343959070  1.096e-03  4.300e-03  4.311e-03
3 0 0 0 57 e   3220.009799628  3220.009836614  2.388e-04  4.101e-03  4.109e-03
0 1 1 1 56 f   3220.027871944  3220.027920053  3.860e-04  4.300e-03  4.302e-03
2 1 0 1 70 f   3221.867770964  3221.867830278  4.058e-04  5.469e-03  6.644e-03
1 4 0 0 37 e   3223.155051788  3223.155051847  2.264e-07  4.000e-03  4.000e-03
2 2 0 0 49 e   3227.104482036  3227.104476095  1.730e-05  4.000e-03  4.000e-03
1 0 1 0 39 e   3231.703948315  3231.703948374  2.262e-07  8.915e-07  1.588e-06
0 2 1 0 26 e   3237.557984197  3237.557984255  2.272e-07  4.000e-03  4.000e-03
1 4 0 0 38 e   3238.613653808  3238.613653867  2.264e-07  4.000e-03  4.000e-03
0 0 1 0 76 e   3240.704909602  3240.704963467  3.986e-04  1.046e-03  2.078e-03
0 5 0 1 54 e   3240.845537161  3240.845581703  2.293e-04  5.081e-03  5.163e-03
0 1 1 1 57 e   3242.327712940  3242.327716498  4.146e-05  4.300e-03  4.302e-03
0 1 1 1 57 f   3243.036730382  3243.036769901  2.886e-04  4.300e-03  4.311e-03
3 0 0 0 58 e   3243.288079423  3243.288107744  2.127e-04  4.101e-03  4.107e-03
2 2 0 0 50 e   3247.328414024  3247.328408227  1.793e-05  4.000e-03  4.000e-03
1 0 1 0 40 e   3247.779596168  3247.779765606  4.613e-04  4.000e-03  4.000e-03
0 2 1 0 27 e   3248.479703934  3248.479706868  7.998e-06  1.077e-03  1.149e-03
2 3 0 1 4 e   3249.311051072  3249.311078896  1.126e-04  1.432e-04  1.935e-04
2 1 0 1 71 f   3250.515253065  3250.515316329  3.978e-04  5.469e-03  6.656e-03
2 0 0 0 87 e   3252.041082822  3252.041139855  4.009e-04  2.001e-04  2.194e-03
0 2 1 2 28 e   3253.206458102  3253.207192871  2.099e-03  5.000e-03  7.071e-03
0 2 1 2 28 f   3253.213654218  3253.213656704  6.940e-04  5.000e-03  7.071e-03
1 4 0 0 39 e   3254.478836557  3254.478836616  2.262e-07  4.000e-03  4.000e-03
0 2 1 0 28 e   3259.805905251  3259.805905310  2.272e-07  4.000e-03  4.000e-03
0 5 0 1 55 e   3263.253183291  3263.253232485  9.021e-04  5.064e-03  5.152e-03
1 0 1 0 41 e   3264.256343872  3264.256369546  2.146e-04  4.000e-03  4.000e-03
0 1 1 1 58 e   3265.715557746  3265.715608089  1.401e-03  4.333e-03  4.555e-03
0 1 1 1 58 f   3266.448609039  3266.448647547  2.571e-04  4.300e-03  4.317e-03
2 2 0 0 51 e   3267.956328341  3267.956321491  2.757e-05  5.030e-04  5.056e-04
1 4 0 0 40 e   3270.750699515  3270.750699053  2.732e-06  6.672e-04  6.672e-04
0 2 1 0 29 e   3271.536220940  3271.536220997  2.267e-07  4.000e-03  4.000e-03
0 2 1 2 30 e   3277.077469754  3277.078161762  2.045e-03  5.000e-03  7.071e-03
0 2 1 2 30 f   3277.083800866  3277.083801307  1.070e-03  5.000e-03  7.071e-03
2 1 0 1 72 e   3278.731887756  3278.731945562  4.015e-04  3.524e-03  5.219e-03
2 1 0 1 72 f   3279.564295173  3279.564344583  4.382e-04  5.546e-03  6.731e-03
1 0 1 0 42 e   3281.134381459  3281.134622271  8.334e-04  4.000e-03  4.000e-03
1 3 0 1 65 e   3282.256039563  3282.255869834  1.066e-03  3.535e-01  3.535e-01
0 2 1 0 30 e   3283.670833281  3283.670833335  4.344e-07  1.601e-06  1.983e-06
1 3 0 1 65 f   3284.109474538  3284.109555884  4.255e-04  3.535e-01  3.535e-01
2 0 0 0 88 e   3287.405448153  3287.405500321  4.025e-04  2.288e-04  2.230e-03
1 4 0 0 41 e   3287.429084602  3287.429084661  2.262e-07  4.000e-03  4.000e-03
2 2 0 0 52 e   3288.987646922  3288.987644463  2.834e-05  4.000e-03  4.001e-03
0 1 1 1 59 e   3289.505813959  3289.505649086  1.057e-03  4.321e-03  4.468e-03
0 2 1 2 31 e   3289.616867089  3289.617571242  2.064e-03  5.108e-03  8.728e-03
0 1 1 1 59 f   3290.263597539  3290.263651297  3.997e-04  4.300e-03  4.343e-03
3 0 0 0 60 e   3291.052469019  3291.052523286  3.999e-04  3.097e-04  9.207e-04
0 2 1 0 31 e   3296.209513626  3296.209513806  5.689e-06  4.000e-03  4.000e-03
1 0 1 0 43 e   3298.413718419  3298.414142120  1.075e-03  4.000e-03  4.000e-03
2 1 0 1 73 e   3308.147526331  3308.147579853  3.988e-04  5.547e-03  6.732e-03
2 1 0 1 73 f   3309.013629626  3309.013683225  3.987e-04  5.546e-03  6.743e-03
0 2 1 0 32 e   3309.152497205  3309.152497298  6.001e-07  1.994e-06  2.334e-06
2 2 0 0 53 e   3310.422834356  3310.422830969  3.104e-05  4.000e-03  4.001e-03
0 1 1 1 60 e   3313.696790491  3313.696634957  1.057e-03  4.321e-03  4.472e-03
0 1 1 1 60 f   3314.479077890  3314.479131647  3.997e-04  4.300e-03  4.361e-03
3 0 0 0 61 e   3315.529817891  3315.529872158  3.999e-04  4.101e-03  4.165e-03
1 0 1 0 44 e   3316.094004941  3316.094496288  1.265e-03  4.000e-03  4.000e-03
1 4 0 0 43 e   3322.005728187  3322.005726761  6.917e-06  1.674e-04  1.674e-04
0 2 1 0 33 e   3322.499443031  3322.499443089  2.263e-07  4.000e-03  4.000e-03
2 0 0 0 89 e   3323.168832800  3323.168885338  3.945e-04  2.579e-04  2.264e-03
2 2 0 0 54 e   3332.261280065  3332.261230250  7.410e-04  3.400e-04  7.455e-04
1 0 1 0 45 e   3334.175024737  3334.175021876  1.629e-05  4.588e-05  5.205e-05
0 2 1 0 34 e   3336.250639662  3336.250639204  2.071e-05  4.000e-03  4.000e-03
2 1 0 1 74 e   3337.963685468  3337.963743280  4.015e-04  5.635e-03  6.824e-03
0 1 1 1 61 e   3338.271819926  3338.271696488  1.059e-03  4.585e-04  1.615e-03
2 1 0 1 74 f   3338.864230424  3338.864287744  4.386e-04  3.509e-03  5.213e-03
0 1 1 1 61 f   3339.113997619  3339.114021246  4.242e-04  1.755e-04  8.576e-04
1 4 0 0 44 e   3339.903937824  3339.903937882  2.265e-07  4.000e-03  4.000e-03
0 2 1 0 35 e   3350.405897409  3350.405896278  3.525e-05  4.000e-03  4.000e-03
1 0 1 0 46 e   3352.657576600  3352.657981608  1.199e-03  4.000e-03  4.000e-03
1 4 0 2 45 f   3353.419877706  3353.419877667  1.945e-04  5.004e-03  7.074e-03
2 2 0 0 55 e   3354.503845361  3354.503848990  3.608e-05  4.000e-03  4.001e-03
2 0 0 0 90 e   3359.331140583  3359.331194732  4.120e-04  2.936e-04  2.302e-03
0 1 1 1 62 e   3363.283645214  3363.283489680  1.057e-03  4.321e-03  4.507e-03
0 1 1 1 62 f   3364.118036968  3364.118090723  3.997e-04  4.300e-03  4.379e-03
0 2 1 0 36 e   3364.965211410  3364.965210519  3.169e-05  4.000e-03  4.000e-03
0 0 1 0 80 e   3366.996931245  3366.996985313  3.986e-04  6.138e-05  1.923e-03
2 1 0 1 75 e   3368.180748808  3368.180770813  4.084e-04  3.516e-03  5.219e-03
2 1 0 1 75 f   3369.117491571  3369.117545382  3.986e-04  5.624e-03  6.830e-03
1 0 1 0 47 e   3371.540679957  3371.540674098  1.790e-05  2.505e-05  4.135e-05
0 2 1 2 37 e   3373.356648487  3373.358039493  3.974e-03  5.000e-03  7.071e-03
0 2 1 2 37 f   3373.368643818  3373.368649516  9.202e-05  5.000e-03  7.071e-03
0 2 1 0 37 e   3379.928544173  3379.928543746  5.535e-06  4.000e-03  4.000e-03
0 1 1 1 63 e   3388.679316130  3388.679160596  1.057e-03  4.321e-03  4.525e-03
0 1 1 1 63 f   3389.540786495  3389.540840248  3.997e-04  4.300e-03  4.393e-03
1 0 1 0 48 e   3390.824896119  3390.824984851  3.995e-04  4.000e-03  4.000e-03
0 2 1 0 38 e   3395.295757079  3395.295757166  2.429e-06  4.000e-03  4.000e-03
2 0 0 0 91 e   3395.892333240  3395.892389709  3.997e-04  3.361e-04  2.333e-03
0 0 1 0 81 e   3399.569861195  3399.569915537  3.987e-04  1.778e-04  2.043e-03
2 1 0 1 76 f   3399.771569249  3399.771631955  4.045e-04  5.703e-03  6.907e-03
2 2 0 0 57 e   3400.199164249  3400.199192927  2.501e-04  4.000e-03  4.002e-03
1 0 1 0 49 e   3410.510013179  3410.510132216  6.018e-04  4.000e-03  4.000e-03
0 2 1 0 39 e   3411.067036557  3411.067036616  2.262e-07  4.000e-03  4.000e-03
0 1 1 1 64 e   3414.477428623  3414.477273089  1.057e-03  4.321e-03  4.543e-03
0 1 1 1 64 f   3415.366896462  3415.366950214  3.997e-04  4.300e-03  4.411e-03
2 2 0 0 58 e   3423.652101623  3423.652156567  3.998e-04  4.000e-03  4.022e-03
1 1 1 1 1 f   3424.542806733  3424.542842815  4.059e-04  6.678e-04  9.440e-04
1 1 1 1 2 e   3425.347412720  3425.347413003  9.100e-07  1.669e-04  1.669e-04
1 1 1 1 2 f   3425.349961184  3425.349961288  1.003e-06  8.002e-05  8.005e-05
0 2 1 0 40 e   3427.242160350  3427.242160409  2.262e-07  4.000e-03  4.000e-03
2 1 0 1 77 e   3429.816985951  3429.817024893  4.082e-04  5.783e-03  6.974e-03
1 0 1 0 50 e   3430.595730473  3430.595725690  2.157e-05  4.000e-03  4.000e-03
2 1 0 1 77 f   3430.825682602  3430.825736467  3.986e-04  5.782e-03  6.984e-03
2 0 0 0 92 e   3432.852187603  3432.852244989  3.988e-04  3.854e-04  2.367e-03
1 4 0 0 49 e   3435.492786981  3435.492781151  1.791e-05  4.000e-03  4.000e-03
0 1 1 1 65 e   3440.679105760  3440.678918323  9.820e-04  4.332e-03  4.554e-03
0 2 1 0 41 e   3443.821184602  3443.821184661  2.262e-07  4.000e-03  4.000e-03
2 2 0 0 59 e   3447.508290633  3447.508345558  4.000e-04  4.000e-03  4.026e-03
1 1 1 1 11 e   3450.722401394  3450.722401537  7.773e-07  1.400e-04  1.400e-04
1 1 1 1 11 f   3450.755500159  3450.755500272  8.057e-07  1.400e-04  1.400e-04
1 0 1 0 51 e   3451.082485638  3451.082540586  3.639e-04  4.000e-03  4.000e-03
1 4 0 0 50 e   3455.829252933  3455.829246229  2.299e-05  2.015e-04  2.065e-04
2 1 0 1 78 e   3461.236550602  3461.236604467  3.986e-04  5.864e-03  7.053e-03
0 1 1 1 66 e   3467.279100006  3467.278912643  9.820e-04  4.332e-03  4.571e-03
0 1 1 1 66 f   3468.222912996  3468.222967767  4.011e-04  4.300e-03  4.470e-03
2 0 0 0 93 e   3470.210736414  3470.210800074  4.025e-04  5.971e-04  2.443e-03
2 2 0 0 60 e   3471.767794572  3471.767849898  4.016e-04  4.000e-03  4.086e-03
1 0 1 0 52 e   3471.969675538  3471.969678845  3.624e-05  4.196e-05  7.345e-05
1 1 1 1 15 f   3472.529320982  3472.529321064  4.813e-07  2.926e-06  3.406e-06
1 4 0 0 51 e   3476.573577092  3476.573571301  1.792e-05  4.000e-03  4.000e-03
0 2 1 0 43 e   3478.190666626  3478.190666685  2.265e-07  4.000e-03  4.000e-03
1 3 0 1 72 f   3480.421892160  3480.421941570  4.382e-04  3.503e-03  5.179e-03
1 1 1 1 18 e   3493.012013255  3493.012013791  2.432e-06  2.583e-06  3.645e-06
1 1 1 1 18 f   3493.093252644  3493.093252864  6.362e-07  1.958e-06  2.758e-06
1 0 1 0 53 e   3493.257657038  3493.257716829  2.977e-04  4.000e-03  4.001e-03
0 1 1 1 67 e   3494.281098510  3494.280732987  1.305e-03  4.343e-03  4.596e-03
0 1 1 1 67 f   3495.253295804  3495.253350963  4.010e-04  4.300e-03  4.487e-03
0 2 1 0 44 e   3495.981037824  3495.981037882  2.265e-07  4.000e-03  4.000e-03
2 2 0 0 61 e   3496.431049674  3496.431103941  3.999e-04  1.337e-03  1.521e-03
0 0 1 0 84 e   3499.687611639  3499.687666254  3.988e-04  1.046e-03  2.364e-03
2 0 0 0 94 e   3507.967782818  3507.967812564  4.081e-04  6.421e-04  2.486e-03
0 2 1 0 45 e   3514.175240654  3514.175239025  1.367e-05  4.000e-03  4.000e-03
1 4 0 0 53 e   3519.279831132  3519.279832113  4.012e-05  2.710e-04  2.868e-04
0 1 1 1 68 e   3521.681427214  3521.681425390  4.545e-04  3.504e-03  5.103e-03
0 1 1 1 68 f   3522.685722704  3522.685775959  3.991e-04  4.300e-03  4.505e-03
0 2 1 0 46 e   3532.773020417  3532.773018784  1.363e-05  4.000e-03  4.000e-03
1 0 1 0 55 e   3537.035048876  3537.035052170  3.623e-05  4.000e-03  4.001e-03
1 4 0 0 54 e   3541.242470758  3541.242474064  3.624e-05  4.000e-03  4.001e-03
2 0 0 0 95 e   3546.123260455  3546.123317488  4.008e-04  6.948e-04  2.533e-03
0 1 1 1 69 e   3549.489838706  3549.489291959  1.002e-03  4.363e-03  4.641e-03
0 1 1 1 69 f   3550.521000386  3550.521057233  4.019e-04  5.546e-03  6.696e-03
1 1 1 1 25 e   3555.028143577  3555.028143905  2.423e-06  8.005e-05  8.011e-05
1 1 1 1 23 f   3555.182179214  3555.182179259  1.452e-06  8.005e-05  8.010e-05
1 1 1 1 25 f   3555.182184239  3555.182184284  1.452e-06  1.669e-04  1.669e-04
1 0 1 0 56 e   3559.524643765  3559.524668245  2.381e-04  4.000e-03  4.001e-03
0 2 1 0 48 e   3571.207786981  3571.207781151  1.791e-05  1.000e-01  1.414e-01
0 1 1 1 70 e   3577.694459430  3577.693994918  9.186e-04  1.248e-03  2.219e-03
1 0 1 0 57 e   3582.414564249  3582.414593565  2.554e-04  4.000e-03  4.002e-03
2 0 0 0 96 e   3584.677097347  3584.677094432  4.172e-04  9.409e-04  2.702e-03
1 4 0 0 56 e   3586.386591333  3586.386594759  3.632e-05  4.000e-03  4.001e-03
0 0 1 0 87 e   3603.400576081  3603.400631133  3.988e-04  3.801e-03  4.406e-03
0 1 1 1 71 e   3606.303774876  3606.303209801  9.629e-04  4.375e-03  4.693e-03
0 1 1 1 71 f   3607.392453065  3607.392516329  3.978e-04  5.546e-03  6.719e-03
1 4 0 0 57 e   3609.568041845  3609.568045433  3.637e-05  4.000e-03  4.002e-03
0 3 1 1 1 e   3615.750310472  3615.750310718  8.679e-07  3.008e-05  3.022e-05
0 3 1 1 1 f   3615.751151157  3615.751151418  1.124e-06  3.008e-05  3.022e-05
0 3 1 1 2 e   3616.559939118  3616.559939243  9.028e-07  3.008e-05  3.022e-05
0 3 1 1 2 f   3616.562461604  3616.562462110  1.877e-06  3.008e-05  3.022e-05
0 2 1 2 51 e   3625.261111244  3625.261102599  2.192e-05  5.108e-03  8.728e-03
1 0 1 0 59 e   3629.395286652  3629.395341716  4.003e-04  4.000e-03  4.026e-03
0 2 1 0 51 e   3631.815755724  3631.815752454  2.722e-05  4.000e-03  4.000e-03
0 2 1 0 52 e   3652.834708840  3652.834709634  3.813e-05  4.000e-03  4.001e-03
1 0 1 0 60 e   3653.486007050  3653.486062096  4.003e-04  4.000e-03  4.046e-03
0 0 1 0 89 e   3674.539306991  3674.539362723  3.991e-04  3.801e-03  4.442e-03
1 0 1 0 61 e   3677.976807056  3677.976861323  3.999e-04  7.603e-05  8.293e-04
0 2 1 0 54 e   3696.082691333  3696.082694759  3.632e-05  4.000e-03  4.001e-03
1 0 1 0 62 e   3702.867694572  3702.867749898  4.016e-04  4.000e-03  4.086e-03
0 0 1 0 90 e   3710.707358520  3710.707414408  3.990e-04  3.801e-03  4.459e-03
0 2 1 0 55 e   3718.311595361  3718.311596132  4.947e-05  4.000e-03  4.001e-03
1 0 1 0 63 e   3728.158629291  3728.158683039  3.996e-04  4.000e-03  4.105e-03
0 2 1 0 56 e   3740.943893765  3740.943935087  2.977e-04  4.000e-03  4.001e-03
1 0 1 0 64 e   3753.849456236  3753.849508657  4.001e-04  4.000e-03  4.124e-03
3 0 0 0 77 e   3761.561585288  3761.561640878  3.985e-04  4.301e-03  4.644e-03
0 2 1 0 57 e   3763.979286652  3763.979341716  4.003e-04  4.000e-03  4.026e-03
2 4 0 0 2 e   3764.041183308  3764.041183308  1.298e-09  5.000e-05  5.000e-05
2 0 1 0 0 e   3768.495713308  3768.495713308  1.298e-09  1.000e-01  1.000e-01
2 0 1 0 1 e   3768.897069429  3768.896484542  8.018e-03  1.000e-01  1.000e-01
2 0 1 0 2 e   3769.702263310  3769.702263312  1.633e-08  5.000e-05  5.000e-05
2 0 1 0 3 e   3770.922628144  3770.921345053  1.323e-02  1.000e-01  1.000e-01
2 0 1 0 4 e   3772.552662626  3772.552662665  2.163e-07  1.000e-01  1.000e-01
2 4 0 0 7 e   3774.170755969  3774.170756012  2.193e-07  5.000e-05  5.000e-05
2 0 1 0 5 e   3774.548511700  3774.549845684  1.626e-02  1.000e-01  1.000e-01
2 0 1 0 6 e   3776.932962627  3776.932962669  2.165e-07  5.000e-05  5.000e-05
2 0 1 0 7 e   3779.744965979  3779.744966043  2.304e-07  5.000e-05  5.000e-05
2 0 1 0 8 e   3782.975297687  3782.975675808  3.197e-03  1.000e-01  1.000e-01
2 0 1 0 9 e   3786.600087769  3786.600155935  1.941e-03  1.000e-01  1.000e-01
2 0 1 0 10 e   3790.591704572  3790.591704641  2.247e-07  5.000e-05  5.000e-05
3 0 0 0 78 e   3792.831009696  3792.831064421  3.999e-04  4.301e-03  4.661e-03
2 4 0 0 12 e   3794.427442970  3794.427443016  2.187e-07  5.000e-05  5.000e-05
2 0 1 0 11 e   3795.040155243  3795.040652663  8.130e-03  1.000e-01  1.000e-01
2 0 1 0 12 e   3799.869910774  3799.869494103  1.152e-02  1.000e-01  1.000e-01
2 0 1 0 13 e   3805.055134740  3805.055134821  2.385e-07  5.000e-05  5.000e-05
2 0 1 0 14 e   3810.712302829  3810.712061926  1.567e-03  1.000e-01  1.000e-01
2 0 1 0 15 e   3816.738411214  3816.738383866  3.852e-03  1.000e-01  1.000e-01
2 4 0 0 16 e   3817.920747081  3817.920747138  2.250e-07  5.000e-05  5.001e-05
2 0 1 0 16 e   3823.136427096  3823.136427174  2.371e-07  5.000e-05  5.001e-05
3 0 0 0 79 e   3824.498657518  3824.498710116  3.981e-04  4.401e-03  4.769e-03
2 0 1 0 17 e   3829.985874595  3829.984984663  7.509e-03  1.000e-01  1.000e-01
0 2 1 0 60 e   3835.638131093  3835.638186215  4.005e-04  1.121e-04  7.276e-04
2 0 1 0 18 e   3837.221695210  3837.221679507  2.864e-04  1.000e-01  1.000e-01
2 4 0 0 19 e   3839.789117630  3839.789117692  2.260e-07  5.000e-05  5.001e-05
2 0 1 0 19 e   3844.837107638  3844.837107711  2.366e-07  5.000e-05  5.001e-05
2 0 1 0 20 e   3852.893420484  3852.893455708  2.199e-03  1.000e-01  1.000e-01
2 4 0 0 21 e   3856.389563234  3856.389563295  2.261e-07  5.000e-05  5.001e-05
3 0 0 0 80 e   3856.564705684  3856.564761110  3.987e-04  4.401e-03  4.786e-03
2 0 1 0 21 e   3861.347284515  3861.347389363  5.797e-03  1.000e-01  1.000e-01
2 0 1 0 22 e   3870.159643104  3870.159643188  2.264e-07  5.000e-05  5.001e-05
2 0 1 0 23 e   3879.427405942  3879.427350547  1.569e-03  1.000e-01  1.000e-01
2 4 0 0 24 e   3884.319819838  3884.319819896  2.265e-07  5.000e-05  5.001e-05
2 0 1 0 24 e   3889.055079851  3889.055079925  2.275e-07  5.000e-05  5.001e-05
2 0 1 0 25 e   3899.134416087  3899.134416146  2.269e-07  1.000e-01  1.000e-01
2 0 1 0 26 e   3909.604212017  3909.603865336  3.603e-03  1.000e-01  1.000e-01
2 4 0 0 27 e   3915.881158240  3915.881158298  2.269e-07  5.000e-05  5.001e-05
2 0 1 0 27 e   3920.422048261  3920.422048358  2.752e-07  5.000e-05  5.001e-05
2 0 1 0 28 e   3931.725694724  3931.725697370  1.641e-03  1.000e-01  1.000e-01
1 2 1 2 2 e   3932.509129501  3932.509223317  1.029e-03  5.131e-03  1.444e-02
1 2 1 2 3 f   3933.720586419  3933.720680235  1.029e-03  5.130e-03  1.350e-02
1 2 1 0 0 e   3937.427412771  3937.427412081  2.977e-06  3.000e-04  3.000e-04
1 2 1 0 1 e   3937.831038642  3937.831038353  1.213e-06  3.000e-04  3.000e-04
1 2 1 0 2 e   3938.638413415  3938.638413562  5.475e-07  3.000e-04  3.000e-04
1 2 1 0 3 e   3939.849439536  3939.849440437  2.677e-06  3.000e-04  3.000e-04
1 2 1 0 4 e   3941.464063263  3941.464064257  3.859e-06  3.000e-04  3.000e-04
2 0 1 0 29 e   3943.351780952  3943.351781027  2.339e-07  5.000e-05  5.001e-05
1 2 1 0 5 e   3943.482406726  3943.482408350  4.074e-06  3.000e-04  3.000e-04
1 2 1 0 6 e   3945.904402029  3945.904404102  2.991e-05  3.000e-04  3.000e-04
2 4 0 2 30 e   3948.439145386  3948.439145444  2.263e-07  1.000e-04  1.000e-04
1 2 1 0 7 e   3948.730060415  3948.730061720  3.572e-06  3.000e-04  3.000e-04
2 4 0 0 30 e   3951.067355251  3951.067355310  2.272e-07  5.000e-05  5.001e-05
1 2 1 0 8 e   3951.959355126  3951.959356292  3.149e-06  3.000e-04  3.000e-04
3 0 0 0 83 e   3955.154005782  3955.154058173  4.008e-04  4.601e-03  5.019e-03
2 0 1 0 30 e   3955.438335319  3955.438047355  9.002e-03  1.000e-01  1.000e-01
1 2 1 0 9 e   3955.592287996  3955.592286911  1.994e-05  3.000e-04  3.000e-04
1 2 1 0 10 e   3959.641043765  3959.641202014  7.680e-03  1.000e-01  1.000e-01
1 2 1 0 11 e   3964.069094723  3964.069094770  2.184e-07  3.000e-04  3.000e-04
2 0 1 0 31 e   3967.933763626  3967.933593121  7.771e-03  1.000e-01  1.000e-01
1 2 1 0 12 e   3968.912710817  3968.912711050  1.688e-05  3.000e-04  3.000e-04
2 4 0 2 32 e   3974.003325386  3974.003325444  2.263e-07  1.000e-04  1.000e-04
1 2 1 0 13 e   3974.160097840  3974.160097670  2.175e-06  3.000e-04  3.000e-04
2 4 0 0 32 e   3976.534655386  3976.534655444  2.263e-07  5.000e-05  5.001e-05
9 0 0 0 6 e   3977.730662626  3977.730662665  2.163e-07  3.000e-04  3.000e-04
1 2 1 0 14 e   3979.811117129  3979.811117161  5.515e-07  3.000e-04  3.000e-04
9 0 0 0 7 e   3980.538359774  3980.538359819  2.191e-07  3.000e-04  3.000e-04
2 0 1 0 32 e   3980.779385392  3980.779385462  2.330e-07  5.000e-05  5.001e-05
1 2 1 0 15 e   3985.865561366  3985.865560588  2.894e-05  3.000e-04  3.000e-04
9 0 0 0 9 e   3987.361287769  3987.361296524  2.806e-04  3.000e-04  3.000e-04
2 4 0 2 33 e   3987.392806312  3987.392806370  2.263e-07  1.000e-04  1.000e-04
1 6 0 0 1 e   3990.514638857  3990.514638857  3.716e-08  3.000e-04  3.000e-04
9 0 0 0 10 e   3991.374354560  3991.374354605  2.192e-07  3.000e-04  3.000e-04
1 2 1 0 16 e   3992.323617818  3992.323619158  3.676e-06  3.000e-04  3.000e-04
2 0 1 0 33 e   3994.092674672  3994.090462230  1.438e-02  1.000e-01  1.000e-01
1 6 0 0 4 e   3994.184374617  3994.184374617  3.732e-08  3.000e-04  3.000e-04
9 0 0 0 11 e   3995.787894723  3995.787894770  2.184e-07  3.000e-04  3.000e-04
1 6 0 0 5 e   3996.223117431  3996.223117430  3.977e-08  3.000e-04  3.000e-04
1 2 1 0 17 e   3999.185324910  3999.185325154  2.504e-06  3.000e-04  3.000e-04
9 0 0 0 12 e   4000.603510774  4000.603511116  1.596e-04  3.000e-04  3.000e-04
1 6 0 0 7 e   4001.523732871  4001.523734681  5.554e-05  3.000e-04  3.000e-04
2 4 0 0 34 e   4003.606550313  4003.606550371  2.263e-07  5.000e-05  5.002e-05
9 0 0 0 13 e   4005.819847796  4005.819849055  9.969e-05  3.000e-04  3.000e-04
1 2 1 0 18 e   4006.468695210  4006.468611605  6.937e-03  1.000e-01  1.000e-01
2 0 1 0 34 e   4007.757090312  4007.757090370  2.262e-07  5.000e-05  5.002e-05
1 6 0 0 9 e   4008.455615764  4008.455615809  2.188e-07  3.000e-04  3.000e-04
9 0 0 0 14 e   4011.437717081  4011.437717138  2.250e-07  3.000e-04  3.000e-04
1 6 0 0 10 e   4012.532854560  4012.532854605  2.192e-07  3.000e-04  3.000e-04
1 2 1 0 19 e   4014.119100531  4014.119100880  2.044e-05  3.000e-04  3.000e-04
9 0 0 0 15 e   4017.456021560  4017.456021619  2.267e-07  3.000e-04  3.000e-04
2 4 0 0 35 e   4017.743253031  4017.743253089  2.263e-07  5.000e-05  5.002e-05
2 0 1 0 35 e   4021.872043031  4021.872043089  2.263e-07  1.000e-01  1.000e-01
1 2 1 0 20 e   4022.191270603  4022.191271846  1.729e-05  3.000e-04  3.000e-04
3 0 0 0 85 e   4022.869645598  4022.869700356  3.974e-04  4.802e-03  5.234e-03
9 0 0 0 16 e   4023.876097656  4023.876097717  2.262e-07  3.000e-04  3.000e-04
1 6 0 0 13 e   4027.212200869  4027.212200926  2.254e-07  3.000e-04  3.000e-04
2 4 0 2 36 e   4029.989033808  4029.989033867  2.264e-07  1.000e-04  1.000e-04
1 2 1 0 21 e   4030.666884623  4030.666885148  8.430e-06  3.000e-04  3.000e-04
9 0 0 0 17 e   4030.697924595  4030.697937966  2.053e-04  3.000e-04  3.000e-04
1 6 0 0 14 e   4032.920788578  4032.920788636  2.255e-07  3.000e-04  3.000e-04
2 0 1 0 36 e   4036.370661410  4036.370632192  1.179e-02  1.000e-01  1.000e-01
9 0 0 0 18 e   4037.920145210  4037.920156808  1.145e-04  3.000e-04  3.000e-04
1 6 0 0 15 e   4039.036721560  4039.036721619  2.267e-07  3.000e-04  3.000e-04
1 2 1 0 22 e   4039.545970770  4039.545971193  1.695e-05  3.000e-04  3.000e-04
9 0 0 0 19 e   4045.543873234  4045.543873295  2.261e-07  3.000e-04  3.000e-04
1 6 0 0 16 e   4045.560757369  4045.560754660  1.049e-04  3.000e-04  3.000e-04
2 4 0 0 37 e   4047.216146557  4047.216146616  2.262e-07  5.000e-05  5.002e-05
1 2 1 0 23 e   4048.828516346  4048.828516876  1.814e-06  3.000e-04  3.000e-04
2 0 1 0 37 e   4051.270361807  4051.270361891  2.500e-07  5.000e-05  5.002e-05
9 0 0 0 20 e   4053.568420484  4053.568417682  5.733e-05  3.000e-04  3.000e-04
3 0 0 0 86 e   4057.320768250  4057.320826251  4.005e-04  4.902e-03  5.341e-03
1 2 1 0 24 e   4058.514393436  4058.514394209  2.542e-06  3.000e-04  3.000e-04
1 6 0 0 18 e   4059.832697656  4059.832697717  2.262e-07  3.000e-04  3.000e-04
2 4 0 2 38 e   4060.408640350  4060.408640409  2.262e-07  1.000e-04  1.000e-04
9 0 0 0 21 e   4061.993895797  4061.993895856  2.275e-07  3.000e-04  3.000e-04
2 0 1 0 38 e   4066.648307079  4066.648873065  2.175e-02  1.000e-01  1.000e-01
1 6 0 0 19 e   4067.580400432  4067.580417319  1.282e-04  3.000e-04  3.000e-04
1 2 1 0 25 e   4068.603727370  4068.603727644  8.823e-06  3.000e-04  3.000e-04
9 0 0 0 22 e   4070.820220648  4070.820230676  1.595e-04  3.000e-04  3.000e-04
1 6 0 0 20 e   4075.735570484  4075.735570334  6.133e-05  3.000e-04  3.000e-04
1 2 1 0 26 e   4079.096440221  4079.096440715  1.531e-06  3.000e-04  3.000e-04
9 0 0 0 23 e   4080.048195797  4080.048195856  2.275e-07  3.000e-04  3.000e-04
2 0 1 0 39 e   4082.354336557  4082.354336616  2.262e-07  1.000e-01  1.000e-01
9 0 0 0 24 e   4089.676666464  4089.676651037  2.525e-04  3.000e-04  3.000e-04
1 2 1 0 27 e   4089.992538415  4089.992538826  1.348e-06  3.000e-04  3.000e-04
2 4 0 2 40 e   4092.444217608  4092.444217667  2.263e-07  1.000e-04  1.000e-04
1 6 0 0 22 e   4093.269993090  4093.269993148  2.276e-07  3.000e-04  3.000e-04
2 4 0 0 40 e   4094.418500350  4094.418500409  2.262e-07  5.000e-05  5.002e-05
2 0 1 0 40 e   4098.449920350  4098.449920409  2.262e-07  5.000e-05  5.002e-05
9 0 0 0 25 e   4099.706477163  4099.706486085  1.124e-04  3.000e-04  3.000e-04
1 2 1 0 28 e   4101.291905598  4101.291905963  1.454e-06  3.000e-04  3.000e-04
0 0 2 0 0 e   4101.410489662  4101.410306474  4.467e-03  1.000e-01  1.000e-01
0 0 2 0 1 e   4101.811358206  4101.811175018  4.467e-03  1.000e-01  1.000e-01
0 0 2 0 2 e   4102.613094152  4102.612910964  4.467e-03  1.000e-01  1.000e-01
1 6 0 0 23 e   4102.648555942  4102.648555507  4.286e-05  3.000e-04  3.000e-04
0 0 2 0 3 e   4103.761121716  4103.764335751  2.020e-02  1.000e-01  1.000e-01
0 0 2 0 4 e   4105.395170888  4105.395171773  1.304e-05  3.000e-04  3.000e-04
0 0 2 0 5 e   4107.399491690  4107.399492575  1.304e-05  3.000e-04  3.000e-04
0 0 2 0 6 e   4109.804664638  4109.804665523  1.304e-05  3.000e-04  3.000e-04
9 0 0 0 26 e   4110.137012017  4110.137019534  1.603e-04  3.000e-04  3.000e-04
1 6 0 0 24 e   4112.435466464  4112.435467772  1.899e-05  3.000e-04  3.000e-04
0 0 2 0 7 e   4112.610637278  4112.610639368  2.299e-05  3.000e-04  3.000e-04
1 2 1 0 29 e   4112.994449990  4112.994450664  2.378e-06  3.000e-04  3.000e-04
2 0 1 0 41 e   4115.026284602  4115.026284661  2.262e-07  1.000e-01  1.000e-01
0 0 2 0 8 e   4115.817493603  4115.817495693  2.300e-05  3.000e-04  3.000e-04
0 0 2 0 9 e   4119.425188078  4119.425190238  1.994e-05  3.000e-04  3.000e-04
9 0 0 0 27 e   4120.968249591  4120.968249650  2.272e-07  3.000e-04  3.000e-04
1 6 0 0 25 e   4122.629877163  4122.629878609  2.561e-05  3.000e-04  3.000e-04
0 0 2 0 10 e   4123.433655062  4123.433655553  2.018e-06  3.000e-04  3.000e-04
1 2 1 0 30 e   4125.100335638  4125.100334177  2.262e-05  3.000e-04  3.000e-04
0 0 2 0 11 e   4127.842905479  4127.842906939  6.756e-05  3.000e-04  3.000e-04
2 4 0 0 42 e   4127.878677608  4127.878677667  2.263e-07  5.000e-05  5.002e-05
2 0 1 0 42 e   4131.945177831  4131.945177898  2.343e-07  5.000e-05  5.002e-05
9 0 0 0 28 e   4132.200905251  4132.200905310  2.272e-07  3.000e-04  3.000e-04
0 0 2 0 12 e   4132.653110769  4132.653109696  1.632e-05  3.000e-04  3.000e-04
1 6 0 0 26 e   4133.232339838  4133.232339896  2.265e-07  3.000e-04  3.000e-04
1 2 1 0 31 e   4137.609521691  4137.609522719  3.482e-06  3.000e-04  3.000e-04
0 0 2 0 13 e   4137.863997949  4137.863998037  2.409e-06  3.000e-04  3.000e-04
0 4 1 0 0 e   4141.222713308  4141.222713308  1.298e-09  1.000e-01  1.000e-01
0 4 1 0 1 e   4141.658111086  4141.657090216  3.028e-03  1.000e-01  1.000e-01
0 4 1 0 2 e   4142.400962356  4142.405628168  1.859e-02  1.000e-01  1.000e-01
0 0 2 0 14 e   4143.475652966  4143.475650203  2.591e-05  3.000e-04  3.000e-04
2 4 0 2 43 e   4143.522736626  4143.522736685  2.265e-07  1.000e-04  1.000e-04
0 4 1 0 3 e   4143.667721716  4143.669359070  6.090e-03  1.000e-01  1.000e-01
9 0 0 0 29 e   4143.833985265  4143.833986325  3.568e-04  3.000e-04  3.568e-04
1 6 0 0 27 e   4144.242638240  4144.242638298  2.269e-07  3.000e-04  3.000e-04
1 2 1 2 32 e   4144.469810313  4144.469810371  2.263e-07  3.000e-04  3.000e-04
0 4 1 0 4 e   4145.317952219  4145.318315345  2.503e-03  1.000e-01  1.000e-01
0 4 1 0 5 e   4147.360511700  4147.362092753  2.571e-02  1.000e-01  1.000e-01
2 0 1 0 43 e   4149.326666626  4149.326666685  2.265e-07  1.000e-01  1.000e-01
0 0 2 0 15 e   4149.488101640  4149.488102893  3.483e-06  3.000e-04  3.000e-04
0 4 1 0 6 e   4149.730862698  4149.730862852  5.353e-07  3.000e-04  3.000e-04
1 2 1 0 32 e   4150.521965826  4150.521966560  1.942e-06  3.000e-04  3.000e-04
0 4 1 0 7 e   4152.570306061  4152.570306306  6.494e-07  3.000e-04  3.000e-04
0 4 1 0 8 e   4155.815554637  4155.815554733  6.832e-07  3.000e-04  3.000e-04
9 0 0 0 30 e   4155.868605251  4155.868605310  2.272e-07  3.000e-04  3.000e-04
0 0 2 0 16 e   4155.901217808  4155.901218685  3.036e-06  3.000e-04  3.000e-04
0 4 1 0 9 e   4159.466316902  4159.466318354  4.571e-06  3.000e-04  3.000e-04
0 0 2 0 17 e   4162.715124770  4162.715124751  2.621e-06  3.000e-04  3.000e-04
0 4 1 0 10 e   4163.522694348  4163.522691627  2.702e-05  3.000e-04  3.000e-04
1 2 1 0 33 e   4163.837424786  4163.837419195  6.368e-05  3.000e-04  3.000e-04
2 0 1 0 44 e   4167.095537824  4167.095537882  2.265e-07  1.000e-01  1.000e-01
1 6 0 0 29 e   4167.486949591  4167.486949650  2.272e-07  3.000e-04  3.000e-04
0 4 1 0 11 e   4167.984795420  4167.984797090  4.606e-06  3.000e-04  3.000e-04
9 0 0 0 31 e   4168.303363626  4168.303340021  1.225e-04  3.000e-04  3.000e-04
0 0 2 0 18 e   4169.929695705  4169.929696023  2.637e-06  3.000e-04  3.000e-04
1 2 1 2 34 e   4171.510769012  4171.510769070  2.264e-07  3.000e-04  3.000e-04
0 4 1 0 12 e   4172.852411399  4172.852416811  5.657e-05  3.000e-04  3.000e-04
0 0 2 0 19 e   4177.544950946  4177.544950053  1.790e-05  3.000e-04  3.000e-04
1 2 1 0 34 e   4177.556139581  4177.556141136  2.244e-05  3.000e-04  3.000e-04
0 4 1 0 13 e   4178.125601656  4178.125603324  5.913e-06  3.000e-04  3.000e-04
2 4 0 2 45 e   4179.586490654  4179.586489025  1.367e-05  5.478e-05  6.004e-05
1 6 0 0 30 e   4179.720965386  4179.720965444  2.263e-07  3.000e-04  3.000e-04
2 4 0 0 45 e   4181.056180654  4181.056179025  1.367e-05  5.478e-05  6.004e-05
0 4 1 0 14 e   4183.804518517  4183.804521809  7.424e-06  3.000e-04  3.000e-04
2 0 1 0 45 e   4185.257695353  4185.257689465  1.797e-05  5.590e-05  6.106e-05
0 0 2 0 20 e   4185.560820746  4185.560822024  2.031e-05  3.000e-04  3.000e-04
1 2 1 2 35 e   4185.636451788  4185.636451847  2.264e-07  3.000e-04  3.000e-04
0 4 1 0 15 e   4189.888922990  4189.888925068  6.029e-06  3.000e-04  3.000e-04
1 2 1 0 35 e   4191.677943231  4191.677943646  1.135e-06  3.000e-04  3.000e-04
1 6 0 0 31 e   4192.363006312  4192.363006370  2.263e-07  3.000e-04  3.000e-04
0 0 2 0 21 e   4193.977384614  4193.977383941  8.810e-06  3.000e-04  3.000e-04
9 0 0 0 33 e   4194.375206312  4194.375206370  2.263e-07  3.000e-04  3.000e-04
0 4 1 0 16 e   4196.378999233  4196.379001724  5.810e-06  3.000e-04  3.000e-04
0 0 2 0 22 e   4202.794548392  4202.794548756  1.200e-06  3.000e-04  3.000e-04
0 4 1 0 17 e   4203.274629039  4203.274631469  6.604e-06  3.000e-04  3.000e-04
2 0 1 0 46 e   4203.879420417  4203.879418784  1.363e-05  1.000e-01  1.000e-01
1 6 0 0 32 e   4205.413110313  4205.413110371  2.263e-07  3.000e-04  3.000e-04
1 2 1 0 36 e   4206.202811607  4206.202809717  3.282e-05  3.000e-04  3.000e-04
9 0 0 0 34 e   4208.012589662  4208.012590967  6.592e-05  3.000e-04  3.000e-04
0 4 1 0 18 e   4210.575894262  4210.575896618  6.942e-06  3.000e-04  3.000e-04
0 0 2 0 23 e   4212.012306384  4212.012307538  7.340e-06  3.000e-04  3.000e-04
1 2 1 2 37 e   4215.095236557  4215.095236616  2.262e-07  3.000e-04  3.000e-04
0 4 1 0 19 e   4218.282651133  4218.282652379  1.634e-05  3.000e-04  3.000e-04
1 6 0 0 33 e   4218.870724672  4218.870724678  1.366e-05  3.000e-04  3.000e-04
1 2 1 0 37 e   4221.130794195  4221.130795719  3.210e-05  3.000e-04  3.000e-04
0 0 2 0 24 e   4221.630616828  4221.630616259  1.801e-05  3.000e-04  3.000e-04
9 0 0 0 35 e   4222.050351788  4222.050351847  2.264e-07  3.000e-04  3.000e-04
0 4 1 0 20 e   4226.394871092  4226.394870935  1.658e-05  3.000e-04  3.000e-04
0 0 2 0 25 e   4231.649527539  4231.649526738  9.056e-06  3.000e-04  3.000e-04
0 4 1 0 21 e   4234.912685142  4234.912685762  9.478e-06  3.000e-04  3.000e-04
1 2 1 0 38 e   4236.461753925  4236.461754142  7.049e-07  3.000e-04  3.000e-04
9 0 0 0 36 e   4236.489353808  4236.489353867  2.264e-07  3.000e-04  3.000e-04
2 4 0 0 48 e   4237.832967093  4237.832961237  1.794e-05  5.591e-05  6.724e-05
0 0 2 0 26 e   4242.068862133  4242.068861054  1.648e-05  3.000e-04  3.000e-04
2 0 1 0 48 e   4242.257637103  4242.257631273  1.795e-05  5.591e-05  6.724e-05
0 4 1 0 22 e   4243.836071251  4243.836072805  1.597e-05  3.000e-04  3.000e-04
1 2 1 2 39 e   4246.165836557  4246.165836616  2.262e-07  3.000e-04  3.000e-04
0 4 1 2 23 e   4246.900595797  4246.900595856  2.275e-07  3.000e-04  3.000e-04
1 6 0 0 35 e   4247.010147409  4247.010147309  3.231e-06  3.000e-04  3.000e-04
9 0 0 0 37 e   4251.328436557  4251.328436616  2.262e-07  3.000e-04  3.000e-04
1 2 1 0 39 e   4252.195737108  4252.195738216  2.557e-06  3.000e-04  3.000e-04
0 0 2 0 27 e   4252.888743984  4252.888744157  3.925e-06  3.000e-04  3.000e-04
0 4 1 0 23 e   4253.164956531  4253.164957792  3.009e-05  3.000e-04  3.000e-04
2 4 0 2 49 e   4256.501786981  4256.501781151  1.791e-05  5.592e-05  6.980e-05
1 6 0 0 36 e   4261.692453808  4261.692453867  2.264e-07  3.000e-04  3.000e-04
1 2 1 2 40 e   4262.305160350  4262.305160409  2.262e-07  3.000e-04  3.000e-04
0 4 1 0 24 e   4262.899417221  4262.899418307  1.710e-05  3.000e-04  3.000e-04
0 0 2 0 28 e   4264.108994991  4264.108995173  8.375e-06  3.000e-04  3.000e-04
9 0 0 0 38 e   4266.567907079  4266.567901369  1.198e-04  3.000e-04  3.000e-04
1 2 1 0 40 e   4268.332564129  4268.332564169  2.845e-06  3.000e-04  3.000e-04
0 4 1 0 25 e   4273.039217464  4273.039219543  6.405e-06  3.000e-04  3.000e-04
0 0 2 0 29 e   4275.729785448  4275.729782065  2.453e-05  3.000e-04  3.000e-04
1 6 0 0 37 e   4276.802436557  4276.802436616  2.262e-07  3.000e-04  3.000e-04
2 4 0 0 50 e   4277.709094024  4277.709088227  1.793e-05  5.593e-05  7.308e-05
9 0 0 0 39 e   4282.208184602  4282.208184661  2.262e-07  3.000e-04  3.000e-04
2 0 1 0 50 e   4282.306364032  4282.306358245  1.793e-05  5.593e-05  7.308e-05
0 4 1 0 26 e   4283.584562752  4283.584563668  1.719e-05  3.000e-04  3.000e-04
1 2 1 0 41 e   4284.872384676  4284.872384919  7.240e-07  3.000e-04  3.000e-04
0 0 2 0 30 e   4287.750935732  4287.750938513  2.305e-05  3.000e-04  3.000e-04
0 4 1 2 27 e   4288.282049591  4288.282049650  2.272e-07  3.000e-04  3.000e-04
1 6 0 0 38 e   4292.278857079  4292.278851491  1.372e-04  3.000e-04  3.000e-04
0 4 1 0 27 e   4294.535444596  4294.535445215  4.860e-06  3.000e-04  3.000e-04
0 4 1 2 28 e   4299.640594724  4299.640599608  5.419e-04  3.000e-04  5.419e-04
0 0 2 0 31 e   4300.172413728  4300.172413370  5.379e-06  3.000e-04  3.000e-04
1 2 1 0 42 e   4301.815102864  4301.815104409  2.780e-05  3.000e-04  3.000e-04
2 0 1 0 51 e   4302.974377092  4302.974371301  1.792e-05  1.000e-01  1.000e-01
0 4 1 0 28 e   4305.891795394  4305.891796659  7.855e-06  3.000e-04  3.000e-04
0 4 1 2 29 e   4311.403485265  4311.403509306  2.599e-04  3.000e-04  3.000e-04
0 0 2 0 32 e   4312.994288044  4312.994290172  1.676e-05  3.000e-04  3.000e-04
9 0 0 0 41 e   4314.688984602  4314.688984661  2.262e-07  3.000e-04  3.000e-04
0 4 1 0 29 e   4317.653485973  4317.653488484  4.720e-05  3.000e-04  3.000e-04
1 2 1 0 43 e   4319.160603773  4319.160600456  5.151e-05  3.000e-04  3.000e-04
2 4 0 2 52 e   4319.240596922  4319.240594463  2.834e-05  5.882e-05  8.423e-05
0 4 1 2 30 e   4323.572805251  4323.572805310  2.272e-07  3.000e-04  3.000e-04
2 0 1 0 52 e   4323.993046922  4323.993044463  2.834e-05  5.882e-05  8.423e-05
0 0 2 0 33 e   4326.216374868  4326.216374771  2.305e-05  3.000e-04  3.000e-04
0 4 1 0 30 e   4329.820536131  4329.820539858  5.623e-05  3.000e-04  3.000e-04
9 0 0 0 42 e   4331.529767608  4331.529767667  2.263e-07  3.000e-04  3.000e-04
0 4 1 2 31 e   4336.146720940  4336.146720997  2.267e-07  3.000e-04  3.000e-04
1 2 1 0 44 e   4336.908929280  4336.908928385  9.780e-06  3.000e-04  3.000e-04
2 4 0 0 53 e   4339.648604356  4339.648600969  3.104e-05  5.945e-05  8.889e-05
0 0 2 0 34 e   4339.838789859  4339.838784504  5.752e-05  3.000e-04  3.000e-04
1 6 0 0 41 e   4341.220066626  4341.220066685  2.265e-07  3.000e-04  3.000e-04
0 4 1 0 31 e   4342.393114343  4342.393114548  6.506e-06  3.000e-04  3.000e-04
1 2 1 2 45 e   4349.043443001  4349.043439302  1.406e-05  3.008e-04  3.018e-04
0 4 1 2 32 e   4349.125787850  4349.125790533  6.369e-05  3.000e-04  3.000e-04
0 0 2 0 35 e   4353.861343782  4353.861344761  2.777e-06  3.000e-04  3.000e-04
1 2 1 0 45 e   4355.059941137  4355.059940149  1.373e-05  3.008e-04  3.018e-04
0 4 1 0 32 e   4355.370988573  4355.370989695  1.709e-05  3.000e-04  3.000e-04
1 6 0 0 42 e   4358.349337824  4358.349337882  2.265e-07  3.000e-04  3.000e-04
2 4 0 2 54 e   4362.452760758  4362.452764064  3.624e-05  6.527e-05  1.044e-04
0 4 1 2 33 e   4362.509906312  4362.509906370  2.263e-07  3.000e-04  3.000e-04
2 0 1 0 54 e   4367.316061333  4367.316064759  3.632e-05  6.528e-05  1.166e-04
1 2 1 2 46 e   4367.597847093  4367.597841237  1.794e-05  3.010e-04  3.034e-04
0 0 2 0 36 e   4368.284211738  4368.284209227  4.407e-05  3.000e-04  3.000e-04
0 4 1 0 33 e   4368.754225036  4368.754225507  1.342e-05  3.000e-04  3.000e-04
1 2 1 0 46 e   4373.613820737  4373.613819767  1.361e-05  3.008e-04  3.019e-04
0 4 1 2 34 e   4376.299310313  4376.299310371  2.263e-07  3.000e-04  3.000e-04
0 4 1 0 34 e   4382.542990352  4382.542989724  1.498e-05  3.000e-04  3.000e-04
0 0 2 0 37 e   4383.107044318  4383.107044714  5.671e-06  3.000e-04  3.000e-04
0 4 1 2 35 e   4390.493243031  4390.493243089  2.263e-07  3.000e-04  3.000e-04
1 2 1 0 47 e   4392.570245957  4392.570240894  1.806e-05  3.010e-04  3.028e-04
1 6 0 0 44 e   4393.832329120  4393.832333093  1.628e-04  3.000e-04  3.000e-04
0 4 1 0 35 e   4396.736898136  4396.736895201  3.587e-05  3.000e-04  3.000e-04
0 0 2 0 38 e   4398.330057401  4398.330057841  2.618e-06  3.000e-04  3.000e-04
9 0 0 0 46 e   4402.898020417  4402.898018784  1.363e-05  3.008e-04  3.019e-04
2 4 0 0 56 e   4406.003731333  4406.003734759  3.632e-05  6.528e-05  1.166e-04
2 4 0 2 56 e   4407.338211333  4407.338214759  3.632e-05  6.528e-05  1.166e-04
0 4 1 0 36 e   4411.336262197  4411.336263063  6.857e-06  3.000e-04  3.000e-04
1 2 1 0 48 e   4411.929330840  4411.929325389  2.261e-05  3.010e-04  3.034e-04
1 6 0 0 45 e   4412.185045348  4412.185039452  1.797e-05  3.010e-04  3.028e-04
2 0 1 0 56 e   4412.273761333  4412.273764759  3.632e-05  6.528e-05  1.166e-04
0 0 2 0 39 e   4413.953161031  4413.953160554  1.779e-05  3.000e-04  3.000e-04
0 4 1 2 37 e   4420.096551788  4420.096551847  2.264e-07  3.000e-04  3.000e-04
9 0 0 0 47 e   4421.740745348  4421.740739452  1.797e-05  3.010e-04  3.028e-04
1 2 1 2 49 e   4425.677486981  4425.677481151  1.791e-05  3.010e-04  3.039e-04
0 4 1 0 37 e   4426.340794915  4426.340794019  3.310e-05  3.000e-04  3.000e-04
0 0 2 0 40 e   4429.976314154  4429.976314640  4.092e-05  3.000e-04  3.000e-04
1 6 0 0 46 e   4430.946933755  4430.946986650  4.371e-04  3.008e-04  4.379e-04
1 2 1 0 49 e   4431.690982285  4431.690976641  1.887e-05  3.010e-04  3.039e-04
0 4 1 2 38 e   4435.504953808  4435.504953867  2.264e-07  3.000e-04  3.000e-04
0 4 1 0 38 e   4441.750757759  4441.750758469  3.871e-06  3.000e-04  3.000e-04
0 0 2 0 41 e   4446.399375916  4446.399376986  5.913e-06  3.000e-04  3.000e-04
0 4 1 2 39 e   4451.318436557  4451.318436616  2.262e-07  3.000e-04  3.000e-04
1 2 1 0 50 e   4451.855230769  4451.855227457  2.710e-05  3.010e-04  3.047e-04
1 3 1 1 2 e   4451.971255391  4451.971255600  8.301e-07  3.000e-04  3.000e-04
1 3 1 1 3 e   4453.183374589  4453.183374652  9.716e-07  3.000e-04  3.000e-04
2 4 0 2 58 e   4453.873906197  4453.873961335  4.005e-04  7.115e-05  5.767e-04
1 3 1 1 4 e   4454.798673365  4454.798695704  2.345e-04  3.000e-04  3.000e-04
1 3 1 1 5 e   4456.817686871  4456.817684392  6.611e-05  3.000e-04  3.000e-04
0 4 1 0 39 e   4457.565811005  4457.565813001  1.827e-05  3.000e-04  3.000e-04
2 0 1 0 58 e   4458.864436197  4458.864491335  4.005e-04  7.115e-05  5.767e-04
1 3 1 1 6 e   4459.240891339  4459.240891491  7.218e-07  3.000e-04  3.000e-04
1 3 1 1 7 e   4462.067963458  4462.067963599  6.425e-07  3.000e-04  3.000e-04
1 3 1 1 7 f   4462.093011047  4462.093011200  7.208e-07  3.000e-04  3.000e-04
0 0 2 0 42 e   4463.222453054  4463.222454441  6.448e-05  3.000e-04  3.000e-04
1 3 1 1 8 f   4465.331074857  4465.331074995  6.435e-07  3.000e-04  3.000e-04
0 4 1 2 40 e   4467.535760350  4467.535760409  2.262e-07  3.000e-04  3.000e-04
1 3 1 1 9 e   4468.933563458  4468.933563599  6.425e-07  3.000e-04  3.000e-04
1 3 1 1 9 f   4468.973840680  4468.973840821  6.425e-07  3.000e-04  3.000e-04
1 6 0 0 48 e   4469.693014024  4469.693008227  1.793e-05  3.010e-04  3.047e-04
1 2 1 0 51 e   4472.421955976  4472.421949500  2.799e-05  3.010e-04  3.055e-04
1 3 1 1 10 e   4472.971903727  4472.971903799  6.122e-07  3.000e-04  3.000e-04
1 3 1 1 10 f   4473.021500020  4473.021500091  6.122e-07  3.000e-04  3.000e-04
0 4 1 0 40 e   4473.786214695  4473.786217471  3.320e-05  3.000e-04  3.000e-04
1 3 1 1 11 e   4477.414304268  4477.414304348  6.276e-07  3.000e-04  3.000e-04
1 3 1 1 11 f   4477.473692072  4477.473693157  3.715e-05  3.000e-04  3.000e-04
2 4 0 2 59 e   4477.754564615  4477.754620022  3.992e-04  7.656e-05  8.289e-04
0 0 2 0 43 e   4480.445354104  4480.445353791  1.309e-05  3.000e-04  3.000e-04
1 3 1 1 12 e   4482.260453898  4482.260454132  8.180e-07  3.000e-04  3.000e-04
1 3 1 1 12 f   4482.330564810  4482.330564961  2.590e-06  3.000e-04  3.000e-04
2 0 1 0 59 e   4482.771286652  4482.771341716  4.003e-04  7.115e-05  6.073e-04
0 4 1 2 41 e   4484.158584602  4484.158584661  2.262e-07  3.000e-04  3.000e-04
1 2 1 2 52 e   4487.376658840  4487.376670202  6.999e-05  3.016e-04  3.076e-04
1 3 1 1 13 e   4487.510459507  4487.510459542  1.413e-05  3.000e-04  3.000e-04
1 3 1 1 13 f   4487.592386047  4487.592391616  1.121e-04  3.000e-04  3.000e-04
1 6 0 0 49 e   4489.678486981  4489.678481151  1.791e-05  3.010e-04  3.039e-04
0 4 1 0 41 e   4490.411776300  4490.411777368  7.060e-06  3.000e-04  3.000e-04
1 3 1 1 14 e   4493.164225601  4493.164226603  1.901e-05  3.000e-04  3.000e-04
1 3 1 1 14 f   4493.258592416  4493.258592852  1.781e-05  3.000e-04  3.000e-04
1 2 1 0 52 e   4493.391209001  4493.391207658  3.924e-05  3.016e-04  3.076e-04
0 0 2 0 44 e   4498.068129483  4498.068129668  1.050e-05  3.000e-04  3.000e-04
1 3 1 1 15 e   4499.221687954  4499.221688070  7.444e-06  3.000e-04  3.000e-04
1 3 1 1 15 f   4499.329504707  4499.329504838  4.446e-07  3.000e-04  3.000e-04
2 4 0 0 60 e   4499.905427050  4499.905482096  4.003e-04  7.116e-05  7.274e-04
0 4 1 2 42 e   4501.185667608  4501.185667667  2.263e-07  3.000e-04  3.000e-04
1 3 1 1 16 e   4505.682980284  4505.682982527  1.380e-05  3.000e-04  3.000e-04
1 3 1 1 16 f   4505.805148841  4505.805150425  2.475e-05  3.000e-04  3.000e-04
2 0 1 0 60 e   4507.085657050  4507.085712096  4.003e-04  7.116e-05  7.274e-04
0 4 1 0 42 e   4507.442569264  4507.442572478  7.685e-06  3.000e-04  3.000e-04
1 2 1 2 53 e   4508.747048876  4508.747052170  3.623e-05  3.029e-04  3.152e-04
1 6 0 0 50 e   4510.070830473  4510.070828196  8.956e-05  3.010e-04  3.047e-04
1 3 1 1 17 e   4512.547773325  4512.547773704  1.444e-06  3.000e-04  3.000e-04
1 3 1 1 17 f   4512.685365738  4512.685364561  2.861e-05  3.000e-04  3.000e-04
1 2 1 0 53 e   4514.762691839  4514.762689339  4.141e-05  3.017e-04  3.089e-04
0 0 2 0 45 e   4516.090643103  4516.090639368  1.528e-05  3.008e-04  3.018e-04
0 4 1 2 43 e   4518.617566626  4518.617566685  2.265e-07  3.000e-04  3.000e-04
1 3 1 1 18 e   4519.816537090  4519.816537164  1.891e-05  3.000e-04  3.000e-04
1 3 1 1 18 f   4519.970251832  4519.970250407  2.248e-05  3.000e-04  3.000e-04
0 4 1 0 43 e   4524.878454062  4524.878453501  1.347e-05  3.000e-04  3.000e-04
2 4 0 2 61 e   4526.735204615  4526.735260022  3.992e-04  7.656e-05  8.289e-04
1 3 1 1 19 e   4527.488962030  4527.488962825  8.750e-06  3.000e-04  3.000e-04
1 3 1 1 19 f   4527.659738306  4527.659738330  8.580e-06  3.000e-04  3.000e-04
1 2 1 2 54 e   4530.519570758  4530.519574064  3.624e-05  3.029e-04  3.137e-04
0 0 2 0 46 e   4534.553847093  4534.553841237  1.794e-05  1.000e-01  1.000e-01
1 3 1 1 20 e   4535.564946799  4535.564945853  2.703e-05  3.000e-04  3.000e-04
1 3 1 1 20 f   4535.753684991  4535.753685200  8.742e-07  3.000e-04  3.000e-04
0 4 1 2 44 e   4536.453437824  4536.453437882  2.265e-07  3.000e-04  3.000e-04
1 2 1 0 54 e   4536.536571407  4536.536575934  3.655e-05  3.029e-04  3.137e-04
0 4 1 0 44 e   4542.719529399  4542.719529331  1.003e-05  3.000e-04  3.000e-04
1 3 1 1 21 e   4544.044650735  4544.044651016  3.346e-06  3.000e-04  3.000e-04
2 4 0 0 62 e   4549.215404572  4549.215459898  4.016e-04  7.656e-05  9.221e-04
2 4 0 2 62 e   4551.833476236  4551.833528657  4.001e-04  1.156e-04  1.080e-03
1 6 0 0 52 e   4552.079970758  4552.079974064  3.624e-05  3.029e-04  3.137e-04
1 3 1 1 22 e   4552.927943958  4552.927942827  3.107e-05  3.000e-04  3.000e-04
0 0 2 0 47 e   4553.335066226  4553.335061097  2.316e-05  3.010e-04  3.028e-04
0 4 1 2 45 e   4554.693640654  4554.693639025  1.367e-05  3.008e-04  3.018e-04
2 0 1 0 62 e   4556.935824572  4556.935879898  4.016e-04  1.156e-04  9.221e-04
1 2 1 0 55 e   4558.712845726  4558.712849764  3.621e-05  3.029e-04  3.152e-04
0 4 1 0 45 e   4560.965746635  4560.965742699  1.938e-05  3.010e-04  3.020e-04
1 3 1 1 23 e   4562.214852985  4562.214853198  2.096e-06  3.000e-04  3.000e-04
1 3 1 1 23 f   4562.462807985  4562.462808130  1.088e-06  3.000e-04  3.000e-04
1 3 1 1 24 e   4571.905448552  4571.905451785  3.169e-05  3.000e-04  3.000e-04
1 3 1 1 24 f   4572.174893326  4572.174893479  1.268e-06  3.000e-04  3.000e-04
0 0 2 0 48 e   4572.556730836  4572.556725840  2.190e-05  3.010e-04  3.034e-04
0 4 1 2 46 e   4573.338420417  4573.338418784  1.363e-05  3.008e-04  3.019e-04
1 6 0 0 53 e   4573.697448876  4573.697452170  3.623e-05  3.029e-04  3.152e-04
0 4 1 0 46 e   4579.617034449  4579.617032013  1.944e-05  3.008e-04  3.019e-04
1 2 1 0 56 e   4581.291444071  4581.291475522  2.561e-04  3.029e-04  3.179e-04
1 3 1 1 25 e   4581.999473348  4581.999472877  1.534e-05  3.000e-04  3.000e-04
1 3 1 1 25 f   4582.291402044  4582.291403252  1.370e-05  3.000e-04  3.000e-04
2 0 1 0 63 e   4582.471449291  4582.471503039  3.996e-04  1.156e-04  1.003e-03
0 0 2 0 49 e   4592.177932101  4592.177930264  4.138e-05  3.010e-04  3.039e-04
0 4 1 2 47 e   4592.387245348  4592.387239452  1.797e-05  3.010e-04  3.028e-04
1 3 1 1 26 e   4592.497112255  4592.497113441  1.569e-05  3.000e-04  3.000e-04
1 3 1 1 26 f   4592.812263967  4592.812263116  4.856e-06  3.000e-04  3.000e-04
1 6 0 0 54 e   4595.721470758  4595.721474064  3.624e-05  3.029e-04  3.137e-04
1 2 1 2 57 e   4598.248241845  4598.248245433  3.637e-05  3.029e-04  3.207e-04
0 4 1 0 47 e   4598.673366873  4598.673361249  2.451e-05  3.010e-04  3.028e-04
2 4 0 0 64 e   4600.106736236  4600.106788657  4.001e-04  7.656e-05  1.080e-03
2 4 0 2 64 e   4603.242702098  4603.242756598  4.001e-04  1.156e-04  1.080e-03
1 3 1 1 27 e   4603.398235979  4603.398236448  3.475e-05  3.000e-04  3.000e-04
1 2 1 0 57 e   4604.271942260  4604.271946270  3.631e-05  3.029e-04  3.207e-04
2 0 1 0 64 e   4608.413617960  4608.413673274  3.999e-04  1.156e-04  1.219e-03
0 1 2 1 3 e   4609.517405880  4609.517453111  7.504e-04  3.000e-04  7.504e-04
3 0 1 0 1 e   4610.245214362  4610.245214458  2.921e-06  6.618e-05  7.912e-05
3 0 1 0 2 e   4611.044758453  4611.044758549  2.921e-06  6.618e-05  7.912e-05
0 1 2 1 4 e   4611.122923365  4611.122954771  8.953e-04  3.000e-04  8.953e-04
0 4 1 2 48 e   4611.840547093  4611.840541237  1.794e-05  3.010e-04  3.034e-04
0 0 2 0 50 e   4612.198814581  4612.198809837  1.799e-05  3.010e-04  3.047e-04
0 1 2 1 5 f   4613.136911318  4613.136885360  3.109e-04  4.415e-03  7.515e-03
3 0 1 0 4 e   4613.842830699  4613.842830160  2.482e-06  6.618e-05  7.913e-05
1 3 1 1 28 e   4614.702804666  4614.702804438  1.760e-06  3.000e-04  3.000e-04
1 3 1 1 28 f   4615.067288034  4615.067288231  1.300e-05  3.000e-04  3.000e-04
0 4 1 0 48 e   4618.134781250  4618.134775073  3.353e-05  3.010e-04  3.034e-04
0 1 2 1 7 e   4618.348781306  4618.348672679  9.364e-04  3.000e-04  9.364e-04
3 0 1 0 7 e   4621.037863808  4621.037863272  2.462e-06  6.618e-05  7.913e-05
0 1 2 1 9 e   4625.173363458  4625.173363599  6.425e-07  3.000e-04  3.000e-04
1 3 1 1 29 e   4626.410826555  4626.410827239  3.897e-05  3.000e-04  3.000e-04
1 3 1 1 29 f   4626.801240673  4626.801239347  3.807e-05  3.000e-04  3.000e-04
1 2 1 0 58 e   4627.655001871  4627.655057261  4.011e-04  3.042e-04  5.771e-04
0 1 2 1 10 e   4629.183454256  4629.183454418  7.509e-07  3.000e-04  3.000e-04
0 4 1 2 49 e   4631.698286981  4631.698281151  1.791e-05  3.010e-04  3.039e-04
0 0 2 0 51 e   4632.619155724  4632.619151485  2.745e-05  3.010e-04  3.055e-04
2 0 1 0 65 e   4634.762161012  4634.762216281  4.000e-04  1.156e-04  1.151e-03
0 4 1 0 49 e   4638.001182725  4638.001177167  1.899e-05  3.010e-04  3.039e-04
1 3 1 1 30 e   4638.522304666  4638.522304438  1.760e-06  3.000e-04  3.000e-04
1 3 1 1 30 f   4638.939522212  4638.939522260  1.342e-06  3.000e-04  3.000e-04
3 0 1 0 12 e   4641.023452508  4641.023452216  2.874e-06  6.618e-05  7.913e-05
0 1 2 1 13 e   4643.633877502  4643.633877772  9.021e-07  3.000e-04  3.000e-04
1 2 1 2 59 e   4645.408086652  4645.408141716  4.003e-04  3.042e-04  6.073e-04
1 2 1 0 59 e   4651.439990790  4651.440046061  4.003e-04  3.042e-04  6.073e-04
1 3 1 1 31 f   4651.482073973  4651.482075192  1.510e-05  3.000e-04  3.000e-04
3 0 1 0 14 e   4651.815305305  4651.815305015  2.879e-06  6.618e-05  7.913e-05
2 4 0 0 66 e   4652.582337960  4652.582393274  3.999e-04  7.657e-05  1.219e-03
0 0 2 0 52 e   4653.438858840  4653.438860596  3.346e-05  3.016e-04  3.076e-04
0 1 2 1 15 e   4655.278537954  4655.278515434  1.843e-04  3.000e-04  3.000e-04
2 4 0 2 66 e   4656.267017960  4656.267073274  3.999e-04  1.156e-04  1.219e-03
0 4 1 0 50 e   4658.272531126  4658.272528554  2.452e-05  3.010e-04  3.047e-04
0 1 2 1 16 e   4661.698830284  4661.698853083  1.604e-03  3.000e-04  1.604e-03
1 3 1 1 32 e   4663.955265879  4663.955265662  1.924e-06  3.000e-04  3.000e-04
1 3 1 1 32 f   4664.428991436  4664.428993987  2.397e-05  3.000e-04  3.000e-04
3 0 1 0 17 e   4671.000094514  4671.000096465  8.681e-06  6.405e-05  7.553e-05
0 5 1 1 5 e   4672.175899153  4672.175899306  7.208e-07  3.000e-04  3.000e-04
0 5 1 1 6 e   4674.609292445  4674.609292584  6.418e-07  3.000e-04  3.000e-04
0 0 2 0 53 e   4674.658041616  4674.658042099  3.451e-05  3.017e-04  3.089e-04
1 2 1 0 60 e   4675.626907505  4675.626963247  4.003e-04  3.042e-04  7.273e-04
0 1 2 1 18 e   4675.747037090  4675.746954905  1.646e-03  3.000e-04  1.646e-03
1 3 1 1 33 e   4677.276911961  4677.276910839  1.779e-05  3.000e-04  3.001e-04
0 5 1 1 7 e   4677.448263458  4677.448263599  6.425e-07  3.000e-04  3.000e-04
1 3 1 1 33 f   4677.779927689  4677.779926693  1.960e-05  3.000e-04  3.001e-04
0 4 1 0 51 e   4678.948906413  4678.948902370  3.287e-05  3.010e-04  3.055e-04
0 5 1 1 8 e   4680.692703727  4680.692703799  6.122e-07  3.000e-04  3.000e-04
0 1 2 1 19 e   4683.372750735  4683.372751016  3.346e-06  3.000e-04  3.000e-04
2 4 0 2 67 e   4683.384067365  4683.384122661  3.999e-04  1.156e-04  1.280e-03
0 5 1 1 9 e   4684.342563458  4684.342563599  6.425e-07  3.000e-04  3.000e-04
1 6 0 0 58 e   4687.895496197  4687.895551335  4.005e-04  3.042e-04  5.767e-04
0 5 1 1 10 e   4688.397728991  4688.397730940  9.902e-05  3.000e-04  3.000e-04
1 3 1 1 34 e   4691.001633513  4691.001631172  1.938e-05  3.000e-04  3.001e-04
0 1 2 1 20 e   4691.396682324  4691.396682660  2.182e-06  3.000e-04  3.000e-04
1 3 1 1 34 f   4691.535153354  4691.535153549  5.474e-06  3.000e-04  3.001e-04
0 5 1 1 11 e   4692.858572890  4692.858587670  2.107e-04  3.000e-04  3.000e-04
0 4 1 2 52 e   4693.691946922  4693.691944463  2.834e-05  3.016e-04  3.076e-04
3 0 1 0 20 e   4693.781008019  4693.781008497  8.566e-06  6.405e-05  7.553e-05
1 2 1 2 61 e   4694.175129291  4694.175183039  3.996e-04  3.056e-04  1.003e-03
0 0 2 0 54 e   4696.276470758  4696.276474064  3.624e-05  3.029e-04  3.137e-04
0 5 1 1 12 e   4697.724903898  4697.724900827  1.814e-04  3.000e-04  3.000e-04
0 1 2 1 21 e   4699.828661521  4699.828672004  1.594e-03  3.000e-04  1.594e-03
0 4 1 0 52 e   4700.030109488  4700.030111941  4.333e-05  3.016e-04  3.076e-04
1 2 1 0 61 e   4700.215929441  4700.215983406  3.996e-04  3.056e-04  8.291e-04
0 5 1 1 13 e   4702.996541512  4702.996541675  7.482e-07  3.000e-04  3.000e-04
1 3 1 1 35 e   4705.129674422  4705.129671954  1.242e-05  3.000e-04  3.001e-04
1 3 1 1 35 f   4705.694550029  4705.694549257  3.569e-06  3.000e-04  3.001e-04
2 4 0 0 68 e   4706.644025426  4706.644078898  3.989e-04  7.802e-05  1.454e-03
0 1 2 1 22 e   4708.660582324  4708.660582660  2.182e-06  3.000e-04  3.000e-04
0 5 1 1 14 e   4708.673953540  4708.673953799  8.734e-07  3.000e-04  3.000e-04
2 4 0 2 68 e   4710.904206575  4710.904261850  3.999e-04  1.156e-04  1.341e-03
3 0 1 0 22 e   4710.966007810  4710.965997480  1.014e-04  6.405e-05  1.434e-04
0 4 1 2 53 e   4715.164934356  4715.164930969  3.104e-05  3.017e-04  3.089e-04
2 0 1 0 68 e   4716.245096575  4716.245151850  3.999e-04  2.082e-04  1.341e-03
0 1 2 1 23 e   4717.888962646  4717.889053393  1.811e-03  3.000e-04  1.811e-03
0 0 2 0 55 e   4718.294248876  4718.294252170  3.623e-05  3.029e-04  3.152e-04
1 2 1 2 62 e   4719.159494572  4719.159549898  4.016e-04  3.056e-04  9.221e-04
1 3 1 1 36 e   4719.661021082  4719.661020163  3.191e-06  3.000e-04  3.001e-04
1 3 1 1 36 f   4720.257884794  4720.257884212  2.683e-06  3.000e-04  3.001e-04
0 5 1 1 16 e   4721.245162904  4721.245163295  1.441e-06  3.000e-04  3.000e-04
0 4 1 0 53 e   4721.516236017  4721.516235356  3.159e-05  3.017e-04  3.089e-04
1 2 1 0 62 e   4725.228075404  4725.227779760  4.691e-03  1.000e-01  1.000e-01
0 1 2 1 24 e   4727.520648552  4727.520671054  2.092e-03  3.000e-04  2.092e-03
0 5 1 1 17 e   4728.138573325  4728.138573704  1.444e-06  3.000e-04  3.000e-04
1 3 1 1 37 e   4734.595441495  4734.595440363  4.616e-06  3.000e-04  3.001e-04
1 3 1 1 37 f   4735.225375092  4735.225376207  1.877e-05  3.000e-04  3.001e-04
0 5 1 1 18 e   4735.437537090  4735.437539250  1.919e-05  3.000e-04  3.000e-04
0 4 1 2 54 e   4737.041570758  4737.041574064  3.624e-05  3.029e-04  3.137e-04
0 1 2 1 25 e   4737.554623348  4737.554564286  1.377e-03  3.000e-04  1.377e-03
3 0 1 0 25 e   4739.738869301  4739.738869382  2.346e-06  6.405e-05  7.553e-05
0 0 2 0 56 e   4740.711343765  4740.711370891  2.864e-04  3.029e-04  3.179e-04
0 5 1 1 19 e   4743.141912030  4743.141908847  4.671e-05  3.000e-04  3.000e-04
0 4 1 0 54 e   4743.407181492  4743.407186636  3.924e-05  3.029e-04  3.137e-04
1 2 1 2 63 e   4744.545829291  4744.545883039  3.996e-04  3.056e-04  1.003e-03
0 1 2 1 26 e   4747.990591513  4747.990591527  1.703e-06  3.000e-04  3.000e-04
1 3 1 1 38 e   4749.932956403  4749.932963521  4.856e-05  3.000e-04  3.001e-04
1 3 1 1 38 f   4750.596984794  4750.596984212  2.683e-06  3.000e-04  3.001e-04
1 2 1 0 63 e   4750.599529993  4750.599584613  3.992e-04  3.056e-04  1.003e-03
0 5 1 1 20 e   4751.251796799  4751.251798237  8.879e-05  3.000e-04  3.000e-04
0 1 2 1 27 e   4758.822485979  4758.822343860  2.366e-03  3.000e-04  2.366e-03
0 1 2 1 27 f   4758.992284874  4758.992284977  1.449e-06  3.000e-04  3.000e-04
0 4 1 2 55 e   4759.321648876  4759.321652170  3.623e-05  3.029e-04  3.152e-04
0 5 1 1 21 e   4759.766961521  4759.766965145  6.218e-05  3.000e-04  3.000e-04
2 4 0 0 70 e   4762.292765331  4762.292818853  3.988e-04  7.859e-05  1.559e-03
0 0 2 0 57 e   4763.527414249  4763.527460486  3.041e-04  3.029e-04  3.218e-04
0 4 1 0 55 e   4765.702945683  4765.702949199  3.683e-05  3.029e-04  3.152e-04
0 5 1 1 22 e   4768.687543958  4768.687547857  1.060e-04  3.000e-04  3.000e-04
0 1 2 1 28 e   4770.058918832  4770.059004488  2.429e-03  3.000e-04  2.429e-03
0 1 2 1 28 f   4770.240770389  4770.240770563  1.280e-06  3.000e-04  3.000e-04
3 0 1 0 28 e   4772.106297435  4772.106292299  2.915e-05  6.405e-05  7.554e-05
2 2 1 0 1 e   4773.563569429  4773.564866964  5.009e-02  2.000e-01  2.000e-01
2 2 1 0 2 e   4774.426918121  4774.426917713  3.588e-06  3.031e-04  3.031e-04
2 2 1 0 3 e   4775.617138857  4775.617138857  3.716e-08  1.000e-01  1.000e-01
1 2 1 0 64 e   4776.394037292  4776.394092280  4.004e-04  3.056e-04  1.080e-03
2 2 1 0 4 e   4777.246229866  4777.246228129  3.628e-06  3.031e-04  3.031e-04
0 5 1 1 23 e   4778.013572307  4778.013572986  2.871e-06  3.000e-04  3.000e-04
2 2 1 0 5 e   4779.259731232  4779.259729647  3.599e-06  3.031e-04  3.031e-04
2 2 1 0 6 e   4781.676278299  4781.676276781  3.747e-06  3.031e-04  3.031e-04
0 1 2 1 29 e   4781.696376555  4781.696434295  1.996e-03  3.000e-04  1.996e-03
0 1 2 1 29 f   4781.890687464  4781.890687688  1.514e-06  3.000e-04  3.000e-04
0 4 1 2 56 e   4782.004591333  4782.004594759  3.632e-05  3.029e-04  3.179e-04
1 3 1 1 40 f   4782.551766705  4782.551766023  2.668e-06  3.000e-04  3.001e-04
2 2 1 0 7 e   4784.495516496  4784.495514361  5.399e-06  3.031e-04  3.031e-04
0 0 2 0 58 e   4786.742751623  4786.742810649  4.055e-04  3.042e-04  5.801e-04
2 2 1 0 8 e   4787.678297687  4787.678437775  1.208e-03  1.000e-01  1.000e-01
0 5 1 1 24 e   4787.744691513  4787.744691527  1.703e-06  3.000e-04  3.000e-04
0 4 1 0 56 e   4788.403592173  4788.403596622  3.696e-05  3.029e-04  3.179e-04
2 2 1 0 9 e   4791.289587769  4791.290483570  1.597e-02  1.000e-01  1.000e-01
0 1 2 1 30 f   4793.943293881  4793.943294128  1.852e-06  4.415e-03  6.163e-03
2 2 1 0 10 e   4795.331543765  4795.331468984  1.234e-02  1.000e-01  1.000e-01
3 0 1 0 30 e   4795.681091816  4795.681091353  6.049e-06  6.405e-05  7.554e-05
1 2 1 2 65 e   4796.521859189  4796.521912048  3.905e-04  3.056e-04  1.148e-03
0 5 1 1 25 e   4797.881293710  4797.881293762  2.063e-06  3.000e-04  3.000e-04
1 3 1 1 41 e   4798.364237271  4798.364237568  7.022e-06  3.001e-04  3.002e-04
1 3 1 1 41 f   4799.135115525  4799.135115578  1.379e-05  3.000e-04  3.001e-04
2 2 1 0 11 e   4799.779155243  4799.778931921  4.208e-03  1.000e-01  1.000e-01
1 2 1 0 65 e   4802.590409189  4802.590465580  4.005e-04  3.056e-04  1.152e-03
2 2 1 0 12 e   4804.631485009  4804.631483682  4.162e-06  3.031e-04  3.031e-04
0 1 2 1 31 e   4806.176354520  4806.176352790  9.126e-05  3.000e-04  3.000e-04
0 1 2 1 31 f   4806.394793881  4806.394794128  1.852e-06  3.000e-04  3.000e-04
0 5 1 1 26 e   4808.423012255  4808.423013795  1.577e-05  3.000e-04  3.000e-04
2 2 1 0 13 e   4809.826297796  4809.826297010  1.289e-03  1.000e-01  1.000e-01
0 0 2 0 59 e   4810.356986652  4810.357041716  4.003e-04  3.042e-04  6.073e-04
0 4 1 0 57 e   4811.508942380  4811.508947083  3.645e-05  3.029e-04  3.207e-04
1 3 1 1 42 e   4815.313988392  4815.313988452  3.916e-06  3.000e-04  3.001e-04
2 2 1 0 14 e   4815.470802829  4815.470976652  5.979e-03  1.000e-01  1.000e-01
1 3 1 1 42 f   4816.122199852  4816.122197262  2.797e-05  3.000e-04  3.001e-04
0 1 2 1 32 e   4819.011158635  4819.011158407  2.389e-06  3.000e-04  3.001e-04
0 1 2 1 32 f   4819.248922212  4819.248922260  1.342e-06  3.000e-04  3.000e-04
0 5 1 1 27 e   4819.369993710  4819.369993762  2.063e-06  3.000e-04  3.000e-04
2 4 0 0 72 e   4819.529175331  4819.529228853  3.988e-04  7.859e-05  1.559e-03
3 0 1 0 32 e   4820.852711816  4820.852711353  6.049e-06  6.405e-05  7.554e-05
2 2 1 0 15 e   4821.544937150  4821.544936599  4.377e-06  3.027e-04  3.027e-04
1 2 1 2 66 e   4823.111317960  4823.111373274  3.999e-04  3.056e-04  1.219e-03
2 2 1 0 16 e   4827.988032440  4827.988034051  1.504e-05  3.027e-04  3.027e-04
0 4 1 2 58 e   4828.582596197  4828.582651335  4.005e-04  3.042e-04  5.767e-04
1 2 1 0 66 e   4829.188326756  4829.188382438  4.000e-04  3.056e-04  1.219e-03
0 5 1 1 28 e   4830.722268832  4830.722267899  2.764e-05  3.000e-04  3.000e-04
0 1 2 1 33 e   4832.252589746  4832.252587976  5.326e-06  3.000e-04  3.001e-04
0 1 2 1 33 f   4832.504054064  4832.504054162  2.282e-06  3.000e-04  3.001e-04
1 3 1 1 43 e   4832.666619010  4832.666616398  1.879e-05  3.001e-04  3.002e-04
1 3 1 1 43 f   4833.513142827  4833.513142461  3.515e-05  3.001e-04  3.002e-04
0 0 2 0 60 e   4834.370194572  4834.370249898  4.016e-04  3.056e-04  9.221e-04
2 2 1 0 17 e   4834.833664050  4834.833665427  8.881e-06  3.027e-04  3.027e-04
0 4 1 0 58 e   4835.065096197  4835.065151335  4.005e-04  1.000e-01  1.000e-01
2 2 1 0 18 e   4842.054695210  4842.054880963  3.561e-03  1.000e-01  1.000e-01
0 5 1 1 29 e   4842.479726555  4842.479725494  3.617e-05  3.000e-04  3.000e-04
3 0 1 0 34 e   4847.621009850  4847.621010601  7.844e-06  6.405e-05  7.554e-05
2 4 0 0 73 e   4848.742843571  4848.742897382  3.986e-04  1.173e-04  1.705e-03
2 2 1 0 19 e   4849.732963957  4849.732965020  8.592e-06  3.027e-04  3.027e-04
1 2 1 2 67 e   4850.102221000  4850.102274413  3.989e-04  3.056e-04  1.399e-03
1 3 1 1 44 e   4850.422276925  4850.422273231  1.252e-05  3.002e-04  3.004e-04
1 3 1 1 44 f   4851.308035246  4851.308034420  5.844e-06  3.002e-04  3.004e-04
0 4 1 2 59 e   4852.475086652  4852.475141716  4.003e-04  3.042e-04  6.073e-04
0 5 1 1 30 e   4854.642285273  4854.642286955  1.601e-05  3.000e-04  3.000e-04
1 2 1 0 67 e   4856.187944182  4856.187999441  4.022e-04  3.056e-04  1.281e-03
2 2 1 0 20 e   4857.786546881  4857.786535466  1.012e-04  3.027e-04  3.027e-04
0 0 2 0 61 e   4858.782394615  4858.782450022  3.992e-04  3.056e-04  8.289e-04
0 4 1 0 59 e   4858.933786652  4858.933841716  4.003e-04  3.042e-04  6.073e-04
0 1 2 1 35 e   4859.941489746  4859.941487976  5.326e-06  3.000e-04  3.001e-04
0 1 2 1 35 f   4860.218501315  4860.218501178  2.844e-06  3.000e-04  3.001e-04
2 2 1 0 21 e   4866.242265726  4866.242263796  9.138e-06  3.027e-04  3.027e-04
1 3 1 1 45 e   4868.580676433  4868.580670695  1.761e-05  3.005e-04  3.018e-04
0 1 2 1 36 f   4874.677446048  4874.677445750  2.195e-06  3.000e-04  3.001e-04
2 2 1 0 22 e   4875.100747385  4875.100736581  1.013e-04  3.027e-04  3.027e-04
0 4 1 2 60 e   4876.773207050  4876.773262096  4.003e-04  3.042e-04  7.274e-04
0 5 1 1 32 e   4880.182962257  4880.182961853  3.238e-06  3.000e-04  3.000e-04
0 4 1 0 60 e   4883.253250811  4883.253321835  4.334e-04  3.042e-04  7.461e-04
1 2 1 0 68 e   4883.589226584  4883.589281868  3.999e-04  3.056e-04  1.341e-03
0 0 2 0 62 e   4883.593294572  4883.593349898  4.016e-04  3.056e-04  9.221e-04
2 2 1 0 23 e   4884.301405942  4884.301335319  2.256e-03  1.000e-01  1.000e-01
1 3 1 1 46 e   4887.141880176  4887.141874063  1.848e-05  3.004e-04  3.013e-04
1 3 1 1 46 f   4888.108339179  4888.108332988  2.666e-05  3.004e-04  3.017e-04
0 1 2 1 37 e   4889.228341495  4889.228340363  4.616e-06  3.000e-04  3.001e-04
0 1 2 1 37 f   4889.537650029  4889.537649257  3.569e-06  3.000e-04  3.001e-04
0 5 1 1 33 e   4893.560911961  4893.560909290  1.711e-05  3.000e-04  3.001e-04
2 2 1 0 24 e   4894.025153588  4894.025156341  1.141e-04  3.027e-04  3.027e-04
2 2 1 0 25 e   4904.090858264  4904.090857787  9.502e-06  3.027e-04  3.027e-04
0 1 2 1 38 e   4904.471306403  4904.471316337  1.359e-03  3.000e-04  1.359e-03
0 1 2 1 38 f   4904.798884794  4904.798884212  2.683e-06  3.000e-04  3.001e-04
3 0 1 0 38 e   4905.946303023  4905.946302363  7.746e-06  6.202e-05  7.207e-05
1 3 1 1 47 e   4906.105959000  4906.105954667  6.118e-05  3.005e-04  3.018e-04
1 3 1 1 47 f   4907.113976541  4907.113970868  1.780e-05  3.005e-04  3.023e-04
0 5 1 1 34 e   4907.343933513  4907.343932850  1.729e-05  3.000e-04  3.001e-04
0 4 1 0 61 e   4907.976995077  4907.977051030  3.996e-04  3.056e-04  8.291e-04
0 0 2 0 63 e   4908.803029291  4908.803083039  3.996e-04  3.056e-04  1.003e-03
1 2 1 0 69 e   4911.391921253  4911.391975034  3.987e-04  3.056e-04  1.398e-03
2 2 1 0 26 e   4914.558884897  4914.558884720  1.000e-05  3.027e-04  3.027e-04
0 1 2 1 39 e   4920.118541495  4920.118540363  4.616e-06  3.000e-04  3.001e-04
0 1 2 1 39 f   4920.461200154  4920.461199200  4.132e-06  3.000e-04  3.001e-04
2 2 1 0 27 e   4925.429858486  4925.429858781  8.778e-06  3.027e-04  3.027e-04
1 3 1 1 48 e   4925.472589465  4925.472579990  1.950e-05  3.009e-04  3.043e-04
1 3 1 1 48 f   4926.523214722  4926.523205252  1.945e-05  3.008e-04  3.051e-04
0 4 1 2 62 e   4926.575594572  4926.575649898  4.016e-04  3.056e-04  9.221e-04
0 4 1 0 62 e   4933.105394572  4933.105449898  4.016e-04  3.056e-04  9.221e-04
0 0 2 0 64 e   4934.411537098  4934.411590627  4.023e-04  3.056e-04  1.081e-03
0 5 1 1 36 e   4936.125208392  4936.125208165  2.830e-06  3.000e-04  3.001e-04
0 1 2 1 40 e   4936.161990059  4936.161886722  1.886e-03  3.000e-04  1.886e-03
2 2 1 0 28 e   4936.663694724  4936.664384976  8.987e-03  1.000e-01  1.000e-01
3 0 1 0 40 e   4937.502656233  4937.502656916  7.896e-06  6.202e-05  7.207e-05
2 4 0 0 76 e   4938.765876332  4938.765930177  3.986e-04  1.173e-04  1.751e-03
1 2 1 0 70 e   4939.596105393  4939.596159084  3.976e-04  3.059e-04  1.454e-03
1 3 1 1 49 e   4945.242066244  4945.242057599  2.192e-05  3.010e-04  3.056e-04
2 2 1 0 29 e   4948.340135265  4948.340132078  6.875e-04  1.000e-01  1.000e-01
0 5 1 1 37 e   4951.123400297  4951.123397458  2.727e-05  3.000e-04  3.001e-04
0 4 1 2 63 e   4952.081629291  4952.081683039  3.996e-04  3.056e-04  1.003e-03
0 1 2 1 41 e   4952.608427690  4952.608371343  1.755e-03  3.000e-04  1.755e-03
0 1 2 1 41 f   4952.988833723  4952.988832673  4.542e-06  3.000e-04  3.001e-04
1 0 2 0 0 e   4953.879118333  4953.879118253  3.086e-06  3.031e-04  3.031e-04
1 0 2 0 1 e   4954.278957108  4954.278958671  4.748e-06  4.000e-04  4.000e-04
1 0 2 0 2 e   4955.114993963  4955.115054483  5.504e-04  1.000e-01  1.000e-01
1 0 2 0 3 e   4956.279481661  4956.279482596  1.922e-05  4.000e-04  4.000e-04
1 0 2 0 4 e   4957.879560768  4957.879560768  2.562e-05  4.000e-04  4.000e-04
0 4 1 0 63 e   4958.638329291  4958.638383039  3.996e-04  3.056e-04  1.003e-03
1 0 2 0 5 e   4959.879616600  4959.879617818  2.811e-05  3.031e-04  3.031e-04
0 0 2 0 65 e   4960.418551012  4960.418606281  4.000e-04  3.056e-04  1.151e-03
2 2 1 0 30 e   4960.426835319  4960.426377935  3.168e-03  1.000e-01  1.000e-01
1 0 2 0 6 e   4962.279744088  4962.279738135  1.198e-04  4.000e-04  4.000e-04
1 0 2 0 7 e   4965.079844699  4965.079845823  2.993e-06  4.000e-04  4.000e-04
1 3 1 1 50 e   4965.413974120  4965.413972044  3.976e-05  3.023e-04  3.093e-04
0 5 1 1 38 e   4966.526406403  4966.526396968  8.634e-05  3.000e-04  3.001e-04
1 2 1 0 71 e   4968.201644875  4968.201698549  3.988e-04  3.060e-04  1.508e-03
1 0 2 0 8 e   4968.279979555  4968.279976817  3.011e-05  3.031e-04  3.031e-04
2 4 0 0 77 e   4969.567562174  4969.567616077  3.986e-04  1.173e-04  1.882e-03
3 0 1 0 42 e   4970.654396233  4970.654396916  7.896e-06  6.202e-05  7.207e-05
1 4 1 0 1 e   4970.834522857  4970.834522857  3.716e-08  4.000e-04  4.000e-04
1 4 1 0 2 e   4971.643247193  4971.643252730  3.589e-05  3.000e-04  3.000e-04
1 0 2 0 9 e   4971.879995482  4971.879993865  3.912e-05  4.000e-04  4.000e-04
1 4 1 0 3 e   4972.856505362  4972.856511986  1.669e-04  3.031e-04  3.031e-04
2 2 1 0 31 e   4972.935424379  4972.935431271  2.122e-05  3.027e-04  3.027e-04
1 4 1 0 4 e   4974.474907188  4974.474908888  2.384e-04  3.031e-04  3.031e-04
1 0 2 0 10 e   4975.880144320  4975.880139932  2.842e-05  3.031e-04  3.031e-04
1 4 1 0 5 e   4976.496863503  4976.496892443  2.391e-04  3.031e-04  3.031e-04
1 4 1 2 8 e   4978.853758102  4978.853894401  2.259e-04  5.009e-03  7.077e-03
1 4 1 0 6 e   4978.924019683  4978.924008879  1.616e-04  3.031e-04  3.031e-04
1 0 2 0 11 e   4980.280170100  4980.280165139  8.038e-05  3.031e-04  3.031e-04
1 4 1 0 7 e   4981.755674435  4981.755668830  4.787e-05  3.031e-04  3.031e-04
0 5 1 1 39 e   4982.334618109  4982.334616685  6.042e-06  3.000e-04  3.001e-04
1 4 1 2 9 e   4982.498545679  4982.498681977  2.259e-04  5.009e-03  7.077e-03
0 4 1 0 64 e   4984.575557065  4984.575611042  3.998e-04  3.056e-04  1.080e-03
1 4 1 0 8 e   4984.991454525  4984.991463876  1.662e-04  3.031e-04  3.031e-04
1 0 2 0 12 e   4985.079987142  4985.079985432  7.152e-05  3.031e-04  3.031e-04
2 2 1 0 32 e   4985.817472071  4985.817476212  1.668e-05  3.027e-04  3.027e-04
1 3 1 1 51 e   4985.988610815  4985.988605991  3.935e-05  3.025e-04  3.104e-04
1 4 1 2 10 e   4986.548383601  4986.548519938  2.261e-04  5.009e-03  7.077e-03
0 1 2 1 43 e   4986.705037271  4986.705037568  7.022e-06  3.001e-04  3.002e-04
0 0 2 0 66 e   4986.824317960  4986.824373274  3.999e-04  3.056e-04  1.219e-03
0 1 2 1 43 f   4987.120097327  4987.120097942  7.049e-06  3.001e-04  3.002e-04
1 4 1 0 9 e   4988.631960662  4988.631957565  5.374e-05  3.031e-04  3.031e-04
1 0 2 0 13 e   4990.279825890  4990.279827426  5.065e-06  4.000e-04  4.000e-04
1 4 1 2 11 e   4991.002557715  4991.002694079  2.262e-04  5.009e-03  7.077e-03
1 4 1 0 10 e   4992.676698240  4992.676702919  7.907e-05  3.031e-04  3.031e-04
1 4 1 2 12 e   4995.860452667  4995.860589032  2.262e-04  5.009e-03  7.077e-03
1 0 2 0 14 e   4995.879708942  4995.879709165  1.088e-04  3.031e-04  3.031e-04
1 4 1 0 11 e   4997.126053939  4997.126045691  9.537e-05  3.000e-04  3.000e-04
0 5 1 1 40 e   4998.547090059  4998.547089758  2.867e-06  3.000e-04  3.001e-04
2 2 1 0 33 e   4999.218174672  4999.216994697  1.152e-01  1.000e-01  1.152e-01
1 0 2 0 15 e   5001.879297963  5001.879303587  8.174e-05  3.031e-04  3.031e-04
1 4 1 0 12 e   5001.980042986  5001.980063811  1.870e-04  3.000e-04  3.000e-04
0 1 2 1 44 e   5004.352773674  5004.352772793  5.934e-06  3.002e-04  3.004e-04
0 1 2 1 44 f   5004.787035246  5004.787034420  5.844e-06  3.002e-04  3.004e-04
1 3 1 1 52 e   5006.965474120  5006.965472044  3.976e-05  3.023e-04  3.093e-04
1 4 1 0 13 e   5007.238174234  5007.238162618  7.672e-05  3.031e-04  3.031e-04
1 3 1 1 52 f   5008.194925536  5008.194918082  3.004e-05  3.011e-04  3.076e-04
1 0 2 0 16 e   5008.278640929  5008.278635306  1.191e-04  3.031e-04  3.031e-04
0 4 1 0 65 e   5010.917451817  5010.917508413  4.002e-04  3.056e-04  1.152e-03
2 2 1 0 34 e   5012.788458829  5012.788459490  1.048e-05  3.022e-04  3.022e-04
1 4 1 0 14 e   5012.901141323  5012.901132553  6.565e-05  3.031e-04  3.031e-04
0 0 2 0 67 e   5013.628494182  5013.628545780  4.019e-04  3.056e-04  1.281e-03
1 0 2 0 17 e   5015.077848357  5015.077845892  1.536e-05  3.027e-04  3.027e-04
0 5 1 1 41 e   5015.164777690  5015.164776967  2.857e-05  3.000e-04  3.001e-04
1 4 1 0 15 e   5018.968698085  5018.968692175  4.181e-05  3.027e-04  3.027e-04
1 0 2 0 18 e   5022.276984813  5022.276986920  1.737e-04  4.000e-04  4.000e-04
0 1 2 1 45 e   5022.400920208  5022.400915735  1.232e-05  5.185e-05  5.366e-05
3 0 1 0 45 e   5023.372640400  5023.372639116  3.465e-05  1.031e-04  1.082e-04
1 4 1 0 16 e   5025.440398652  5025.440409824  1.033e-04  3.000e-04  3.000e-04
1 4 1 2 17 e   5026.231107042  5026.231215070  3.012e-04  5.009e-03  7.077e-03
1 2 1 0 73 e   5026.616452626  5026.616506225  3.987e-04  3.061e-04  1.610e-03
2 2 1 0 35 e   5026.877222061  5026.877224840  1.512e-05  3.027e-04  3.027e-04
1 3 1 1 53 e   5028.345160353  5028.345155705  5.313e-05  3.025e-04  3.104e-04
1 3 1 1 53 f   5029.621113212  5029.621113581  3.990e-05  3.023e-04  3.118e-04
1 0 2 0 19 e   5029.875749532  5029.875753759  1.019e-04  3.027e-04  3.027e-04
1 4 1 0 17 e   5032.316874452  5032.316868537  1.280e-04  3.000e-04  3.000e-04
2 4 0 0 79 e   5032.361972174  5032.362026077  3.986e-04  1.173e-04  1.882e-03
1 4 1 2 18 e   5033.519357812  5033.519467609  2.988e-04  5.009e-03  7.077e-03
0 4 1 0 66 e   5037.663317960  5037.663373274  3.999e-04  3.056e-04  1.219e-03
1 0 2 0 20 e   5037.874332214  5037.874325979  7.446e-05  4.000e-04  4.000e-04
1 4 1 0 18 e   5039.597704289  5039.597719811  7.946e-05  3.027e-04  3.027e-04
0 0 2 0 68 e   5040.831156000  5040.831211225  4.012e-04  3.056e-04  1.341e-03
0 1 2 1 46 e   5040.847677653  5040.847737359  1.198e-03  3.004e-04  1.198e-03
1 4 1 2 19 e   5041.211853186  5041.211910321  3.194e-04  5.009e-03  7.077e-03
0 1 2 1 46 f   5041.325476220  5041.325451884  5.678e-04  4.415e-03  6.163e-03
2 2 1 0 36 e   5041.367950646  5041.367951161  7.718e-06  3.022e-04  3.022e-04
3 0 1 0 46 e   5041.742604490  5041.742598394  1.814e-05  1.106e-04  1.246e-04
1 0 2 0 21 e   5046.272363137  5046.272357047  6.871e-05  3.027e-04  3.027e-04
1 4 1 0 19 e   5047.283016814  5047.283019004  4.680e-05  3.000e-04  3.000e-04
1 4 1 2 20 e   5049.310639089  5049.310771576  4.995e-04  5.009e-03  7.077e-03
1 3 1 1 54 e   5050.126942269  5050.126966261  2.919e-04  3.037e-04  4.278e-04
1 3 1 1 54 f   5051.450629183  5051.450628144  3.827e-05  3.024e-04  3.142e-04
1 0 2 0 22 e   5055.070350564  5055.070347430  1.311e-04  3.027e-04  3.027e-04
1 4 1 0 20 e   5055.372802215  5055.372809399  3.621e-05  3.000e-04  3.000e-04
2 2 1 0 37 e   5056.260886796  5056.260888839  1.527e-05  3.022e-04  3.022e-04
0 1 2 1 47 e   5059.698076354  5059.698070507  1.760e-05  5.303e-05  5.986e-05
0 1 2 1 47 f   5060.192376541  5060.192370868  1.780e-05  3.005e-04  3.023e-04
3 0 1 0 47 e   5060.511326981  5060.511321151  1.791e-05  1.031e-04  1.112e-04
1 4 1 0 21 e   5063.866972712  5063.866948398  1.234e-04  3.000e-04  3.000e-04
1 0 2 0 23 e   5064.267665402  5064.267665508  4.972e-05  4.000e-04  4.000e-04
2 4 0 0 80 e   5064.354617605  5064.354671625  3.986e-04  1.173e-04  1.923e-03
0 4 1 0 67 e   5064.813867365  5064.813922661  3.999e-04  3.056e-04  1.280e-03
1 4 1 2 22 e   5066.718089494  5066.718184950  5.326e-04  5.009e-03  7.077e-03
0 5 1 1 44 e   5067.446776925  5067.446773443  1.233e-05  3.002e-04  3.004e-04
0 0 2 0 69 e   5068.432182829  5068.432239388  4.068e-04  3.056e-04  1.401e-03
2 2 1 0 38 e   5071.555695023  5071.555700475  1.720e-05  3.022e-04  3.022e-04
1 4 1 0 22 e   5072.765829134  5072.765845863  1.140e-04  3.000e-04  3.000e-04
1 3 1 1 55 f   5073.683530382  5073.683569901  2.886e-04  3.036e-04  4.319e-04
1 0 2 0 24 e   5073.864958231  5073.864965164  3.448e-05  3.027e-04  3.027e-04
1 4 1 2 23 e   5076.028801651  5076.028949397  4.248e-04  5.009e-03  7.077e-03
0 1 2 1 48 e   5078.944589465  5078.944579990  1.950e-05  3.009e-04  3.043e-04
3 0 1 0 48 e   5079.678354490  5079.678348394  1.814e-05  1.106e-04  1.246e-04
1 2 1 2 75 e   5080.447909602  5080.447963467  3.986e-04  3.062e-04  1.795e-03
1 4 1 0 23 e   5082.069003797  5082.069003856  2.275e-07  4.000e-04  4.000e-04
1 0 2 0 25 e   5083.861638738  5083.861640893  5.756e-05  3.027e-04  3.027e-04
0 5 1 1 45 e   5085.683388591  5085.683385241  1.669e-05  3.003e-04  3.006e-04
1 2 1 0 75 e   5086.636009602  5086.636063467  3.986e-04  3.062e-04  1.795e-03
2 2 1 0 39 e   5087.343310580  5087.353793113  1.193e-01  1.000e-01  1.193e-01
1 4 1 0 24 e   5091.776684332  5091.776702235  8.359e-05  3.000e-04  3.000e-04
0 4 1 0 68 e   5092.368526575  5092.368581849  3.999e-04  3.056e-04  1.341e-03
1 0 2 0 26 e   5094.257816020  5094.257825624  8.412e-05  3.027e-04  3.027e-04
1 3 1 1 56 e   5094.897557746  5094.897608089  1.401e-03  6.102e-04  1.984e-03
1 3 1 1 56 f   5096.319044437  5096.319046806  4.007e-05  3.036e-04  3.220e-04
0 0 2 0 70 e   5096.431455378  5096.431508676  4.073e-04  3.059e-04  1.457e-03
2 4 0 0 81 e   5096.744585887  5096.744640229  3.987e-04  1.175e-04  2.043e-03
0 1 2 1 49 e   5098.595969585  5098.595851308  4.622e-04  5.418e-05  4.639e-04
0 1 2 1 49 f   5099.132539708  5099.132530952  2.146e-05  3.007e-04  3.041e-04
3 0 1 0 49 e   5099.244024642  5099.244017579  4.574e-05  1.031e-04  1.125e-04
1 4 1 0 25 e   5101.888797683  5101.888787183  6.562e-05  3.000e-04  3.000e-04
2 2 1 0 40 e   5103.435713979  5103.441587520  1.113e-01  1.000e-01  1.113e-01
0 5 1 1 46 e   5104.324927653  5104.324922269  4.452e-05  3.004e-04  3.013e-04
1 0 2 0 27 e   5105.053453629  5105.053459873  5.935e-05  3.027e-04  3.027e-04
1 4 1 2 26 e   5106.389948971  5106.390035917  5.451e-04  5.009e-03  7.077e-03
1 4 1 0 26 e   5112.405413597  5112.405398070  1.060e-04  3.000e-04  3.000e-04
0 4 1 2 69 e   5113.574921000  5113.574974413  3.989e-04  3.056e-04  1.399e-03
1 0 2 0 28 e   5116.248705061  5116.248706672  1.190e-04  3.027e-04  3.027e-04
1 2 1 0 76 e   5117.247456332  5117.247510177  3.986e-04  3.062e-04  1.751e-03
0 2 2 2 4 e   5117.412133695  5117.412228996  1.028e-03  5.135e-03  1.248e-02
1 3 1 1 57 e   5117.886612940  5117.886616498  4.146e-05  3.040e-04  3.226e-04
0 1 2 1 50 e   5118.643731793  5118.643902018  1.142e-03  3.009e-04  1.143e-03
0 1 2 1 50 f   5119.203514722  5119.203505252  1.945e-05  3.008e-04  3.051e-04
3 0 1 0 50 e   5119.208136922  5119.208134463  2.834e-05  1.047e-04  1.208e-04
1 3 1 1 57 f   5119.358197539  5119.358251297  3.997e-04  3.049e-04  7.266e-04
2 2 1 0 41 e   5119.852608559  5119.852625726  1.440e-04  3.022e-04  3.022e-04
0 4 1 0 69 e   5120.327421000  5120.327474413  3.989e-04  3.056e-04  1.399e-03
0 2 2 0 0 e   5120.983578662  5120.983579086  1.959e-06  4.000e-04  4.000e-04
0 2 2 0 1 e   5121.385515546  5121.385515076  1.644e-06  4.000e-04  4.000e-04
0 2 2 2 6 e   5121.841076058  5121.841169586  1.029e-03  5.135e-03  1.016e-02
0 2 2 0 2 e   5122.190132647  5122.190123258  1.717e-04  3.000e-04  3.000e-04
1 4 1 0 27 e   5123.326488569  5123.326478538  7.353e-05  3.027e-04  3.027e-04
0 5 1 1 47 e   5123.371159000  5123.371150793  6.577e-05  3.005e-04  3.018e-04
0 2 2 0 3 e   5123.396896088  5123.396893883  3.277e-05  4.000e-04  4.000e-04
0 2 2 2 7 e   5124.658833825  5124.658970112  2.259e-04  5.009e-03  7.077e-03
0 0 2 0 71 e   5124.828998642  5124.829049082  3.974e-04  3.060e-04  1.508e-03
0 2 2 0 4 e   5125.006213602  5125.006209360  1.046e-04  4.000e-04  4.000e-04
0 2 2 0 5 e   5127.017644733  5127.017644765  6.171e-05  4.000e-04  4.000e-04
1 0 2 0 29 e   5127.843177769  5127.843177794  6.829e-06  3.027e-04  3.027e-04
0 2 2 2 8 e   5127.878058102  5127.878194401  2.259e-04  5.009e-03  7.077e-03
0 2 2 0 6 e   5129.431391141  5129.431391312  4.425e-05  4.000e-04  4.000e-04
2 4 0 0 82 e   5129.532146486  5129.532201050  3.988e-04  2.094e-04  2.082e-03
0 2 2 2 9 e   5131.499733825  5131.499870112  2.259e-04  5.009e-03  7.077e-03
0 2 2 0 7 e   5132.247520014  5132.247520198  5.084e-05  4.000e-04  4.000e-04
1 4 1 0 28 e   5134.652124087  5134.652130211  7.115e-05  3.000e-04  3.000e-04
0 2 2 0 8 e   5135.465870768  5135.465860444  1.112e-04  3.000e-04  3.000e-04
2 2 1 0 42 e   5136.755318478  5136.755322416  1.618e-05  3.022e-04  3.022e-04
0 2 2 0 9 e   5139.086664083  5139.086658042  6.373e-05  3.000e-04  3.000e-04
0 1 2 1 51 e   5139.094530575  5139.094478970  1.669e-04  5.555e-05  1.751e-04
3 0 1 0 51 e   5139.570544356  5139.570540969  3.104e-05  1.050e-04  1.241e-04
0 1 2 1 51 f   5139.674940041  5139.674931371  2.171e-05  3.010e-04  3.063e-04
1 0 2 0 30 e   5139.836984984  5139.836982864  4.945e-05  3.027e-04  3.027e-04
0 2 2 2 11 e   5139.950101697  5139.950236310  2.112e-04  5.009e-03  7.077e-03
1 4 1 2 29 e   5140.390074013  5140.390093353  4.584e-04  5.009e-03  7.077e-03
1 3 1 1 58 e   5141.278124119  5141.278008765  1.392e-03  5.219e-04  1.806e-03
1 3 1 1 58 f   5142.800009039  5142.800047547  2.571e-04  3.036e-04  4.852e-04
0 5 1 1 48 e   5142.821832298  5142.821827946  1.134e-04  3.006e-04  3.026e-04
0 2 2 0 10 e   5143.109732594  5143.109712316  2.082e-04  4.000e-04  4.000e-04
0 2 2 2 12 e   5144.778918134  5144.779053155  2.247e-04  5.009e-03  7.077e-03
1 4 1 0 29 e   5146.382138566  5146.382117348  1.332e-04  3.027e-04  3.027e-04
0 2 2 0 11 e   5147.534601495  5147.534597818  6.639e-05  3.000e-04  3.000e-04
0 4 1 0 70 e   5148.690355378  5148.690406292  4.001e-04  3.059e-04  1.455e-03
0 2 2 2 13 e   5150.009953308  5150.010089673  2.260e-04  5.009e-03  7.077e-03
1 0 2 0 31 e   5152.230322671  5152.230324714  9.406e-06  3.027e-04  3.027e-04
0 2 2 0 12 e   5152.362032404  5152.362030209  6.276e-05  3.000e-04  3.000e-04
1 4 1 2 30 e   5152.530464500  5152.531199269  2.099e-03  5.009e-03  7.077e-03
0 0 2 0 72 e   5153.624637632  5153.624691742  3.992e-04  3.061e-04  1.560e-03
2 2 1 0 43 e   5154.059831705  5154.059837013  1.570e-05  3.022e-04  3.022e-04
0 2 2 2 14 e   5155.643341394  5155.643477748  2.259e-04  5.009e-03  7.077e-03
0 2 2 0 13 e   5157.591713418  5157.591714616  1.648e-05  3.000e-04  3.000e-04
1 4 1 0 30 e   5158.516572236  5158.516556987  1.681e-04  3.000e-04  3.000e-04
0 1 2 1 52 e   5159.943715742  5159.943715338  4.091e-05  6.252e-05  9.049e-05
3 0 1 0 52 e   5160.331235487  5160.331233886  4.003e-05  1.084e-04  1.303e-04
0 1 2 1 52 f   5160.546837144  5160.546827758  2.146e-05  3.011e-04  3.076e-04
0 5 1 1 49 e   5162.677003906  5162.676995129  3.532e-05  3.007e-04  3.033e-04
2 4 0 0 83 e   5162.721301639  5162.721356254  3.988e-04  2.095e-04  2.120e-03
0 2 2 0 14 e   5163.223336839  5163.223340614  9.576e-06  4.000e-04  4.000e-04
1 0 2 0 32 e   5165.022712323  5165.022712838  6.949e-06  3.027e-04  3.027e-04
1 3 1 1 59 e   5165.072182019  5165.072026484  1.057e-03  5.219e-04  1.613e-03
1 4 1 2 31 f   5165.101232764  5165.101231316  9.818e-05  5.009e-03  7.077e-03
0 2 2 2 16 e   5168.116573838  5168.116685481  2.989e-04  5.009e-03  7.077e-03
0 2 2 0 15 e   5169.257484720  5169.257468143  1.119e-04  3.000e-04  3.000e-04
1 4 1 0 31 e   5171.055464371  5171.055465595  1.312e-04  3.000e-04  3.000e-04
2 2 1 0 44 e   5171.766354168  5171.766351736  1.746e-05  3.031e-04  3.031e-04
1 2 1 2 78 e   5173.430625531  5173.430679414  3.986e-04  3.062e-04  1.839e-03
0 2 2 2 17 e   5174.957011983  5174.957120170  2.869e-04  5.009e-03  7.077e-03
0 2 2 0 16 e   5175.693688755  5175.693689326  1.203e-05  4.000e-04  4.000e-04
0 4 1 0 71 e   5177.457444659  5177.457498044  3.988e-04  3.060e-04  1.508e-03
1 4 1 2 32 e   5178.027569677  5178.028261686  2.045e-03  5.009e-03  7.077e-03
1 0 2 0 33 e   5178.214522495  5178.214524102  8.760e-06  3.027e-04  3.027e-04
1 2 1 0 78 e   5179.672725531  5179.672779414  3.986e-04  3.062e-04  1.839e-03
0 1 2 1 53 e   5181.192985001  5181.192921326  1.824e-04  6.312e-05  1.953e-04
3 0 1 0 53 e   5181.490303149  5181.490304457  4.168e-05  1.084e-04  1.350e-04
0 1 2 1 53 f   5181.818931222  5181.818928611  3.826e-05  3.023e-04  3.118e-04
0 2 2 2 18 e   5182.199341786  5182.199449758  3.012e-04  5.009e-03  7.077e-03
0 2 2 0 17 e   5182.531986499  5182.531989944  1.043e-05  4.000e-04  4.000e-04
0 0 2 0 73 e   5182.818398099  5182.818454207  4.029e-04  3.061e-04  1.611e-03
0 5 1 1 50 e   5182.936689465  5182.936679990  1.950e-05  3.009e-04  3.043e-04
1 4 1 0 32 e   5183.998700277  5183.998681145  1.533e-04  3.000e-04  3.000e-04
0 2 2 0 18 e   5189.772546272  5189.772548785  6.805e-06  4.000e-04  4.000e-04
2 2 1 0 45 e   5189.874746443  5189.874748579  1.582e-05  3.022e-04  3.032e-04
1 3 1 1 60 f   5190.892536968  5190.892590723  3.997e-04  3.049e-04  9.174e-04
1 4 1 2 33 e   5191.384362262  5191.384328023  4.760e-04  5.009e-03  7.077e-03
1 4 1 2 33 f   5191.412431324  5191.412428834  9.545e-05  5.009e-03  7.077e-03
1 0 2 0 34 e   5191.805558225  5191.805558517  1.062e-05  3.022e-04  3.022e-04
2 4 0 0 84 e   5196.267030668  5196.267085489  3.989e-04  2.095e-04  2.157e-03
1 4 1 0 33 e   5197.346544120  5197.346502774  2.372e-04  3.000e-04  3.000e-04
0 2 2 0 19 e   5197.415274411  5197.415276576  6.304e-06  4.000e-04  4.000e-04
0 2 2 2 20 e   5197.891041786  5197.891149758  3.012e-04  5.009e-03  7.077e-03
0 6 1 0 5 e   5202.111654951  5202.111671003  2.255e-04  3.000e-04  3.000e-04
0 1 2 1 54 e   5202.841932247  5202.841928924  2.022e-04  4.288e-04  6.080e-04
3 0 1 0 54 e   5203.047699424  5203.047701472  4.511e-05  1.085e-04  1.391e-04
0 1 2 1 54 f   5203.491513929  5203.491509223  3.770e-05  3.024e-04  3.142e-04
0 5 1 1 51 e   5203.601038530  5203.601026793  6.710e-05  3.010e-04  3.056e-04
0 6 1 0 6 e   5204.551618626  5204.551618665  2.163e-07  4.000e-04  4.000e-04
1 4 1 2 34 e   5205.141449225  5205.141933961  2.277e-03  5.009e-03  7.077e-03
1 4 1 2 34 f   5205.174205562  5205.174166837  2.048e-04  5.009e-03  7.077e-03
0 2 2 0 20 e   5205.460330570  5205.460330536  9.524e-06  3.000e-04  3.000e-04
1 0 2 0 35 e   5205.808097409  5205.809515897  2.236e-02  1.000e-01  1.000e-01
0 4 1 0 72 e   5206.628325331  5206.628378853  3.988e-04  3.061e-04  1.559e-03
0 6 1 0 7 e   5207.397365049  5207.397365212  4.286e-07  3.000e-04  3.000e-04
2 2 1 0 46 e   5208.505633755  5208.509537090  1.189e-01  1.000e-01  1.189e-01
0 6 1 0 8 e   5210.650395510  5210.650395590  3.921e-07  3.000e-04  3.000e-04
1 4 1 0 34 e   5211.098697968  5211.098679957  1.637e-04  3.000e-04  3.000e-04
0 0 2 0 74 e   5212.410153132  5212.410206802  3.985e-04  3.062e-04  1.658e-03
1 3 1 1 61 e   5213.864616130  5213.864460596  1.057e-03  5.219e-04  1.710e-03
0 2 2 0 21 e   5213.968284515  5213.968215495  3.047e-03  1.000e-01  1.000e-01
0 6 1 0 9 e   5214.308390826  5214.308375453  7.239e-05  3.000e-04  3.000e-04
0 2 2 2 22 e   5215.190789658  5215.190911190  4.897e-04  5.009e-03  7.077e-03
0 2 2 2 22 f   5215.193574233  5215.193422243  6.341e-04  5.099e-03  8.718e-03
1 3 1 1 61 f   5215.543012315  5215.543066071  3.997e-04  3.049e-04  8.457e-04
1 4 1 2 35 e   5219.305608755  5219.305227675  9.211e-04  5.009e-03  7.077e-03
1 4 1 2 35 f   5219.341129885  5219.341127245  9.361e-05  5.009e-03  7.077e-03
1 0 2 0 36 e   5220.184952946  5220.184952248  8.677e-06  3.022e-04  3.022e-04
0 2 2 0 22 e   5222.756251565  5222.756252737  7.670e-05  3.000e-04  3.000e-04
0 2 2 2 23 e   5224.443146770  5224.443326550  4.324e-04  5.009e-03  7.077e-03
0 5 1 1 52 e   5224.669853183  5224.669841710  1.100e-04  3.023e-04  3.093e-04
0 1 2 1 55 e   5224.890411078  5224.890357231  2.626e-04  1.106e-04  2.790e-04
3 0 1 0 55 e   5225.003292669  5225.003325063  1.227e-04  1.181e-04  1.601e-04
1 4 1 0 35 e   5225.255597740  5225.255596887  1.734e-05  3.000e-04  3.000e-04
0 1 2 1 55 f   5225.564395202  5225.564396187  4.012e-05  3.036e-04  3.193e-04
2 2 1 0 47 e   5227.406116164  5227.419929373  8.861e-02  1.000e-01  1.000e-01
0 4 1 2 73 e   5229.284352626  5229.284406225  3.987e-04  3.061e-04  1.610e-03
2 4 0 0 85 e   5230.259238705  5230.259293631  3.989e-04  2.095e-04  2.193e-03
0 2 2 0 23 e   5232.007269960  5232.007256556  9.172e-05  3.000e-04  3.000e-04
0 6 1 0 13 e   5233.009813609  5233.009813992  2.043e-06  3.000e-04  3.000e-04
1 4 1 2 36 e   5233.870982715  5233.871446748  2.279e-03  5.009e-03  7.077e-03
1 4 1 2 36 f   5233.912915395  5233.912820701  4.553e-04  5.027e-03  1.003e-02
0 2 2 2 24 e   5234.099394435  5234.099506104  5.208e-04  5.009e-03  7.077e-03
1 0 2 0 37 e   5234.973235678  5234.973233682  5.419e-05  3.022e-04  3.022e-04
0 6 1 0 14 e   5238.701465972  5238.701463731  1.693e-05  3.000e-04  3.000e-04
1 3 1 1 62 e   5238.863636919  5238.863481263  1.057e-03  5.219e-04  1.662e-03
1 4 1 0 36 e   5239.816550211  5239.816550393  1.006e-06  3.000e-04  3.000e-04
1 3 1 1 62 f   5240.596336968  5240.596390723  3.997e-04  3.049e-04  9.174e-04
0 2 2 0 24 e   5241.660475209  5241.660472714  1.130e-04  3.000e-04  3.000e-04
0 0 2 0 75 e   5242.399909602  5242.399963467  3.986e-04  3.062e-04  1.795e-03
1 2 1 0 80 e   5243.701517605  5243.701571625  3.986e-04  3.062e-04  1.923e-03
0 2 2 2 25 e   5244.156276666  5244.156409518  4.203e-04  5.009e-03  7.077e-03
0 6 1 0 15 e   5244.799733773  5244.799733834  4.538e-07  3.000e-04  3.000e-04
0 5 1 1 53 e   5246.143010815  5246.143005991  3.935e-05  3.025e-04  3.104e-04
2 2 1 0 48 e   5246.609403463  5246.609397313  1.769e-05  3.037e-04  3.073e-04
3 0 1 0 56 e   5247.343869712  5247.345658641  8.340e-03  1.121e-04  8.341e-03
0 1 2 1 56 f   5248.037144437  5248.037146806  4.007e-05  3.036e-04  3.220e-04
1 4 1 2 37 e   5248.843011169  5248.844402175  3.974e-03  5.009e-03  7.077e-03
1 4 1 2 37 f   5248.887147981  5248.887153742  9.238e-05  5.009e-03  7.077e-03
1 0 2 0 38 e   5250.160392798  5250.160394462  1.110e-05  3.022e-04  3.022e-04
0 6 1 0 16 e   5251.304756242  5251.304708671  3.209e-04  3.000e-04  3.209e-04
0 2 2 0 25 e   5251.715678782  5251.715686494  6.459e-05  3.000e-04  3.000e-04
0 2 2 2 26 e   5254.611774245  5254.612015954  3.906e-03  5.009e-03  7.077e-03
1 4 1 0 37 e   5254.782204871  5254.782205403  5.051e-06  3.022e-04  3.045e-04
0 6 1 0 17 e   5258.215429204  5258.215429288  3.746e-07  3.000e-04  3.000e-04
0 4 1 2 74 e   5259.217149933  5259.217203730  3.986e-04  3.062e-04  1.658e-03
0 2 2 0 26 e   5262.172403934  5262.172406868  7.998e-06  4.000e-04  4.000e-04
1 4 1 2 38 e   5264.215216206  5264.215644968  2.336e-03  5.009e-03  7.077e-03
1 3 1 1 63 e   5264.264616130  5264.264460596  1.057e-03  5.219e-04  1.710e-03
1 4 1 2 38 f   5264.267215395  5264.267120701  4.553e-04  5.009e-03  7.077e-03
2 4 0 0 86 e   5264.634367518  5264.634422527  3.988e-04  2.095e-04  2.229e-03
0 2 2 2 27 e   5265.477329360  5265.477391564  4.149e-04  5.009e-03  7.077e-03
1 0 2 0 39 e   5265.746666581  5265.746666317  4.386e-06  3.022e-04  3.022e-04
1 3 1 1 63 f   5266.052386495  5266.052440248  3.997e-04  3.049e-04  9.838e-04
0 4 1 0 74 e   5266.182149933  5266.182203730  3.986e-04  3.062e-04  1.658e-03
2 2 1 0 49 e   5266.324212715  5266.324207262  1.808e-05  3.010e-04  3.044e-04
0 5 1 1 54 e   5268.020632247  5268.020628924  2.022e-04  5.210e-04  6.762e-04
3 0 1 0 57 e   5270.106562070  5270.106613099  3.978e-04  1.121e-04  6.056e-04
1 4 1 0 38 e   5270.151829615  5270.151831270  5.552e-05  3.000e-04  3.000e-04
0 1 2 1 57 e   5270.188323686  5270.188231474  1.206e-03  3.040e-04  1.211e-03
0 1 2 1 57 f   5270.910330382  5270.910369901  2.886e-04  3.036e-04  4.319e-04
0 0 2 0 76 e   5272.787525531  5272.787579414  3.986e-04  3.062e-04  1.839e-03
0 2 2 0 27 e   5273.031778755  5273.031767221  1.072e-04  3.000e-04  3.000e-04
0 6 1 0 19 e   5273.257268234  5273.257268295  2.261e-07  4.000e-04  4.000e-04
1 2 1 0 81 e   5276.316809333  5276.316862708  3.990e-04  3.063e-04  1.965e-03
0 2 2 2 28 e   5276.736974245  5276.737215954  3.906e-03  5.009e-03  7.077e-03
2 3 1 1 1 e   5280.943062170  5280.943062379  8.302e-07  4.000e-04  4.000e-04
0 6 1 0 20 e   5281.388186206  5281.388186266  2.268e-07  4.000e-04  4.000e-04
1 0 2 0 40 e   5281.716626157  5281.723654295  2.612e-02  1.000e-01  1.000e-01
2 3 1 1 2 e   5281.749704946  5281.749702516  5.178e-04  4.000e-04  5.178e-04
2 3 1 1 2 f   5281.751557697  5281.751557905  8.301e-07  4.000e-04  4.000e-04
2 3 1 1 3 e   5282.959217880  5282.959224393  1.134e-03  4.000e-04  1.134e-03
2 3 1 1 3 f   5282.962601408  5282.962601470  9.716e-07  4.000e-04  4.000e-04
0 2 2 0 28 e   5284.292042744  5284.292045980  6.655e-06  4.000e-04  4.000e-04
2 3 1 1 4 e   5284.568605865  5284.568533534  1.614e-03  4.000e-04  1.614e-03
2 3 1 1 4 f   5284.573156861  5284.573101853  2.919e-03  4.000e-04  2.919e-03
1 4 1 0 39 e   5285.926066877  5285.926067171  4.013e-06  3.022e-04  3.045e-04
2 2 1 0 50 e   5286.330746922  5286.330744463  2.834e-05  1.000e-01  1.000e-01
2 3 1 1 5 e   5286.589063371  5286.589138208  1.125e-03  4.000e-04  1.125e-03
2 3 1 1 5 f   5286.596205228  5286.596276420  7.451e-04  4.000e-04  7.451e-04
0 2 2 2 29 e   5288.406452157  5288.406508792  4.207e-04  5.009e-03  7.077e-03
2 3 1 1 6 e   5289.002450392  5289.002388631  7.301e-04  4.000e-04  7.301e-04
2 3 1 1 6 f   5289.015385442  5289.015391505  3.489e-05  4.000e-04  4.000e-04
0 4 1 2 75 e   5289.553043571  5289.553097382  3.986e-04  3.062e-04  1.705e-03
1 3 1 1 64 e   5290.068000006  5290.067812643  9.820e-04  6.041e-04  1.759e-03
0 5 1 1 55 e   5290.302612940  5290.302616498  4.146e-05  3.040e-04  3.226e-04
2 3 1 1 7 e   5291.825577806  5291.825491822  2.677e-03  4.000e-04  2.677e-03
2 3 1 1 7 f   5291.848646864  5291.848644795  1.750e-05  4.000e-04  4.000e-04
3 0 1 0 58 e   5293.256741525  5293.256759719  3.924e-04  1.121e-04  4.586e-04
0 1 2 1 58 e   5293.436683450  5293.436700884  1.456e-03  5.219e-04  1.856e-03
0 1 2 1 58 f   5294.183409039  5294.183447547  2.571e-04  3.036e-04  4.852e-04
2 3 1 1 8 e   5295.045539586  5295.045529526  1.645e-04  4.000e-04  4.000e-04
2 3 1 1 8 f   5295.078645939  5295.078603989  2.751e-04  4.000e-04  4.000e-04
0 2 2 0 29 e   5295.955874483  5295.955875805  4.263e-06  3.000e-04  3.000e-04
1 4 1 2 40 e   5296.174077296  5296.174445129  2.512e-03  5.009e-03  7.077e-03
0 4 1 0 75 e   5296.564743571  5296.564797382  3.986e-04  3.062e-04  1.705e-03
1 0 2 0 41 e   5298.115985210  5298.115985526  4.592e-06  3.022e-04  3.022e-04
2 3 1 1 9 e   5298.671994863  5298.671984219  5.970e-04  4.000e-04  5.970e-04
2 3 1 1 9 f   5298.713877773  5298.713883735  1.830e-04  4.000e-04  4.000e-04
0 6 1 0 22 e   5298.869982090  5298.869982148  2.276e-07  4.000e-04  4.000e-04
0 2 2 2 30 e   5300.471367089  5300.472071242  2.064e-03  5.009e-03  7.077e-03
2 3 1 1 10 e   5302.700432991  5302.700420634  3.123e-04  4.000e-04  4.000e-04
2 3 1 1 10 f   5302.753689194  5302.753704757  7.358e-04  4.000e-04  7.358e-04
2 2 1 0 51 e   5306.883434356  5306.883430969  3.104e-05  1.000e-01  1.000e-01
2 3 1 1 11 e   5307.131971390  5307.131976434  3.155e-05  4.000e-04  4.000e-04
2 3 1 1 11 f   5307.195614572  5307.195614427  1.350e-05  4.000e-04  4.000e-04
0 2 2 0 30 e   5308.020655486  5308.020650285  5.759e-05  3.000e-04  3.000e-04
2 3 1 1 12 e   5311.966675898  5311.966676350  7.105e-06  4.000e-04  4.000e-04
2 3 1 1 12 f   5312.041494810  5312.041495833  7.531e-05  4.000e-04  4.000e-04
1 4 1 2 41 e   5312.760725837  5312.760813152  2.952e-03  5.009e-03  7.077e-03
0 2 2 2 31 e   5312.942518137  5312.942503845  4.733e-04  5.009e-03  7.077e-03
0 5 1 1 56 e   5312.988352291  5312.988391773  2.885e-04  3.037e-04  4.278e-04
1 0 2 0 42 e   5314.898716797  5314.898717848  8.157e-06  3.022e-04  3.022e-04
1 3 1 1 65 e   5316.272605760  5316.272418323  9.820e-04  6.041e-04  1.713e-03
3 0 1 0 59 e   5316.804378441  5316.804435371  3.997e-04  1.156e-04  6.132e-04
0 1 2 1 59 e   5317.086273351  5317.086116506  1.057e-03  4.300e-04  1.551e-03
2 3 1 1 13 e   5317.204049007  5317.204056453  1.506e-04  4.000e-04  4.000e-04
2 3 1 1 13 f   5317.291849276  5317.291849440  7.482e-07  4.000e-04  4.000e-04
0 1 2 1 59 f   5317.856697539  5317.856751297  3.997e-04  3.049e-04  7.266e-04
0 6 1 0 24 e   5317.977224090  5317.977224148  2.276e-07  4.000e-04  4.000e-04
1 3 1 1 65 f   5318.171952511  5318.172010278  4.016e-04  3.062e-04  1.219e-03
1 4 1 0 41 e   5318.687512625  5318.687505119  1.014e-04  3.000e-04  3.000e-04
0 2 2 0 31 e   5320.563763626  5320.563956678  2.025e-02  1.000e-01  1.000e-01
2 3 1 1 14 e   5322.846005601  5322.845956512  9.220e-04  4.000e-04  9.220e-04
2 3 1 1 14 f   5322.945779250  5322.945779325  6.019e-07  4.000e-04  4.000e-04
0 2 2 2 32 e   5325.811611689  5325.812269250  2.075e-03  5.009e-03  7.077e-03
0 4 1 0 76 e   5327.351856332  5327.351910177  3.986e-04  3.062e-04  1.751e-03
2 2 1 0 52 e   5327.877956996  5327.877957752  3.345e-05  3.053e-04  3.160e-04
2 3 1 1 15 e   5328.887728454  5328.887727400  1.087e-04  4.000e-04  4.000e-04
2 3 1 1 15 f   5329.003368763  5329.003373635  9.200e-05  4.000e-04  4.000e-04
1 4 1 2 42 f   5329.825199997  5329.825183611  5.506e-04  5.009e-03  7.077e-03
1 0 2 0 43 e   5332.080430524  5332.080433041  7.711e-06  3.022e-04  3.022e-04
0 2 2 0 32 e   5333.355868177  5333.355848535  8.300e-05  3.000e-04  3.000e-04
2 4 0 0 88 e   5334.570227518  5334.570282527  3.988e-04  2.095e-04  2.229e-03
2 3 1 1 16 e   5335.334192284  5335.334191112  5.693e-05  4.000e-04  4.000e-04
2 3 1 1 16 f   5335.464368341  5335.464348383  1.757e-04  4.000e-04  4.000e-04
1 4 1 0 42 e   5335.674692209  5335.674691418  4.618e-05  3.000e-04  3.000e-04
0 6 1 0 26 e   5338.711203838  5338.711203896  2.265e-07  4.000e-04  4.000e-04
0 2 2 2 33 e   5339.085104140  5339.084718538  9.288e-04  5.009e-03  7.077e-03
3 0 1 0 60 e   5340.749789087  5340.749853224  4.055e-04  1.156e-04  7.300e-04
0 1 2 1 60 e   5341.133326668  5341.133147506  1.077e-03  4.300e-04  1.577e-03
0 1 2 1 60 f   5341.929777890  5341.929831647  3.997e-04  3.049e-04  8.293e-04
2 3 1 1 17 e   5342.183059365  5342.183069843  2.106e-04  4.000e-04  4.000e-04
2 3 1 1 17 f   5342.329739238  5342.329739583  1.074e-05  4.000e-04  4.000e-04
1 2 1 0 83 e   5342.749185887  5342.749240229  3.987e-04  3.063e-04  2.043e-03
1 3 1 1 66 e   5342.876315099  5342.876323595  4.579e-04  3.517e-03  5.112e-03
1 3 1 1 66 f   5344.835412996  5344.835467767  4.011e-04  3.062e-04  1.284e-03
0 2 2 0 33 e   5346.626255612  5346.626233134  1.229e-04  3.000e-04  3.000e-04
1 4 1 2 43 e   5347.139702304  5347.137967817  5.758e-03  5.009e-03  8.143e-03
2 2 1 0 53 e   5349.151548876  5349.151552170  3.623e-05  1.000e-01  1.000e-01
2 3 1 1 18 e   5349.434434904  5349.434435295  1.441e-06  4.000e-04  4.000e-04
2 3 1 1 18 f   5349.598565832  5349.598561024  6.139e-05  4.000e-04  4.000e-04
1 0 2 0 44 e   5349.687420417  5349.687418784  1.363e-05  1.000e-01  1.000e-01
0 2 2 2 34 e   5352.757949225  5352.758433961  2.277e-03  5.009e-03  7.077e-03
1 4 1 0 43 e   5353.066471534  5353.066469432  6.571e-05  3.001e-04  3.002e-04
2 3 1 1 19 e   5357.088918325  5357.088918704  1.444e-06  4.000e-04  4.000e-04
2 3 1 1 19 f   5357.271187306  5357.271181573  4.830e-05  4.000e-04  4.000e-04
0 5 1 1 58 e   5359.572957746  5359.573008089  1.401e-03  6.102e-04  1.984e-03
0 2 2 0 34 e   5360.298304240  5360.298301601  5.616e-05  3.000e-04  3.000e-04
1 4 1 2 44 f   5365.029402085  5365.029387188  5.502e-04  5.009e-03  7.077e-03
3 0 1 0 61 e   5365.093137011  5365.093196806  3.982e-04  1.156e-04  8.288e-04
2 3 1 1 20 e   5365.145604799  5365.145603719  3.720e-05  4.000e-04  4.000e-04
2 3 1 1 20 f   5365.347065777  5365.347066744  2.542e-05  4.000e-04  4.000e-04
0 1 2 1 61 e   5365.579938076  5365.579735451  1.058e-03  4.300e-04  1.614e-03
0 0 2 0 79 e   5366.336132778  5366.336186736  3.996e-04  3.063e-04  1.965e-03
0 1 2 1 61 f   5366.403012315  5366.403066071  3.997e-04  3.049e-04  8.457e-04
0 2 2 2 35 e   5366.836404140  5366.836018538  9.288e-04  5.009e-03  7.077e-03
1 0 2 0 45 e   5367.639602664  5367.639600206  4.359e-05  3.022e-04  3.040e-04
1 3 1 1 67 e   5369.887444407  5369.887010822  9.418e-04  6.763e-04  1.776e-03
2 4 0 0 89 e   5370.132466081  5370.132521133  3.988e-04  2.095e-04  2.264e-03
1 4 1 0 44 e   5370.862381567  5370.862388549  7.996e-05  3.002e-04  3.003e-04
2 2 1 0 54 e   5370.920211675  5370.920150833  7.830e-04  3.070e-04  7.889e-04
1 3 1 1 67 f   5371.901500386  5371.901557233  4.019e-04  3.516e-03  5.141e-03
2 3 1 1 21 e   5373.605324735  5373.605325017  3.346e-06  4.000e-04  4.000e-04
2 3 1 1 21 f   5373.827086843  5373.827087109  6.827e-07  4.000e-04  4.000e-04
0 2 2 0 35 e   5374.372204689  5374.372211220  5.713e-05  3.000e-04  3.000e-04
1 2 1 0 84 e   5376.565856486  5376.565911050  3.988e-04  3.064e-04  2.082e-03
0 2 2 2 36 e   5381.312549225  5381.313033961  2.277e-03  5.009e-03  7.077e-03
2 3 1 1 22 e   5382.467767324  5382.467767660  2.182e-06  4.000e-04  4.000e-04
2 3 1 1 22 f   5382.710438159  5382.710448310  8.581e-05  4.000e-04  4.000e-04
1 4 1 2 45 f   5383.237660479  5383.237660778  1.945e-04  5.009e-03  7.077e-03
0 5 1 1 59 e   5383.474058225  5383.473853531  1.104e-03  5.219e-04  1.584e-03
1 0 2 0 46 e   5386.017253559  5386.017250375  1.616e-05  3.031e-04  3.054e-04
0 2 2 0 36 e   5388.847639194  5388.847634725  6.025e-05  3.000e-04  3.000e-04
1 4 1 0 45 e   5389.062354927  5389.062353097  7.813e-05  3.003e-04  3.005e-04
3 0 1 0 62 e   5389.834018465  5389.834072732  3.999e-04  2.140e-04  9.207e-04
0 1 2 1 62 e   5390.426145214  5390.425989680  1.057e-03  5.219e-04  1.662e-03
0 1 2 1 62 f   5391.275636968  5391.275690723  3.997e-04  3.049e-04  9.174e-04
2 3 1 1 23 e   5391.732711146  5391.732703220  8.662e-05  4.000e-04  4.000e-04
2 3 1 1 23 f   5391.997575599  5391.997573303  7.242e-05  4.000e-04  4.000e-04
2 2 1 0 55 e   5393.044520301  5393.044523982  3.926e-05  3.065e-04  3.233e-04
0 2 2 2 37 e   5396.193313369  5396.192936835  9.123e-04  5.009e-03  7.077e-03
1 3 1 1 68 e   5397.294906440  5397.294904617  4.545e-04  3.517e-03  5.143e-03
0 6 1 0 31 e   5397.661000573  5397.661002239  2.104e-05  3.000e-04  3.000e-04
0 0 2 0 80 e   5398.314281104  5398.314335228  3.986e-04  3.062e-04  2.004e-03
2 3 1 1 24 e   5401.400158552  5401.400160581  2.718e-05  4.000e-04  4.000e-04
2 3 1 1 24 f   5401.688039544  5401.688039581  1.652e-06  4.000e-04  4.000e-04
1 4 1 2 46 e   5401.737080028  5401.737038058  1.385e-03  5.009e-03  7.078e-03
0 2 2 0 37 e   5403.724798428  5403.724801896  9.115e-06  4.000e-04  4.000e-04
1 0 2 0 47 e   5404.793312242  5404.793306355  1.784e-05  3.010e-04  3.039e-04
2 4 0 0 90 e   5406.090714998  5406.090770307  3.991e-04  3.064e-04  2.299e-03
1 4 1 0 46 e   5407.666899265  5407.666870703  8.845e-05  3.004e-04  3.011e-04
0 5 1 1 60 e   5407.776717853  5407.776542540  1.101e-03  5.219e-04  1.593e-03
0 6 1 0 32 e   5410.670340277  5410.670340370  6.000e-07  3.000e-04  3.000e-04
2 3 1 1 25 e   5411.470446848  5411.470444161  5.385e-05  4.000e-04  4.000e-04
0 2 2 2 38 e   5411.472446751  5411.472839184  2.399e-03  5.009e-03  7.077e-03
2 3 1 1 25 f   5411.782170544  5411.782171290  1.400e-05  4.000e-04  4.000e-04
3 0 1 0 63 e   5414.972851012  5414.972906281  4.000e-04  1.156e-04  1.151e-03
2 2 1 0 56 e   5415.530096197  5415.530151335  4.005e-04  1.000e-01  1.000e-01
0 1 2 1 63 e   5415.671374278  5415.671212631  1.054e-03  4.300e-04  1.708e-03
0 1 2 1 63 f   5416.548186495  5416.548240248  3.997e-04  3.049e-04  9.838e-04
0 2 2 0 38 e   5419.003835807  5419.003836226  1.721e-06  3.000e-04  3.000e-04
2 3 1 1 26 e   5421.943367755  5421.943368860  2.833e-05  4.000e-04  4.000e-04
2 3 1 1 26 f   5422.279972544  5422.279972581  1.652e-06  4.000e-04  4.000e-04
1 0 2 0 48 e   5423.967904016  5423.967898489  1.771e-05  3.037e-04  3.073e-04
0 6 1 0 33 e   5424.086675870  5424.086677665  6.927e-05  3.000e-04  3.000e-04
1 3 1 1 69 e   5425.108274876  5425.107709801  9.629e-04  8.587e-04  1.952e-03
1 4 1 0 47 e   5426.675492241  5426.675485943  1.963e-05  3.007e-04  3.033e-04
0 2 2 2 39 e   5427.156625837  5427.156713152  2.952e-03  5.009e-03  7.077e-03
1 3 1 1 69 f   5427.240100386  5427.240157233  4.019e-04  3.516e-03  5.141e-03
0 0 2 0 81 e   5430.690085887  5430.690140229  3.987e-04  3.063e-04  2.043e-03
0 5 1 1 61 e   5432.483182019  5432.483026484  1.057e-03  5.219e-04  1.613e-03
2 3 1 1 27 e   5432.818401979  5432.818395553  9.608e-05  4.000e-04  4.000e-04
2 3 1 1 27 f   5433.181083669  5433.181105148  1.200e-04  4.000e-04  4.000e-04
0 2 2 0 39 e   5434.684218604  5434.684212533  1.147e-04  3.000e-04  3.000e-04
0 6 1 0 34 e   5437.909345244  5437.909343608  7.226e-05  3.000e-04  3.000e-04
2 2 1 0 57 e   5438.467586652  5438.467641716  4.003e-04  1.000e-01  1.000e-01
3 0 1 0 64 e   5440.509456194  5440.509512683  4.001e-04  1.156e-04  1.219e-03
0 1 2 1 64 e   5441.315864315  5441.315687056  1.010e-03  5.219e-04  1.727e-03
0 1 2 1 64 f   5442.220296462  5442.220350214  3.997e-04  3.049e-04  1.062e-03
2 4 0 0 91 e   5442.445536991  5442.445592723  3.991e-04  5.039e-04  2.353e-03
0 2 2 2 40 e   5443.260535375  5443.260321222  1.603e-02  5.009e-03  2.267e-02
1 0 2 0 49 e   5443.541021440  5443.541017969  2.221e-05  3.010e-04  3.044e-04
2 3 1 1 28 e   5444.096463332  5444.096476841  1.147e-04  4.000e-04  4.000e-04
2 3 1 1 28 f   5444.485503534  5444.485509387  5.530e-05  4.000e-04  4.000e-04
1 2 1 0 86 e   5445.400407518  5445.400462527  3.988e-04  3.064e-04  2.229e-03
1 4 1 0 48 e   5446.088514711  5446.088505758  2.742e-05  3.006e-04  3.024e-04
4 0 1 0 3 e   5447.351266431  5447.351266430  3.977e-08  4.000e-04  4.000e-04
0 2 2 0 40 e   5450.766190361  5450.766191604  4.625e-06  3.000e-04  3.000e-04
4 0 1 0 5 e   5450.937370200  5450.937371349  1.402e-05  4.000e-04  4.000e-04
0 6 1 0 35 e   5452.138605616  5452.138621632  1.232e-04  3.000e-04  3.000e-04
4 0 1 0 6 e   5453.328250813  5453.328250857  2.196e-07  4.000e-04  4.000e-04
1 1 2 1 2 e   5453.663798347  5453.663843336  2.249e-04  3.270e-04  3.270e-04
1 1 2 1 2 f   5453.665740891  5453.665741151  9.065e-07  4.000e-04  4.000e-04
0 4 1 0 80 e   5454.533517605  5454.533571625  3.986e-04  3.062e-04  1.923e-03
1 1 2 1 3 e   5454.865733589  5454.865733652  9.716e-07  4.000e-04  4.000e-04
1 1 2 1 3 f   5454.868466330  5454.868466538  8.302e-07  4.000e-04  4.000e-04
1 3 1 1 70 f   5455.513195173  5455.513244583  4.382e-04  3.516e-03  5.187e-03
2 3 1 1 29 e   5455.776466555  5455.776436889  1.987e-04  4.000e-04  4.000e-04
4 0 1 0 7 e   5456.117684969  5456.117685012  2.193e-07  4.000e-04  4.000e-04
2 3 1 1 29 f   5456.193760881  5456.193761128  1.852e-06  4.000e-04  4.000e-04
0 5 1 1 62 e   5457.594136919  5457.593974959  1.069e-03  5.219e-04  1.670e-03
1 1 2 1 5 e   5458.470518153  5458.470518306  7.208e-07  4.000e-04  4.000e-04
4 0 1 0 8 e   5459.305692813  5459.305692857  2.196e-07  4.000e-04  4.000e-04
1 4 1 2 49 e   5459.963834465  5459.963824990  1.950e-05  5.009e-03  7.078e-03
1 1 2 1 6 e   5460.875710548  5460.875738457  1.126e-04  3.270e-04  3.519e-04
1 1 2 1 6 f   5460.883897857  5460.883897995  6.435e-07  4.000e-04  4.000e-04
2 2 1 0 58 e   5461.829007050  5461.829062096  4.003e-04  1.000e-01  1.000e-01
4 0 1 0 9 e   5462.891730269  5462.891741137  1.549e-04  4.000e-04  4.000e-04
0 0 2 0 82 e   5463.462756486  5463.462811050  3.988e-04  3.064e-04  2.082e-03
1 0 2 0 50 e   5463.512403907  5463.512398408  1.782e-05  3.037e-04  3.096e-04
1 1 2 1 7 e   5463.677531458  5463.677531599  6.425e-07  4.000e-04  4.000e-04
1 4 1 0 49 e   5465.905808044  5465.905787989  1.465e-04  3.009e-04  3.043e-04
3 0 1 0 65 e   5466.443337407  5466.443397002  3.976e-04  1.156e-04  1.279e-03
0 6 1 0 36 e   5466.774375080  5466.774390185  1.603e-04  3.000e-04  3.000e-04
4 0 1 0 10 e   5466.876107765  5466.876108178  9.088e-06  4.000e-04  4.000e-04
1 1 2 1 8 e   5466.881185607  5466.881192434  2.266e-04  3.270e-04  3.270e-04
0 2 2 0 41 e   5467.249692811  5467.249697010  1.069e-05  4.000e-04  4.000e-04
0 1 2 1 65 e   5467.360470221  5467.360276795  9.788e-04  5.267e-04  1.711e-03
2 3 1 1 30 e   5467.859270273  5467.859270314  1.105e-05  4.000e-04  4.000e-04
0 1 2 1 65 f   5468.294012996  5468.294067767  4.011e-04  4.415e-03  6.283e-03
2 3 1 1 30 f   5468.304954445  5468.304954517  1.356e-06  4.000e-04  4.000e-04
1 1 2 1 9 e   5470.485839030  5470.485928419  5.440e-04  3.270e-04  5.440e-04
4 0 1 0 11 e   5471.259205243  5471.259205299  4.445e-07  4.000e-04  4.000e-04
1 1 2 1 10 e   5474.491881256  5474.491881418  7.509e-07  4.000e-04  4.000e-04
0 2 2 2 42 e   5476.630335375  5476.630121222  1.603e-02  5.009e-03  2.267e-02
1 1 2 1 11 e   5478.897330512  5478.897330675  7.482e-07  4.000e-04  4.000e-04
2 4 0 0 92 e   5479.195748520  5479.195804408  3.990e-04  5.039e-04  2.387e-03
1 4 1 2 50 e   5480.178311244  5480.178302599  2.192e-05  5.009e-03  7.078e-03
2 3 1 1 31 e   5480.344315520  5480.344314203  1.480e-04  4.000e-04  4.000e-04
1 2 1 0 87 e   5480.390568705  5480.390623631  3.989e-04  3.064e-04  2.193e-03
2 3 1 1 31 f   5480.819922473  5480.819916825  3.691e-05  4.000e-04  4.000e-04
0 6 1 0 37 e   5481.816473510  5481.816472436  4.643e-05  3.000e-04  3.000e-04
1 3 1 1 71 e   5481.934674876  5481.934109801  9.629e-04  8.587e-04  1.952e-03
0 5 1 1 63 e   5483.108810945  5483.108633920  1.009e-03  5.219e-04  1.681e-03
1 1 2 1 12 e   5483.702263608  5483.702257407  3.625e-05  3.270e-04  3.519e-04
1 1 2 1 12 f   5483.742780310  5483.742796508  1.277e-04  4.000e-04  4.000e-04
1 0 2 0 51 e   5483.882144099  5483.882143507  3.056e-05  3.042e-04  3.112e-04
0 2 2 0 42 e   5484.134783592  5484.134783561  5.973e-06  3.000e-04  3.000e-04
1 3 1 1 71 f   5484.188053065  5484.188116329  3.978e-04  3.516e-03  5.172e-03
2 2 1 0 59 e   5485.550818552  5485.550874055  3.996e-04  3.095e-04  8.291e-04
1 4 1 0 50 e   5486.127203742  5486.127197984  1.772e-05  3.037e-04  3.102e-04
4 0 1 0 14 e   5486.799191081  5486.799191138  2.250e-07  4.000e-04  4.000e-04
1 1 2 1 13 f   5488.945493276  5488.945493440  7.482e-07  4.000e-04  4.000e-04
3 0 1 0 66 e   5492.775147960  5492.775203274  3.999e-04  1.156e-04  1.219e-03
4 0 1 0 15 e   5492.775521214  5492.775527268  1.405e-04  4.000e-04  4.000e-04
2 3 1 1 32 e   5493.232067635  5493.232067407  2.389e-06  4.000e-04  4.000e-04
2 3 1 1 32 f   5493.737861659  5493.737861558  1.719e-06  4.000e-04  4.000e-04
0 1 2 1 66 e   5493.799915099  5493.799923595  4.579e-04  3.517e-03  5.112e-03
0 2 2 2 43 e   5493.895502304  5493.893767817  5.758e-03  5.009e-03  8.143e-03
1 1 2 1 14 e   5494.516518597  5494.516502842  5.055e-04  3.270e-04  5.219e-04
1 1 2 1 14 f   5494.569386916  5494.569380816  1.163e-04  4.000e-04  4.000e-04
0 1 2 1 66 f   5494.763512996  5494.763567767  4.011e-04  1.174e-04  1.284e-03
0 0 2 0 83 e   5496.632911639  5496.632966254  3.988e-04  3.064e-04  2.120e-03
0 6 1 0 38 e   5497.265099950  5497.265100199  1.103e-06  3.000e-04  3.000e-04
4 0 1 0 16 e   5499.150277656  5499.150277717  2.262e-07  4.000e-04  4.000e-04
1 4 1 2 51 e   5500.799778498  5500.799685566  3.223e-03  5.009e-03  7.078e-03
1 4 1 2 51 f   5500.963965933  5500.963953308  7.556e-05  5.009e-03  7.078e-03
0 2 2 0 43 e   5501.421342732  5501.421342151  7.775e-06  3.001e-04  3.001e-04
1 0 2 0 52 e   5504.650078867  5504.650079034  3.268e-05  3.042e-04  3.126e-04
4 0 1 0 17 e   5505.923730595  5505.923735292  1.060e-04  4.000e-04  4.000e-04
2 3 1 1 33 e   5506.521965746  5506.521963976  5.326e-06  4.000e-04  4.001e-04
1 1 2 1 16 e   5506.931444949  5506.931443203  6.522e-06  3.270e-04  3.519e-04
2 3 1 1 33 f   5507.059238315  5507.059238178  2.844e-06  4.000e-04  4.000e-04
2 2 1 0 60 e   5509.679097144  5509.679152837  3.999e-04  3.089e-04  7.269e-04
1 3 1 1 72 e   5511.385185479  5511.385243305  4.015e-04  3.533e-03  5.225e-03
0 2 2 2 44 e   5511.604435375  5511.604221222  1.603e-02  5.027e-03  3.206e-02
4 0 1 0 18 e   5513.095583710  5513.095580732  3.295e-05  4.000e-04  4.000e-04
0 6 1 0 39 e   5513.120575820  5513.120568392  1.013e-04  3.000e-04  3.000e-04
1 3 1 1 72 f   5513.264796632  5513.264847530  4.382e-04  3.516e-03  5.187e-03
1 1 2 1 17 e   5513.740252343  5513.740223330  3.565e-04  3.270e-04  3.795e-04
1 1 2 1 17 f   5513.817317707  5513.817317838  4.446e-07  4.000e-04  4.000e-04
0 2 2 0 44 e   5519.168479120  5519.168366440  7.509e-04  1.000e-01  1.000e-01
3 0 1 0 67 e   5519.504457820  5519.504512057  3.988e-04  2.177e-04  1.399e-03
2 3 1 1 34 e   5520.214072392  5520.214072165  2.830e-06  4.000e-04  4.000e-04
0 1 2 1 67 e   5520.645053532  5520.644544359  9.288e-04  7.984e-04  1.834e-03
4 0 1 0 19 e   5520.665279932  5520.665274921  1.821e-04  4.000e-04  4.000e-04
2 3 1 1 34 f   5520.783411659  5520.783411558  1.719e-06  4.000e-04  4.000e-04
1 1 2 1 18 e   5520.949444949  5520.949443203  6.522e-06  3.270e-04  3.519e-04
0 1 2 1 67 f   5521.634313804  5521.634367505  4.015e-04  1.174e-04  1.342e-03
1 4 1 2 52 f   5521.997575631  5521.997573260  3.859e-05  5.009e-03  7.078e-03
1 0 2 0 53 e   5525.816220963  5525.816225285  3.929e-05  3.065e-04  3.186e-04
1 1 2 1 19 e   5528.557652262  5528.557645655  6.391e-05  3.270e-04  3.519e-04
4 0 1 0 20 e   5528.633398763  5528.633398824  2.262e-07  4.000e-04  4.000e-04
0 6 1 0 40 e   5529.382435871  5529.382436020  8.266e-07  3.000e-04  3.000e-04
0 2 2 2 45 e   5529.678227653  5529.678219118  1.639e-04  5.009e-03  7.078e-03
0 0 2 0 84 e   5530.200240668  5530.200295489  3.989e-04  3.064e-04  2.157e-03
2 3 1 1 35 e   5534.308792746  5534.308790976  5.326e-06  4.000e-04  4.001e-04
2 3 1 1 35 f   5534.911389315  5534.911389178  2.844e-06  4.000e-04  4.000e-04
1 1 2 1 20 e   5536.567854229  5536.567850799  1.215e-05  3.270e-04  3.519e-04
4 0 1 0 21 e   5536.999780515  5536.999778515  1.520e-05  4.000e-04  4.000e-04
0 2 2 0 45 e   5537.198402772  5537.198390126  5.332e-05  3.003e-04  3.005e-04
1 3 1 1 73 f   5542.744029626  5542.744083225  3.987e-04  3.516e-03  5.203e-03
1 4 1 2 53 f   5543.435365597  5543.435352548  7.573e-05  5.009e-03  7.078e-03
1 1 2 1 21 e   5544.976489707  5544.976481200  7.430e-05  3.270e-04  3.519e-04
1 1 2 1 21 f   5545.091927843  5545.091928109  6.827e-07  4.000e-04  4.000e-04
4 0 1 0 22 e   5545.764364206  5545.764364266  2.268e-07  4.000e-04  4.000e-04
0 6 1 0 41 e   5546.051240436  5546.051240454  6.293e-07  3.000e-04  3.000e-04
3 0 1 0 68 e   5546.631198539  5546.631249943  3.991e-04  2.178e-04  1.454e-03
1 0 2 0 54 e   5547.416891333  5547.416894759  3.632e-05  1.000e-01  1.000e-01
0 1 2 1 68 e   5547.884014233  5547.884021917  4.574e-04  3.506e-03  5.104e-03
0 2 2 2 46 e   5548.168069703  5548.168020660  1.391e-03  5.009e-03  7.078e-03
0 2 2 2 46 f   5548.198261541  5548.198255868  1.780e-05  5.009e-03  7.078e-03
2 3 1 1 36 e   5548.805418737  5548.805417464  9.043e-06  4.000e-04  4.000e-04
0 1 2 1 68 f   5548.904472704  5548.904525959  3.991e-04  1.174e-04  1.399e-03
2 3 1 1 36 f   5549.442441921  5549.442446269  5.155e-05  4.000e-04  4.000e-04
1 1 2 1 22 e   5553.786593335  5553.786588546  1.597e-05  3.073e-04  3.145e-04
1 1 2 1 22 f   5553.912828991  5553.912829200  8.742e-07  4.000e-04  4.000e-04
4 0 1 0 23 e   5554.927233087  5554.927233146  2.269e-07  4.000e-04  4.000e-04
0 2 2 0 46 e   5555.688749423  5555.688740734  3.235e-05  3.004e-04  3.011e-04
2 2 1 0 62 e   5559.141037727  5559.141091994  3.999e-04  3.095e-04  1.080e-03
0 5 1 1 66 e   5562.076900006  5562.076712643  9.820e-04  6.041e-04  1.759e-03
1 1 2 1 23 e   5562.996284923  5562.996274725  4.817e-05  3.270e-04  3.519e-04
0 6 1 0 42 e   5563.125976810  5563.125976518  5.056e-06  3.002e-04  3.003e-04
1 1 2 1 23 f   5563.134429985  5563.134430130  1.088e-06  4.000e-04  4.000e-04
2 3 1 1 37 e   5563.704441495  5563.704440363  4.616e-06  4.000e-04  4.001e-04
0 0 2 0 85 e   5564.164668705  5564.164723631  3.989e-04  3.064e-04  2.193e-03
2 3 1 1 37 f   5564.376529092  5564.376520533  6.640e-05  4.000e-04  4.000e-04
4 0 1 0 24 e   5564.488015090  5564.488015148  2.276e-07  4.000e-04  4.000e-04
0 2 2 2 47 e   5567.062114465  5567.062104990  1.950e-05  5.009e-03  7.078e-03
1 0 2 0 55 e   5569.343020855  5569.343025405  3.959e-05  3.065e-04  3.233e-04
1 3 1 1 74 e   5570.619795259  5570.619852828  4.015e-04  3.518e-03  5.236e-03
1 4 1 0 54 e   5571.053826680  5571.053826325  3.525e-05  3.024e-04  3.118e-04
1 3 1 1 74 f   5572.624398090  5572.624449812  4.384e-04  3.516e-03  5.218e-03
4 0 1 0 25 e   5574.447101163  5574.447105491  5.957e-05  4.000e-04  4.000e-04
0 2 2 0 47 e   5574.608886981  5574.608881151  1.791e-05  1.000e-01  1.000e-01
0 1 2 1 69 e   5575.527019030  5575.526504319  9.303e-04  7.466e-04  1.835e-03
2 3 1 1 38 e   5579.005485403  5579.005487382  3.602e-05  4.000e-04  4.001e-04
2 3 1 1 38 f   5579.713618750  5579.713616807  6.428e-05  4.000e-04  4.001e-04
1 1 2 1 25 e   5582.617507289  5582.617519140  5.867e-05  3.073e-04  3.145e-04
4 0 1 0 26 e   5584.804463017  5584.804465559  5.980e-05  4.000e-04  4.000e-04
0 5 1 1 67 e   5589.208335283  5589.207985696  9.701e-04  6.763e-04  1.791e-03
1 0 2 0 56 e   5591.730096197  5591.730151335  4.005e-04  1.000e-01  1.000e-01
1 1 2 1 26 e   5593.028638586  5593.028637379  5.427e-06  3.270e-04  3.519e-04
1 1 2 1 26 f   5593.202704544  5593.202704581  1.652e-06  4.000e-04  4.000e-04
0 2 2 0 48 e   5593.873687511  5593.873682207  1.834e-05  3.006e-04  3.024e-04
2 3 1 1 39 e   5594.708791495  5594.708790363  4.616e-06  4.000e-04  4.001e-04
2 3 1 1 39 f   5595.453989938  5595.453984914  5.636e-05  4.000e-04  4.001e-04
4 0 1 0 27 e   5595.559556415  5595.559556900  4.110e-06  4.000e-04  4.000e-04
0 6 1 0 44 e   5598.495294116  5598.495299628  6.446e-05  3.002e-04  3.003e-04
0 0 2 0 86 e   5598.526107518  5598.526162527  3.988e-04  3.064e-04  2.229e-03
3 0 1 0 70 e   5602.076993693  5602.077049923  4.353e-04  2.090e-04  1.569e-03
1 3 1 1 75 f   5602.907282602  5602.907336467  3.986e-04  3.516e-03  5.263e-03
1 1 2 1 27 e   5603.838694696  5603.838700950  5.914e-04  3.073e-04  5.951e-04
1 1 2 1 27 f   5604.027037874  5604.027037977  1.449e-06  4.000e-04  4.000e-04
0 1 2 1 70 f   5604.643653065  5604.643716329  3.978e-04  5.636e-03  8.770e-03
3 2 1 0 4 e   5606.488648626  5606.488648665  2.163e-07  6.000e-04  6.000e-04
4 0 1 0 28 e   5606.712967724  5606.712965643  7.534e-05  4.000e-04  4.000e-04
3 2 1 0 5 e   5608.499927969  5608.499928012  2.193e-07  6.000e-04  6.000e-04
2 3 1 1 40 e   5610.813921059  5610.813915151  7.510e-05  4.000e-04  4.001e-04
3 2 1 0 6 e   5610.911936626  5610.911936665  2.163e-07  6.000e-04  6.000e-04
2 3 1 1 40 f   5611.597965081  5611.597959799  7.656e-04  4.000e-04  7.656e-04
0 2 2 0 49 e   5613.602377092  5613.602371301  1.792e-05  1.000e-01  1.000e-01
3 2 1 0 7 e   5613.726945871  5613.726955094  2.300e-04  6.000e-04  6.000e-04
1 1 2 1 28 e   5615.048738586  5615.048737379  5.427e-06  3.270e-04  3.519e-04
1 1 2 1 28 f   5615.251296389  5615.251296563  1.280e-06  4.000e-04  4.000e-04
1 4 1 0 56 e   5615.941998876  5615.942037290  2.571e-04  3.036e-04  4.115e-04
0 6 1 0 45 e   5616.789550374  5616.789548826  6.973e-06  3.003e-04  3.005e-04
3 2 1 0 8 e   5616.943569187  5616.943566193  4.030e-04  6.000e-04  6.000e-04
4 0 1 0 29 e   5618.264172265  5618.264174126  3.303e-05  4.000e-04  4.000e-04
3 2 1 0 9 e   5620.562233764  5620.562233809  2.188e-07  6.000e-04  6.000e-04
0 2 2 2 50 e   5626.144911244  5626.144902599  2.192e-05  5.009e-03  7.078e-03
1 1 2 1 29 e   5626.661630393  5626.661627816  1.244e-05  3.270e-04  3.519e-04
1 1 2 1 29 f   5626.876388464  5626.876388688  1.514e-06  4.000e-04  4.000e-04
2 3 1 1 41 e   5627.321116109  5627.321114685  6.042e-06  4.000e-04  4.001e-04
2 3 1 1 41 f   5628.143779723  5628.143778673  4.542e-06  4.000e-04  4.001e-04
3 2 1 0 11 e   5629.006675743  5629.006638182  3.562e-04  6.000e-04  6.000e-04
4 0 1 0 30 e   5630.213543386  5630.213543444  2.263e-07  4.000e-04  4.000e-04
3 0 1 0 71 e   5630.396222626  5630.396276225  3.987e-04  2.091e-04  1.610e-03
1 3 1 1 76 e   5631.458195259  5631.458252828  4.015e-04  3.518e-03  5.236e-03
0 1 2 1 71 e   5632.438326331  5632.438379853  3.988e-04  3.517e-03  5.189e-03
0 1 2 1 71 f   5633.110933065  5633.110996329  3.978e-04  3.505e-03  5.164e-03
1 4 1 2 57 f   5633.217715867  5633.217769305  1.178e-03  5.009e-03  8.687e-03
0 0 2 0 87 e   5633.284366081  5633.284421133  3.988e-04  3.064e-04  2.264e-03
0 2 2 0 50 e   5633.663273944  5633.663266449  3.434e-05  3.008e-04  3.042e-04
3 2 1 0 12 e   5633.831553274  5633.831546877  8.265e-05  6.000e-04  6.000e-04
0 3 2 1 2 e   5635.452709118  5635.452709243  9.028e-07  3.000e-04  3.000e-04
0 6 1 0 46 e   5635.492511422  5635.492507181  1.635e-05  3.004e-04  3.011e-04
0 3 2 1 3 e   5636.650425589  5636.650425652  9.716e-07  4.000e-04  4.000e-04
1 4 1 0 57 e   5638.991497387  5638.991536911  2.886e-04  3.036e-04  4.299e-04
3 2 1 0 13 e   5639.058079296  5639.058079650  4.225e-05  6.000e-04  6.000e-04
0 3 2 1 5 e   5640.270491684  5640.270491807  7.202e-07  3.000e-04  3.000e-04
4 0 1 0 31 e   5642.560753126  5642.560750314  3.190e-05  4.000e-04  4.000e-04
0 3 2 1 6 e   5642.688687445  5642.688687584  6.418e-07  4.000e-04  4.000e-04
2 3 1 1 42 e   5644.230796533  5644.230811036  1.078e-04  4.000e-04  4.001e-04
3 2 1 0 14 e   5644.687493829  5644.687493200  4.669e-05  6.000e-04  6.000e-04
2 3 1 1 42 f   5645.092443458  5645.092443510  3.638e-06  4.000e-04  4.001e-04
0 2 2 2 51 e   5646.645178498  5646.645085566  3.223e-03  5.009e-03  7.078e-03
0 3 2 1 8 e   5648.725979556  5648.726111273  2.936e-03  3.000e-04  2.936e-03
0 3 2 1 8 f   5648.757560857  5648.757560995  6.435e-07  4.000e-04  4.000e-04
3 2 1 0 15 e   5650.718361214  5650.718353416  2.109e-04  6.000e-04  6.000e-04
1 1 2 1 31 f   5651.328046881  5651.328047128  1.852e-06  4.000e-04  4.000e-04
0 3 2 1 9 e   5652.349027458  5652.349027599  6.425e-07  4.000e-04  4.000e-04
0 3 2 1 9 f   5652.388112680  5652.388112821  6.425e-07  4.000e-04  4.000e-04
0 2 2 0 51 e   5654.159704110  5654.159695870  2.013e-05  3.009e-04  3.053e-04
4 0 1 0 32 e   5655.306228850  5655.306230254  1.405e-04  4.000e-04  4.000e-04
0 3 2 1 10 e   5656.374360156  5656.374347577  1.729e-04  3.000e-04  3.000e-04
0 3 2 1 10 f   5656.421500369  5656.421500529  7.507e-07  4.000e-04  4.000e-04
1 4 1 2 58 f   5656.671644951  5656.671698390  1.178e-03  5.009e-03  7.104e-03
3 2 1 0 16 e   5657.150789869  5657.150788273  1.066e-04  6.000e-04  6.000e-04
3 0 1 0 72 e   5659.112729933  5659.112783730  3.986e-04  2.092e-04  1.658e-03
0 3 2 1 11 e   5660.802309733  5660.802249615  2.609e-04  3.000e-04  3.000e-04
0 3 2 1 11 f   5660.858569384  5660.858579271  1.652e-04  3.000e-04  3.000e-04
2 3 1 1 43 e   5661.541967510  5661.541963743  7.166e-05  4.001e-04  4.002e-04
1 4 1 0 58 e   5662.445644430  5662.445698116  3.998e-04  3.049e-04  7.267e-04
2 2 1 0 66 e   5662.873509129  5662.873564706  3.998e-04  3.121e-04  1.219e-03
1 1 2 1 32 e   5663.891801855  5663.891801017  3.919e-06  3.270e-04  3.519e-04
3 2 1 0 17 e   5663.985512560  5663.985512619  2.267e-07  6.000e-04  6.000e-04
1 1 2 1 32 f   5664.154528212  5664.154528260  1.342e-06  4.000e-04  4.000e-04
0 3 2 1 12 e   5665.632112898  5665.632118595  2.736e-04  4.000e-04  4.000e-04
0 3 2 1 12 f   5665.698965310  5665.698966379  2.738e-05  4.000e-04  4.000e-04
0 2 2 2 52 e   5667.530711244  5667.530702599  2.192e-05  5.009e-03  7.078e-03
0 2 2 2 52 f   5667.584675741  5667.584673482  3.871e-05  5.009e-03  7.078e-03
4 0 1 0 33 e   5668.449547312  5668.449547370  2.263e-07  4.000e-04  4.000e-04
0 3 2 1 13 e   5670.864911809  5670.864915779  7.103e-05  3.000e-04  3.000e-04
3 2 1 0 18 e   5671.222004210  5671.222030292  2.832e-04  6.000e-04  6.000e-04
0 2 2 0 52 e   5675.057138213  5675.057133832  3.754e-05  3.024e-04  3.118e-04
0 3 2 1 14 e   5676.499724357  5676.499719988  1.303e-04  3.000e-04  3.000e-04
0 3 2 1 14 f   5676.589919683  5676.589919811  6.880e-07  3.000e-04  3.000e-04
1 1 2 1 33 f   5677.381476064  5677.381476162  2.282e-06  4.000e-04  4.000e-04
3 2 1 0 19 e   5678.860266432  5678.860273645  1.086e-04  6.000e-04  6.000e-04
2 3 1 1 44 e   5679.255576176  5679.255570063  1.848e-05  4.003e-04  4.009e-04
2 3 1 1 44 f   5680.199151479  5680.199152681  6.662e-05  4.002e-04  4.003e-04
1 4 1 2 59 f   5680.528915867  5680.528969305  1.178e-03  5.009e-03  8.687e-03
4 0 1 0 34 e   5681.990172662  5681.990187469  1.143e-04  4.000e-04  4.000e-04
0 3 2 1 15 e   5682.537394768  5682.537399716  3.575e-05  3.000e-04  3.000e-04
0 3 2 1 15 f   5682.640345818  5682.640345901  4.813e-07  4.000e-04  4.000e-04
3 2 1 0 20 e   5686.900386763  5686.900386824  2.262e-07  6.000e-04  6.000e-04
0 2 2 2 53 e   5688.831593183  5688.831505105  3.226e-03  5.009e-03  7.078e-03
0 3 2 1 16 e   5688.977232784  5688.977219887  1.348e-04  4.000e-04  4.000e-04
0 3 2 1 16 f   5689.094191363  5689.094195683  1.763e-04  3.000e-04  3.000e-04
0 1 2 1 73 e   5690.510417213  5690.510442118  4.050e-04  3.518e-03  5.221e-03
1 1 2 1 34 e   5690.713229452  5690.713232595  1.979e-04  3.270e-04  3.519e-04
1 1 2 1 34 f   5691.008904659  5691.008904558  1.719e-06  4.000e-04  4.000e-04
0 1 2 1 73 f   5691.244209626  5691.244263225  3.987e-04  3.505e-03  5.195e-03
3 2 1 0 21 e   5695.342185015  5695.342187471  2.107e-05  6.000e-04  6.000e-04
4 0 1 0 35 e   5695.928805409  5695.928811176  1.412e-04  4.000e-04  4.000e-04
0 3 2 1 17 f   5695.950890769  5695.950890946  4.896e-07  4.000e-04  4.000e-04
2 3 1 1 45 f   5698.356505934  5698.356503051  1.871e-05  4.002e-04  4.007e-04
0 5 1 1 71 e   5701.766674876  5701.766109801  9.629e-04  8.587e-04  1.952e-03
0 3 2 1 18 e   5703.064528026  5703.064528267  2.422e-06  3.000e-04  3.000e-04
0 3 2 1 18 f   5703.211289478  5703.211273115  1.985e-04  3.000e-04  3.000e-04
3 2 1 0 22 e   5704.185923148  5704.185923910  1.628e-04  6.000e-04  6.000e-04
1 1 2 1 35 f   5705.036268315  5705.036268178  2.844e-06  4.000e-04  4.000e-04
4 0 1 0 36 e   5710.265354910  5710.265367748  1.179e-04  4.000e-04  4.000e-04
0 2 2 2 54 e   5710.533971608  5710.533970040  6.016e-05  5.009e-03  7.078e-03
0 3 2 1 19 f   5710.874380769  5710.874380946  4.896e-07  4.000e-04  4.000e-04
3 2 1 0 23 e   5713.431175942  5713.431175442  9.787e-06  6.000e-04  6.000e-04
2 3 1 1 46 e   5715.887013130  5715.887007044  1.875e-05  4.005e-04  4.020e-04
2 3 1 1 46 f   5716.917199711  5716.917193992  1.849e-05  4.003e-04  4.013e-04
0 2 2 0 54 e   5718.055015447  5718.055017822  4.007e-05  3.036e-04  3.192e-04
0 3 2 1 20 f   5718.941215277  5718.941229693  1.449e-04  4.000e-04  4.000e-04
1 1 2 1 36 e   5719.133497098  5719.133495358  5.073e-06  3.270e-04  3.519e-04
1 1 2 1 36 f   5719.464401048  5719.464400750  2.195e-06  4.000e-04  4.000e-04
0 1 2 1 74 e   5720.144095447  5720.144153238  4.015e-04  3.518e-03  5.215e-03
0 1 2 1 74 f   5720.909148090  5720.909199812  4.384e-04  3.505e-03  5.210e-03
3 2 1 0 24 e   5723.077772464  5723.077778230  5.647e-05  6.000e-04  6.000e-04
4 0 1 0 37 e   5724.999842557  5724.999842616  2.262e-07  4.000e-04  4.000e-04
0 3 2 1 21 e   5727.212329930  5727.212328021  5.107e-05  3.000e-04  3.000e-04
0 3 2 1 21 f   5727.410853914  5727.410859001  4.589e-05  4.000e-04  4.000e-04
0 5 1 1 72 e   5731.350485490  5731.350543333  4.015e-04  3.558e-03  7.243e-03
3 2 1 0 25 e   5733.125863087  5733.125863146  2.269e-07  6.000e-04  6.000e-04
1 1 2 1 37 e   5733.943418768  5733.943415515  1.241e-05  3.270e-04  3.519e-04
1 0 2 0 62 e   5734.220763096  5734.220817100  3.982e-04  3.095e-04  9.199e-04
1 1 2 1 37 f   5734.292084029  5734.292083257  3.569e-06  4.000e-04  4.000e-04
2 3 1 1 47 e   5734.805962000  5734.805957513  5.691e-05  4.004e-04  4.014e-04
1 4 1 0 61 e   5735.230846173  5735.230899860  3.998e-04  3.049e-04  8.294e-04
2 3 1 1 47 f   5735.879938625  5735.879941045  1.432e-04  4.004e-04  4.017e-04
0 0 2 0 90 e   5739.940138520  5739.940194408  3.990e-04  3.065e-04  2.367e-03
4 0 1 0 38 e   5740.131587079  5740.131582259  1.977e-04  4.000e-04  4.000e-04
0 2 2 0 55 e   5740.155497387  5740.155536911  2.886e-04  3.036e-04  4.299e-04
0 3 2 1 23 f   5745.559876654  5745.559876841  1.092e-06  3.000e-04  3.000e-04
3 0 1 0 75 e   5747.646799602  5747.646853467  3.986e-04  2.092e-04  1.795e-03
1 1 2 1 38 e   5749.152615325  5749.152614085  1.217e-05  3.270e-04  3.519e-04
1 1 2 1 38 f   5749.520368794  5749.520368212  2.683e-06  4.000e-04  4.001e-04
0 1 2 1 75 e   5750.176269087  5750.176295448  4.043e-04  3.507e-03  5.213e-03
0 1 2 1 75 f   5750.973331571  5750.973385382  3.986e-04  3.505e-03  5.225e-03
2 3 1 1 48 e   5754.126168130  5754.126162044  1.875e-05  4.005e-04  4.020e-04
0 3 2 1 24 e   5754.981347493  5754.981353259  1.254e-04  3.000e-04  3.000e-04
0 2 2 2 56 e   5755.132071416  5755.132069814  6.010e-05  5.009e-03  7.078e-03
0 3 2 1 24 f   5755.239421435  5755.239412310  7.898e-05  4.000e-04  4.000e-04
1 0 2 0 63 e   5759.365667131  5759.365706987  4.116e-04  3.095e-04  1.008e-03
1 4 1 0 62 e   5760.300607239  5760.300660929  3.998e-04  3.049e-04  9.205e-04
0 3 2 1 25 e   5765.041791049  5765.041790969  1.855e-06  3.000e-04  3.000e-04
0 3 2 1 25 f   5765.321264214  5765.321264259  1.452e-06  4.000e-04  4.000e-04
4 0 1 0 40 e   5771.588082350  5771.588082409  2.262e-07  4.000e-04  4.000e-04
2 3 1 1 49 e   5773.848428244  5773.848419599  2.192e-05  4.007e-04  4.042e-04
1 2 1 0 95 e   5774.951954554  5774.952011587  4.008e-04  5.086e-04  2.489e-03
2 3 1 1 49 f   5775.013302374  5775.013293476  3.034e-05  4.005e-04  4.031e-04
0 3 2 1 26 f   5775.806681544  5775.806681581  1.652e-06  4.000e-04  4.000e-04
0 2 2 2 57 e   5778.032443269  5778.032327992  1.141e-03  5.027e-03  7.241e-03
0 1 2 1 76 e   5780.607050602  5780.607104467  3.986e-04  3.519e-03  5.267e-03
1 1 2 1 40 e   5780.771072716  5780.771072440  5.575e-06  3.270e-04  3.520e-04
1 1 2 1 40 f   5781.177083705  5781.177083023  2.668e-06  4.000e-04  4.001e-04
0 1 2 1 76 f   5781.436199249  5781.436261955  4.045e-04  3.505e-03  5.240e-03
1 0 2 0 64 e   5784.907637727  5784.907691994  3.999e-04  3.095e-04  1.080e-03
0 2 2 0 57 e   5785.558756332  5785.558810015  3.998e-04  3.049e-04  7.012e-04
0 3 2 1 27 e   5786.370139828  5786.370139637  1.699e-06  3.000e-04  3.001e-04
0 3 2 1 27 f   5786.695069669  5786.695067901  2.866e-04  4.000e-04  4.000e-04
4 0 1 0 41 e   5787.912656602  5787.912656661  2.262e-07  4.000e-04  4.000e-04
0 5 1 1 74 e   5790.857185468  5790.857243280  4.015e-04  3.533e-03  5.225e-03
2 4 1 0 2 e   5793.206702273  5793.206774893  3.552e-04  4.023e-04  4.023e-04
2 3 1 1 50 e   5793.971977293  5793.971973274  2.882e-05  4.006e-04  4.033e-04
2 4 1 0 3 e   5794.417081506  5794.417041325  1.507e-04  4.023e-04  4.023e-04
1 1 2 1 41 e   5797.179980771  5797.179979669  1.434e-05  3.270e-04  3.520e-04
0 3 2 1 28 f   5797.986459678  5797.986459883  1.193e-06  4.000e-04  4.000e-04
2 4 1 0 5 e   5798.047430700  5798.047440021  8.364e-05  6.000e-04  6.000e-04
2 4 1 0 6 e   5800.468024219  5800.468003580  1.375e-04  6.000e-04  6.000e-04
0 2 2 2 58 e   5801.332638696  5801.332523419  1.141e-03  5.027e-03  8.773e-03
2 2 1 0 71 e   5801.552088657  5801.552142843  3.992e-04  3.126e-04  1.610e-03
2 0 2 0 0 e   5801.906436308  5801.906436308  1.298e-09  6.000e-04  6.000e-04
2 0 2 0 1 e   5802.305939099  5802.305912299  1.317e-04  4.023e-04  4.023e-04
2 0 2 0 2 e   5803.104509530  5803.104501590  1.318e-04  4.023e-04  4.047e-04
2 4 1 0 7 e   5803.291594069  5803.291613417  1.511e-04  4.023e-04  4.023e-04
2 0 2 0 3 e   5804.301463959  5804.301449897  9.794e-05  4.023e-04  4.023e-04
4 0 1 0 42 e   5804.634574824  5804.634574882  2.265e-07  4.000e-04  4.000e-04
2 0 2 0 4 e   5805.897736614  5805.897726816  1.338e-04  4.023e-04  4.023e-04
2 4 1 0 8 e   5806.519276813  5806.519276857  2.196e-07  6.000e-04  6.000e-04
2 0 2 0 5 e   5807.893114962  5807.893110974  6.299e-05  4.023e-04  4.023e-04
3 0 1 0 77 e   5808.656712174  5808.656766077  3.986e-04  2.092e-04  1.882e-03
0 3 2 1 29 f   5809.680792173  5809.680792334  5.174e-05  4.000e-04  4.000e-04
2 4 1 0 9 e   5810.149296609  5810.149271352  1.314e-04  4.023e-04  4.023e-04
2 0 2 0 6 e   5810.287784160  5810.287767639  8.681e-05  4.023e-04  4.023e-04
0 1 2 1 77 f   5812.297532602  5812.297586467  3.986e-04  3.505e-03  5.256e-03
2 0 2 0 7 e   5813.081413836  5813.081417976  2.483e-05  3.244e-04  3.244e-04
1 1 2 1 42 e   5813.987542641  5813.987541072  9.319e-06  3.271e-04  3.521e-04
2 4 1 0 10 e   5814.182889560  5814.182889605  2.192e-07  6.000e-04  6.000e-04
2 3 1 1 51 e   5814.497164244  5814.497155599  2.192e-05  4.007e-04  4.042e-04
2 3 1 1 51 f   5815.757107222  5815.757104611  3.826e-05  4.017e-04  4.089e-04
2 0 2 0 8 e   5816.274185035  5816.274190400  1.295e-04  3.231e-04  3.231e-04
2 4 1 0 11 e   5818.620056743  5818.620060347  6.147e-05  6.000e-04  6.000e-04
2 0 2 0 9 e   5819.866349213  5819.866341592  2.171e-04  3.219e-04  3.219e-04
0 5 1 1 75 e   5821.216317213  5821.216342118  4.050e-04  3.518e-03  5.221e-03
2 4 1 0 12 e   5823.460390578  5823.460390636  2.255e-07  6.000e-04  6.000e-04
2 0 2 0 10 e   5823.857516265  5823.857529116  1.930e-04  6.000e-04  6.000e-04
0 2 2 2 59 f   5825.108688659  5825.108742098  1.178e-03  5.009e-03  8.687e-03
2 0 2 0 11 e   5828.247515148  5828.247511243  6.386e-05  4.023e-04  4.023e-04
2 4 1 0 13 e   5828.705296796  5828.705316535  8.105e-04  6.000e-04  8.105e-04
1 1 2 1 43 e   5831.194891589  5831.194887858  2.475e-05  3.270e-04  3.520e-04
1 1 2 1 43 f   5831.662600327  5831.662600942  7.049e-06  4.001e-04  4.002e-04
0 2 2 0 59 e   5832.564846173  5832.564899860  3.998e-04  3.049e-04  8.294e-04
2 0 2 0 12 e   5833.036651633  5833.036650685  2.106e-05  4.023e-04  4.023e-04
0 3 2 1 31 e   5833.852223757  5833.852223538  2.118e-06  3.000e-04  3.001e-04
2 4 1 0 14 e   5834.351098189  5834.351097704  6.804e-05  4.023e-04  4.023e-04
2 3 1 1 52 e   5835.423819120  5835.423817044  3.976e-05  4.018e-04  4.070e-04
2 0 2 0 13 e   5838.225326229  5838.225319975  9.618e-05  4.023e-04  4.023e-04
4 0 1 0 44 e   5839.271647417  5839.271645784  1.363e-05  4.006e-04  4.015e-04
2 4 1 0 15 e   5840.400829714  5840.400829979  1.354e-04  6.000e-04  6.000e-04
2 0 2 0 14 e   5843.812953037  5843.812948137  8.497e-05  4.023e-04  4.023e-04
2 4 1 0 16 e   5846.854284864  5846.854271314  2.135e-04  4.023e-04  4.023e-04
1 1 2 1 44 e   5848.801942641  5848.801941072  9.319e-06  3.271e-04  3.521e-04
0 2 2 2 60 e   5849.133802713  5849.133687436  1.141e-03  5.027e-03  8.773e-03
0 2 2 2 60 f   5849.214682359  5849.214735798  1.178e-03  5.009e-03  8.705e-03
2 0 2 0 15 e   5849.799461214  5849.799460624  2.482e-05  6.000e-04  6.000e-04
0 5 1 1 76 e   5851.978995259  5851.979052828  4.015e-04  3.518e-03  5.236e-03
2 4 1 0 17 e   5853.710560059  5853.710590547  1.869e-04  4.020e-04  4.020e-04
2 0 2 0 16 e   5856.186591987  5856.186500824  7.361e-04  3.152e-04  7.361e-04
2 3 1 1 53 e   5856.752347892  5856.752351351  4.307e-05  4.028e-04  4.136e-04
4 0 1 0 45 e   5857.185693654  5857.185692025  1.367e-05  4.006e-04  4.014e-04
0 3 2 1 33 f   5860.487039064  5860.487039162  2.282e-06  4.000e-04  4.000e-04
2 4 1 0 18 e   5860.970077316  5860.970145634  3.532e-04  4.020e-04  4.020e-04
2 0 2 0 17 e   5862.970371630  5862.970371692  2.260e-07  6.000e-04  6.000e-04
1 0 2 0 67 e   5863.918472697  5863.918527302  3.999e-04  3.121e-04  1.283e-03
1 1 2 1 45 e   5866.808356029  5866.808353510  3.073e-05  3.273e-04  3.533e-04
2 4 1 0 19 e   5868.632621652  5868.632627576  4.330e-05  4.020e-04  4.020e-04
2 0 2 0 18 e   5870.155293009  5870.155285534  1.804e-04  4.020e-04  4.020e-04
3 0 1 0 79 e   5871.257532778  5871.257586736  3.996e-04  3.063e-04  1.965e-03
0 3 2 1 34 e   5873.685173686  5873.685171962  5.077e-06  3.000e-04  3.001e-04
0 2 2 2 61 f   5873.720960203  5873.721013641  1.178e-03  5.009e-03  7.126e-03
0 3 2 1 34 f   5874.195459048  5874.195458750  2.195e-06  4.000e-04  4.000e-04
4 0 1 0 46 e   5875.497203093  5875.497197237  1.794e-05  4.008e-04  4.025e-04
2 4 1 0 20 e   5876.698410763  5876.698410824  2.262e-07  6.000e-04  6.000e-04
2 0 2 0 19 e   5877.738716652  5877.738713067  1.719e-04  4.020e-04  4.020e-04
2 3 1 1 54 e   5878.481787291  5878.481826773  2.885e-04  4.028e-04  5.030e-04
0 2 2 0 61 e   5881.173273401  5881.173327093  3.998e-04  3.049e-04  1.004e-03
2 4 1 0 21 e   5885.167122245  5885.167084934  1.559e-04  4.020e-04  4.020e-04
1 1 2 1 46 e   5885.213532815  5885.213530834  3.038e-05  3.274e-04  3.538e-04
2 0 2 0 20 e   5885.721551474  5885.721549583  1.062e-04  4.020e-04  4.020e-04
2 0 2 0 21 e   5894.103482015  5894.103481983  6.276e-06  6.000e-04  6.000e-04
4 0 1 0 47 e   5894.206493664  5894.206486312  1.105e-04  4.008e-04  4.021e-04
0 2 2 2 62 e   5898.535490058  5898.535374782  1.141e-03  5.027e-03  7.229e-03
0 2 2 2 62 f   5898.627882359  5898.627935798  1.178e-03  5.009e-03  8.705e-03
2 3 1 1 55 e   5900.613105940  5900.613109498  4.146e-05  4.030e-04  4.172e-04
2 0 2 0 22 e   5902.884918469  5902.884910364  5.089e-05  3.123e-04  3.123e-04
2 4 1 0 23 e   5903.313148087  5903.313148146  2.269e-07  6.000e-04  6.000e-04
1 1 2 1 47 e   5904.018424708  5904.018419971  2.277e-05  3.275e-04  3.546e-04
0 2 2 0 62 e   5906.078098246  5906.078158494  4.172e-04  3.049e-04  9.282e-04
2 0 2 0 23 e   5912.065026942  5912.065023725  6.977e-05  6.000e-04  6.000e-04
2 4 1 0 24 e   5912.989957403  5912.989958146  4.772e-06  4.020e-04  4.040e-04
4 0 1 0 48 e   5913.312585024  5913.312579227  1.793e-05  4.008e-04  4.035e-04
0 3 2 1 37 e   5917.134926403  5917.134925515  3.115e-06  3.000e-04  3.001e-04
0 3 2 1 37 f   5917.737468029  5917.737467257  3.569e-06  4.000e-04  4.000e-04
1 0 2 0 69 e   5918.578377820  5918.578432057  3.988e-04  3.121e-04  1.399e-03
2 0 2 0 24 e   5921.645662011  5921.645629342  1.333e-04  3.114e-04  3.114e-04
2 4 1 0 25 e   5923.070342301  5923.070342382  2.346e-06  4.020e-04  4.040e-04
1 1 2 1 48 e   5923.222811586  5923.222804554  5.455e-05  3.274e-04  3.538e-04
0 2 2 2 63 f   5923.935861462  5923.935915214  3.997e-04  5.009e-03  7.146e-03
2 3 1 1 56 f   5924.654848039  5924.654886547  2.571e-04  4.027e-04  5.527e-04
0 0 2 0 95 e   5925.629050820  5925.629108034  4.010e-04  1.204e-03  3.017e-03
2 0 2 0 25 e   5931.626649217  5931.626531436  6.148e-04  3.114e-04  6.148e-04
0 3 2 1 38 e   5932.422016302  5932.422015019  5.341e-06  3.000e-04  3.001e-04
4 0 1 0 49 e   5932.816003536  5932.815999279  4.401e-05  4.008e-04  4.030e-04
0 3 2 1 38 f   5933.056986250  5933.056985435  1.556e-05  4.000e-04  4.001e-04
3 0 1 0 81 e   5935.451365887  5935.451420229  3.987e-04  3.063e-04  2.043e-03
2 0 2 0 26 e   5942.005910354  5942.005909798  8.801e-06  3.105e-04  3.207e-04
1 1 2 1 49 e   5942.825624708  5942.825619971  2.277e-05  3.275e-04  3.546e-04
1 0 2 0 70 e   5946.504102055  5946.504156395  3.989e-04  3.125e-04  1.560e-03
0 3 2 1 39 f   5948.779222723  5948.779221673  4.542e-06  4.000e-04  4.001e-04
0 2 2 2 64 e   5949.537390058  5949.537274782  1.141e-03  5.027e-03  7.229e-03
0 2 2 2 64 f   5949.642974218  5949.643027982  3.993e-04  5.009e-03  7.171e-03
4 0 1 0 50 e   5952.715731024  5952.715725227  1.793e-05  4.008e-04  4.035e-04
1 2 2 2 3 e   5954.675175195  5954.675268990  1.029e-03  5.142e-03  1.350e-02
1 2 2 0 1 e   5959.730447857  5959.730447857  3.716e-08  6.000e-04  6.000e-04
1 2 2 0 2 e   5960.533549963  5960.533531765  1.587e-04  6.000e-04  6.000e-04
1 2 2 2 6 e   5960.700155058  5960.700248586  1.029e-03  5.142e-03  1.017e-02
1 2 2 0 3 e   5961.737983387  5961.737979648  1.171e-05  6.000e-04  6.000e-04
1 1 2 1 50 e   5962.828275333  5962.828266862  2.190e-05  3.278e-04  3.574e-04
1 2 2 0 4 e   5963.344130923  5963.344083126  3.130e-04  4.000e-04  4.000e-04
1 2 2 2 7 e   5963.511499825  5963.511636112  2.259e-04  5.016e-03  7.082e-03
0 3 2 1 40 e   5964.200788103  5964.200786669  6.038e-06  3.000e-04  3.002e-04
0 3 2 1 40 f   5964.903690458  5964.903690510  3.638e-06  4.000e-04  4.001e-04
1 2 2 0 5 e   5965.351482101  5965.351465453  1.636e-04  4.000e-04  4.000e-04
1 2 2 2 8 e   5966.724269102  5966.724405401  2.259e-04  5.016e-03  7.082e-03
1 2 2 2 8 f   5966.724429140  5966.724565439  2.259e-04  5.016e-03  7.082e-03
1 2 2 0 6 e   5967.759536975  5967.759538339  6.862e-05  6.000e-04  6.000e-04
1 2 2 2 9 f   5970.339046025  5970.339182312  2.259e-04  5.016e-03  7.082e-03
1 2 2 0 7 e   5970.569837474  5970.569837004  1.057e-04  6.000e-04  6.000e-04
4 0 1 0 51 e   5973.014454092  5973.014448301  1.792e-05  4.008e-04  4.041e-04
1 2 2 0 8 e   5973.781671745  5973.781666981  6.112e-05  6.000e-04  6.000e-04
1 2 2 2 10 e   5974.354709102  5974.354845401  2.259e-04  5.016e-03  7.082e-03
1 2 2 2 10 f   5974.354864140  5974.355000439  2.259e-04  5.016e-03  7.082e-03
0 2 2 2 65 e   5975.638823623  5975.638668089  1.057e-03  5.027e-03  7.240e-03
0 2 2 2 65 f   5975.750461462  5975.750515214  3.997e-04  5.009e-03  7.146e-03
1 2 2 0 9 e   5977.394615728  5977.394612967  1.648e-05  6.000e-04  6.000e-04
1 2 2 2 11 e   5978.772291715  5978.772428079  2.262e-04  5.016e-03  7.082e-03
1 2 2 0 10 e   5981.409684015  5981.409665203  1.876e-04  4.000e-04  4.000e-04
0 3 2 1 41 f   5981.431273327  5981.431273942  7.049e-06  4.001e-04  4.002e-04
0 2 2 0 65 e   5983.195980667  5983.196036195  4.011e-04  3.062e-04  1.284e-03
1 1 2 1 51 e   5983.229404459  5983.229396763  1.914e-05  3.277e-04  3.563e-04
1 2 2 2 12 e   5983.591314667  5983.591451032  2.262e-04  5.016e-03  7.082e-03
1 2 2 0 11 e   5985.825019812  5985.825019097  1.740e-05  6.000e-04  6.000e-04
1 2 2 2 13 e   5988.811684715  5988.811821079  2.262e-04  5.016e-03  7.082e-03
1 2 2 2 13 f   5988.812167978  5988.812304341  2.262e-04  5.016e-03  7.082e-03
1 2 2 0 12 e   5990.642465502  5990.642467357  6.250e-05  6.000e-04  6.000e-04
2 3 1 1 59 e   5993.148737019  5993.148581484  1.057e-03  5.851e-04  1.613e-03
1 2 2 2 14 e   5994.434127667  5994.434264032  2.262e-04  5.016e-03  7.082e-03
1 2 2 2 14 f   5994.434399289  5994.434535654  2.262e-04  5.016e-03  7.082e-03
1 2 2 0 13 e   5995.861201927  5995.861189707  1.131e-04  4.000e-04  4.000e-04
0 3 2 1 42 f   5998.360856458  5998.360856510  3.638e-06  4.000e-04  4.001e-04
1 2 2 2 15 e   6000.457490116  6000.457607950  2.362e-04  5.016e-03  7.082e-03
1 2 2 2 15 f   6000.458363906  6000.458472655  2.609e-04  5.016e-03  7.082e-03
1 2 2 0 14 e   6001.481619318  6001.481575052  4.178e-04  4.000e-04  4.178e-04
1 2 2 2 16 e   6006.882718838  6006.882830481  2.989e-04  5.016e-03  7.082e-03
1 2 2 2 16 f   6006.883409917  6006.883521561  2.989e-04  5.016e-03  7.082e-03
1 2 2 0 15 e   6007.502952711  6007.502954568  1.298e-04  4.000e-04  4.000e-04
0 2 2 0 66 e   6009.702289704  6009.702342959  3.991e-04  3.062e-04  1.340e-03
1 2 2 2 17 e   6013.709400483  6013.709507382  2.751e-04  5.016e-03  7.082e-03
1 2 2 2 17 f   6013.710100281  6013.710208308  3.012e-04  5.016e-03  7.082e-03
1 2 2 0 16 e   6013.926035806  6013.926009650  1.272e-04  4.000e-04  4.000e-04
0 3 2 1 43 f   6015.692893327  6015.692893942  7.049e-06  4.001e-04  4.002e-04
2 3 1 1 60 f   6019.016899968  6019.016953723  3.997e-04  4.037e-04  9.191e-04
1 2 2 0 17 e   6020.749683612  6020.749685195  1.099e-04  4.000e-04  4.000e-04
1 2 2 2 18 e   6020.937298812  6020.937408945  2.987e-04  5.016e-03  7.082e-03
2 0 2 0 33 e   6025.849181038  6025.849203675  2.337e-04  3.114e-04  3.224e-04
1 2 2 0 18 e   6027.975281421  6027.975271721  1.062e-04  4.000e-04  4.000e-04
1 2 2 2 19 e   6028.566703114  6028.566780758  3.200e-04  5.016e-03  7.082e-03
1 2 2 2 19 f   6028.567735281  6028.567843308  3.012e-04  5.016e-03  7.082e-03
1 6 1 0 9 e   6030.310785764  6030.310785809  2.188e-07  6.000e-04  6.000e-04
0 3 2 1 44 f   6033.427505479  6033.427496027  4.765e-05  4.002e-04  4.003e-04
1 2 2 0 19 e   6035.601728101  6035.601685197  1.562e-04  4.000e-04  4.000e-04
1 2 2 2 20 f   6036.599232585  6036.599340557  3.012e-04  5.016e-03  7.082e-03
1 2 2 0 20 e   6043.629796572  6043.629767738  2.531e-04  4.000e-04  4.000e-04
1 6 1 0 13 e   6048.967344723  6048.967344770  2.184e-07  6.000e-04  6.000e-04
0 3 2 1 45 e   6050.677119880  6050.677126469  6.383e-05  8.545e-04  1.171e-03
1 2 2 0 21 e   6052.058737539  6052.058737097  5.102e-05  6.000e-04  6.000e-04
1 2 2 2 22 e   6053.862341899  6053.862471758  5.377e-04  5.016e-03  7.082e-03
1 6 1 0 15 e   6060.729001560  6060.729001619  2.267e-07  6.000e-04  6.000e-04
1 2 2 0 22 e   6060.889673776  6060.889636634  2.126e-04  4.000e-04  4.000e-04
1 2 2 2 23 e   6063.096910651  6063.097058397  4.248e-04  5.016e-03  7.082e-03
1 2 2 2 23 f   6063.099874924  6063.099722934  6.341e-04  5.016e-03  7.082e-03
3 0 1 0 85 e   6068.636901639  6068.636956254  3.988e-04  3.064e-04  2.120e-03
1 1 2 1 55 e   6068.824072841  6068.824083938  5.652e-05  3.459e-04  3.982e-04
0 3 2 1 46 f   6070.103600647  6070.103594629  1.865e-05  4.005e-04  4.023e-04
1 2 2 0 23 e   6070.121039824  6070.121029631  5.812e-05  4.000e-04  4.000e-04
1 2 2 2 24 e   6072.733454971  6072.733541917  5.451e-04  5.016e-03  7.082e-03
1 2 2 2 24 f   6072.735804767  6072.735482766  2.753e-03  5.016e-03  7.082e-03
1 2 2 0 24 e   6079.753850893  6079.753850832  2.207e-06  6.000e-04  6.000e-04
0 0 2 0 99 e   6081.316587540  6081.316644826  4.010e-04  5.784e-03  1.125e-02
1 2 2 2 25 e   6082.770023770  6082.770203550  4.324e-04  5.016e-03  7.082e-03
1 2 2 2 25 f   6082.773756551  6082.773816457  4.608e-04  5.016e-03  7.082e-03
1 6 1 0 19 e   6089.119423234  6089.119423295  2.261e-07  6.000e-04  6.000e-04
1 2 2 0 25 e   6089.788023729  6089.787989481  2.441e-04  4.000e-04  4.000e-04
1 0 2 0 75 e   6092.085485288  6092.085540878  3.985e-04  3.134e-04  1.795e-03
1 2 2 2 26 e   6093.204734245  6093.204975954  3.906e-03  5.016e-03  7.082e-03
1 2 2 2 26 f   6093.213068049  6093.212837570  6.683e-04  5.016e-03  7.082e-03
1 2 2 0 26 e   6100.223020104  6100.223025859  6.628e-05  4.000e-04  4.000e-04
1 2 2 2 27 e   6104.047811860  6104.047873888  4.230e-04  5.016e-03  7.082e-03
1 2 2 2 27 f   6104.052132863  6104.052182492  5.093e-04  5.016e-03  7.082e-03
1 6 1 0 21 e   6105.748165797  6105.748165856  2.275e-07  6.000e-04  6.000e-04
0 3 2 1 48 e   6107.380240891  6107.380203531  1.061e-04  8.547e-04  1.172e-03
0 3 2 1 48 f   6108.388322647  6108.388316629  1.865e-05  4.005e-04  4.023e-04
1 2 2 0 27 e   6111.059364195  6111.059348461  1.582e-04  4.000e-04  4.000e-04
1 1 2 1 57 e   6114.014807020  6114.014837867  1.334e-04  3.459e-04  3.982e-04
1 2 2 2 28 e   6115.288543500  6115.289278269  2.099e-03  5.016e-03  7.082e-03
1 2 2 2 28 f   6115.294005049  6115.293774570  6.683e-04  5.016e-03  7.082e-03
0 0 3 0 0 e   6117.576413789  6117.576422862  7.463e-05  6.000e-04  6.000e-04
0 0 3 0 1 e   6117.974903867  6117.974912940  7.463e-05  6.000e-04  6.000e-04
0 0 3 0 2 e   6118.771874531  6118.771862059  1.369e-04  4.023e-04  4.023e-04
0 0 3 0 3 e   6119.967382295  6119.967380059  3.383e-05  6.000e-04  6.000e-04
0 0 3 0 4 e   6121.561241016  6121.561246233  6.143e-05  6.000e-04  6.000e-04
1 2 2 0 28 e   6122.297006475  6122.297015552  7.534e-05  4.000e-04  4.000e-04
0 0 3 0 5 e   6123.553663562  6123.553657187  3.132e-05  4.023e-04  4.023e-04
1 6 1 0 23 e   6123.999686087  6123.999686146  2.269e-07  6.000e-04  6.000e-04
0 0 3 0 6 e   6125.944510856  6125.944513574  9.504e-06  6.000e-04  6.000e-04
1 2 2 2 29 f   6126.936024156  6126.936069905  5.489e-04  5.016e-03  7.082e-03
0 3 2 1 49 f   6128.134150708  6128.134141952  2.146e-05  4.005e-04  4.031e-04
0 0 3 0 7 e   6128.733843349  6128.733838780  4.872e-05  6.000e-04  6.000e-04
2 0 2 0 40 e   6129.306264404  6129.306265270  1.059e-05  3.142e-04  3.278e-04
0 0 3 0 8 e   6131.921533770  6131.921537415  4.824e-05  6.000e-04  6.000e-04
1 6 1 0 24 e   6133.733559838  6133.733559896  2.265e-07  6.000e-04  6.000e-04
1 2 2 0 29 e   6133.935072048  6133.935066425  1.010e-04  6.000e-04  6.000e-04
0 0 3 0 9 e   6135.507966906  6135.507956632  6.561e-05  4.023e-04  4.023e-04
1 1 2 1 58 e   6137.207632604  6137.207674338  1.881e-04  5.474e-04  9.367e-04
3 0 1 0 87 e   6137.651478705  6137.651533631  3.989e-04  4.048e-04  2.194e-03
1 2 2 2 30 f   6138.979714940  6138.979715381  1.070e-03  5.016e-03  7.082e-03
0 0 3 0 10 e   6139.492726761  6139.492722868  3.470e-05  4.023e-04  4.023e-04
0 0 3 0 11 e   6143.875792240  6143.875782881  4.528e-05  4.023e-04  4.023e-04
2 0 2 0 41 e   6145.692042250  6145.692039661  1.108e-05  3.009e-04  3.018e-04
1 2 2 0 30 e   6145.974753353  6145.974734962  8.739e-05  4.000e-04  4.000e-04
0 3 2 1 50 e   6147.190499031  6147.190493835  2.499e-05  3.172e-04  3.376e-04
0 0 3 0 12 e   6148.657231754  6148.657234689  9.758e-06  4.023e-04  4.023e-04
0 0 3 0 13 e   6153.837121106  6153.837124907  2.337e-05  6.000e-04  6.000e-04
0 4 2 0 2 e   6155.910271963  6155.910272382  1.623e-04  6.000e-04  6.000e-04
0 4 2 0 3 e   6157.120437644  6157.120430439  5.731e-05  6.000e-04  6.000e-04
1 2 2 0 31 e   6158.414853221  6158.414853707  1.380e-06  6.000e-04  6.000e-04
0 4 2 0 4 e   6158.733797575  6158.733799483  4.945e-05  6.000e-04  6.000e-04
0 0 3 0 14 e   6159.415496709  6159.415500329  2.195e-05  4.023e-04  4.023e-04
0 4 2 0 5 e   6160.750515828  6160.750520683  1.746e-04  6.000e-04  6.000e-04
0 4 2 0 6 e   6163.170641525  6163.170639487  6.175e-06  6.000e-04  6.000e-04
1 2 2 2 32 e   6164.260490677  6164.261182686  2.045e-03  5.016e-03  7.082e-03
1 2 2 2 32 f   6164.269898562  6164.269859837  2.048e-04  5.016e-03  7.082e-03
0 0 3 0 15 e   6165.392161188  6165.392156308  4.086e-05  4.020e-04  4.020e-04
0 4 2 0 7 e   6165.994180277  6165.994180220  7.481e-05  6.000e-04  6.000e-04
0 4 2 0 8 e   6169.220960311  6169.220959724  2.278e-05  6.000e-04  6.000e-04
1 2 2 0 32 e   6171.256608130  6171.256594763  1.717e-04  4.000e-04  4.000e-04
0 0 3 0 16 e   6171.767358681  6171.767358999  2.789e-05  6.000e-04  6.000e-04
3 0 1 0 88 e   6172.777104998  6172.777160307  3.991e-04  4.048e-04  2.300e-03
0 4 2 0 9 e   6172.851173932  6172.851174565  2.745e-06  6.000e-04  6.000e-04
0 4 2 0 10 e   6176.884628794  6176.884626833  5.852e-05  6.000e-04  6.000e-04
0 2 2 0 72 e   6177.143153099  6177.143206373  3.991e-04  8.566e-04  1.952e-03
1 2 2 2 33 e   6177.506477140  6177.506091538  9.288e-04  5.016e-03  7.082e-03
0 0 3 0 17 e   6178.540793409  6178.540777247  1.554e-04  4.020e-04  4.020e-04
0 4 2 0 11 e   6181.321466719  6181.321468400  2.543e-05  6.000e-04  6.000e-04
1 2 2 0 33 e   6184.499142387  6184.499139943  7.669e-05  4.000e-04  4.000e-04
0 0 3 0 18 e   6185.712508222  6185.712508069  2.679e-05  4.020e-04  4.020e-04
0 4 2 0 12 e   6186.161699176  6186.161700708  1.877e-05  6.000e-04  6.000e-04
0 4 2 0 13 e   6191.405069980  6191.405072322  3.755e-05  6.000e-04  6.000e-04
0 0 3 0 19 e   6193.282603979  6193.282604839  9.717e-06  4.020e-04  4.020e-04
0 4 2 0 14 e   6197.052166240  6197.052165722  1.077e-05  6.000e-04  6.000e-04
1 2 2 0 34 e   6198.142180044  6198.142190624  7.433e-05  4.000e-04  4.000e-04
0 0 3 0 20 e   6201.250882115  6201.250883204  1.561e-04  4.020e-04  4.020e-04
0 4 2 0 15 e   6203.102129410  6203.102120070  1.187e-04  6.000e-04  6.000e-04
1 1 2 1 61 e   6209.177787743  6209.177829477  1.881e-04  5.474e-04  1.043e-03
0 4 2 0 16 e   6209.555261557  6209.555264233  2.640e-05  6.000e-04  6.000e-04
0 0 3 0 21 e   6209.618065931  6209.618014152  2.697e-04  2.000e-04  2.697e-04
1 2 2 0 35 e   6212.186230458  6212.186206310  1.605e-04  4.000e-04  4.000e-04
0 4 2 0 17 e   6216.412103723  6216.412102880  1.157e-05  6.000e-04  6.000e-04
0 0 3 0 22 e   6218.382624499  6218.382621560  7.778e-05  4.020e-04  4.020e-04
1 2 2 2 36 e   6219.646890206  6219.647318968  2.336e-03  5.016e-03  7.082e-03
0 4 2 0 18 e   6223.672055945  6223.672059109  1.155e-04  6.000e-04  6.000e-04
1 6 1 0 32 e   6226.210280313  6226.210280371  2.263e-07  6.000e-04  6.000e-04
1 2 2 0 36 e   6226.631008978  6226.630998756  8.512e-05  6.000e-04  6.000e-04
0 0 3 0 23 e   6227.546314486  6227.546255249  2.071e-04  2.000e-04  2.071e-04
0 4 2 0 19 e   6231.335361653  6231.335372705  1.491e-04  6.000e-04  6.000e-04
0 3 2 1 54 e   6231.625115245  6231.625135177  2.082e-04  8.553e-04  1.174e-03
0 2 2 0 74 e   6236.156445899  6236.156502799  3.994e-04  3.221e-04  1.751e-03
0 0 3 0 24 e   6237.107257887  6237.107261791  1.337e-05  6.000e-04  6.000e-04
0 4 2 0 20 e   6239.402144044  6239.402141494  2.488e-05  6.000e-04  6.000e-04
1 2 2 0 37 e   6241.477160072  6241.477160805  7.974e-06  6.000e-04  6.000e-04
0 0 3 0 25 e   6247.067562434  6247.067512280  1.681e-04  2.000e-04  2.000e-04
0 4 2 0 21 e   6247.871830528  6247.871835824  7.025e-05  6.000e-04  6.000e-04
0 3 2 1 55 e   6253.736783291  6253.736832485  9.021e-04  8.557e-04  1.311e-03
1 10 0 0 26 e   6256.178379838  6256.178379896  2.265e-07  4.000e-04  4.000e-04
1 2 2 0 38 e   6256.723617618  6256.723617792  2.928e-05  6.000e-04  6.000e-04
0 4 2 0 22 e   6256.744709409  6256.744710327  6.330e-05  6.000e-04  6.000e-04
0 0 3 0 26 e   6257.491712017  6257.491836700  2.392e-03  1.000e-01  1.000e-01
1 2 2 2 39 e   6265.394809837  6265.394897152  2.952e-03  5.016e-03  7.082e-03
0 4 2 0 23 e   6266.020934099  6266.020933105  2.868e-05  6.000e-04  6.000e-04
0 0 3 0 27 e   6268.183729820  6268.183730318  1.542e-06  2.000e-04  2.000e-04
1 2 2 0 39 e   6272.370457648  6272.370454507  1.253e-05  6.000e-04  6.000e-04
5 0 1 0 1 e   6273.512220000  6273.512220000  4.331e-13  1.000e-03  1.000e-03
5 0 1 0 3 e   6275.499517431  6275.499517430  3.977e-08  1.000e-03  1.000e-03
0 4 2 0 24 e   6275.700444488  6275.700444560  1.499e-06  6.000e-04  6.000e-04
0 3 2 1 56 e   6276.249398686  6276.249287903  7.540e-04  8.558e-04  1.177e-03
5 0 1 0 5 e   6279.075055969  6279.075056012  2.193e-07  1.000e-03  1.000e-03
0 0 3 0 28 e   6279.341665587  6279.341666296  1.629e-06  2.000e-04  2.000e-04
1 0 2 0 81 e   6279.869705782  6279.869758173  4.008e-04  3.211e-04  2.044e-03
0 4 2 0 25 e   6285.782852285  6285.782854469  2.699e-05  6.000e-04  6.000e-04
5 0 1 0 8 e   6287.415764560  6287.415764605  2.192e-07  1.000e-03  1.000e-03
1 2 2 0 40 e   6288.418765793  6288.418743983  1.124e-04  4.000e-04  4.000e-04
1 10 0 0 29 e   6290.540880265  6290.540898391  2.057e-04  4.000e-04  4.000e-04
0 0 3 0 29 e   6290.950135265  6290.951148108  1.715e-02  1.000e-01  1.000e-01
2 1 2 1 2 f   6292.114961697  6292.114961905  8.301e-07  6.000e-04  6.000e-04
2 1 2 1 3 e   6293.313452881  6293.313436999  1.871e-04  4.206e-04  4.206e-04
0 4 2 0 26 e   6296.268669627  6296.268670113  8.150e-06  6.000e-04  6.000e-04
2 1 2 1 5 e   6296.912518153  6296.912518306  7.208e-07  6.000e-04  6.000e-04
2 1 2 1 6 e   6299.311823271  6299.311819414  9.627e-06  4.206e-04  4.206e-04
2 1 2 1 6 f   6299.324721026  6299.324721178  7.218e-07  6.000e-04  6.000e-04
2 1 2 1 7 e   6302.111326458  6302.111326599  6.425e-07  6.000e-04  6.000e-04
1 10 0 0 30 e   6302.743415386  6302.743415444  2.263e-07  2.000e-04  2.000e-04
0 0 3 0 30 e   6302.932675957  6302.932673495  2.238e-04  4.000e-04  4.000e-04
1 2 2 0 41 e   6304.867509705  6304.867505088  8.833e-05  4.001e-04  4.001e-04
0 4 2 0 27 e   6307.157761128  6307.157761391  1.438e-05  6.000e-04  6.000e-04
5 0 1 0 13 e   6309.261890869  6309.261890926  2.254e-07  1.000e-03  1.000e-03
1 1 2 1 65 e   6310.716831806  6310.716657505  1.057e-03  6.577e-04  2.053e-03
1 10 0 0 31 e   6315.153400940  6315.153400997  2.267e-07  3.000e-04  3.000e-04
0 0 3 0 31 e   6315.561600940  6315.561600997  2.267e-07  2.000e-04  2.000e-04
0 4 2 0 28 e   6318.450091354  6318.450095571  1.271e-04  6.000e-04  6.000e-04
1 2 2 0 42 e   6321.716303716  6321.716324086  1.015e-04  4.001e-04  4.001e-04
2 1 2 1 12 f   6322.151975369  6322.151975529  7.507e-07  6.000e-04  6.000e-04
5 0 1 0 16 e   6327.134697656  6327.134697717  2.262e-07  1.000e-03  1.000e-03
2 1 2 1 13 e   6327.302015512  6327.302015675  7.482e-07  6.000e-04  6.000e-04
2 1 2 1 13 f   6327.358894276  6327.358894440  7.482e-07  6.000e-04  6.000e-04
1 10 0 0 32 e   6327.909425386  6327.909425444  2.263e-07  3.000e-04  3.000e-04
0 0 3 0 32 e   6328.030887850  6328.029804133  7.178e-02  1.000e-01  1.000e-01
0 4 2 0 29 e   6330.145444757  6330.145443351  5.708e-06  6.000e-04  6.000e-04
2 1 2 1 14 e   6332.899841540  6332.899841799  8.734e-07  6.000e-04  6.000e-04
2 1 2 1 14 f   6332.964623250  6332.964623325  6.019e-07  6.000e-04  6.000e-04
2 1 2 1 15 e   6338.898004502  6338.898004772  9.021e-07  6.000e-04  6.000e-04
1 2 2 0 43 e   6338.966403338  6338.966426746  2.419e-04  4.002e-04  4.002e-04
0 0 3 0 33 e   6341.098043031  6341.098043089  2.263e-07  1.000e-01  1.000e-01
0 4 2 0 30 e   6342.243650673  6342.243648807  1.493e-05  6.000e-04  6.000e-04
2 1 2 1 16 e   6345.295448663  6345.295448975  9.599e-07  6.000e-04  6.000e-04
2 1 2 1 16 f   6345.378049583  6345.378049652  4.359e-07  6.000e-04  6.000e-04
0 3 2 1 59 e   6346.190172765  6346.189998432  1.054e-03  5.314e-04  1.884e-03
5 0 1 0 19 e   6348.580623234  6348.580623295  2.261e-07  1.000e-03  1.000e-03
2 1 2 1 17 e   6352.091454406  6352.091454808  1.205e-06  6.000e-04  6.000e-04
2 1 2 1 17 f   6352.184996707  6352.184996838  4.446e-07  6.000e-04  6.000e-04
1 10 0 0 34 e   6354.599419012  6354.599419070  2.264e-07  2.000e-04  2.000e-04
0 0 3 0 34 e   6354.670569012  6354.670569070  2.264e-07  1.000e-01  1.000e-01
0 4 2 0 31 e   6354.745255852  6354.745266528  1.528e-04  6.000e-04  6.000e-04
1 2 2 0 44 e   6356.616653106  6356.616625074  2.734e-04  4.003e-04  4.009e-04
2 1 2 1 18 e   6359.287809904  6359.287810295  1.441e-06  6.000e-04  6.000e-04
2 1 2 1 19 e   6366.884158325  6366.884158704  1.444e-06  6.000e-04  6.000e-04
2 1 2 1 19 f   6366.999818769  6366.999818946  4.896e-07  6.000e-04  6.000e-04
0 4 2 0 32 e   6367.649871966  6367.649869000  4.104e-05  6.000e-04  6.000e-04
0 0 3 0 35 e   6368.618151788  6368.618151847  2.264e-07  1.000e-01  1.000e-01
5 0 1 0 22 e   6373.600043090  6373.600043148  2.276e-07  1.000e-03  1.000e-03
1 2 2 0 45 e   6374.653345348  6374.653339452  1.797e-05  1.000e-01  1.000e-01
2 1 2 1 20 e   6374.879872275  6374.879872812  2.432e-06  6.000e-04  6.000e-04
0 4 2 0 33 e   6380.957500821  6380.957504356  4.453e-05  6.000e-04  6.000e-04
1 10 0 0 36 e   6382.876759012  6382.876759070  2.264e-07  2.000e-04  2.000e-04
0 0 3 0 36 e   6382.930753808  6382.930753867  2.264e-07  1.000e-01  1.000e-01
2 1 2 1 21 e   6383.274998735  6383.274999017  3.346e-06  6.000e-04  6.000e-04
2 1 2 1 21 f   6383.414495843  6383.414496109  6.827e-07  6.000e-04  6.000e-04
2 1 2 1 22 f   6392.222125991  6392.222126200  8.742e-07  6.000e-04  6.000e-04
1 2 2 0 46 e   6393.118649720  6393.118645890  1.960e-05  6.005e-04  6.017e-04
0 4 2 0 34 e   6394.668455219  6394.668456763  3.014e-05  6.000e-04  6.000e-04
0 0 3 0 37 e   6397.658336557  6397.658336616  2.262e-07  1.000e-01  1.000e-01
2 1 2 1 23 e   6401.263574307  6401.263574986  2.871e-06  6.000e-04  6.000e-04
5 0 1 0 25 e   6402.191458240  6402.191458298  2.269e-07  1.000e-03  1.000e-03
0 4 2 0 35 e   6408.782128064  6408.782130572  5.139e-05  6.000e-04  6.000e-04
2 1 2 1 24 f   6411.037831555  6411.037831785  9.621e-06  4.206e-04  4.206e-04
1 2 2 0 47 e   6411.970371367  6411.970367797  1.964e-05  6.005e-04  6.020e-04
1 10 0 0 38 e   6412.743930350  6412.743930409  2.262e-07  2.000e-04  2.000e-04
0 0 3 0 38 e   6412.830860350  6412.830860409  2.262e-07  1.000e-01  1.000e-01
2 1 2 1 25 e   6420.850317651  6420.850296980  1.573e-04  4.206e-04  4.206e-04
2 1 2 1 25 f   6421.045656396  6421.045646336  2.659e-05  4.206e-04  4.403e-04
4 6 0 0 4 e   6422.709784617  6422.709784617  3.732e-08  1.000e-03  1.000e-03
0 4 2 0 36 e   6423.298981791  6423.298986831  1.268e-04  6.000e-04  6.000e-04
1 10 0 0 39 e   6428.274666557  6428.274666616  2.262e-07  2.000e-04  2.000e-04
0 0 3 0 39 e   6428.348284602  6428.348284661  2.262e-07  1.000e-01  1.000e-01
4 2 1 0 1 e   6429.488738857  6429.488738857  3.716e-08  1.000e-03  1.000e-03
1 2 2 0 48 e   6431.168414024  6431.168408227  1.793e-05  1.000e-01  1.000e-01
2 1 2 1 26 e   6431.242009821  6431.242006847  1.087e-05  4.206e-04  4.403e-04
4 2 1 0 4 e   6433.096182626  6433.096182665  2.163e-07  1.000e-03  1.000e-03
0 4 2 0 37 e   6438.218885710  6438.218885865  4.640e-05  6.000e-04  6.000e-04
4 2 1 0 7 e   6440.312159774  6440.312159819  2.191e-07  1.000e-03  1.000e-03
4 6 0 0 10 e   6440.909842970  6440.909843016  2.187e-07  1.000e-03  1.000e-03
2 1 2 1 27 f   6442.259602874  6442.259602977  1.449e-06  6.000e-04  6.000e-04
0 0 3 0 40 e   6443.964140350  6443.964140409  2.262e-07  2.000e-04  2.000e-04
1 10 0 0 40 e   6444.204237608  6444.204237667  2.263e-07  2.000e-04  2.000e-04
5 0 1 0 29 e   6445.868650940  6445.868650997  2.267e-07  1.000e-03  1.000e-03
1 2 2 0 49 e   6450.874344705  6450.874335704  2.013e-05  4.007e-04  4.040e-04
2 1 2 1 28 f   6453.464118389  6453.464118563  1.280e-06  6.000e-04  6.000e-04
0 4 2 0 38 e   6453.541604600  6453.541601483  1.327e-04  6.000e-04  6.000e-04
4 2 1 0 11 e   6455.545694723  6455.545694770  2.184e-07  1.000e-03  1.000e-03
0 0 3 0 41 e   6460.519916857  6460.519917433  1.675e-06  2.000e-04  2.000e-04
1 10 0 0 41 e   6460.699596626  6460.699596685  2.265e-07  2.000e-04  2.000e-04
4 6 0 0 14 e   6461.133187081  6461.133187138  2.250e-07  1.000e-03  1.000e-03
0 4 2 0 39 e   6469.267457875  6469.267462852  1.632e-04  6.000e-04  6.000e-04
5 0 1 0 31 e   6470.087746312  6470.087746370  2.263e-07  1.000e-03  1.000e-03
1 3 2 1 4 f   6470.172223697  6470.172223905  8.301e-07  6.000e-04  6.000e-04
1 2 2 0 50 e   6470.940746922  6470.940744463  2.834e-05  1.000e-01  1.000e-01
4 2 1 0 14 e   6471.180487081  6471.180487138  2.250e-07  1.000e-03  1.000e-03
1 3 2 1 5 e   6472.171967871  6472.171968013  8.112e-07  6.000e-04  6.000e-04
0 0 3 0 42 e   6477.245728079  6477.245728457  1.291e-06  2.000e-04  2.000e-04
1 3 2 1 8 e   6480.607136445  6480.607136584  6.418e-07  6.000e-04  6.000e-04
1 3 2 1 8 f   6480.639764857  6480.639764995  6.435e-07  6.000e-04  6.000e-04
1 3 2 1 9 e   6484.221677458  6484.221677599  6.425e-07  6.000e-04  6.000e-04
1 3 2 1 9 f   6484.263509680  6484.263509821  6.425e-07  6.000e-04  6.000e-04
0 4 2 0 40 e   6485.396067700  6485.396067587  4.278e-05  6.000e-04  6.000e-04
1 3 2 1 10 e   6488.238411727  6488.238411799  6.122e-07  6.000e-04  6.000e-04
1 3 2 1 10 f   6488.289399020  6488.289399091  6.122e-07  6.000e-04  6.000e-04
1 2 2 0 51 e   6491.380525106  6491.380517755  3.509e-04  4.017e-04  4.071e-04
1 3 2 1 11 e   6492.657085512  6492.657085675  7.482e-07  6.000e-04  6.000e-04
1 3 2 1 11 f   6492.718057276  6492.718057440  7.482e-07  6.000e-04  6.000e-04
0 0 3 0 43 e   6494.386140654  6494.386139025  1.367e-05  1.000e-01  1.000e-01
4 6 0 0 19 e   6495.512103234  6495.512103295  2.261e-07  1.000e-03  1.000e-03
0 3 2 1 65 e   6496.890830006  6496.890642643  9.820e-04  1.002e-03  2.025e-03
1 3 2 1 12 e   6497.476856256  6497.476856418  7.509e-07  6.000e-04  6.000e-04
1 3 2 1 12 f   6497.549604369  6497.549604529  7.507e-07  6.000e-04  6.000e-04
4 2 1 0 18 e   6497.639152763  6497.639152824  2.262e-07  1.000e-03  1.000e-03
0 3 2 1 65 f   6498.712593727  6498.712647491  3.993e-04  1.629e-03  3.018e-03
0 4 2 0 41 e   6501.927829614  6501.927834840  1.362e-04  6.000e-04  6.000e-04
1 3 2 1 13 e   6502.697762502  6502.697762772  9.021e-07  6.000e-04  6.000e-04
1 3 2 1 14 f   6508.419061250  6508.419061325  6.019e-07  6.000e-04  6.000e-04
0 0 3 0 44 e   6511.883670552  6511.883669249  1.379e-05  2.013e-04  2.029e-04
1 2 2 0 52 e   6512.232696914  6512.232692197  3.771e-05  4.018e-04  4.089e-04
1 3 2 1 15 e   6514.346316454  6514.346316676  1.932e-04  6.000e-04  6.000e-04
0 4 2 0 42 e   6518.862467716  6518.862459422  1.019e-04  6.000e-04  6.000e-04
1 3 2 1 16 e   6520.772671904  6520.772672295  1.441e-06  6.000e-04  6.000e-04
1 3 2 1 16 f   6520.898773583  6520.898773652  4.359e-07  6.000e-04  6.000e-04
4 6 0 0 22 e   6520.993743090  6520.993743148  2.276e-07  1.000e-03  1.000e-03
4 2 1 0 21 e   6521.693875797  6521.693875856  2.275e-07  1.000e-03  1.000e-03
1 3 2 1 17 f   6527.742467238  6527.742469794  2.596e-05  6.000e-04  6.000e-04
0 0 3 0 45 e   6529.798145649  6529.798140215  1.787e-05  2.016e-04  2.042e-04
1 2 2 0 53 e   6533.486454197  6533.486455178  4.012e-05  4.027e-04  4.135e-04
1 3 2 1 18 e   6534.829577275  6534.829577812  2.432e-06  6.000e-04  6.000e-04
1 3 2 1 18 f   6534.988477563  6534.988477783  6.362e-07  6.000e-04  6.000e-04
0 4 2 0 43 e   6536.199390140  6536.199392565  2.029e-04  6.000e-04  6.000e-04
5 0 1 0 36 e   6537.575443808  6537.575443867  2.264e-07  1.000e-03  1.000e-03
0 0 3 0 46 e   6548.143847093  6548.143841237  1.794e-05  1.000e-01  1.000e-01
4 2 1 0 24 e   6549.356729838  6549.356729896  2.265e-07  1.000e-03  1.000e-03
1 3 2 1 20 e   6550.493067799  6550.493063197  1.545e-04  6.000e-04  6.000e-04
1 3 2 1 20 f   6550.687920991  6550.687921200  8.742e-07  6.000e-04  6.000e-04
0 4 2 0 44 e   6553.940026824  6553.940026882  2.265e-07  6.000e-04  6.000e-04
1 2 2 0 54 e   6555.139278447  6555.139280822  4.007e-05  4.027e-04  4.146e-04
1 3 2 1 21 f   6559.141312914  6559.141311464  1.288e-05  6.000e-04  6.000e-04
4 6 0 0 26 e   6560.631199838  6560.631199896  2.265e-07  1.000e-03  1.000e-03
0 0 3 0 47 e   6566.819317259  6566.819311810  1.802e-05  2.016e-04  2.058e-04
1 3 2 1 22 e   6567.761768958  6567.761766947  6.698e-05  6.000e-04  6.000e-04
1 3 2 1 22 f   6567.996970326  6567.996970479  1.268e-06  6.000e-04  6.000e-04
1 3 2 1 23 e   6576.998403307  6576.998403986  2.871e-06  6.000e-04  6.000e-04
1 3 2 1 23 f   6577.254977985  6577.254978130  1.088e-06  6.000e-04  6.000e-04
4 2 1 0 27 e   6580.631019591  6580.631019650  2.272e-07  1.000e-03  1.000e-03
0 0 3 0 48 e   6585.978414024  6585.978408227  1.793e-05  1.000e-01  1.000e-01
1 3 2 1 24 e   6586.636330052  6586.636335150  1.184e-04  6.000e-04  6.000e-04
1 3 2 1 24 f   6586.914729544  6586.914729581  1.652e-06  6.000e-04  6.000e-04
0 4 2 0 46 e   6590.629528417  6590.629526784  1.363e-05  6.004e-04  6.010e-04
4 6 0 0 29 e   6594.603359591  6594.603359650  2.272e-07  1.000e-03  1.000e-03
1 3 2 1 25 e   6596.675771348  6596.675786288  1.193e-04  6.000e-04  6.000e-04
1 3 2 1 25 f   6596.977385214  6596.977385259  1.452e-06  6.000e-04  6.000e-04
5 0 1 0 40 e   6598.700877608  6598.700877667  2.263e-07  1.000e-03  1.000e-03
0 0 3 0 49 e   6605.428647467  6605.428642472  1.786e-05  2.016e-04  2.082e-04
1 3 2 1 26 e   6607.116492255  6607.116492394  2.171e-05  6.000e-04  6.000e-04
1 3 2 1 26 f   6607.442210389  6607.442210563  1.280e-06  6.000e-04  6.000e-04
3 4 1 0 4 e   6615.129192626  6615.129192665  2.163e-07  1.000e-03  1.000e-03
4 2 1 0 30 e   6615.515375386  6615.515375444  2.263e-07  1.000e-03  1.000e-03
0 1 3 1 1 e   6616.252382170  6616.252382379  8.302e-07  6.000e-04  6.000e-04
0 1 3 1 1 f   6616.252395330  6616.252395538  8.302e-07  6.000e-04  6.000e-04
0 1 3 1 2 e   6617.050893502  6617.050893761  9.066e-07  6.000e-04  6.000e-04
0 1 3 1 2 f   6617.051838294  6617.051843660  7.555e-05  6.000e-04  6.000e-04
1 3 2 1 27 e   6617.958479710  6617.958479762  2.063e-06  6.000e-04  6.000e-04
0 1 3 1 3 e   6618.249065170  6618.249065379  8.302e-07  6.000e-04  6.000e-04
0 1 3 1 3 f   6618.250783369  6618.250772083  1.560e-04  6.000e-04  6.000e-04
1 3 2 1 27 f   6618.309562169  6618.309570734  4.420e-05  6.000e-04  6.000e-04
3 4 1 0 6 e   6619.560452626  6619.560452665  2.163e-07  1.000e-03  1.000e-03
0 1 3 1 4 e   6619.843469339  6619.843469491  7.218e-07  6.000e-04  6.000e-04
0 1 3 1 5 e   6621.840259589  6621.840259652  9.716e-07  6.000e-04  6.000e-04
3 4 1 0 7 e   6622.382949774  6622.382949819  2.191e-07  1.000e-03  1.000e-03
0 1 3 1 6 e   6624.235381339  6624.235381491  7.218e-07  6.000e-04  6.000e-04
0 0 3 0 50 e   6625.330746922  6625.330744463  2.834e-05  1.000e-01  1.000e-01
0 1 3 1 7 f   6627.040617680  6627.040617821  6.425e-07  6.000e-04  6.000e-04
1 3 2 1 28 e   6629.201597997  6629.201597852  1.676e-06  6.000e-04  6.000e-04
3 4 1 0 9 e   6629.231329774  6629.231329819  2.191e-07  1.000e-03  1.000e-03
1 3 2 1 28 f   6629.578602678  6629.578602883  1.193e-06  6.000e-04  6.000e-04
0 1 3 1 8 e   6630.219299445  6630.219299584  6.418e-07  6.000e-04  6.000e-04
3 4 1 0 10 e   6633.262702970  6633.262703016  2.187e-07  1.000e-03  1.000e-03
0 1 3 1 9 f   6633.832243867  6633.832243946  6.275e-07  6.000e-04  6.000e-04
3 0 2 0 0 e   6640.104823308  6640.104823308  1.298e-09  1.000e-03  1.000e-03
3 0 2 0 1 e   6640.502160000  6640.502160000  4.884e-13  1.000e-03  1.000e-03
1 3 2 1 29 e   6640.846196864  6640.846196040  3.922e-06  6.000e-04  6.000e-04
1 3 2 1 29 f   6641.250178464  6641.250178688  1.514e-06  6.000e-04  6.000e-04
3 0 2 0 2 e   6641.298202117  6641.298203420  4.481e-04  1.000e-03  1.000e-03
3 0 2 0 3 e   6642.489163715  6642.489241602  5.091e-04  1.000e-03  1.000e-03
3 0 2 0 4 e   6644.079109287  6644.079148380  5.300e-04  1.000e-03  1.000e-03
4 6 0 0 33 e   6645.553966312  6645.553966370  2.263e-07  1.000e-03  1.000e-03
0 0 3 0 51 e   6645.626734743  6645.626732112  3.153e-05  2.026e-04  2.131e-04
3 0 2 0 5 e   6646.066048789  6646.066099351  6.718e-04  1.000e-03  1.000e-03
3 4 1 0 13 e   6647.770960869  6647.770960926  2.254e-07  1.000e-03  1.000e-03
3 0 2 0 6 e   6648.451590219  6648.451589529  3.398e-05  1.000e-03  1.000e-03
3 0 2 0 7 e   6651.233319871  6651.233314178  4.206e-05  1.000e-03  1.000e-03
1 3 2 1 30 e   6652.892240773  6652.892245407  7.158e-05  6.000e-04  6.000e-04
4 2 1 0 33 e   6654.011596312  6654.011596370  2.263e-07  1.000e-03  1.000e-03
3 0 2 0 8 e   6654.413074187  6654.413069370  1.382e-04  1.000e-03  1.000e-03
3 0 2 0 9 e   6657.990123269  6657.990107732  1.972e-04  1.000e-03  1.000e-03
3 0 2 0 10 e   6661.964712711  6661.964727368  1.579e-04  6.016e-04  6.016e-04
1 3 2 1 31 e   6665.339473175  6665.339472317  4.613e-06  6.000e-04  6.000e-04
1 3 2 1 31 f   6665.798882064  6665.798882162  2.282e-06  6.000e-04  6.000e-04
5 0 1 0 44 e   6666.166690417  6666.166688784  1.363e-05  1.000e-03  1.001e-03
3 0 2 0 11 e   6666.337596403  6666.337598795  6.571e-04  1.000e-03  1.000e-03
0 0 3 0 52 e   6666.360370758  6666.360374064  3.624e-05  1.000e-01  1.000e-01
3 0 2 0 12 e   6671.106820932  6671.106865794  3.599e-04  6.016e-04  6.016e-04
4 6 0 0 35 e   6673.450543031  6673.450543089  2.263e-07  1.000e-03  1.000e-03
3 0 2 0 13 e   6676.273780771  6676.273760421  3.750e-04  1.000e-03  1.000e-03
1 3 2 1 32 e   6678.187748879  6678.187748662  1.924e-06  6.000e-04  6.000e-04
1 3 2 1 32 f   6678.677610936  6678.677600921  1.087e-04  6.000e-04  6.000e-04
3 4 1 0 18 e   6680.009417656  6680.009417717  2.262e-07  1.000e-03  1.000e-03
3 0 2 0 14 e   6681.838420412  6681.838410619  3.838e-04  1.000e-03  1.000e-03
0 0 3 0 53 e   6687.412579232  6687.412583070  3.644e-05  2.044e-04  2.221e-04
3 0 2 0 15 e   6687.799676099  6687.799694168  4.539e-04  1.000e-03  1.000e-03
1 3 2 1 33 e   6691.436294961  6691.436298030  1.735e-04  6.000e-04  6.000e-04
3 0 2 0 16 e   6694.158421869  6694.158422421  1.313e-05  1.000e-03  1.000e-03
4 2 1 0 36 e   6696.121753808  6696.121753867  2.264e-07  1.000e-03  1.000e-03
3 0 2 0 17 e   6700.914843095  6700.914833266  7.580e-05  1.000e-03  1.000e-03
4 6 0 0 37 e   6702.958646557  6702.958646616  2.262e-07  1.000e-03  1.000e-03
3 4 1 0 21 e   6704.189825797  6704.189825856  2.275e-07  1.000e-03  1.000e-03
1 3 2 1 34 f   6705.638341659  6705.638341558  1.719e-06  6.000e-04  6.000e-04
3 0 2 0 18 e   6708.068244319  6708.068252216  2.250e-04  6.013e-04  6.013e-04
0 0 3 0 54 e   6708.946891333  6708.946894759  3.632e-05  1.000e-01  1.000e-01
3 0 2 0 19 e   6715.619048700  6715.618993136  2.533e-04  1.000e-03  1.000e-03
1 3 2 1 35 e   6719.138828746  6719.138826976  5.326e-06  6.000e-04  6.000e-04
1 3 2 1 35 f   6719.722662315  6719.722662178  2.844e-06  6.000e-04  6.000e-04
5 0 1 0 47 e   6720.926176981  6720.926171151  1.791e-05  1.000e-03  1.001e-03
3 0 2 0 20 e   6723.567367725  6723.567361063  5.281e-04  1.000e-03  1.000e-03
0 0 3 0 55 e   6730.856341845  6730.856345433  3.637e-05  1.000e-01  1.000e-01
3 0 2 0 21 e   6731.912448482  6731.912457992  5.743e-05  6.013e-04  6.013e-04
1 3 2 1 36 e   6733.590484082  6733.590483163  3.191e-06  6.000e-04  6.000e-04
1 3 2 1 36 f   6734.207844794  6734.207844212  2.683e-06  6.000e-04  6.000e-04
3 0 2 0 22 e   6740.654728648  6740.654720482  1.866e-04  1.000e-03  1.000e-03
4 2 1 0 39 e   6741.850424602  6741.850424661  2.262e-07  1.000e-03  1.000e-03
3 4 1 0 25 e   6742.070496087  6742.070496146  2.269e-07  1.000e-03  1.000e-03
1 3 2 1 37 e   6748.443606098  6748.443604352  5.052e-06  6.000e-04  6.000e-04
1 3 2 1 37 f   6749.095139029  6749.095138257  3.569e-06  6.000e-04  6.000e-04
3 0 2 0 23 e   6749.794724442  6749.794706605  1.195e-04  1.000e-03  1.000e-03
4 6 0 0 40 e   6750.237617608  6750.237617667  2.263e-07  1.000e-03  1.000e-03
0 0 3 0 56 e   6753.068046525  6753.068102432  4.004e-04  2.063e-04  5.766e-04
3 0 2 0 24 e   6759.331772347  6759.331868354  4.646e-04  6.013e-04  6.013e-04
5 1 1 1 4 e   6759.591431339  6759.591431491  7.218e-07  3.000e-03  3.000e-03
5 1 1 1 4 f   6759.597797026  6759.597797178  7.218e-07  3.000e-03  3.000e-03
3 4 1 0 27 e   6763.428009591  6763.428009650  2.272e-07  1.000e-03  1.000e-03
1 3 2 1 38 e   6763.698846725  6763.698845866  3.058e-06  6.000e-04  6.000e-04
5 1 1 1 6 e   6763.970541339  6763.970541491  7.218e-07  3.000e-03  3.000e-03
1 3 2 1 38 f   6764.384271794  6764.384271212  2.683e-06  6.000e-04  6.000e-04
5 1 1 1 7 f   6766.776161047  6766.776161200  7.208e-07  2.000e-03  2.000e-03
3 0 2 0 25 e   6769.265601163  6769.265600540  1.137e-04  1.000e-03  1.000e-03
5 1 1 1 9 e   6773.529684268  6773.529684348  6.276e-07  3.000e-03  3.000e-03
0 0 3 0 57 e   6775.746686696  6775.746741833  4.003e-04  2.063e-04  6.073e-04
5 0 1 0 50 e   6779.246826922  6779.246824463  2.834e-05  1.000e-03  1.002e-03
1 3 2 1 39 e   6779.353133109  6779.353131685  6.042e-06  6.000e-04  6.001e-04
3 0 2 0 26 e   6779.596721298  6779.596727383  8.267e-05  6.013e-04  6.013e-04
4 6 0 0 42 e   6783.763797824  6783.763797882  2.265e-07  2.000e-03  2.000e-03
3 4 1 0 29 e   6786.397420940  6786.397420997  2.267e-07  1.000e-03  1.000e-03
3 0 2 0 27 e   6790.325463233  6790.325463538  1.062e-05  6.013e-04  6.013e-04
4 2 1 0 42 e   6791.200947824  6791.200947882  2.265e-07  1.000e-03  1.000e-03
5 1 1 1 13 e   6791.844391512  6791.844391675  7.482e-07  3.000e-03  3.000e-03
5 1 1 1 13 f   6791.898431818  6791.898431901  4.813e-07  2.000e-03  2.000e-03
1 3 2 1 40 e   6795.409351059  6795.409328643  2.253e-04  6.000e-04  6.000e-04
5 1 1 1 14 f   6797.482716583  6797.482716652  4.359e-07  2.000e-03  2.000e-03
2 2 2 0 5 e   6797.549526969  6797.549527012  2.193e-07  1.000e-03  1.000e-03
0 0 3 0 58 e   6798.821937050  6798.821992096  4.003e-04  2.063e-04  7.274e-04
2 2 2 0 6 e   6799.953004813  6799.953004857  2.196e-07  1.000e-03  1.000e-03
3 0 2 0 28 e   6801.450575766  6801.450597631  9.865e-05  6.013e-04  6.013e-04
2 2 2 0 7 e   6802.757908774  6802.757908819  2.191e-07  1.000e-03  1.000e-03
2 2 2 0 8 e   6805.963144687  6805.963170165  2.068e-04  1.000e-03  1.000e-03
2 2 2 0 9 e   6809.569710774  6809.569710819  2.191e-07  1.000e-03  1.000e-03
1 3 2 1 41 e   6811.866102109  6811.866100685  6.042e-06  6.000e-04  6.001e-04
3 0 2 0 29 e   6812.973018642  6812.972951515  3.380e-04  6.013e-04  6.013e-04
2 2 2 0 10 e   6813.576903560  6813.576903605  2.192e-07  1.000e-03  1.000e-03
2 2 2 0 11 e   6817.983250743  6817.983295403  8.060e-04  1.000e-03  1.000e-03
5 0 1 0 52 e   6820.106730758  6820.106734064  3.624e-05  1.001e-03  1.004e-03
4 2 1 2 44 e   6821.420967824  6821.420967882  2.265e-07  5.000e-03  5.000e-03
0 0 3 0 59 e   6822.293244779  6822.293300360  3.992e-04  2.082e-04  8.289e-04
2 2 2 0 12 e   6822.791643274  6822.791650431  2.680e-04  1.000e-03  1.000e-03
5 1 1 1 18 e   6823.694492904  6823.694493295  1.441e-06  3.000e-03  3.000e-03
5 1 1 1 18 f   6823.801461100  6823.801461263  4.765e-07  2.000e-03  2.000e-03
3 4 1 0 32 e   6823.872490313  6823.872490371  2.263e-07  1.000e-03  1.000e-03
3 0 2 0 30 e   6824.891606612  6824.891599121  3.128e-04  6.013e-04  6.013e-04
4 2 1 0 44 e   6826.115190417  6826.115188784  1.363e-05  1.000e-03  1.001e-03
2 2 2 0 13 e   6828.000775723  6828.000775770  2.184e-07  1.000e-03  1.000e-03
1 3 2 1 42 f   6829.558509458  6829.558509510  3.638e-06  6.000e-04  6.000e-04
2 2 2 0 14 e   6833.608636829  6833.608648117  1.226e-04  1.000e-03  1.000e-03
4 6 0 0 45 e   6837.057095348  6837.057089452  1.797e-05  2.000e-03  2.000e-03
3 4 1 0 33 e   6837.170093031  6837.170093089  2.263e-07  1.000e-03  1.000e-03
3 0 2 0 31 e   6837.207625919  6837.207616940  6.551e-05  6.013e-04  6.013e-04
5 1 1 1 20 f   6839.351712563  6839.351712783  6.362e-07  2.000e-03  2.000e-03
2 2 2 0 15 e   6839.619449214  6839.619426522  3.129e-04  1.000e-03  1.000e-03
5 0 1 0 53 e   6841.128338876  6841.128342170  3.623e-05  1.001e-03  1.005e-03
1 3 2 1 43 e   6845.982173271  6845.982173568  7.022e-06  6.001e-04  6.001e-04
2 2 2 0 16 e   6846.029082869  6846.029098035  3.489e-04  1.000e-03  1.000e-03
0 0 3 0 60 e   6846.162004738  6846.162060297  4.017e-04  2.082e-04  9.222e-04
1 3 2 1 43 f   6846.856576327  6846.856576942  7.049e-06  6.001e-04  6.001e-04
5 1 1 1 21 e   6847.582562307  6847.582562986  2.871e-06  3.000e-03  3.000e-03
3 0 2 0 32 e   6849.921584996  6849.921584437  2.575e-06  1.000e-03  1.000e-03
2 2 2 0 17 e   6852.839722095  6852.839627574  5.556e-04  1.000e-03  1.000e-03
5 1 1 1 22 f   6856.497013326  6856.497013479  1.268e-06  2.000e-03  2.000e-03
2 2 2 0 18 e   6860.051598710  6860.051593556  1.443e-04  1.000e-03  1.000e-03
5 0 1 0 54 e   6862.549420758  6862.549424064  3.624e-05  1.001e-03  1.004e-03
4 2 1 0 46 e   6862.645727093  6862.645721237  1.794e-05  1.000e-03  1.001e-03
3 0 2 0 33 e   6863.029043031  6863.029043089  2.263e-07  5.000e-02  5.000e-02
3 4 1 0 35 e   6864.974511788  6864.974511847  2.264e-07  1.000e-03  1.000e-03
2 2 2 0 19 e   6867.663379932  6867.663379783  3.103e-05  1.000e-03  1.000e-03
0 0 3 0 61 e   6870.586229291  6870.586283039  3.996e-04  1.000e-01  1.000e-01
5 1 1 1 24 e   6875.053815592  6875.053815499  2.375e-06  3.000e-03  3.000e-03
2 2 2 0 20 e   6875.675536484  6875.675528688  2.102e-04  1.000e-03  1.000e-03
3 0 2 0 34 e   6876.539424270  6876.539429057  2.765e-05  1.000e-03  1.000e-03
4 2 1 2 47 e   6876.891286981  6876.891281151  1.791e-05  5.000e-03  5.000e-03
1 3 2 1 45 e   6881.701033748  6881.701030014  1.173e-05  6.002e-04  6.003e-04
2 2 2 0 21 e   6884.087896515  6884.087918441  2.601e-04  1.000e-03  1.000e-03
5 0 1 0 55 e   6884.362108876  6884.362112170  3.623e-05  1.001e-03  1.005e-03
3 0 2 0 35 e   6890.443196170  6890.443203123  2.910e-05  1.000e-03  1.000e-03
2 2 2 0 22 e   6892.901761148  6892.901755746  4.368e-04  1.000e-03  1.000e-03
0 0 3 0 62 e   6895.087266236  6895.087318657  4.001e-04  2.082e-04  1.080e-03
1 3 2 1 46 e   6900.160601176  6900.160595063  1.848e-05  6.002e-04  6.006e-04
4 2 1 0 48 e   6900.791274024  6900.791268227  1.793e-05  1.000e-03  1.001e-03
3 0 2 0 36 e   6904.754753808  6904.754753867  2.264e-07  5.000e-02  5.000e-02
5 1 1 1 27 e   6906.100898247  6906.100897860  2.830e-06  3.000e-03  3.000e-03
3 4 1 0 38 e   6909.701920350  6909.701920409  2.262e-07  1.000e-03  1.000e-03
0 4 2 0 61 e   6917.130644615  6917.130700022  3.992e-04  4.042e-04  8.313e-04
1 3 2 1 47 e   6919.021901433  6919.021895695  1.761e-05  6.003e-04  6.009e-04
3 0 2 0 37 e   6919.451336557  6919.451336616  2.262e-07  5.000e-02  5.000e-02
1 3 2 1 47 f   6920.062364541  6920.062358868  1.780e-05  6.003e-04  6.012e-04
0 0 3 0 63 e   6920.145061012  6920.145116281  4.000e-04  2.082e-04  1.151e-03
3 4 1 0 39 e   6925.416406557  6925.416406616  2.262e-07  1.000e-03  1.000e-03
4 3 1 1 4 e   6925.922791339  6925.922791491  7.218e-07  1.000e-03  1.000e-03
5 0 1 0 57 e   6929.177336652  6929.177391716  4.003e-04  1.001e-03  1.100e-03
4 3 1 1 6 f   6930.364664857  6930.364664995  6.435e-07  1.000e-03  1.000e-03
4 6 0 0 50 e   6933.848076922  6933.848074463  2.834e-05  2.000e-03  2.001e-03
3 0 2 0 38 e   6934.534342557  6934.534345650  1.279e-05  1.000e-03  1.000e-03
4 2 1 2 50 e   6936.013386922  6936.013384463  2.834e-05  5.000e-03  5.000e-03
1 3 2 1 48 f   6939.367480647  6939.367474629  1.865e-05  6.003e-04  6.015e-04
4 3 1 1 9 e   6939.977563458  6939.977563599  6.425e-07  1.000e-03  1.000e-03
4 2 1 0 50 e   6940.556784024  6940.556778227  1.793e-05  1.000e-03  1.001e-03
3 4 1 0 40 e   6941.533437608  6941.533437667  2.263e-07  1.000e-03  1.000e-03
0 4 2 0 62 e   6942.116594572  6942.116649898  4.016e-04  4.042e-04  9.233e-04
4 3 1 1 10 f   6944.061250020  6944.061250091  6.122e-07  1.000e-03  1.000e-03
0 0 3 0 64 e   6945.598607960  6945.598663274  3.999e-04  2.082e-04  1.219e-03
3 0 2 0 39 e   6950.030284602  6950.030284661  2.262e-07  5.000e-02  5.000e-02
5 1 1 1 31 e   6953.070374864  6953.070374040  3.922e-06  3.000e-03  3.000e-03
4 3 1 1 12 f   6953.324818250  6953.324818325  6.019e-07  1.000e-03  1.000e-03
4 6 0 0 51 e   6954.399124356  6954.399120969  3.104e-05  2.000e-03  2.001e-03
4 2 1 2 51 e   6956.523144356  6956.523140969  3.104e-05  5.000e-03  5.001e-03
4 3 1 1 13 e   6958.450291512  6958.450291675  7.482e-07  1.000e-03  1.000e-03
4 3 1 1 14 f   6964.198716583  6964.198716652  4.359e-07  1.000e-03  1.000e-03
5 1 1 1 32 e   6965.803398635  6965.803398407  2.389e-06  3.000e-03  3.000e-03
3 0 2 0 40 e   6965.918567608  6965.918567667  2.263e-07  5.000e-02  5.000e-02
1 0 3 0 1 e   6966.571323429  6966.571320988  4.054e-05  1.000e-03  1.000e-03
1 0 3 0 2 e   6967.367363463  6967.367364189  7.805e-05  1.000e-03  1.000e-03
0 4 2 0 63 e   6967.504339291  6967.504393039  3.996e-04  4.042e-04  1.005e-03
1 0 3 0 3 e   6968.561645193  6968.561642894  2.143e-05  1.000e-03  1.000e-03
4 3 1 1 15 e   6970.095257502  6970.095257772  9.021e-07  1.000e-03  1.000e-03
1 0 3 0 4 e   6970.154968622  6970.155000536  5.312e-04  1.000e-01  1.000e-01
0 0 3 0 65 e   6971.448317365  6971.448372661  3.999e-04  2.082e-04  1.280e-03
1 0 3 0 5 e   6972.144579593  6972.144581267  1.065e-05  1.000e-03  1.000e-03
1 0 3 0 6 e   6974.532556239  6974.532559453  2.004e-04  1.000e-03  1.000e-03
1 0 3 0 7 e   6977.319148641  6977.319177058  1.704e-04  6.016e-04  6.016e-04
1 3 2 1 50 e   6978.006725465  6978.006715990  1.950e-05  6.004e-04  6.022e-04
1 0 3 0 8 e   6980.503981118  6980.503981623  1.678e-04  1.000e-03  1.000e-03
4 2 1 0 52 e   6981.947170758  6981.947174064  3.624e-05  1.001e-03  1.004e-03
3 0 2 0 41 e   6982.205666626  6982.205666685  2.265e-07  5.000e-02  5.000e-02
1 0 3 0 9 e   6984.086244103  6984.086248245  1.304e-04  1.000e-03  1.000e-03
1 0 3 0 10 e   6988.066830503  6988.066831849  5.539e-06  1.000e-03  1.000e-03
4 3 1 1 18 f   6990.779262563  6990.779262783  6.362e-07  1.000e-03  1.000e-03
3 4 1 0 43 e   6992.303596626  6992.303596685  2.265e-07  1.000e-03  1.000e-03
1 0 3 0 11 e   6992.445314707  6992.445315448  4.705e-06  1.000e-03  1.000e-03
0 4 2 0 64 e   6993.295766236  6993.295818657  4.001e-04  4.042e-04  1.082e-03
1 4 2 0 8 e   6995.432206187  6995.432209910  1.029e-04  1.000e-03  1.000e-03
4 6 0 0 53 e   6996.687448876  6996.687452170  3.623e-05  2.000e-03  2.002e-03
1 0 3 0 12 e   6997.221666227  6997.221683950  9.176e-05  6.016e-04  6.016e-04
0 0 3 0 66 e   6997.694106575  6997.694161850  3.999e-04  2.082e-04  1.341e-03
1 3 2 1 51 e   6998.468955244  6998.468946599  2.192e-05  6.005e-04  6.028e-04
3 0 2 0 42 e   6998.875742142  6998.875749719  2.717e-05  1.000e-03  1.000e-03
1 4 2 0 9 e   6999.048307769  6999.048302023  2.922e-04  1.000e-03  1.000e-03
5 0 1 0 60 e   6999.363094572  6999.363149898  4.016e-04  1.002e-03  1.301e-03
1 0 3 0 13 e   7002.395977878  7002.395974676  1.863e-05  6.016e-04  6.016e-04
1 4 2 0 10 e   7003.069047560  7003.069047605  2.192e-07  1.000e-03  1.000e-03
4 2 1 0 53 e   7003.252678876  7003.252682170  3.623e-05  2.000e-03  2.002e-03
4 3 1 1 20 e   7006.227761275  7006.227761812  2.432e-06  1.000e-03  1.000e-03
5 1 1 1 35 e   7006.398249098  7006.398247352  5.052e-06  3.000e-03  3.000e-03
5 1 1 1 35 f   7006.779331315  7006.779331178  2.844e-06  2.000e-03  2.000e-03
1 4 2 0 11 e   7007.490930764  7007.490930809  2.188e-07  1.000e-03  1.000e-03
1 0 3 0 14 e   7007.967964087  7007.967966262  1.593e-05  1.000e-03  1.000e-03
1 4 2 0 12 e   7012.312961970  7012.312962016  2.187e-07  1.000e-03  1.000e-03
1 0 3 0 15 e   7013.938016635  7013.937970906  2.294e-04  6.016e-04  6.016e-04
4 3 1 1 21 f   7014.936999843  7014.937000109  6.827e-07  1.000e-03  1.000e-03
3 0 2 0 43 e   7015.961140654  7015.961139025  1.367e-05  5.000e-02  5.000e-02
1 4 2 0 13 e   7017.538037723  7017.538037770  2.184e-07  1.000e-03  1.000e-03
1 0 3 0 16 e   7020.305656053  7020.305656288  3.327e-05  6.016e-04  6.016e-04
1 4 2 0 14 e   7023.165090829  7023.165089581  9.385e-05  1.000e-03  1.000e-03
0 0 3 0 67 e   7024.335911000  7024.335964413  3.989e-04  2.083e-04  1.399e-03
1 0 3 0 17 e   7027.071067138  7027.071064031  1.158e-04  1.000e-03  1.000e-03
3 4 1 0 45 e   7028.162825348  7028.162819452  1.797e-05  1.000e-03  1.001e-03
1 4 2 0 15 e   7029.194681869  7029.194681926  2.254e-07  1.000e-03  1.000e-03
4 3 1 1 23 e   7032.721652985  7032.721653198  2.096e-06  1.000e-03  1.000e-03
4 3 1 1 23 f   7033.054619214  7033.054619259  1.452e-06  1.000e-03  1.000e-03
3 0 2 0 44 e   7033.433420417  7033.433418784  1.363e-05  5.000e-02  5.000e-02
1 0 3 0 18 e   7034.234086970  7034.234052842  2.294e-04  1.000e-03  1.000e-03
1 4 2 0 16 e   7035.625244081  7035.625244138  2.250e-07  1.000e-03  1.000e-03
1 0 3 0 19 e   7041.794911795  7041.794920100  1.427e-04  1.000e-03  1.000e-03
1 4 2 0 17 e   7042.459135560  7042.459135619  2.267e-07  1.000e-03  1.000e-03
4 2 1 2 55 e   7042.641268876  7042.641272170  3.623e-05  5.000e-03  5.001e-03
3 4 1 0 46 e   7046.695417093  7046.695411237  1.794e-05  1.000e-03  1.001e-03
4 2 1 0 55 e   7047.088118876  7047.088122170  3.623e-05  2.000e-03  2.002e-03
5 0 1 0 62 e   7048.128946236  7048.128998657  4.001e-04  1.002e-03  1.418e-03
1 0 3 0 20 e   7049.753461839  7049.753465123  2.444e-05  1.000e-03  1.000e-03
5 1 1 1 38 e   7050.569091725  7050.569090866  3.058e-06  3.000e-03  3.000e-03
5 1 1 1 38 f   7051.017436705  7051.017436023  2.668e-06  2.000e-03  2.000e-03
3 0 2 0 45 e   7051.307345348  7051.307339452  1.797e-05  5.000e-02  5.000e-02
0 0 3 0 68 e   7051.374155426  7051.374208898  3.989e-04  2.088e-04  1.454e-03
4 3 1 1 25 e   7052.389363710  7052.389363762  2.063e-06  1.000e-03  1.000e-03
4 3 1 1 25 f   7052.779144874  7052.779144977  1.449e-06  1.000e-03  1.000e-03
1 0 3 0 21 e   7058.109496319  7058.109511604  8.140e-05  6.013e-04  6.013e-04
4 6 0 0 56 e   7063.092301333  7063.092304759  3.632e-05  3.000e-03  3.002e-03
4 2 1 2 56 e   7065.182241333  7065.182244759  3.632e-05  5.000e-03  5.001e-03
1 4 2 0 20 e   7065.371410763  7065.371410824  2.262e-07  1.000e-03  1.000e-03
3 4 1 0 47 e   7065.631035348  7065.631029451  1.797e-05  1.000e-03  1.001e-03
5 1 1 1 39 e   7066.088898109  7066.088896685  6.042e-06  3.000e-03  3.000e-03
1 0 3 0 22 e   7066.863131648  7066.863134212  1.036e-04  1.000e-03  1.000e-03
3 0 2 0 46 e   7069.561120983  7069.561122709  3.504e-05  1.000e-03  1.001e-03
4 2 1 0 56 e   7069.617381333  7069.617384759  3.632e-05  2.000e-03  2.003e-03
4 3 1 1 27 e   7073.660948247  7073.660947860  2.830e-06  1.000e-03  1.000e-03
1 0 3 0 23 e   7076.014229151  7076.014230714  2.012e-05  1.000e-03  1.000e-03
5 1 1 1 40 f   7082.497724458  7082.497724510  3.638e-06  3.000e-03  3.000e-03
1 4 2 0 22 e   7082.655646206  7082.655646266  2.268e-07  1.000e-03  1.000e-03
3 4 1 0 48 e   7084.973717093  7084.973711237  1.794e-05  1.000e-03  1.001e-03
4 3 1 1 28 f   7085.381775678  7085.381775883  1.193e-06  1.000e-03  1.000e-03
1 0 3 0 24 e   7085.562888430  7085.562824854  1.728e-04  6.013e-04  6.013e-04
4 6 0 0 57 e   7086.021526652  7086.021581716  4.003e-04  3.000e-03  3.035e-03
3 0 2 0 47 e   7088.235886981  7088.235881151  1.791e-05  5.000e-02  5.000e-02
1 4 2 0 23 e   7091.899918797  7091.899918856  2.275e-07  1.000e-03  1.000e-03
4 2 1 0 57 e   7092.559701845  7092.559705433  3.637e-05  2.000e-03  2.003e-03
1 0 3 0 25 e   7095.508858538  7095.508839318  2.357e-04  6.013e-04  6.013e-04
4 3 1 1 29 e   7096.534804864  7096.534804040  3.922e-06  1.000e-03  1.000e-03
5 0 1 0 64 e   7098.475577960  7098.475633274  3.999e-04  1.002e-03  1.526e-03
1 4 2 0 24 e   7101.548713090  7101.548713148  2.276e-07  1.000e-03  1.000e-03
6 0 1 0 6 e   7102.540160699  7102.540160160  2.482e-06  3.000e-03  3.001e-03
3 4 1 0 49 e   7104.711866981  7104.711861151  1.791e-05  1.000e-03  1.001e-03
1 0 3 0 26 e   7105.852075119  7105.852075712  1.632e-06  1.000e-03  1.000e-03
3 0 2 0 48 e   7107.281257286  7107.281256625  2.607e-05  1.000e-03  1.001e-03
4 6 0 0 58 e   7109.351106197  7109.351161335  4.005e-04  3.000e-03  3.029e-03
6 0 1 0 9 e   7112.040961355  7112.040961053  2.713e-06  3.000e-03  3.001e-03
1 0 3 0 27 e   7116.581049591  7116.581049650  2.272e-07  1.000e-01  1.000e-01
3 5 1 1 1 e   7116.910787170  7116.910787379  8.302e-07  2.000e-03  2.000e-03
3 5 1 1 1 f   7116.912060330  7116.912060538  8.302e-07  2.000e-03  2.000e-03
4 3 1 1 31 e   7121.010944175  7121.010943317  4.613e-06  1.000e-03  1.000e-03
1 4 2 0 26 e   7122.049334838  7122.049334896  2.265e-07  1.000e-03  1.000e-03
5 0 1 0 65 e   7124.239321012  7124.239376281  4.000e-04  2.001e-03  2.274e-03
6 0 1 0 12 e   7125.105995712  7125.105995443  2.778e-06  3.000e-03  3.001e-03
0 2 3 0 3 e   7125.777246207  7125.777332555  4.971e-04  6.000e-04  6.000e-04
0 2 3 2 7 e   7125.984174825  7125.984311112  2.259e-04  5.036e-03  7.096e-03
3 0 2 0 49 e   7126.736869295  7126.736867546  2.124e-05  1.000e-03  1.002e-03
0 2 3 0 4 e   7127.377125617  7127.377125617  3.732e-08  1.000e-03  1.000e-03
1 0 3 0 28 e   7127.692505251  7127.692505310  2.272e-07  1.000e-01  1.000e-01
3 5 1 1 7 e   7127.767879153  7127.767879306  7.208e-07  2.000e-03  2.000e-03
3 5 1 1 7 f   7127.805081047  7127.805081200  7.208e-07  2.000e-03  2.000e-03
0 2 3 2 8 e   7129.185658102  7129.185794401  2.259e-04  5.036e-03  7.096e-03
3 1 2 1 3 f   7129.284778408  7129.284778470  9.716e-07  2.000e-03  2.000e-03
0 2 3 0 5 e   7129.377197065  7129.377209463  6.826e-05  6.000e-04  6.000e-04
0 2 3 0 6 e   7131.777138719  7131.777118099  3.398e-04  1.000e-03  1.000e-03
5 1 1 1 43 e   7132.130880748  7132.130877014  1.173e-05  3.000e-03  3.000e-03
0 2 3 2 9 e   7132.785957752  7132.786091235  2.234e-04  5.036e-03  7.096e-03
0 2 3 2 9 f   7132.786136025  7132.786272312  2.259e-04  5.036e-03  7.096e-03
3 1 2 1 5 e   7132.873769153  7132.873769306  7.208e-07  2.000e-03  2.000e-03
3 1 2 1 5 f   7132.882948408  7132.882948470  9.716e-07  2.000e-03  2.000e-03
1 4 2 0 27 e   7132.902217240  7132.902217298  2.269e-07  1.000e-03  1.000e-03
0 2 3 0 7 e   7134.578357774  7134.578357819  2.191e-07  1.000e-03  1.000e-03
0 0 3 0 71 e   7134.863312626  7134.863366225  3.987e-04  2.091e-04  1.610e-03
4 2 1 2 59 e   7135.198744615  7135.198800022  3.992e-04  5.000e-03  5.053e-03
0 2 3 0 8 e   7137.777227677  7137.777187600  3.369e-04  6.000e-04  6.000e-04
3 5 1 1 10 e   7138.628314256  7138.628314418  7.509e-07  2.000e-03  2.000e-03
3 5 1 1 10 f   7138.699771369  7138.699771529  7.507e-07  2.000e-03  2.000e-03
1 0 3 0 29 e   7139.229220940  7139.229220997  2.267e-07  1.000e-01  1.000e-01
4 2 1 0 59 e   7139.667606652  7139.667661716  4.003e-04  2.001e-03  2.052e-03
0 2 3 2 11 e   7141.187773715  7141.187910079  2.262e-04  5.036e-03  7.096e-03
0 2 3 0 9 e   7141.378204774  7141.378204819  2.191e-07  1.000e-03  1.000e-03
1 4 2 0 28 e   7144.158189197  7144.158189255  2.272e-07  1.000e-03  1.000e-03
0 2 3 0 10 e   7145.377488175  7145.377501227  5.578e-04  6.000e-04  6.000e-04
3 4 1 0 51 e   7145.402007092  7145.402001301  1.792e-05  1.000e-03  1.002e-03
0 2 3 2 12 e   7145.988697601  7145.988833938  2.261e-04  5.036e-03  7.096e-03
0 2 3 2 12 f   7145.989156751  7145.989293088  2.261e-04  5.036e-03  7.096e-03
3 0 2 0 50 e   7146.586230729  7146.586233859  3.902e-05  1.000e-03  1.002e-03
4 3 1 1 33 e   7147.091259746  7147.091257976  5.326e-06  1.000e-03  1.000e-03
4 3 1 1 33 f   7147.751591315  7147.751591178  2.844e-06  1.000e-03  1.000e-03
0 2 3 0 11 e   7149.777209386  7149.777228385  2.381e-04  6.000e-04  6.000e-04
5 1 1 1 44 f   7150.228145246  7150.228144419  5.844e-06  3.000e-03  3.000e-03
0 2 3 2 13 e   7151.189156308  7151.189292673  2.260e-04  5.036e-03  7.096e-03
1 0 3 0 30 e   7151.191165386  7151.191165444  2.263e-07  1.000e-01  1.000e-01
3 5 1 1 13 e   7153.105487502  7153.105487772  9.021e-07  2.000e-03  2.000e-03
0 2 3 0 12 e   7154.577781774  7154.577772727  2.926e-04  1.000e-03  1.000e-03
1 4 2 0 29 e   7155.816779591  7155.816779650  2.272e-07  1.000e-03  1.000e-03
0 2 3 2 14 e   7156.790428030  7156.790565078  2.425e-04  5.036e-03  7.096e-03
0 2 3 2 14 f   7156.791071289  7156.791207654  2.262e-04  5.036e-03  7.096e-03
3 5 1 1 14 f   7158.874058250  7158.874058325  6.019e-07  1.000e-03  1.000e-03
0 2 3 0 13 e   7159.777223364  7159.777295149  3.920e-04  6.000e-04  6.000e-04
6 0 1 0 18 e   7161.922033276  7161.922036274  1.369e-05  3.000e-03  3.001e-03
0 2 3 2 15 e   7162.791139924  7162.791248673  2.609e-04  5.036e-03  7.096e-03
3 1 2 1 13 e   7163.196071512  7163.196071675  7.482e-07  2.000e-03  2.000e-03
0 0 3 0 72 e   7163.484099933  7163.484153730  3.986e-04  2.092e-04  1.658e-03
1 0 3 0 31 e   7163.518306312  7163.518306370  2.263e-07  1.000e-01  1.000e-01
0 2 3 0 14 e   7165.376676663  7165.376678522  1.950e-05  6.000e-04  6.000e-04
3 0 2 0 51 e   7166.833098091  7166.833099502  3.356e-05  1.001e-03  1.003e-03
1 4 2 0 30 e   7167.877427251  7167.877427310  2.272e-07  1.000e-03  1.000e-03
0 2 3 2 16 e   7169.191740394  7169.191876748  2.259e-04  5.036e-03  7.096e-03
0 2 3 2 16 f   7169.192219207  7169.192355561  2.259e-04  5.036e-03  8.681e-03
3 5 1 1 16 e   7171.202182904  7171.202183295  1.441e-06  2.000e-03  2.000e-03
0 2 3 0 15 e   7171.376662441  7171.376679354  1.990e-04  6.000e-04  6.000e-04
3 5 1 1 16 f   7171.379746583  7171.379746652  4.359e-07  1.000e-03  1.000e-03
3 1 2 1 15 e   7174.765568406  7174.765568808  1.205e-06  2.000e-03  2.000e-03
4 3 1 1 35 e   7174.772239098  7174.772237352  5.052e-06  1.000e-03  1.000e-03
3 1 2 1 15 f   7174.849774707  7174.849774838  4.446e-07  2.000e-03  2.000e-03
0 2 3 2 17 e   7175.992935042  7175.993043070  3.012e-04  5.036e-03  7.096e-03
0 2 3 2 17 f   7176.183605906  7176.183714655  2.609e-04  5.036e-03  7.096e-03
1 0 3 0 32 e   7176.240610313  7176.240610371  2.263e-07  1.000e-01  1.000e-01
0 2 3 0 16 e   7177.776680237  7177.776691278  8.776e-05  6.000e-04  6.000e-04
1 4 2 0 31 e   7180.338573940  7180.338573997  2.267e-07  1.000e-03  1.000e-03
0 2 3 2 18 e   7183.193488312  7183.193599228  3.009e-04  5.036e-03  7.096e-03
0 2 3 2 18 f   7183.194312917  7183.194424561  2.989e-04  5.036e-03  7.096e-03
0 2 3 0 17 e   7184.576371595  7184.576365091  9.496e-05  1.000e-03  1.000e-03
3 5 1 1 18 e   7185.275641275  7185.275641812  2.432e-06  2.000e-03  2.000e-03
3 5 1 1 18 f   7185.498831100  7185.498831263  4.765e-07  1.000e-03  1.000e-03
6 0 1 0 21 e   7185.671996338  7185.671995778  8.292e-06  3.000e-03  3.001e-03
5 1 1 1 46 f   7186.487372647  7186.487366629  1.865e-05  5.000e-03  5.000e-03
3 0 2 0 52 e   7187.476214020  7187.476223447  4.326e-05  1.001e-03  1.004e-03
3 4 1 0 53 e   7187.700294356  7187.700290969  3.104e-05  2.000e-03  2.001e-03
1 0 3 0 33 e   7189.378043031  7189.378043089  2.263e-07  1.000e-01  1.000e-01
4 3 1 1 36 f   7189.990154794  7189.990154212  2.683e-06  2.000e-03  2.000e-03
0 2 3 0 18 e   7191.774740253  7191.774772996  2.572e-04  6.000e-04  6.000e-04
0 2 3 0 19 e   7199.374229630  7199.374229692  2.260e-07  1.000e-03  1.000e-03
3 5 1 1 20 f   7201.228644991  7201.228645200  8.742e-07  1.000e-03  1.000e-03
3 1 2 1 19 e   7202.694940735  7202.694941016  3.346e-06  1.000e-03  1.000e-03
3 1 2 1 19 f   7202.829136769  7202.829136946  4.896e-07  1.000e-03  1.000e-03
5 0 1 0 68 e   7203.901656575  7203.901711850  3.999e-04  2.001e-03  2.375e-03
5 1 1 1 47 e   7204.525391568  7204.525382619  2.159e-05  3.000e-03  3.000e-03
4 3 1 1 37 f   7204.876020154  7204.876019200  4.132e-06  2.000e-03  2.000e-03
5 1 1 1 47 f   7205.201359708  7205.201350952  2.146e-05  5.000e-03  5.000e-03
4 6 0 0 62 e   7206.621464572  7206.621519898  4.016e-04  4.000e-03  4.086e-03
0 2 3 0 20 e   7207.373269984  7207.373271697  5.035e-05  1.000e-03  1.000e-03
3 0 2 0 53 e   7208.515181823  7208.515188717  4.100e-05  1.001e-03  1.005e-03
4 2 1 2 62 e   7208.835816236  7208.835868657  4.001e-04  5.000e-03  5.100e-03
3 5 1 1 21 e   7209.398712307  7209.398712986  2.871e-06  2.000e-03  2.000e-03
4 2 1 0 62 e   7213.411334572  7213.411389898  4.016e-04  3.001e-03  3.113e-03
0 2 3 0 21 e   7215.772001469  7215.772014395  1.521e-04  6.000e-04  6.000e-04
0 2 3 2 22 f   7215.996210964  7215.996069491  1.744e-03  5.036e-03  7.096e-03
3 1 2 1 21 f   7219.218049843  7219.218050109  6.827e-07  1.000e-03  1.000e-03
4 3 1 1 38 e   7219.295301725  7219.295300866  3.058e-06  1.000e-03  1.000e-03
0 0 3 0 74 e   7221.913286332  7221.913340177  3.986e-04  2.092e-04  1.751e-03
6 0 1 0 25 e   7222.875029067  7222.875030199  8.139e-06  3.000e-03  3.001e-03
0 2 3 0 22 e   7224.570622016  7224.570698925  3.475e-04  6.000e-04  6.000e-04
0 2 3 2 23 f   7225.196299924  7225.196147934  6.341e-04  5.036e-03  7.096e-03
3 1 2 1 22 e   7227.831475592  7227.831475499  2.375e-06  1.000e-03  1.000e-03
3 5 1 1 23 f   7227.846649214  7227.846649259  1.452e-06  1.000e-03  1.000e-03
3 0 2 0 54 e   7229.958891333  7229.958894759  3.632e-05  5.000e-02  5.000e-02
1 0 3 0 36 e   7231.100753808  7231.100753867  2.264e-07  1.000e-01  1.000e-01
0 2 3 0 23 e   7233.768705291  7233.768709263  1.231e-04  6.000e-04  6.000e-04
4 3 1 1 39 f   7235.843313723  7235.843312673  4.542e-06  2.000e-03  2.000e-03
3 5 1 1 24 e   7237.136991513  7237.136991527  1.703e-06  2.000e-03  2.000e-03
3 1 2 1 23 f   7237.206917985  7237.206918130  1.088e-06  1.000e-03  1.000e-03
5 1 1 1 49 e   7243.107251568  7243.107242619  2.159e-05  3.000e-03  3.000e-03
0 2 3 0 24 e   7243.367061964  7243.367071376  3.088e-04  1.000e-03  1.000e-03
1 0 3 0 37 e   7245.878336557  7245.878336616  2.262e-07  1.000e-01  1.000e-01
3 5 1 1 25 f   7247.602664874  7247.602664977  1.449e-06  1.000e-03  1.000e-03
5 2 1 0 4 e   7249.741870699  7249.741870160  2.482e-06  5.000e-03  5.000e-03
4 3 1 1 40 e   7250.979998392  7250.979998452  3.916e-06  1.000e-03  1.000e-03
3 0 2 0 55 e   7251.789341845  7251.789345433  3.637e-05  5.000e-02  5.000e-02
0 2 3 0 25 e   7253.365204163  7253.365197026  1.039e-04  1.000e-03  1.000e-03
5 2 1 0 6 e   7254.139108902  7254.139108367  2.460e-06  3.000e-03  3.001e-03
3 4 1 0 56 e   7254.166281333  7254.166284759  3.632e-05  2.000e-03  2.003e-03
6 0 1 0 28 e   7254.931039620  7254.931043711  2.386e-05  3.000e-03  3.001e-03
3 1 2 1 25 e   7256.560862985  7256.560863198  2.096e-06  1.000e-03  1.000e-03
3 1 2 1 25 f   7256.796644874  7256.796644977  1.449e-06  1.000e-03  1.000e-03
4 6 0 0 64 e   7257.638337960  7257.638393274  3.999e-04  4.000e-03  4.163e-03
1 0 3 0 38 e   7260.950860350  7260.950860409  2.262e-07  1.000e-01  1.000e-01
5 1 1 1 50 e   7262.990699465  7262.990689990  1.950e-05  3.000e-03  3.000e-03
0 2 3 0 26 e   7263.762723197  7263.762723255  2.272e-07  1.000e-03  1.000e-03
0 2 3 2 27 e   7265.990603563  7265.990669386  4.147e-04  5.036e-03  7.096e-03
0 2 3 2 27 f   7265.994271863  7265.994321492  5.093e-04  5.036e-03  7.096e-03
4 3 1 1 41 f   7268.412553723  7268.412552673  4.542e-06  2.000e-03  2.000e-03
3 5 1 1 27 e   7268.486658247  7268.486657860  2.830e-06  2.000e-03  2.000e-03
3 0 2 0 56 e   7274.006180163  7274.006240999  3.988e-04  1.001e-03  1.084e-03
0 2 3 0 27 e   7274.559592468  7274.559578704  2.256e-04  6.000e-04  6.000e-04
1 0 3 0 39 e   7276.428284602  7276.428284661  2.262e-07  1.000e-01  1.000e-01
5 2 1 0 12 e   7276.901572508  7276.901572216  2.874e-06  2.000e-03  2.001e-03
6 0 1 0 30 e   7278.282411816  7278.282411353  6.049e-06  3.000e-03  3.001e-03
3 5 1 1 28 f   7280.255410389  7280.255410563  1.280e-06  1.000e-03  1.000e-03
0 0 3 0 76 e   7281.924135531  7281.924189414  3.986e-04  2.092e-04  1.839e-03
4 3 1 1 42 e   7284.262788392  7284.262788452  3.916e-06  1.000e-03  1.000e-03
0 2 3 0 28 e   7285.756420724  7285.756421896  2.543e-04  1.000e-03  1.000e-03
5 0 1 0 71 e   7287.114314659  7287.114368044  3.988e-04  2.001e-03  2.474e-03
0 2 3 2 29 e   7288.786790157  7288.786846792  4.207e-04  5.036e-03  7.096e-03
0 2 3 2 29 f   7288.791211357  7288.791272338  5.925e-04  5.036e-03  7.096e-03
3 1 2 1 28 e   7288.881474666  7288.881474438  1.760e-06  1.000e-03  1.000e-03
3 1 2 1 28 f   7289.181485678  7289.181485883  1.193e-06  2.000e-03  2.000e-03
3 5 1 1 29 e   7291.393564864  7291.393564040  3.922e-06  2.000e-03  2.000e-03
1 0 3 0 40 e   7292.340567608  7292.340567667  2.263e-07  1.000e-01  1.000e-01
5 2 1 0 15 e   7293.674027582  7293.674027816  3.538e-06  1.001e-03  1.002e-03
3 0 2 0 57 e   7296.637586652  7296.637641716  4.003e-04  5.000e-02  5.000e-02
0 2 3 0 29 e   7297.352789235  7297.352786852  9.545e-05  6.000e-04  6.000e-04
3 4 1 0 58 e   7300.487617050  7300.487672096  4.003e-04  2.001e-03  2.091e-03
0 2 3 2 30 f   7300.790417526  7300.790420011  6.940e-04  5.036e-03  7.096e-03
6 0 1 0 32 e   7303.209479850  7303.209480601  7.844e-06  3.000e-03  3.001e-03
3 5 1 1 30 f   7304.033295678  7304.033295883  1.193e-06  1.000e-03  1.000e-03
1 0 3 0 41 e   7308.627666626  7308.627666685  2.265e-07  1.000e-01  1.000e-01
0 2 3 0 30 e   7309.348596201  7309.348611932  1.375e-04  6.000e-04  6.000e-04
0 0 3 0 77 e   7312.522002174  7312.522056077  3.986e-04  2.092e-04  1.882e-03
0 2 3 2 31 e   7313.181775013  7313.181794353  4.584e-04  5.036e-03  7.096e-03
0 2 3 2 31 f   7313.187305156  7313.187350905  5.489e-04  5.036e-03  7.096e-03
5 0 1 0 72 e   7315.640589933  7315.640643730  3.986e-04  2.001e-03  2.568e-03
4 3 1 1 44 e   7319.143463674  7319.143462793  5.934e-06  2.000e-03  2.000e-03
3 0 2 0 58 e   7319.656007050  7319.656062096  4.003e-04  5.000e-02  5.000e-02
5 2 1 0 19 e   7321.625794514  7321.625796465  8.681e-06  1.001e-03  1.002e-03
0 2 3 0 31 e   7321.744257822  7321.744260586  7.380e-05  6.000e-04  6.000e-04
3 4 1 0 59 e   7324.254794615  7324.254850022  3.992e-04  2.001e-03  2.129e-03
3 1 2 1 31 e   7324.798424175  7324.798423317  4.613e-06  1.000e-03  1.000e-03
1 0 3 0 42 e   7325.349537824  7325.349537882  2.265e-07  1.000e-01  1.000e-01
3 5 1 1 32 e   7328.761538635  7328.761538407  2.389e-06  2.000e-03  2.000e-03
3 5 1 1 32 f   7329.419360659  7329.419360558  1.719e-06  1.000e-03  1.000e-03
6 0 1 0 34 e   7329.721136060  7329.721135983  3.043e-06  3.000e-03  3.000e-03
0 2 3 0 32 e   7334.538931284  7334.538932074  4.122e-05  6.000e-04  6.000e-04
4 6 0 0 67 e   7337.149667365  7337.149722661  3.999e-04  5.000e-03  5.146e-03
4 3 1 1 45 e   7337.185446433  7337.185440695  1.761e-05  2.000e-03  2.000e-03
5 2 1 0 21 e   7337.996446338  7337.996445778  8.292e-06  1.001e-03  1.002e-03
4 3 1 1 45 f   7338.367346541  7338.367340868  1.780e-05  2.000e-03  2.000e-03
1 0 3 0 43 e   7342.406140654  7342.406139025  1.367e-05  1.000e-01  1.000e-01
3 0 2 0 59 e   7343.060357790  7343.060417517  3.974e-04  1.002e-03  1.237e-03
0 0 3 0 78 e   7343.515527605  7343.515581625  3.986e-04  2.092e-04  1.923e-03
0 2 3 0 33 e   7347.733649987  7347.733672618  8.511e-05  6.000e-04  6.000e-04
3 4 1 0 60 e   7348.418344572  7348.418399898  4.016e-04  2.001e-03  2.166e-03
3 1 2 1 33 f   7351.163684064  7351.163684162  2.282e-06  2.000e-03  2.000e-03
4 3 1 1 46 e   7355.625650176  7355.625644063  1.848e-05  2.000e-03  2.000e-03
3 5 1 1 34 e   7355.677558392  7355.677558165  2.830e-06  2.000e-03  2.000e-03
6 0 1 0 36 e   7357.811436060  7357.811435983  3.043e-06  3.000e-03  3.000e-03
0 2 3 0 34 e   7361.327598209  7361.327621811  1.391e-04  6.000e-04  6.000e-04
3 1 2 1 34 e   7364.309798392  7364.309798165  2.830e-06  1.000e-03  1.000e-03
0 2 3 2 35 e   7366.763564140  7366.763178538  9.288e-04  5.036e-03  7.096e-03
0 2 3 2 35 f   7366.773047885  7366.773045245  9.361e-05  5.036e-03  7.096e-03
3 0 2 0 60 e   7366.878394572  7366.878449898  4.016e-04  5.000e-02  5.001e-02
3 5 1 1 35 f   7370.506140029  7370.506139257  3.569e-06  1.000e-03  1.000e-03
6 0 1 0 37 e   7372.448064871  7372.448065403  5.051e-06  3.000e-03  3.000e-03
3 4 1 0 61 e   7372.983819291  7372.983873039  3.996e-04  3.001e-03  3.138e-03
4 3 1 1 47 e   7374.462451568  7374.462442619  2.159e-05  5.000e-03  5.000e-03
0 0 3 0 79 e   7374.904642778  7374.904696736  3.996e-04  2.093e-04  1.965e-03
0 2 3 0 35 e   7375.321836031  7375.321836089  2.263e-07  1.000e-03  1.000e-03
5 2 1 0 25 e   7375.529359301  7375.529359382  2.346e-06  1.001e-03  1.002e-03
4 3 1 1 47 f   7375.743109708  7375.743100952  2.146e-05  3.000e-03  3.000e-03
3 1 2 1 35 f   7378.766221315  7378.766221178  2.844e-06  2.000e-03  2.000e-03
3 5 1 1 36 e   7384.195201082  7384.195200163  3.191e-06  2.000e-03  2.000e-03
0 2 3 0 36 e   7389.714264867  7389.714273670  2.978e-04  6.000e-04  6.000e-04
3 0 2 0 61 e   7391.081229291  7391.081283039  3.996e-04  5.000e-02  5.001e-02
4 3 1 1 48 f   7395.034204722  7395.034195252  1.945e-05  3.000e-03  3.001e-03
0 2 3 2 37 e   7395.950627369  7395.950250835  9.123e-04  5.036e-03  7.096e-03
0 2 3 2 37 f   7395.962264081  7395.962269668  9.273e-05  5.036e-03  7.096e-03
5 2 1 0 27 e   7396.690316364  7396.690317338  4.365e-06  1.001e-03  1.002e-03
6 0 1 0 39 e   7402.911610846  7402.911624110  1.820e-03  3.000e-03  3.000e-03
5 0 1 0 75 e   7403.583943571  7403.583997382  3.986e-04  3.001e-03  3.428e-03
0 2 3 0 37 e   7404.506145989  7404.506126752  2.466e-04  6.000e-04  6.000e-04
0 0 3 0 80 e   7406.689251104  7406.689305228  3.986e-04  6.031e-04  2.054e-03
3 1 2 1 37 e   7407.416621495  7407.416620363  4.616e-06  1.000e-03  1.000e-03
3 1 2 1 37 f   7407.969290154  7407.969289200  4.132e-06  2.000e-03  2.000e-03
0 2 3 2 38 f   7411.156079395  7411.155984701  4.553e-04  5.054e-03  1.004e-02
4 3 1 1 49 e   7413.340496244  7413.340487599  2.192e-05  5.000e-03  5.000e-03
3 5 1 1 38 e   7414.312591725  7414.312590866  3.058e-06  2.000e-03  2.000e-03
3 5 1 1 38 f   7415.197584794  7415.197584212  2.683e-06  1.000e-03  1.000e-03
3 0 2 0 62 e   7415.678756236  7415.678808657  4.001e-04  5.000e-02  5.001e-02
0 2 3 0 38 e   7419.697922075  7419.697884320  1.906e-04  6.000e-04  6.000e-04
3 1 2 1 38 f   7423.175876705  7423.175876023  2.668e-06  2.000e-03  2.000e-03
5 2 1 0 30 e   7431.423497435  7431.423492299  2.915e-05  1.001e-03  1.002e-03
0 2 3 0 39 e   7435.288190519  7435.288224483  2.160e-04  6.000e-04  6.000e-04
0 0 3 0 81 e   7438.867815887  7438.867870229  3.987e-04  6.032e-04  2.093e-03
3 0 2 0 63 e   7440.670275643  7440.670338688  3.995e-04  1.002e-03  1.473e-03
0 2 3 2 40 e   7442.725743296  7442.726111129  2.512e-03  5.036e-03  7.096e-03
0 2 3 2 40 f   7442.746268395  7442.746173701  4.553e-04  5.036e-03  7.096e-03
3 4 1 0 64 e   7449.100747960  7449.100803274  3.999e-04  3.001e-03  3.214e-03
0 2 3 0 40 e   7451.278310350  7451.278310409  2.262e-07  1.000e-03  1.000e-03
4 3 1 1 51 e   7453.821136244  7453.821127599  2.192e-05  5.000e-03  5.000e-03
3 1 2 1 40 f   7454.790064458  7454.790064510  3.638e-06  2.000e-03  2.000e-03
5 2 1 0 32 e   7456.575679850  7456.575680601  7.844e-06  2.000e-03  2.001e-03
3 5 1 1 41 e   7462.488487271  7462.488487568  7.022e-06  2.000e-03  2.000e-03
3 0 2 0 64 e   7466.072517960  7466.072573274  3.999e-04  5.000e-02  5.001e-02
0 2 3 0 41 e   7467.667596792  7467.667555896  1.580e-04  6.001e-04  6.001e-04
1 1 3 1 7 e   7468.587320458  7468.587320599  6.425e-07  1.000e-03  1.000e-03
3 1 2 1 41 e   7470.493197271  7470.493197568  7.022e-06  1.000e-03  1.000e-03
1 1 3 1 8 e   7471.772203727  7471.772203799  6.122e-07  1.000e-03  1.000e-03
4 0 2 0 3 e   7474.556621794  7474.556621254  2.509e-06  2.000e-03  2.001e-03
1 1 3 1 9 e   7475.356939268  7475.356939348  6.276e-07  1.000e-03  1.000e-03
4 0 2 0 5 e   7478.126021794  7478.126021254  2.509e-06  1.001e-03  1.002e-03
3 5 1 1 42 f   7480.384165246  7480.384164419  5.844e-06  1.000e-03  1.000e-03
4 0 2 0 6 e   7480.501860699  7480.501860160  2.482e-06  1.001e-03  1.002e-03
4 0 2 0 7 e   7483.276703808  7483.276703272  2.462e-06  1.001e-03  1.002e-03
5 2 1 0 34 e   7483.323946060  7483.323945983  3.043e-06  2.000e-03  2.001e-03
1 1 3 1 11 f   7483.756302276  7483.756302440  7.482e-07  1.000e-03  1.000e-03
0 2 3 0 42 e   7484.455695716  7484.455711354  2.578e-04  1.000e-03  1.000e-03
4 0 2 0 9 e   7490.011561355  7490.011561053  2.713e-06  1.001e-03  1.002e-03
3 0 2 0 65 e   7491.848340296  7491.848400190  3.992e-04  1.002e-03  1.575e-03
0 2 3 2 43 f   7493.112218538  7493.112250986  2.328e-04  7.167e-03  1.332e-02
4 0 2 0 10 e   7493.973145712  7493.973145443  2.778e-06  1.001e-03  1.002e-03
5 0 1 0 78 e   7495.073685531  7495.073739414  3.986e-04  4.000e-03  4.385e-03
4 3 1 1 53 f   7497.492331222  7497.492328611  3.826e-05  3.000e-03  3.001e-03
4 0 2 0 11 e   7498.331453744  7498.331453451  2.859e-06  1.001e-03  1.002e-03
0 2 3 0 43 e   7501.643415626  7501.643415685  2.265e-07  1.000e-03  1.000e-03
3 4 1 0 66 e   7501.853637960  7501.853693274  3.999e-04  3.001e-03  3.214e-03
4 0 2 0 12 e   7503.088395712  7503.088395443  2.778e-06  1.001e-03  1.002e-03
6 0 1 0 45 e   7503.776525453  7503.776525066  9.276e-06  3.000e-03  3.000e-03
3 1 2 1 43 e   7504.434230748  7504.434227014  1.173e-05  1.000e-03  1.000e-03
3 1 2 1 43 f   7505.227308326  7505.227304959  1.143e-05  2.000e-03  2.000e-03
4 0 2 0 13 e   7508.237433744  7508.237433451  2.859e-06  1.001e-03  1.002e-03
4 0 2 0 14 e   7513.785365305  7513.785365015  2.879e-06  1.001e-03  1.002e-03
3 5 1 1 44 e   7514.257040176  7514.257034063  1.848e-05  2.000e-03  2.000e-03
3 0 2 0 66 e   7518.037226575  7518.037281850  3.999e-04  5.000e-02  5.002e-02
4 3 1 1 54 f   7519.184319183  7519.184205315  1.621e-03  3.000e-03  3.001e-03
0 2 3 0 44 e   7519.229068824  7519.229068882  2.265e-07  1.000e-03  1.000e-03
4 0 2 0 15 e   7519.728157582  7519.728157816  3.538e-06  1.001e-03  1.002e-03
3 1 2 1 44 e   7522.005770176  7522.005764063  1.848e-05  1.000e-03  1.000e-03
3 1 2 1 44 f   7522.847495711  7522.847489992  1.849e-05  2.000e-03  2.000e-03
4 0 2 0 16 e   7526.065595305  7526.065595015  2.879e-06  1.001e-03  1.002e-03
4 0 2 0 17 e   7532.801877582  7532.801877816  3.538e-06  1.001e-03  1.002e-03
3 5 1 1 45 f   7533.459706541  7533.459700868  1.780e-05  1.000e-03  1.001e-03
0 2 3 0 45 e   7537.216652654  7537.216651025  1.367e-05  1.000e-03  1.001e-03
0 0 3 0 84 e   7537.772200668  7537.772255489  3.989e-04  6.032e-04  2.204e-03
4 0 2 0 18 e   7539.933153276  7539.933156274  1.369e-05  1.001e-03  1.002e-03
6 0 1 0 47 e   7540.552939481  7540.552936621  1.629e-05  3.000e-03  3.001e-03
3 1 2 1 45 f   7540.869206541  7540.869200868  1.780e-05  2.000e-03  2.000e-03
3 0 2 0 67 e   7544.614121000  7544.614174413  3.989e-04  5.000e-02  5.002e-02
0 2 3 2 46 e   7547.049246379  7547.049187234  1.395e-03  5.036e-03  7.097e-03
4 0 2 0 20 e   7555.383837891  7555.383839508  7.982e-04  1.000e-03  1.000e-03
0 2 3 0 46 e   7555.599290255  7555.599254280  2.626e-04  1.000e-03  1.001e-03
3 1 2 1 46 e   7558.353000176  7558.352994063  1.848e-05  3.000e-03  3.000e-03
4 0 2 0 21 e   7563.703992646  7563.704068058  1.158e-03  1.000e-03  1.158e-03
1 1 3 1 23 e   7567.355257307  7567.355257986  2.871e-06  1.000e-03  1.000e-03
1 1 3 1 23 f   7567.503254099  7567.503196015  2.823e-04  1.000e-03  1.000e-03
3 5 1 1 47 e   7569.613441568  7569.613432619  2.159e-05  2.000e-03  2.001e-03
3 5 1 1 47 f   7570.831189708  7570.831180952  2.146e-05  2.000e-03  2.001e-03
0 0 3 0 85 e   7571.531058705  7571.531113631  3.989e-04  6.032e-04  2.239e-03
3 0 2 0 68 e   7571.579235426  7571.579288898  3.989e-04  2.001e-03  2.441e-03
0 2 3 0 47 e   7574.382986348  7574.382980452  1.797e-05  1.000e-03  1.001e-03
1 1 3 1 24 f   7577.073045544  7577.073045581  1.652e-06  1.000e-03  1.000e-03
3 1 2 1 47 e   7577.122816433  7577.122810695  1.761e-05  3.000e-03  3.000e-03
4 0 2 0 23 e   7581.530059301  7581.530059382  2.346e-06  1.001e-03  1.002e-03
1 1 3 1 25 f   7587.040913214  7587.040913259  1.452e-06  1.000e-03  1.000e-03
4 0 2 0 24 e   7591.038802403  7591.038803146  4.772e-06  1.001e-03  1.002e-03
0 2 3 0 48 e   7593.565938722  7593.565889255  3.509e-04  6.003e-04  6.012e-04
3 1 2 1 48 e   7596.299869465  7596.299859990  1.950e-05  3.000e-03  3.000e-03
3 1 2 1 48 f   7597.362604722  7597.362595252  1.945e-05  3.000e-03  3.001e-03
6 0 1 0 50 e   7598.682220217  7598.682216344  2.561e-05  3.000e-03  3.001e-03
3 0 2 0 69 e   7598.956644659  7598.956698044  3.988e-04  5.000e-02  5.002e-02
4 0 2 0 25 e   7600.941089301  7600.941089382  2.346e-06  1.001e-03  1.002e-03
5 2 1 0 42 e   7606.263396324  7606.263395456  7.836e-06  3.000e-03  3.000e-03
1 1 3 1 27 e   7607.971374710  7607.971374762  2.063e-06  1.000e-03  1.000e-03
1 1 3 1 27 f   7608.172907464  7608.172907688  1.514e-06  1.000e-03  1.000e-03
4 3 1 1 58 f   7609.948039039  7609.948077547  2.571e-04  3.000e-03  3.024e-03
4 0 2 0 26 e   7611.239565566  7611.239566621  9.226e-06  1.001e-03  1.002e-03
0 2 3 0 49 e   7613.146611036  7613.146570832  4.466e-04  1.000e-03  1.001e-03
3 1 2 1 49 f   7616.999250041  7616.999241371  2.171e-05  3.000e-03  3.001e-03
1 1 3 1 28 e   7619.120026997  7619.120026852  1.676e-06  1.000e-03  1.000e-03
1 1 3 1 28 f   7619.335140534  7619.335144484  4.156e-04  1.000e-03  1.000e-03
4 0 2 0 27 e   7621.933014802  7621.933035307  2.227e-04  1.000e-03  1.000e-03
3 2 2 2 7 e   7622.541669842  7622.541763349  1.029e-03  5.503e-03  1.155e-02
3 2 2 2 7 f   7622.541682574  7622.541776081  1.029e-03  5.503e-03  1.155e-02
3 0 2 0 70 e   7626.707845379  7626.707909022  4.029e-04  2.001e-03  2.505e-03
3 5 1 1 50 e   7628.551714120  7628.551712044  3.976e-05  2.000e-03  2.001e-03
3 5 1 1 50 f   7629.862947144  7629.862937758  2.146e-05  2.000e-03  2.001e-03
1 1 3 1 29 e   7630.665622247  7630.665621860  2.830e-06  1.000e-03  1.000e-03
1 1 3 1 29 f   7630.897104173  7630.897102009  4.382e-04  1.000e-03  1.000e-03
4 0 2 0 28 e   7633.024779620  7633.024783711  2.386e-05  1.001e-03  1.002e-03
0 2 3 0 50 e   7633.126711473  7633.126715289  1.344e-04  1.000e-03  1.001e-03
3 2 2 2 10 e   7633.348378102  7633.348514401  2.259e-04  5.385e-03  7.348e-03
3 1 2 1 50 e   7635.861129465  7635.861119990  1.950e-05  3.000e-03  3.000e-03
0 0 3 0 87 e   7640.227746081  7640.227801133  3.988e-04  8.024e-04  2.369e-03
1 1 3 1 30 e   7642.609465666  7642.609465438  1.760e-06  1.000e-03  1.000e-03
4 0 2 0 29 e   7644.510516364  7644.510517338  4.365e-06  1.001e-03  1.002e-03
3 2 2 2 13 e   7647.758047715  7647.758184079  2.262e-04  5.385e-03  7.348e-03
3 2 2 2 13 f   7647.758229978  7647.758366341  2.262e-04  5.385e-03  7.348e-03
0 2 3 0 51 e   7653.504594092  7653.504588301  1.792e-05  1.000e-03  1.002e-03
3 0 2 0 71 e   7654.876652626  7654.876706225  3.987e-04  5.000e-02  5.002e-02
1 1 3 1 31 f   7655.215027064  7655.215027162  2.282e-06  1.000e-03  1.000e-03
3 1 2 1 51 e   7656.239670815  7656.239665991  3.935e-05  3.000e-03  3.001e-03
4 0 2 0 30 e   7656.393111816  7656.393111353  6.049e-06  1.001e-03  1.002e-03
5 2 1 0 45 e   7658.948605453  7658.948605066  9.276e-06  3.000e-03  3.000e-03
3 2 2 2 15 e   7659.365726924  7659.365835673  2.609e-04  5.385e-03  7.348e-03
3 2 2 2 15 f   7659.366284906  7659.366393655  2.609e-04  5.385e-03  7.348e-03
1 1 3 1 32 f   7667.972379212  7667.972379260  1.342e-06  1.000e-03  1.000e-03
4 0 2 0 31 e   7668.670042069  7668.670043072  8.791e-06  1.001e-03  1.002e-03
3 5 1 1 52 e   7669.833002247  7669.832998924  2.022e-04  2.045e-03  2.090e-03
3 5 1 1 52 f   7671.195067144  7671.195057758  2.146e-05  2.000e-03  2.001e-03
3 2 2 2 17 f   7672.572281281  7672.572389308  3.012e-04  5.385e-03  7.348e-03
0 2 3 0 52 e   7674.283916758  7674.283920064  3.624e-05  1.001e-03  1.004e-03
3 1 2 1 52 e   7677.030692247  7677.030688924  2.022e-04  3.030e-03  3.061e-03
1 1 3 1 33 f   7681.125227315  7681.125227178  2.844e-06  1.000e-03  1.000e-03
4 0 2 0 32 e   7681.343569850  7681.343570601  7.844e-06  1.001e-03  1.002e-03
3 0 2 0 72 e   7683.421711434  7683.421787317  4.135e-04  2.001e-03  2.568e-03
3 5 1 1 53 e   7691.065819892  7691.065823351  4.307e-05  2.001e-03  2.003e-03
4 0 2 0 33 e   7694.412212069  7694.412213072  8.791e-06  1.001e-03  1.002e-03
3 1 2 1 53 e   7698.212919892  7698.212923351  4.307e-05  3.000e-03  3.002e-03
3 2 2 2 21 e   7703.782643186  7703.782700321  3.194e-04  5.385e-03  7.348e-03
3 2 2 2 21 f   7703.790396924  7703.790244934  6.341e-04  5.385e-03  7.348e-03
4 0 2 0 34 e   7707.876746060  7707.876745983  3.043e-06  1.001e-03  1.001e-03
0 0 3 0 89 e   7710.503106991  7710.503162723  3.991e-04  1.002e-03  2.507e-03
3 0 2 0 73 e   7712.369521207  7712.369601589  3.993e-04  2.001e-03  2.598e-03
3 5 1 1 54 f   7714.106464437  7714.106466806  4.007e-05  2.001e-03  2.003e-03
0 2 3 0 54 e   7717.033764333  7717.033767759  3.632e-05  1.001e-03  1.006e-03
4 0 2 0 35 e   7721.736414871  7721.736415403  5.051e-06  1.001e-03  1.001e-03
3 2 2 2 23 e   7721.789076770  7721.789256550  4.324e-04  5.385e-03  7.348e-03
3 2 2 2 23 f   7721.795230240  7721.795261452  4.953e-04  5.385e-03  7.348e-03
3 2 2 2 24 f   7731.397899344  7731.397872922  7.254e-04  5.385e-03  7.348e-03
3 5 1 1 55 e   7734.730222940  7734.730226498  4.146e-05  2.001e-03  2.004e-03
4 0 2 0 36 e   7735.989453023  7735.989452363  7.746e-06  1.001e-03  1.001e-03
0 2 3 0 55 e   7739.006800876  7739.006804170  3.623e-05  1.001e-03  1.005e-03
3 1 2 1 55 f   7743.345605202  7743.345606187  4.012e-05  3.000e-03  3.002e-03
4 0 2 0 37 e   7750.641236877  7750.641237171  4.013e-06  1.001e-03  1.001e-03
3 5 1 1 56 f   7758.590524437  7758.590526806  4.007e-05  2.001e-03  2.003e-03
3 2 2 2 27 e   7762.592066563  7762.592132386  4.147e-04  5.385e-03  7.348e-03
3 2 2 2 27 f   7762.602240863  7762.602290492  5.093e-04  5.831e-03  7.681e-03
4 0 2 0 38 e   7765.687103023  7765.687102363  7.746e-06  1.001e-03  1.001e-03
3 0 2 0 75 e   7771.448209602  7771.448263467  3.986e-04  2.001e-03  2.659e-03
4 0 2 0 39 e   7781.127804814  7781.127804435  3.805e-06  1.001e-03  1.001e-03
3 5 1 1 57 f   7781.426247539  7781.426301297  3.997e-04  2.001e-03  2.091e-03
3 2 2 2 29 e   7785.392414013  7785.392433353  4.584e-04  5.831e-03  7.681e-03
3 2 2 2 29 f   7785.404712156  7785.404757905  5.489e-04  5.831e-03  7.681e-03
4 0 2 0 40 e   7796.964843131  7796.964845270  1.063e-05  1.001e-03  1.001e-03
3 2 2 2 30 e   7797.386859677  7797.387551686  2.045e-03  5.831e-03  7.681e-03
3 2 2 2 30 f   7797.402852940  7797.402853381  1.070e-03  5.831e-03  7.681e-03
2 4 2 0 2 e   7799.164614617  7799.164614617  3.732e-08  2.000e-03  2.000e-03
3 0 2 0 76 e   7801.581325531  7801.581379414  3.986e-04  5.000e-02  5.003e-02
3 5 1 1 58 e   7803.199040491  7803.198884957  1.057e-03  2.045e-03  2.347e-03
2 4 2 0 7 e   7809.202949774  7809.202949819  2.191e-07  1.000e-03  1.000e-03
2 0 3 0 0 e   7811.953333308  7811.953333308  1.298e-09  1.000e-03  1.000e-03
2 0 3 0 2 e   7813.143834617  7813.143834617  3.732e-08  1.000e-03  1.000e-03
2 4 2 0 9 e   7816.027785764  7816.027785809  2.188e-07  1.000e-03  1.000e-03
2 0 3 0 5 e   7817.903405969  7817.903406012  2.193e-07  1.000e-03  1.000e-03
3 2 2 2 32 e   7822.580183700  7822.580811394  2.096e-03  5.831e-03  7.681e-03
3 2 2 2 32 f   7822.598035562  7822.597996837  2.048e-04  5.831e-03  7.681e-03
2 0 3 0 7 e   7823.060226969  7823.060227012  2.193e-07  2.000e-03  2.000e-03
2 0 3 0 8 e   7826.233884102  7826.233857577  3.599e-04  1.000e-03  1.000e-03
2 4 2 0 12 e   7829.275348578  7829.275348636  2.255e-07  1.000e-03  1.000e-03
2 0 3 0 9 e   7829.804164769  7829.804173823  1.124e-04  2.000e-03  2.000e-03
4 0 2 0 42 e   7829.821006324  7829.821005456  7.836e-06  1.001e-03  1.001e-03
3 0 2 0 77 e   7832.113522174  7832.113576077  3.986e-04  5.000e-02  5.003e-02
2 0 3 0 10 e   7833.771404265  7833.771265142  1.643e-03  2.000e-03  2.000e-03
2 0 3 0 11 e   7838.133288896  7838.133252707  1.809e-04  1.000e-03  1.000e-03
2 0 3 0 12 e   7842.892554774  7842.892538839  6.234e-04  2.000e-03  2.000e-03
2 4 2 0 15 e   7846.136591560  7846.136591619  2.267e-07  1.000e-03  1.000e-03
2 0 3 0 13 e   7848.051680296  7848.051733552  1.902e-03  2.000e-03  2.000e-03
3 2 2 2 34 e   7849.370079225  7849.370563961  2.277e-03  5.831e-03  7.681e-03
3 2 2 2 34 f   7849.395152799  7849.395189409  2.246e-04  5.831e-03  7.681e-03
3 5 1 1 60 e   7850.834255214  7850.834099680  1.057e-03  3.030e-03  3.290e-03
3 5 1 1 60 f   7852.280696968  7852.280750723  3.997e-04  2.001e-03  2.164e-03
2 0 3 0 14 e   7853.601934330  7853.601598823  1.075e-03  1.000e-03  1.075e-03
2 4 2 0 17 e   7859.383221560  7859.383221619  2.267e-07  1.000e-03  1.000e-03
2 0 3 0 15 e   7859.552309214  7859.552259744  6.958e-04  2.000e-03  2.000e-03
2 0 3 0 16 e   7865.900009727  7865.900140207  7.127e-04  1.000e-03  1.000e-03
2 0 3 0 17 e   7872.642989595  7872.642952670  5.401e-04  2.000e-03  2.000e-03
3 2 2 2 36 f   7877.791315395  7877.791220701  4.553e-04  7.084e-03  1.120e-02
2 0 3 0 18 e   7879.783269210  7879.783258967  5.037e-05  2.000e-03  2.000e-03
2 4 2 0 20 e   7882.263258206  7882.263258266  2.268e-07  1.000e-03  1.000e-03
2 0 3 0 19 e   7887.320111633  7887.320466599  1.394e-03  1.000e-03  1.394e-03
3 2 2 2 37 e   7892.558023369  7892.557646835  9.123e-04  7.071e-03  8.660e-03
3 2 2 2 37 f   7892.589548081  7892.589553668  9.273e-05  7.071e-03  8.660e-03
3 0 2 0 79 e   7894.348512778  7894.348566736  3.996e-04  2.001e-03  2.776e-03
2 0 3 0 20 e   7895.251441484  7895.251438638  5.699e-04  2.000e-03  2.000e-03
3 5 1 1 62 e   7900.056508623  7900.056353089  1.057e-03  5.018e-03  5.210e-03
4 0 2 0 46 e   7900.272164490  7900.272158394  1.814e-05  1.001e-03  1.003e-03
3 5 1 1 62 f   7901.486036462  7901.486090214  3.997e-04  2.001e-03  2.230e-03
2 0 3 0 21 e   7903.582236536  7903.582415067  8.719e-04  1.000e-03  1.000e-03
3 2 2 2 38 e   7907.748676206  7907.749104968  2.336e-03  7.071e-03  8.660e-03
3 2 2 2 38 f   7907.784875395  7907.784780701  4.553e-04  7.084e-03  1.120e-02
2 4 2 0 23 e   7908.753925797  7908.753925856  2.275e-07  1.000e-03  1.000e-03
2 0 3 0 22 e   7912.308782648  7912.308826098  1.488e-03  2.000e-03  2.000e-03
4 0 2 0 47 e   7918.872442191  7918.872436213  1.784e-05  2.000e-03  2.001e-03
2 0 3 0 23 e   7921.431901039  7921.432051761  6.662e-04  1.000e-03  1.000e-03
3 5 1 1 63 e   7925.283645760  7925.283458323  9.820e-04  5.027e-03  5.220e-03
3 0 2 0 80 e   7926.060691104  7926.060745228  3.986e-04  3.001e-03  3.586e-03
3 5 1 1 63 f   7926.678599218  7926.678652982  3.993e-04  2.001e-03  2.308e-03
2 0 3 0 24 e   7930.952654464  7930.952655159  6.990e-04  2.000e-03  2.000e-03
4 0 2 0 48 e   7937.863213742  7937.863207984  1.772e-05  1.001e-03  1.003e-03
3 2 2 2 40 e   7939.345645375  7939.345431222  1.603e-02  7.071e-03  2.267e-02
3 2 2 2 40 f   7939.367507908  7939.367490368  5.510e-04  7.084e-03  1.120e-02
2 0 3 0 25 e   7940.868136163  7940.868132676  2.145e-04  2.000e-03  2.000e-03
3 1 2 1 64 e   7949.066250006  7949.066062643  9.820e-04  3.045e-03  3.377e-03
2 4 2 0 27 e   7949.690519591  7949.690519650  2.272e-07  1.000e-03  1.000e-03
2 0 3 0 26 e   7951.182707231  7951.182797468  5.185e-04  1.000e-03  1.000e-03
4 0 2 0 49 e   7957.247680226  7957.247676656  2.525e-05  1.001e-03  1.004e-03
3 0 2 0 81 e   7958.172415740  7958.172530091  4.935e-04  3.001e-03  3.608e-03
1 2 3 0 1 e   7958.438648857  7958.438648857  3.716e-08  1.000e-03  1.000e-03
1 2 3 0 2 e   7959.237074617  7959.237074617  3.732e-08  1.000e-03  1.000e-03
2 12 0 0 4 e   7961.341232626  7961.341232665  2.163e-07  4.000e-03  4.000e-03
2 0 3 0 27 e   7961.892206866  7961.892348028  1.057e-03  1.000e-03  1.057e-03
1 2 3 0 4 e   7962.036424617  7962.036424617  3.732e-08  1.000e-03  1.000e-03
1 2 3 0 5 e   7964.037047431  7964.037047430  3.977e-08  1.000e-03  1.000e-03
2 12 0 0 6 e   7965.825560813  7965.825560857  2.196e-07  4.000e-03  4.000e-03
1 2 3 0 6 e   7966.436482626  7966.436482665  2.163e-07  1.000e-03  1.000e-03
2 12 0 0 7 e   7968.673527871  7968.673518763  8.753e-04  2.000e-03  2.000e-03
1 2 3 0 7 e   7969.234899774  7969.234899819  2.191e-07  1.000e-03  1.000e-03
2 12 0 0 8 e   7971.930954560  7971.930954605  2.192e-07  2.000e-03  2.000e-03
1 2 3 0 8 e   7972.438162687  7972.438141908  1.561e-04  1.000e-03  1.000e-03
3 2 2 2 42 e   7972.514985375  7972.514771222  1.603e-02  7.071e-03  2.267e-02
3 2 2 2 42 f   7972.547947908  7972.547930368  5.510e-04  7.084e-03  1.120e-02
2 0 3 0 28 e   7973.000084724  7973.000086909  9.345e-05  2.000e-03  2.000e-03
2 12 0 0 9 e   7975.590289774  7975.590289819  2.191e-07  1.000e-03  1.000e-03
1 2 3 0 9 e   7976.042295764  7976.042295809  2.188e-07  1.000e-03  1.000e-03
4 0 2 0 50 e   7977.025930217  7977.025926344  2.561e-05  1.001e-03  1.004e-03
3 5 1 1 65 f   7978.245965804  7978.246020963  4.010e-04  2.001e-03  2.376e-03
2 12 0 0 10 e   7979.654082970  7979.654083016  2.187e-07  1.000e-03  1.000e-03
1 2 3 0 10 e   7980.052428765  7980.052348817  4.889e-04  1.000e-03  1.000e-03
2 12 0 0 11 e   7984.117674723  7984.117674770  2.184e-07  1.000e-03  1.000e-03
1 2 3 0 11 e   7984.468220243  7984.468186056  6.956e-04  1.000e-03  1.000e-03
2 0 3 0 29 e   7984.502591715  7984.502649083  7.404e-04  1.000e-03  1.000e-03
2 12 0 0 12 e   7988.972885774  7988.972897086  2.887e-04  1.000e-03  1.000e-03
1 2 3 0 12 e   7989.301900774  7989.301932243  4.571e-04  1.000e-03  1.000e-03
3 0 2 0 82 e   7990.676753855  7990.676846580  4.194e-04  3.001e-03  3.630e-03
1 2 3 0 13 e   7994.212937796  7994.212951082  3.156e-04  1.000e-03  1.000e-03
2 12 0 0 13 e   7994.553600869  7994.553600926  2.254e-07  2.000e-03  2.000e-03
2 0 3 0 30 e   7996.403353819  7996.403377964  5.996e-04  2.000e-03  2.000e-03
2 4 2 0 31 e   7997.040350940  7997.040350997  2.267e-07  1.000e-03  1.000e-03
4 0 2 0 51 e   7997.198607422  7997.198608084  3.161e-05  1.001e-03  1.005e-03
1 2 3 0 14 e   7999.839237081  7999.839237138  2.250e-07  1.000e-03  1.000e-03
2 12 0 0 14 e   8000.232912829  8000.232904718  7.681e-04  2.000e-03  2.000e-03
1 2 3 0 15 e   8005.851331560  8005.851331619  2.267e-07  1.000e-03  1.000e-03
2 12 0 0 15 e   8006.327740869  8006.327740926  2.254e-07  5.000e-03  5.000e-03
2 0 3 0 31 e   8008.701046312  8008.701046370  2.263e-07  2.000e-03  2.000e-03
1 2 3 0 16 e   8012.254267081  8012.254267138  2.250e-07  1.000e-03  1.000e-03
4 0 2 0 52 e   8017.763427514  8017.763429131  3.328e-05  1.002e-03  1.005e-03
1 2 3 0 17 e   8019.050681560  8019.050681619  2.267e-07  1.000e-03  1.000e-03
2 12 0 0 17 e   8019.771901560  8019.771901619  2.267e-07  5.000e-03  5.000e-03
2 0 3 0 32 e   8021.394505913  8021.394625351  5.422e-04  1.000e-03  1.000e-03
1 2 3 0 18 e   8026.244627656  8026.244627717  2.262e-07  1.000e-03  1.000e-03
2 0 3 0 33 e   8034.484734031  8034.484734089  2.263e-07  2.000e-03  2.000e-03
2 4 2 0 34 e   8036.761719012  8036.761719070  2.264e-07  1.000e-03  1.000e-03
4 0 2 0 53 e   8038.713680375  8038.713684212  3.925e-05  2.001e-03  2.004e-03
1 2 3 0 20 e   8041.823968206  8041.823968266  2.268e-07  1.000e-03  1.000e-03
2 0 3 0 34 e   8047.974052012  8047.974084124  1.521e-04  1.000e-03  1.000e-03
1 2 3 0 21 e   8050.210403234  8050.210403295  2.261e-07  1.000e-03  1.000e-03
3 1 2 1 68 e   8055.749506440  8055.749504617  4.545e-04  4.613e-03  5.946e-03
3 0 2 0 84 e   8056.878240668  8056.878295489  3.989e-04  5.000e-02  5.004e-02
1 2 3 0 22 e   8058.996518206  8058.996518266  2.268e-07  1.000e-03  1.000e-03
4 0 2 0 54 e   8060.055312155  8060.055252023  7.828e-04  3.001e-03  3.102e-03
2 0 3 0 35 e   8061.853027788  8061.853027847  2.264e-07  2.000e-03  2.000e-03
2 4 2 0 36 e   8065.242153808  8065.242153867  2.264e-07  1.000e-03  1.000e-03
1 2 3 0 23 e   8068.180385797  8068.180385856  2.275e-07  1.000e-03  1.000e-03
2 0 3 0 36 e   8076.141439012  8076.141439070  2.264e-07  1.000e-03  1.000e-03
1 2 3 0 24 e   8077.762691464  8077.762691386  8.219e-05  1.000e-03  1.000e-03
4 0 2 0 55 e   8081.774689628  8081.774726614  2.388e-04  5.000e-03  5.007e-03
3 5 1 1 69 f   8086.134293065  8086.134356329  3.978e-04  4.034e-03  5.537e-03
1 2 3 0 25 e   8087.745322163  8087.745324032  9.153e-05  1.000e-03  1.000e-03
3 0 2 0 85 e   8090.556858705  8090.556913631  3.989e-04  3.001e-03  3.695e-03
2 4 2 0 38 e   8095.324753808  8095.324753867  2.264e-07  1.000e-03  1.000e-03
1 2 3 0 26 e   8098.127962017  8098.127960839  3.254e-05  1.000e-03  1.000e-03
4 0 2 0 56 e   8104.638802155  8104.638742023  7.828e-04  5.000e-03  5.062e-03
2 0 3 0 38 e   8105.896870350  8105.896870409  2.262e-07  1.000e-03  1.000e-03
2 12 0 2 27 e   8108.759413915  8108.759419487  2.140e-04  1.000e-03  1.000e-03
1 2 3 0 27 e   8108.910663915  8108.910661531  1.684e-04  1.000e-03  1.000e-03
0 0 4 0 2 e   8111.922324617  8111.922324617  3.732e-08  2.000e-03  2.000e-03
0 0 4 0 4 e   8114.694814617  8114.694814617  3.732e-08  1.000e-03  1.000e-03
0 0 4 0 6 e   8119.054232626  8119.054232665  2.163e-07  1.000e-03  1.000e-03
1 2 3 0 28 e   8120.064369724  8120.064363354  5.028e-05  1.000e-03  1.000e-03
2 12 0 2 28 e   8120.190292248  8120.190015513  6.648e-04  1.000e-03  1.000e-03
0 0 4 0 7 e   8121.827789774  8121.827789819  2.191e-07  1.000e-03  1.000e-03
3 0 2 0 86 e   8124.663707518  8124.663762527  3.988e-04  5.000e-02  5.005e-02
0 0 4 0 8 e   8124.997354560  8124.997354605  2.192e-07  1.000e-03  1.000e-03
2 4 2 0 40 e   8127.006010350  8127.006010409  2.262e-07  1.000e-03  1.000e-03
0 0 4 0 9 e   8128.564255764  8128.564255809  2.188e-07  1.000e-03  1.000e-03
1 2 3 0 29 e   8131.649631861  8131.649262618  1.335e-03  1.000e-03  1.335e-03
0 0 4 0 10 e   8132.526408765  8132.526425720  6.652e-04  1.000e-03  1.000e-03
0 0 4 0 11 e   8136.885105243  8136.885090097  2.959e-04  1.000e-03  1.000e-03
2 0 3 0 40 e   8137.241917608  8137.241917667  2.263e-07  1.000e-03  1.000e-03
0 0 4 0 12 e   8141.635965774  8141.635963526  2.101e-04  1.000e-03  1.000e-03
1 2 3 0 30 e   8143.625380319  8143.625397701  6.803e-04  1.000e-03  1.000e-03
0 0 4 0 13 e   8146.786947796  8146.786919893  2.937e-04  1.000e-03  1.000e-03
0 0 4 0 14 e   8152.333377081  8152.333377138  2.250e-07  1.000e-03  1.000e-03
1 2 3 0 31 e   8155.999088626  8155.999095079  1.874e-04  1.000e-03  1.000e-03
0 0 4 0 15 e   8158.276921560  8158.276921619  2.267e-07  1.000e-03  1.000e-03
2 4 2 0 42 e   8160.286867608  8160.286867667  2.263e-07  1.000e-03  1.000e-03
1 2 3 0 32 e   8168.772357850  8168.772358470  2.176e-04  1.000e-03  1.000e-03
2 0 3 0 42 e   8170.176577824  8170.176577882  2.265e-07  1.000e-03  1.000e-03
0 0 4 0 17 e   8171.350181560  8171.350181619  2.267e-07  1.000e-03  1.000e-03
4 0 2 0 59 e   8173.250437891  8173.250492158  3.999e-04  5.001e-03  5.053e-03
1 2 3 0 33 e   8181.944854672  8181.944854855  8.467e-06  1.000e-03  1.000e-03
0 0 4 0 20 e   8193.929392763  8193.929392824  2.262e-07  1.000e-03  1.000e-03
3 0 2 0 88 e   8194.012714998  8194.012770307  3.991e-04  5.000e-03  5.489e-03
2 4 2 0 44 e   8195.162780417  8195.162778784  1.363e-05  1.000e-03  1.001e-03
1 2 3 0 34 e   8195.510919662  8195.510928863  1.672e-04  1.000e-03  1.000e-03
3 1 2 1 73 e   8198.048627213  8198.048652118  4.050e-04  4.614e-03  6.014e-03
2 0 3 0 44 e   8204.701580417  8204.701578784  1.363e-05  1.000e-03  1.001e-03
1 2 3 0 35 e   8209.480501788  8209.480501847  2.264e-07  1.000e-03  1.000e-03
0 0 4 0 23 e   8220.070855797  8220.070855856  2.275e-07  1.000e-03  1.000e-03
2 0 3 0 45 e   8222.561885348  8222.561879451  1.797e-05  1.000e-03  1.001e-03
1 2 3 0 37 e   8238.612211788  8238.612211847  2.264e-07  1.000e-03  1.000e-03
0 0 4 0 25 e   8239.477396087  8239.477396146  2.269e-07  1.000e-03  1.000e-03
2 4 2 0 47 e   8250.469856981  8250.469851151  1.791e-05  1.000e-03  1.001e-03
1 2 3 0 38 e   8253.775650350  8253.775650409  2.262e-07  1.000e-03  1.000e-03
3 1 2 1 75 e   8257.460365951  8257.460404893  4.082e-04  4.614e-03  6.040e-03
2 0 3 0 47 e   8259.476666981  8259.476661151  1.791e-05  1.000e-03  1.001e-03
3 0 2 0 90 e   8264.996538520  8264.996594408  3.990e-04  5.000e-02  5.005e-02
0 0 4 0 28 e   8271.555975251  8271.555975310  2.272e-07  1.000e-03  1.000e-03
1 2 3 0 40 e   8285.298480350  8285.298480409  2.262e-07  1.000e-03  1.000e-03
2 4 2 0 49 e   8289.331486981  8289.331481151  1.791e-05  1.000e-03  1.001e-03
2 1 3 1 3 e   8294.220097170  8294.220097379  8.302e-07  2.000e-03  2.000e-03
2 1 3 1 4 e   8295.814571339  8295.814571491  7.218e-07  2.000e-03  2.000e-03
2 1 3 1 4 f   8295.820937026  8295.820937178  7.218e-07  2.000e-03  2.000e-03
2 0 3 0 49 e   8297.986757092  8297.986751301  1.792e-05  1.000e-03  1.002e-03
1 2 3 0 41 e   8301.656046626  8301.656046685  2.265e-07  1.000e-03  1.000e-03
2 1 3 1 7 f   8302.996660680  8302.996660821  6.425e-07  2.000e-03  2.000e-03
0 0 4 0 31 e   8307.194376312  8307.194376370  2.263e-07  1.000e-03  1.000e-03
2 1 3 1 11 e   8318.102224268  8318.102224348  6.276e-07  2.000e-03  2.000e-03
2 1 3 1 13 e   8328.051127502  8328.051127772  9.021e-07  2.000e-03  2.000e-03
2 4 2 0 51 e   8329.782907092  8329.782901301  1.792e-05  1.000e-03  1.002e-03
3 0 2 0 92 e   8337.583529663  8337.583586426  4.008e-04  5.000e-02  5.006e-02
2 0 3 0 51 e   8338.096434356  8338.096430969  3.104e-05  2.000e-03  2.001e-03
2 1 3 1 15 e   8339.590587502  8339.590587772  9.021e-07  1.000e-03  1.000e-03
2 1 3 1 15 f   8339.674361818  8339.674361901  4.813e-07  2.000e-03  2.000e-03
0 0 4 0 34 e   8346.391259012  8346.391259070  2.264e-07  1.000e-03  1.000e-03
2 1 3 1 17 e   8352.721423325  8352.721423704  1.444e-06  1.000e-03  1.000e-03
1 2 3 0 44 e   8353.123697824  8353.123697882  2.265e-07  1.000e-03  1.000e-03
2 1 3 1 18 f   8360.001311100  8360.001311263  4.765e-07  2.000e-03  2.000e-03
2 1 3 1 19 e   8367.443353325  8367.443353704  1.444e-06  1.000e-03  1.000e-03
1 2 3 0 45 e   8371.075245348  8371.075239452  1.797e-05  1.000e-03  1.001e-03
2 4 2 0 53 e   8371.821258876  8371.821262170  3.623e-05  1.001e-03  1.005e-03
3 0 2 0 93 e   8374.501254554  8374.501311587  4.008e-04  5.000e-02  5.006e-02
2 1 3 1 20 f   8375.545332563  8375.545332783  6.362e-07  1.000e-03  1.000e-03
2 0 3 0 53 e   8379.804728876  8379.804732170  3.623e-05  2.000e-03  2.002e-03
0 0 4 0 37 e   8389.148226557  8389.148226616  2.262e-07  1.000e-03  1.000e-03
1 2 3 0 46 e   8389.425397093  8389.425391237  1.794e-05  1.000e-03  1.001e-03
2 1 3 1 22 f   8392.680913326  8392.680913479  1.268e-06  1.000e-03  1.000e-03
2 0 3 0 54 e   8401.259351333  8401.259354759  3.632e-05  2.000e-03  2.003e-03
2 1 3 1 23 e   8401.656792307  8401.656792986  2.871e-06  1.000e-03  1.000e-03
1 2 3 0 47 e   8408.174265348  8408.174259452  1.797e-05  1.000e-03  1.001e-03
2 4 2 0 55 e   8415.440931845  8415.440935433  3.637e-05  1.001e-03  1.006e-03
0 0 4 0 39 e   8419.628524602  8419.628524661  2.262e-07  1.000e-03  1.000e-03
2 1 3 1 25 e   8421.148093710  8421.148093762  2.063e-06  1.000e-03  1.000e-03
1 2 3 0 48 e   8427.320965558  8427.320951978  1.387e-04  1.000e-03  1.001e-03
2 4 2 0 56 e   8437.843766197  8437.843821335  4.005e-04  1.001e-03  1.084e-03
2 1 3 1 27 e   8442.229038247  8442.229037860  2.830e-06  1.000e-03  1.000e-03
2 1 3 1 27 f   8442.484297464  8442.484297688  1.514e-06  1.000e-03  1.000e-03
2 0 3 0 56 e   8445.377436197  8445.377491335  4.005e-04  2.001e-03  2.043e-03
1 2 3 0 49 e   8446.865517036  8446.865525034  5.456e-04  1.000e-03  1.001e-03
0 0 4 0 41 e   8451.688456626  8451.688456685  2.265e-07  1.000e-03  1.000e-03
2 1 3 1 28 f   8453.640435678  8453.640435883  1.193e-06  1.000e-03  1.000e-03
1 3 3 1 3 e   8460.776854589  8460.776854652  9.716e-07  4.000e-03  4.000e-03
1 3 3 1 4 e   8462.378201339  8462.378201491  7.218e-07  4.000e-03  4.000e-03
2 1 3 1 29 e   8464.898824864  8464.898824040  3.922e-06  1.000e-03  1.000e-03
1 3 3 1 6 f   8466.789724857  8466.789724995  6.435e-07  2.000e-03  2.000e-03
1 2 3 0 50 e   8466.808450473  8466.808410320  4.872e-04  1.000e-03  1.001e-03
2 0 3 0 57 e   8468.039186652  8468.039241716  4.003e-04  2.001e-03  2.052e-03
0 0 4 0 42 e   8468.312927824  8468.312927882  2.265e-07  1.000e-03  1.000e-03
1 3 3 1 8 e   8472.763852445  8472.763852584  6.418e-07  2.000e-03  2.000e-03
1 3 3 1 9 e   8476.361193458  8476.361193599  6.425e-07  2.000e-03  2.000e-03
1 3 3 1 10 e   8480.354293727  8480.354293799  6.122e-07  2.000e-03  2.000e-03
1 3 3 1 10 f   8480.409970020  8480.409970091  6.122e-07  2.000e-03  2.000e-03
2 4 2 0 58 e   8483.831236197  8483.831291335  4.005e-04  1.001e-03  1.084e-03
1 3 3 1 11 e   8484.750021512  8484.750021675  7.482e-07  2.000e-03  2.000e-03
0 0 4 0 43 e   8485.329720654  8485.329719025  1.367e-05  1.000e-03  1.001e-03
1 2 3 0 51 e   8487.149407092  8487.149401301  1.792e-05  1.000e-03  1.002e-03
2 1 3 1 31 e   8489.155424175  8489.155423317  4.613e-06  1.000e-03  1.000e-03
1 3 3 1 12 e   8489.544634256  8489.544634418  7.509e-07  2.000e-03  2.000e-03
2 0 3 0 58 e   8491.105167050  8491.105222096  4.003e-04  2.001e-03  2.091e-03
1 3 3 1 13 e   8494.738231512  8494.738231675  7.482e-07  2.000e-03  2.000e-03
1 3 3 1 14 e   8500.332413540  8500.332413799  8.734e-07  2.000e-03  2.000e-03
2 1 3 1 32 f   8502.231460659  8502.231460558  1.719e-06  1.000e-03  1.000e-03
0 0 4 0 44 e   8502.743290417  8502.743288784  1.363e-05  1.000e-03  1.001e-03
1 3 3 1 15 f   8506.440324707  8506.440324838  4.446e-07  2.000e-03  2.000e-03
2 4 2 0 59 e   8507.415354615  8507.415410022  3.992e-04  1.002e-03  1.237e-03
1 2 3 0 52 e   8507.886876922  8507.886874463  2.834e-05  1.000e-03  1.002e-03
2 0 3 0 59 e   8514.573104615  8514.573160022  3.992e-04  2.001e-03  2.129e-03
0 0 4 0 45 e   8520.550115348  8520.550109451  1.797e-05  1.000e-03  1.001e-03
1 3 3 1 18 e   8526.699232904  8526.699233295  1.441e-06  2.000e-03  2.000e-03
1 3 3 1 18 f   8526.864072563  8526.864072783  6.362e-07  2.000e-03  2.000e-03
2 1 3 1 34 e   8528.519848635  8528.519848407  2.389e-06  1.000e-03  1.000e-03
1 2 3 0 53 e   8529.023164356  8529.023160969  3.104e-05  1.001e-03  1.003e-03
2 4 2 0 60 e   8531.391224572  8531.391279898  4.016e-04  1.002e-03  1.301e-03
1 3 3 1 19 e   8534.288350735  8534.288351016  3.346e-06  2.000e-03  2.000e-03
1 3 3 1 19 f   8534.469809843  8534.469810109  6.827e-07  2.000e-03  2.000e-03
2 0 3 0 60 e   8538.447194572  8538.447249898  4.016e-04  2.001e-03  2.166e-03
0 0 4 0 46 e   8538.750767093  8538.750761237  1.794e-05  2.000e-03  2.001e-03
1 3 3 1 20 e   8542.275911275  8542.275911812  2.432e-06  2.000e-03  2.000e-03
2 1 3 1 35 f   8542.850431315  8542.850431178  2.844e-06  1.000e-03  1.000e-03
1 2 3 0 54 e   8550.556390758  8550.556394064  3.624e-05  1.001e-03  1.004e-03
1 3 3 1 21 e   8550.665372307  8550.665372986  2.871e-06  2.000e-03  2.000e-03
2 1 3 1 36 e   8556.745181082  8556.745180163  3.191e-06  1.000e-03  1.000e-03
2 1 3 1 36 f   8557.182634794  8557.182634212  2.683e-06  1.000e-03  1.000e-03
0 0 4 0 47 e   8557.348996981  8557.348991151  1.791e-05  2.000e-03  2.001e-03
1 3 3 1 22 e   8559.450962324  8559.450962660  2.182e-06  2.000e-03  2.000e-03
1 3 3 1 23 e   8568.640502307  8568.640502986  2.871e-06  2.000e-03  2.000e-03
1 3 3 1 23 f   8568.908067985  8568.908068130  1.088e-06  1.000e-03  1.000e-03
2 1 3 1 37 e   8571.454001495  8571.454000363  4.616e-06  1.000e-03  1.000e-03
0 0 4 0 48 e   8576.342164024  8576.342158227  1.793e-05  2.000e-03  2.001e-03
1 3 3 1 24 e   8578.225301513  8578.225301527  1.703e-06  2.000e-03  2.000e-03
1 3 3 1 24 f   8578.515607544  8578.515607581  1.652e-06  1.000e-03  1.000e-03
2 4 2 0 62 e   8580.520816236  8580.520868657  4.001e-04  1.002e-03  1.418e-03
2 1 3 1 38 f   8587.041396705  8587.041396023  2.668e-06  1.000e-03  1.000e-03
2 0 3 0 62 e   8587.410766236  8587.410818657  4.001e-04  3.001e-03  3.164e-03
1 3 3 1 25 e   8588.211293710  8588.211293762  2.063e-06  2.000e-03  2.000e-03
1 2 3 0 56 e   8594.818236197  8594.818291335  4.005e-04  1.001e-03  1.084e-03
0 0 4 0 49 e   8595.732127092  8595.732121301  1.792e-05  2.000e-03  2.001e-03
1 3 3 1 26 f   8598.935700389  8598.935700563  1.280e-06  1.000e-03  1.000e-03
2 4 2 0 63 e   8605.674231012  8605.674286281  4.000e-04  2.001e-03  2.274e-03
2 0 3 0 63 e   8612.505711012  8612.505766281  4.000e-04  3.001e-03  3.189e-03
0 0 4 0 50 e   8615.513356922  8615.513354463  2.834e-05  2.000e-03  2.001e-03
0 1 4 1 8 e   8615.850663727  8615.850663799  6.122e-07  3.000e-03  3.000e-03
0 1 4 1 8 f   8615.869760020  8615.869760091  6.122e-07  3.000e-03  3.000e-03
1 2 3 0 57 e   8617.545436652  8617.545491716  4.003e-04  1.001e-03  1.100e-03
2 1 3 1 40 e   8617.956575059  8617.956637469  5.483e-04  1.000e-03  1.000e-03
2 1 3 1 40 f   8618.489104458  8618.489104510  3.638e-06  1.000e-03  1.000e-03
0 1 4 1 9 e   8619.420593458  8619.420593599  6.425e-07  3.000e-03  3.000e-03
0 1 4 1 9 f   8619.441933867  8619.441933946  6.275e-07  3.000e-03  3.000e-03
1 3 3 1 28 e   8620.562874666  8620.562874438  1.760e-06  3.000e-03  3.000e-03
2 1 3 1 41 e   8634.252227271  8634.252227568  7.022e-06  1.000e-03  1.000e-03
0 0 4 0 51 e   8635.689544356  8635.689540969  3.104e-05  2.000e-03  2.001e-03
0 1 4 1 13 e   8637.669861512  8637.669861675  7.482e-07  3.000e-03  3.000e-03
2 0 3 0 64 e   8638.001407960  8638.001463274  3.999e-04  3.001e-03  3.214e-03
1 2 3 0 58 e   8640.668707050  8640.668762096  4.003e-04  2.001e-03  2.091e-03
0 1 4 1 14 e   8643.225647663  8643.225647975  9.599e-07  3.000e-03  3.000e-03
0 1 4 1 14 f   8643.276566583  8643.276566652  4.359e-07  3.000e-03  3.000e-03
1 3 3 1 30 f   8644.574752212  8644.574752260  1.342e-06  1.000e-03  1.000e-03
2 1 3 1 42 f   8651.521485246  8651.521484420  5.844e-06  1.000e-03  1.000e-03
0 1 4 1 16 f   8655.589731100  8655.589731263  4.765e-07  3.000e-03  3.000e-03
1 3 3 1 31 e   8656.504694175  8656.504693317  4.613e-06  3.000e-03  3.000e-03
1 2 3 0 59 e   8664.193834615  8664.193890022  3.992e-04  2.001e-03  2.129e-03
3 0 3 0 9 e   8664.506731355  8664.506731053  2.713e-06  2.000e-03  2.001e-03
3 0 3 0 10 e   8668.461782030  8668.461781729  2.712e-06  2.000e-03  2.001e-03
2 1 3 1 43 f   8668.634048326  8668.634044959  1.143e-05  1.000e-03  1.000e-03
1 3 3 1 32 f   8669.796362212  8669.796362260  1.342e-06  1.000e-03  1.000e-03
0 1 4 1 19 e   8676.944110735  8676.944111016  3.346e-06  3.000e-03  3.000e-03
0 1 4 1 19 f   8677.033209843  8677.033210109  6.827e-07  3.000e-03  3.000e-03
0 0 4 0 53 e   8677.227328876  8677.227332170  3.623e-05  2.000e-03  2.002e-03
3 0 3 0 13 e   8682.691688209  8682.691687918  2.876e-06  2.000e-03  2.001e-03
1 3 3 1 33 f   8683.002371315  8683.002371178  2.844e-06  2.000e-03  2.000e-03
2 0 3 0 66 e   8683.481066575  8683.481121849  3.999e-04  2.001e-03  2.375e-03
0 1 4 1 20 e   8684.877862324  8684.877862660  2.182e-06  3.000e-03  3.000e-03
0 1 4 1 20 f   8684.975864991  8684.975865200  8.742e-07  3.000e-03  3.000e-03
2 1 3 1 44 e   8685.510590176  8685.510584063  1.848e-05  1.000e-03  1.000e-03
1 2 3 0 60 e   8688.111424572  8688.111479898  4.016e-04  2.001e-03  2.166e-03
1 3 3 1 34 e   8696.040708635  8696.040708407  2.389e-06  3.000e-03  3.000e-03
0 0 4 0 54 e   8698.587221333  8698.587224759  3.632e-05  2.000e-03  2.003e-03
3 0 3 0 16 e   8700.479775305  8700.479775015  2.879e-06  2.000e-03  2.001e-03
2 1 3 1 45 e   8703.389386433  8703.389380695  1.761e-05  1.000e-03  1.001e-03
2 1 3 1 45 f   8704.047596541  8704.047590868  1.780e-05  1.000e-03  1.001e-03
2 0 3 0 67 e   8710.202051000  8710.202104413  3.989e-04  2.001e-03  2.408e-03
1 3 3 1 35 f   8710.625840029  8710.625839257  3.569e-06  2.000e-03  2.000e-03
0 1 4 1 23 f   8711.188019214  8711.188019259  1.452e-06  3.000e-03  3.000e-03
0 0 4 0 55 e   8720.339981845  8720.339985433  3.637e-05  2.000e-03  2.003e-03
2 1 3 1 46 e   8721.662295130  8721.662289044  1.875e-05  2.000e-03  2.000e-03
3 0 3 0 19 e   8721.824766338  8721.824765778  8.292e-06  2.000e-03  2.001e-03
3 0 3 0 20 e   8729.726438019  8729.726438497  8.566e-06  2.000e-03  2.001e-03
2 4 2 2 68 e   8734.740476575  8734.740531850  3.999e-04  4.000e-03  4.200e-03
1 2 3 0 62 e   8737.143336236  8737.143388657  4.001e-04  2.001e-03  2.238e-03
3 0 3 0 21 e   8738.028936338  8738.028935778  8.292e-06  2.000e-03  2.001e-03
1 3 3 1 37 e   8739.162969098  8739.162967352  5.052e-06  3.000e-03  3.000e-03
2 1 3 1 47 e   8740.333001568  8740.332992619  2.159e-05  2.000e-03  2.001e-03
0 1 4 1 26 e   8740.804852997  8740.804852852  1.676e-06  5.000e-03  5.000e-03
0 1 4 1 26 f   8740.965190389  8740.965190563  1.280e-06  5.000e-03  5.000e-03
2 1 3 1 47 f   8741.046389708  8741.046380952  2.146e-05  1.000e-03  1.001e-03
0 0 4 0 56 e   8742.486856197  8742.486911335  4.005e-04  2.001e-03  2.043e-03
3 0 3 0 22 e   8746.721652403  8746.721653146  4.772e-06  2.000e-03  2.001e-03
0 1 4 1 27 e   8751.511313710  8751.511313762  2.063e-06  3.000e-03  3.000e-03
0 1 4 1 27 f   8751.687137464  8751.687137688  1.514e-06  5.000e-03  5.000e-03
1 3 3 1 38 f   8755.049306705  8755.049306023  2.668e-06  2.000e-03  2.000e-03
3 0 3 0 23 e   8755.810549301  8755.810549382  2.346e-06  2.000e-03  2.001e-03
2 1 3 1 48 e   8759.399999465  8759.399989990  1.950e-05  2.000e-03  2.001e-03
2 1 3 1 48 f   8760.141044722  8760.141035252  1.945e-05  1.000e-03  1.002e-03
0 1 4 1 28 e   8762.616422997  8762.616422852  1.676e-06  3.000e-03  3.000e-03
2 0 3 0 69 e   8764.822984659  8764.823038044  3.988e-04  4.000e-03  4.257e-03
3 0 3 0 24 e   8765.297045566  8765.297046621  9.226e-06  2.000e-03  2.001e-03
3 0 3 0 25 e   8775.174609067  8775.174610199  8.139e-06  2.000e-03  2.001e-03
2 1 3 1 49 e   8778.864686244  8778.864677599  2.192e-05  2.000e-03  2.001e-03
2 1 3 1 49 f   8779.630779708  8779.630770952  2.146e-05  2.000e-03  2.001e-03
0 1 4 1 30 e   8786.008105879  8786.008105662  1.924e-06  5.000e-03  5.000e-03
0 1 4 1 31 f   8798.543343973  8798.543505873  2.435e-03  5.000e-03  5.000e-03
2 1 3 1 50 f   8799.518037144  8799.518027758  2.146e-05  2.000e-03  2.001e-03
1 3 3 1 41 e   8802.243057271  8802.243057568  7.022e-06  3.000e-03  3.000e-03
1 3 3 1 41 f   8803.072637327  8803.072637942  7.049e-06  2.000e-03  2.000e-03
3 0 3 0 28 e   8807.181897435  8807.181892299  2.915e-05  2.000e-03  2.001e-03
2 2 3 0 11 e   8812.771611355  8812.771611053  2.713e-06  8.000e-03  8.000e-03
1 2 3 0 65 e   8813.665227365  8813.665282661  3.999e-04  2.001e-03  2.341e-03
3 0 3 0 29 e   8818.640307014  8818.640305940  6.159e-06  2.000e-03  2.001e-03
2 1 3 1 51 f   8819.799061222  8819.799058611  3.826e-05  3.000e-03  3.001e-03
1 3 3 1 42 f   8819.878615246  8819.878614420  5.844e-06  2.000e-03  2.000e-03
0 1 4 1 33 e   8824.078479746  8824.078477976  5.326e-06  5.000e-03  5.000e-03
0 1 4 1 33 f   8824.348334064  8824.348334162  2.282e-06  5.000e-03  5.000e-03
2 2 3 0 14 e   8828.324592508  8828.324592216  2.874e-06  8.000e-03  8.000e-03
3 0 3 0 30 e   8830.490237435  8830.490232299  2.915e-05  2.000e-03  2.001e-03
1 3 3 1 43 e   8836.178677271  8836.178677568  7.022e-06  3.000e-03  3.000e-03
1 3 3 1 43 f   8837.086798326  8837.086794959  1.143e-05  2.000e-03  2.000e-03
0 1 4 1 34 e   8837.561818392  8837.561818165  2.830e-06  5.000e-03  5.000e-03
2 1 3 1 52 f   8840.476267144  8840.476257758  2.146e-05  3.000e-03  3.001e-03
2 4 2 2 72 e   8849.744269933  8849.744323730  3.986e-04  5.000e-03  5.253e-03
0 1 4 1 35 e   8851.445559098  8851.445557352  5.052e-06  5.000e-03  5.000e-03
1 3 3 1 44 e   8853.739640176  8853.739634063  1.848e-05  3.000e-03  3.000e-03
3 0 3 0 32 e   8855.368739850  8855.368740601  7.844e-06  3.000e-03  3.001e-03
0 0 4 0 61 e   8859.144679291  8859.144733039  3.996e-04  3.001e-03  3.138e-03
2 2 3 0 19 e   8862.213486338  8862.213485778  8.292e-06  8.000e-03  8.000e-03
2 2 3 0 20 e   8870.183437810  8870.183427480  1.014e-04  8.000e-03  8.001e-03
1 3 3 1 45 e   8871.701810748  8871.701807014  1.173e-05  3.000e-03  3.000e-03
2 0 3 0 73 e   8876.441902626  8876.441956225  3.987e-04  4.000e-03  4.294e-03
3 0 3 0 34 e   8881.847779850  8881.847780601  7.844e-06  2.000e-03  2.001e-03
2 1 3 1 54 f   8883.018773929  8883.018769223  3.770e-05  5.000e-03  5.001e-03
1 3 3 1 46 e   8890.058905130  8890.058899044  1.875e-05  3.000e-03  3.000e-03
0 1 4 1 38 e   8895.447751082  8895.447750163  3.191e-06  5.000e-03  5.000e-03
3 0 3 0 35 e   8895.674990065  8895.674990359  1.689e-06  2.000e-03  2.001e-03
2 1 3 1 55 f   8904.887125202  8904.887126187  4.012e-05  5.000e-03  5.001e-03
3 0 3 0 36 e   8909.894749542  8909.894681832  7.228e-04  2.000e-03  2.001e-03
3 0 3 0 37 e   8924.511954871  8924.511955403  5.051e-06  2.000e-03  2.001e-03
1 3 3 1 48 e   8927.975815130  8927.975809044  1.875e-05  3.000e-03  3.000e-03
0 0 4 0 64 e   8933.859407960  8933.859463274  3.999e-04  3.001e-03  3.214e-03
3 0 3 0 38 e   8939.519623023  8939.519622363  7.746e-06  2.000e-03  2.001e-03
2 1 3 1 57 f   8949.809470382  8949.809509901  2.886e-04  5.000e-03  5.010e-03
1 0 4 0 3 e   8957.250117431  8957.250117430  3.977e-08  1.000e-02  1.000e-02
1 0 4 0 4 e   8958.840662626  8958.840662665  2.163e-07  1.000e-02  1.000e-02
1 0 4 0 6 e   8963.191840813  8963.191848751  1.489e-03  1.000e-02  1.000e-02
1 0 4 0 7 e   8965.960682871  8965.960695658  1.673e-04  1.000e-02  1.000e-02
1 0 4 0 8 e   8969.128754560  8969.128754605  2.192e-07  1.000e-02  1.000e-02
1 0 4 0 9 e   8972.713459774  8972.713459819  2.191e-07  1.000e-02  1.000e-02
2 1 3 1 58 f   8972.859059039  8972.859097547  2.571e-04  5.000e-03  5.015e-03
1 0 4 0 10 e   8976.664332970  8976.664333016  2.187e-07  1.000e-02  1.000e-02
1 0 4 0 11 e   8981.035594723  8981.035594770  2.184e-07  1.000e-02  1.000e-02
1 0 4 0 12 e   8985.782410774  8985.781645817  9.737e-03  1.000e-02  1.000e-02
1 3 3 1 51 e   8987.841346244  8987.841337599  2.192e-05  5.000e-03  5.000e-03
1 0 4 0 13 e   8990.927594723  8990.927594770  2.184e-07  1.000e-02  1.000e-02
1 0 4 0 14 e   8996.490302829  8996.490269310  5.777e-04  1.000e-02  1.000e-02
1 0 4 0 15 e   9002.430411214  9002.430591436  1.952e-03  1.000e-02  1.000e-02
1 0 4 0 16 e   9008.773607369  9008.773612830  2.531e-03  1.000e-02  1.000e-02
1 0 4 0 17 e   9015.513874595  9015.514121545  6.014e-03  1.000e-02  1.000e-02
1 0 4 0 18 e   9022.644097656  9022.644097717  2.262e-07  1.000e-02  1.000e-02
1 0 4 0 19 e   9030.166927630  9030.166927692  2.260e-07  1.000e-02  1.000e-02
1 0 4 0 20 e   9038.086420484  9038.086475414  8.847e-04  1.000e-02  1.000e-02
1 0 4 0 21 e   9046.409673234  9046.409668594  3.771e-04  1.000e-02  1.000e-02
1 0 4 0 22 e   9055.119548206  9055.119548266  2.268e-07  1.000e-02  1.000e-02
1 0 4 0 23 e   9064.227395797  9064.227395856  2.275e-07  1.000e-02  1.000e-02
1 0 4 0 24 e   9073.744693090  9073.744693148  2.276e-07  1.000e-02  1.000e-02
1 0 4 0 25 e   9083.646416087  9083.646416146  2.269e-07  1.000e-02  1.000e-02
1 0 4 0 26 e   9093.940539838  9093.940539896  2.265e-07  1.000e-02  1.000e-02
1 0 4 0 27 e   9104.636038240  9104.636038298  2.269e-07  1.000e-02  1.000e-02
1 0 4 0 28 e   9115.716884197  9115.716884255  2.272e-07  1.000e-02  1.000e-02
1 0 4 0 29 e   9127.196049591  9127.196049650  2.272e-07  1.000e-02  1.000e-02
3 0 3 0 49 e   9130.642262191  9130.642256213  1.784e-05  2.000e-03  2.001e-03
1 0 4 0 30 e   9139.079505251  9139.079505310  2.272e-07  1.000e-02  1.000e-02
3 0 3 0 50 e   9150.379643742  9150.379637984  1.772e-05  2.001e-03  2.002e-03
1 0 4 0 31 e   9151.336220940  9151.336220997  2.267e-07  1.000e-02  1.000e-02
1 0 4 0 32 e   9164.010165386  9164.010165444  2.263e-07  1.000e-02  1.000e-02
3 0 3 0 51 e   9170.512000226  9170.511996656  2.525e-05  2.001e-03  2.002e-03
1 0 4 0 33 e   9177.054306312  9177.054306370  2.263e-07  1.000e-02  1.000e-02
1 0 4 0 34 e   9190.529610313  9190.529610371  2.263e-07  1.000e-02  1.000e-02
3 0 3 0 52 e   9191.037110217  9191.037106344  2.561e-05  2.001e-03  2.002e-03
1 0 4 0 35 e   9204.384043031  9204.384043089  2.263e-07  1.000e-02  1.000e-02
1 0 4 0 39 e   9263.718336557  9263.718336616  2.262e-07  1.000e-02  1.000e-02
1 0 4 0 40 e   9279.530860350  9279.530860409  2.262e-07  1.000e-02  1.000e-02
1 0 4 0 41 e   9295.748284602  9295.748284661  2.262e-07  1.000e-02  1.000e-02
1 2 4 0 2 e   9934.727274617  9934.727274617  3.732e-08  1.000e-02  1.000e-02
1 2 4 0 4 e   9937.502662626  9937.502662665  2.163e-07  1.000e-02  1.000e-02
1 2 4 0 5 e   9939.480905969  9939.480906012  2.193e-07  1.000e-02  1.000e-02
1 2 4 0 7 e   9944.653682871  9944.653667956  8.896e-04  1.000e-02  1.000e-02
1 2 4 0 8 e   9947.820297687  9947.820628933  7.536e-03  1.000e-02  1.000e-02
1 2 4 0 9 e   9951.400087769  9951.400086670  3.610e-03  1.000e-02  1.000e-02
1 2 4 0 10 e   9955.382754560  9955.382622511  3.622e-03  1.000e-02  1.000e-02
1 2 4 0 11 e   9959.739715764  9959.739715809  2.188e-07  1.000e-02  1.000e-02
1 2 4 0 12 e   9964.514410774  9964.514948652  3.119e-03  1.000e-02  1.000e-02
1 2 4 0 13 e   9969.690297796  9969.690188184  1.008e-02  1.000e-02  1.008e-02
1 2 4 0 14 e   9975.234302829  9975.233749938  4.972e-03  1.000e-02  1.000e-02
1 2 4 0 15 e   9981.195911214  9981.196417794  2.982e-03  1.000e-02  1.000e-02
1 2 4 0 16 e   9987.535607369  9987.535480026  4.829e-03  1.000e-02  1.000e-02
1 2 4 0 17 e   9994.306374595  9994.305442532  7.224e-03  1.000e-02  1.000e-02
1 2 4 0 18 e   10001.451195210  10001.451199299  3.089e-03  1.000e-02  1.000e-02
1 2 4 0 19 e   10008.999050432  10008.998830523  2.864e-03  1.000e-02  1.000e-02
1 2 4 0 20 e   10016.944420484  10016.944875565  7.510e-03  1.000e-02  1.000e-02
1 2 4 0 21 e   10025.280284515  10025.278974888  1.108e-02  1.000e-02  1.108e-02
1 2 4 0 22 e   10034.017120648  10034.017177016  7.181e-03  1.000e-02  1.000e-02
1 2 4 0 23 e   10043.140405942  10043.140565990  1.525e-03  1.000e-02  1.000e-02
1 2 4 0 24 e   10052.674616464  10052.674616819  5.793e-05  1.000e-02  1.000e-02
1 2 4 0 25 e   10062.599416087  10062.599416146  2.269e-07  1.000e-02  1.000e-02
1 2 4 0 26 e   10072.924712017  10072.924219997  4.348e-03  1.000e-02  1.000e-02
0 0 5 0 0 e   10080.902713308  10080.902713308  1.298e-09  1.000e-02  1.000e-02
0 0 5 0 1 e   10081.286069429  10081.286355438  3.720e-03  1.000e-02  1.000e-02
0 0 5 0 2 e   10082.079493963  10082.079392480  4.993e-03  1.000e-02  1.000e-02
0 0 5 0 3 e   10083.264628144  10083.264596783  1.902e-03  1.000e-02  1.000e-02
1 2 4 0 27 e   10083.642543915  10083.642336083  1.058e-03  1.000e-02  1.000e-02
0 0 5 0 4 e   10084.841968622  10084.841890509  2.667e-03  1.000e-02  1.000e-02
0 0 5 0 5 e   10086.811511700  10086.811210404  2.460e-03  1.000e-02  1.000e-02
0 0 5 0 6 e   10089.174251719  10089.174282687  4.385e-04  1.000e-02  1.000e-02
0 0 5 0 7 e   10091.931682871  10091.931753082  1.650e-03  1.000e-02  1.000e-02
1 2 4 0 28 e   10094.755091215  10094.754732642  4.138e-03  1.000e-02  1.000e-02
0 0 5 0 8 e   10095.086297687  10095.086261307  4.021e-04  1.000e-02  1.000e-02
0 0 5 0 9 e   10098.632087769  10098.632184202  4.672e-04  1.000e-02  1.000e-02
0 0 5 0 10 e   10102.571473500  10102.571469415  1.345e-04  1.000e-02  1.000e-02
1 2 4 0 29 e   10106.272135265  10106.272137927  6.509e-05  1.000e-02  1.000e-02
0 0 5 0 11 e   10106.905655243  10106.905653240  4.413e-05  1.000e-02  1.000e-02
0 0 5 0 12 e   10111.632910774  10111.632937331  4.169e-04  1.000e-02  1.000e-02
0 4 4 0 1 e   10114.424138857  10114.424138857  3.716e-08  1.000e-02  1.000e-02
0 4 4 0 2 e   10115.216993963  10115.217129786  5.737e-03  1.000e-02  1.000e-02
0 4 4 0 3 e   10116.410128144  10116.410164211  7.495e-04  1.000e-02  1.000e-02
0 0 5 0 13 e   10116.754297796  10116.754235172  5.452e-04  1.000e-02  1.000e-02
0 4 4 0 4 e   10118.006968622  10118.006777611  2.169e-03  1.000e-02  1.000e-02
1 2 4 0 30 e   10118.180835319  10118.180966896  2.987e-03  1.000e-02  1.000e-02
0 4 4 0 5 e   10119.997511700  10119.997510009  2.723e-04  1.000e-02  1.000e-02
0 0 5 0 14 e   10122.268802829  10122.268950038  9.908e-04  1.000e-02  1.000e-02
0 4 4 0 6 e   10122.392251719  10122.392270247  1.093e-03  1.000e-02  1.000e-02
0 4 4 0 7 e   10125.188182871  10125.188143627  5.586e-04  1.000e-02  1.000e-02
0 0 5 0 15 e   10128.177411214  10128.177441452  1.011e-03  1.000e-02  1.000e-02
0 4 4 0 8 e   10128.380297687  10128.380401600  1.090e-03  1.000e-02  1.000e-02
1 2 4 0 31 e   10130.487263626  10130.487099225  3.257e-03  1.000e-02  1.000e-02
0 4 4 0 9 e   10131.971087769  10131.971036885  1.272e-03  1.000e-02  1.000e-02
0 0 5 0 16 e   10134.476607369  10134.476167019  3.504e-03  1.000e-02  1.000e-02
0 4 4 0 10 e   10135.959806833  10135.959666715  1.893e-03  1.000e-02  1.000e-02
0 4 4 0 11 e   10140.348155243  10140.348173095  3.374e-04  1.000e-02  1.000e-02
0 0 5 0 17 e   10141.172374595  10141.172059768  3.274e-03  1.000e-02  1.000e-02
1 2 4 0 32 e   10143.191387850  10143.191379758  5.941e-03  1.000e-02  1.000e-02
0 4 4 0 12 e   10145.134910774  10145.134683365  1.897e-03  1.000e-02  1.000e-02
0 0 5 0 18 e   10148.264195210  10148.264215588  3.110e-03  1.000e-02  1.000e-02
0 4 4 0 13 e   10150.317797796  10150.317770266  1.491e-04  1.000e-02  1.000e-02
0 0 5 0 19 e   10155.746550432  10155.746238659  2.694e-03  1.000e-02  1.000e-02
0 4 4 0 14 e   10155.902302829  10155.902295725  2.207e-03  1.000e-02  1.000e-02
1 2 4 0 33 e   10156.292674672  10156.292666996  2.908e-04  1.000e-02  1.000e-02
0 4 4 0 15 e   10161.883911214  10161.883816751  1.370e-03  1.000e-02  1.000e-02
0 0 5 0 20 e   10163.620920484  10163.620883616  4.405e-04  1.000e-02  1.000e-02
0 4 4 0 16 e   10168.265607369  10168.265599940  3.652e-04  1.000e-02  1.000e-02
1 2 4 0 34 e   10169.790089662  10169.790197430  5.145e-03  1.000e-02  1.000e-02
0 0 5 0 21 e   10171.892284515  10171.892289101  8.706e-05  1.000e-02  1.000e-02
0 4 4 0 17 e   10175.046874595  10175.046796037  7.863e-04  1.000e-02  1.000e-02
0 0 5 0 22 e   10180.556620648  10180.556677423  7.188e-04  1.000e-02  1.000e-02
0 4 4 0 18 e   10182.226695210  10182.226667799  4.719e-04  1.000e-02  1.000e-02
1 2 4 0 35 e   10183.681597409  10183.681697207  1.989e-03  1.000e-02  1.000e-02
0 0 5 0 23 e   10189.613405942  10189.613073753  3.108e-03  1.000e-02  1.000e-02
0 4 4 0 19 e   10189.807550432  10189.807558816  1.129e-03  1.000e-02  1.000e-02
0 4 4 0 20 e   10197.783920484  10197.783733706  1.928e-03  1.000e-02  1.000e-02
1 2 4 0 36 e   10197.972569012  10197.972569070  2.264e-07  1.000e-02  1.000e-02
0 0 5 0 24 e   10199.066116464  10199.066119830  4.630e-04  1.000e-02  1.000e-02
0 4 4 0 21 e   10206.151284515  10206.151488657  3.041e-03  1.000e-02  1.000e-02
0 0 5 0 25 e   10208.911727163  10208.911876107  3.560e-03  1.000e-02  1.000e-02
1 2 4 0 37 e   10212.650213378  10212.650237704  4.047e-03  1.000e-02  1.000e-02
0 4 4 0 22 e   10214.934120648  10214.933621956  4.371e-03  1.000e-02  1.000e-02
0 0 5 0 26 e   10219.146712017  10219.147282448  4.752e-03  1.000e-02  1.000e-02
0 4 4 0 23 e   10224.108405942  10224.108175785  3.061e-03  1.000e-02  1.000e-02
1 2 4 0 38 e   10227.729753808  10227.729753867  2.264e-07  1.000e-02  1.000e-02
0 0 5 0 27 e   10229.778543915  10229.778285920  4.837e-03  1.000e-02  1.000e-02
0 4 4 0 24 e   10233.679116464  10233.679134440  1.780e-03  1.000e-02  1.000e-02
0 0 5 0 28 e   10240.800631566  10240.800717495  3.949e-03  1.000e-02  1.000e-02
1 2 4 0 39 e   10243.216336557  10243.216336616  2.262e-07  1.000e-02  1.000e-02
0 4 4 0 25 e   10243.650727163  10243.650772451  2.328e-03  1.000e-02  1.000e-02
0 0 5 0 29 e   10252.220635265  10252.220427289  4.073e-03  1.000e-02  1.000e-02
0 4 4 0 26 e   10254.019212017  10254.019166616  1.236e-03  1.000e-02  1.000e-02
1 2 4 0 40 e   10259.085860350  10259.085860409  2.262e-07  1.000e-02  1.000e-02
0 0 5 0 30 e   10264.026165386  10264.026165444  2.263e-07  1.000e-02  1.000e-02
0 4 4 0 27 e   10264.790543915  10264.790573979  3.895e-04  1.000e-02  1.000e-02
0 4 4 0 28 e   10275.955964900  10275.955931687  1.443e-03  1.000e-02  1.000e-02
0 0 5 0 31 e   10276.233306312  10276.233306370  2.263e-07  1.000e-02  1.000e-02
0 4 4 0 29 e   10287.522635265  10287.523049153  3.201e-03  1.000e-02  1.000e-02
0 0 5 0 32 e   10288.826610313  10288.826610371  2.263e-07  1.000e-02  1.000e-02
0 4 4 0 30 e   10299.486335319  10299.486313893  8.971e-04  1.000e-02  1.000e-02
0 0 5 0 33 e   10301.819464125  10301.819413241  3.710e-04  1.000e-02  1.000e-02
0 4 4 0 31 e   10311.851263626  10311.850776206  3.901e-03  1.000e-02  1.000e-02
0 0 5 0 34 e   10315.204582779  10315.204651118  9.349e-04  1.000e-02  1.000e-02
0 4 4 0 32 e   10324.612387850  10324.612136323  8.288e-03  1.000e-02  1.000e-02
1 2 4 0 44 e   10326.548537824  10326.548537882  2.265e-07  1.000e-02  1.000e-02
2 16 0 0 35 e   10328.607151788  10328.607151847  2.264e-07  1.000e-02  1.000e-02
0 0 5 0 35 e   10328.990151788  10328.990151847  2.264e-07  1.000e-02  1.000e-02
0 4 4 0 33 e   10337.774174672  10337.774447348  6.064e-03  1.000e-02  1.000e-02
0 0 5 0 36 e   10343.134753808  10343.134753867  2.264e-07  1.000e-02  1.000e-02
2 16 0 0 36 e   10343.393753808  10343.393753867  2.264e-07  1.000e-02  1.000e-02
0 4 4 0 34 e   10351.337089662  10351.336933438  5.013e-03  1.000e-02  1.000e-02
0 0 5 0 37 e   10357.711336557  10357.711336616  2.262e-07  1.000e-02  1.000e-02
0 4 4 0 35 e   10365.291097409  10365.292453265  1.025e-02  1.000e-02  1.025e-02
0 0 5 0 38 e   10372.668860350  10372.668860409  2.262e-07  1.000e-02  1.000e-02
0 4 4 0 36 e   10379.651661410  10379.651418940  3.821e-03  1.000e-02  1.000e-02
0 0 5 0 39 e   10388.017284602  10388.017284661  2.262e-07  1.000e-02  1.000e-02
0 4 4 0 37 e   10394.411880044  10394.411655698  7.004e-03  1.000e-02  1.000e-02
0 0 5 0 40 e   10403.757567608  10403.757567667  2.263e-07  1.000e-02  1.000e-02
0 4 4 0 38 e   10409.572807079  10409.572610359  4.804e-03  1.000e-02  1.000e-02
0 0 5 0 41 e   10419.893666626  10419.893666685  2.265e-07  1.000e-02  1.000e-02
0 4 4 0 39 e   10425.125810580  10425.125618359  7.662e-03  1.000e-02  1.000e-02
0 0 5 0 42 e   10436.421537824  10436.421537882  2.265e-07  1.000e-02  1.000e-02
0 4 4 0 40 e   10441.082429436  10441.081788229  4.992e-03  1.000e-02  1.000e-02
0 0 5 0 43 e   10453.330140654  10453.330139025  1.367e-05  1.000e-02  1.000e-02
0 4 4 0 41 e   10457.441975614  10457.442226032  1.138e-02  1.000e-02  1.138e-02
0 0 5 0 44 e   10470.640420417  10470.640418784  1.363e-05  1.000e-02  1.000e-02
0 4 4 0 42 e   10474.199052716  10474.198973638  4.241e-03  1.000e-02  1.000e-02
0 0 5 0 45 e   10488.350345348  10488.350339452  1.797e-05  1.000e-02  1.000e-02
0 4 4 0 43 e   10491.353903640  10491.353842876  1.373e-03  1.000e-02  1.000e-02
0 0 5 0 46 e   10506.439847093  10506.439841237  1.794e-05  1.000e-02  1.000e-02
0 4 4 0 44 e   10508.896420417  10508.896418784  1.363e-05  1.000e-02  1.000e-02
0 0 5 0 47 e   10524.932886981  10524.932881151  1.791e-05  1.000e-02  1.000e-02
0 4 4 0 45 e   10526.851640654  10526.851377726  2.564e-03  1.000e-02  1.000e-02
0 0 5 0 48 e   10543.810414024  10543.810408227  1.793e-05  1.000e-02  1.000e-02
0 0 5 0 49 e   10563.081377092  10563.081371301  1.792e-05  1.000e-02  1.000e-02
0 1 5 1 2 e   10565.474339446  10565.474341024  1.306e-03  1.000e-02  1.000e-02
0 1 5 1 3 e   10566.653955880  10566.653836918  1.236e-03  1.000e-02  1.000e-02
0 1 5 1 4 e   10568.228273365  10568.228327884  1.344e-03  1.000e-02  1.000e-02
0 1 5 1 5 e   10570.204286871  10570.204283843  7.728e-05  1.000e-02  1.000e-02
0 1 5 1 6 e   10572.567792445  10572.567792584  6.418e-07  1.000e-02  1.000e-02
0 1 5 1 7 e   10575.328381306  10575.328348875  1.235e-03  1.000e-02  1.000e-02
0 1 5 1 8 e   10578.489448086  10578.489454504  2.493e-03  1.000e-02  1.000e-02
0 1 5 1 9 e   10582.044747944  10582.044896518  2.896e-03  1.000e-02  1.000e-02
0 1 5 1 9 f   10582.064343867  10582.064343946  6.275e-07  1.000e-02  1.000e-02
0 0 5 0 50 e   10582.748746922  10582.748744463  2.834e-05  1.000e-02  1.000e-02
0 1 5 1 10 e   10585.989078991  10585.988255738  6.026e-03  1.000e-02  1.000e-02
0 1 5 1 11 e   10590.323622890  10590.323414577  1.853e-03  1.000e-02  1.000e-02
0 1 5 1 12 e   10595.064303898  10595.064451970  5.955e-03  1.000e-02  1.000e-02
0 1 5 1 13 e   10600.186977502  10600.186977772  9.021e-07  1.000e-02  1.000e-02
0 0 5 0 51 e   10602.808434356  10602.808430969  3.104e-05  1.000e-02  1.000e-02
0 1 5 1 14 e   10605.709516288  10605.708680401  5.162e-03  1.000e-02  1.000e-02
0 1 5 1 15 e   10611.622391438  10611.622485916  1.635e-03  1.000e-02  1.000e-02
0 1 5 1 16 e   10617.935674491  10617.936021861  2.866e-03  1.000e-02  1.000e-02
0 0 5 0 52 e   10623.261370758  10623.261374064  3.624e-05  1.000e-02  1.000e-02
0 1 5 1 17 e   10624.645785865  10624.645754340  1.660e-03  1.000e-02  1.000e-02
0 1 5 1 18 e   10631.739061818  10631.739312965  1.991e-03  1.000e-02  1.000e-02
0 1 5 1 19 e   10639.235791598  10639.235625086  2.160e-03  1.000e-02  1.000e-02
0 0 5 0 53 e   10644.105548876  10644.105552170  3.623e-05  1.000e-02  1.000e-02
0 1 5 1 20 e   10647.121858641  10647.121754930  3.020e-03  1.000e-02  1.000e-02
0 1 5 1 21 e   10655.408661521  10655.408805608  1.536e-03  1.000e-02  1.000e-02
0 1 5 1 22 e   10664.089343958  10664.089552738  3.709e-03  1.000e-02  1.000e-02
0 0 5 0 54 e   10665.344891333  10665.344894759  3.632e-05  1.000e-02  1.000e-02
0 1 5 1 23 e   10673.158552985  10673.158553198  2.096e-06  1.000e-02  1.000e-02
0 1 5 1 24 e   10682.615745033  10682.615827072  9.761e-04  1.000e-02  1.000e-02
0 1 5 1 24 f   10682.752857544  10682.752857581  1.652e-06  1.000e-02  1.000e-02
0 0 5 0 55 e   10686.971341845  10686.971345433  3.637e-05  1.000e-02  1.000e-02
0 1 5 1 25 e   10692.479380135  10692.479362293  1.101e-03  1.000e-02  1.000e-02
0 1 5 1 26 e   10702.729432997  10702.729432852  1.676e-06  1.000e-02  1.000e-02
0 0 5 0 56 e   10708.986096197  10708.986151335  4.005e-04  1.000e-02  1.001e-02
0 1 5 1 27 e   10713.376378247  10713.376377860  2.830e-06  1.000e-02  1.000e-02
0 1 5 1 28 e   10724.419104666  10724.419104438  1.760e-06  1.000e-02  1.000e-02
0 0 5 0 57 e   10731.396586652  10731.396641716  4.003e-04  1.000e-02  1.001e-02
0 1 5 1 29 e   10735.852574864  10735.852574040  3.922e-06  1.000e-02  1.000e-02
0 1 5 1 30 e   10747.681765879  10747.681765662  1.924e-06  1.000e-02  1.000e-02
0 0 5 0 58 e   10754.202007050  10754.202062096  4.003e-04  1.000e-02  1.002e-02
0 1 5 1 31 e   10759.902634175  10759.902633317  4.613e-06  1.000e-02  1.000e-02
0 1 5 1 32 e   10772.521158635  10772.521158407  2.389e-06  1.000e-02  1.000e-02
0 0 5 0 59 e   10777.396294615  10777.396350022  3.992e-04  1.000e-02  1.003e-02
0 1 5 1 33 e   10785.531289746  10785.531287976  5.326e-06  1.000e-02  1.000e-02
0 1 5 1 34 e   10798.936008392  10798.936008165  2.830e-06  1.000e-02  1.000e-02
0 0 5 0 60 e   10800.980394572  10800.980449898  4.016e-04  1.000e-02  1.003e-02
0 1 5 1 35 e   10812.729592431  10812.729608024  6.690e-04  1.000e-02  1.000e-02
0 1 5 1 35 f   10813.021650029  10813.021649257  3.569e-06  1.000e-02  1.000e-02
0 0 5 0 61 e   10824.960229291  10824.960283039  3.996e-04  1.000e-02  1.004e-02
0 1 5 1 36 e   10826.922021082  10826.922020163  3.191e-06  1.000e-02  1.000e-02
0 1 5 1 37 e   10841.512241495  10841.512240363  4.616e-06  1.000e-02  1.000e-02
0 0 5 0 62 e   10849.328756236  10849.328808657  4.001e-04  1.000e-02  1.005e-02
0 1 5 1 38 e   10856.477891725  10856.477890866  3.058e-06  1.000e-02  1.000e-02
0 1 5 1 39 e   10871.853918109  10871.853916685  6.042e-06  1.000e-02  1.000e-02
0 0 5 0 63 e   10874.080851012  10874.080906281  4.000e-04  1.000e-02  1.006e-02
0 1 5 1 40 e   10887.609288392  10887.609288452  3.916e-06  1.000e-02  1.000e-02
0 0 5 0 64 e   10899.233517960  10899.233573274  3.999e-04  1.000e-02  1.007e-02
0 1 5 1 41 e   10903.786437271  10903.785012720  9.426e-03  1.000e-02  1.000e-02
0 1 5 1 42 e   10920.330373674  10920.330285213  1.190e-02  1.000e-02  1.190e-02
1 0 5 0 2 e   10921.177713308  10921.177713308  1.298e-09  1.380e-02  1.380e-02
1 0 5 0 3 e   10922.376128144  10922.376060133  1.351e-03  1.000e-02  1.000e-02
1 0 5 0 4 e   10923.952274617  10923.952274617  3.732e-08  1.000e-02  1.000e-02
0 0 5 0 65 e   10924.773667365  10924.773722661  3.999e-04  1.000e-02  1.007e-02
1 0 5 0 5 e   10925.923667613  10925.923663143  3.581e-03  1.000e-02  1.000e-02
1 0 5 0 6 e   10928.302023238  10928.302136210  2.559e-03  7.000e-03  7.000e-03
1 0 5 0 7 e   10931.061459774  10931.061459819  2.191e-07  1.000e-02  1.000e-02
1 0 5 0 8 e   10934.226754560  10934.226754605  2.192e-07  1.000e-02  1.000e-02
1 4 4 0 2 e   10936.153274617  10936.153274617  3.732e-08  1.680e-02  1.680e-02
0 1 5 1 43 e   10937.284667415  10937.285328787  1.059e-02  1.000e-02  1.059e-02
1 4 4 0 3 e   10937.333117431  10937.333117430  3.977e-08  1.000e-02  1.000e-02
0 1 5 1 43 f   10937.721588326  10937.721584959  1.143e-05  1.000e-02  1.000e-02
1 0 5 0 9 e   10937.778587769  10937.778720674  2.235e-03  1.000e-02  1.000e-02
1 4 4 0 4 e   10938.907662626  10938.907662665  2.163e-07  1.000e-02  1.000e-02
1 4 4 0 5 e   10940.888511700  10940.888859608  5.122e-03  1.000e-02  1.000e-02
1 0 5 0 10 e   10941.723543765  10941.723522807  1.960e-03  1.000e-02  1.000e-02
1 4 4 0 6 e   10943.271459248  10943.271371260  7.309e-04  7.000e-03  7.000e-03
1 4 4 0 7 e   10946.054171290  10946.054180948  2.062e-04  1.170e-02  1.170e-02
1 0 5 0 11 e   10946.071155243  10946.071149713  3.519e-03  1.000e-02  1.000e-02
1 4 4 0 8 e   10949.213797687  10949.213817393  2.074e-03  1.000e-02  1.000e-02
0 0 5 0 66 e   10950.702226575  10950.702281849  3.999e-04  1.000e-02  1.008e-02
1 4 4 0 9 e   10952.779087769  10952.779051025  2.565e-03  1.000e-02  1.000e-02
0 1 5 1 44 e   10954.627280176  10954.626049907  1.254e-02  1.000e-02  1.254e-02
1 0 5 0 13 e   10955.939797796  10955.939826365  1.515e-04  1.000e-02  1.000e-02
1 4 4 0 10 e   10956.739043765  10956.739035740  2.241e-04  1.000e-02  1.000e-02
1 4 4 0 11 e   10961.099155243  10961.099613192  2.664e-03  1.000e-02  1.000e-02
1 0 5 0 14 e   10961.467802829  10961.467766736  5.069e-04  1.000e-02  1.000e-02
1 4 4 0 12 e   10965.855910774  10965.855917859  4.085e-04  1.000e-02  1.000e-02
1 0 5 0 15 e   10967.387911214  10967.387908395  1.483e-03  1.000e-02  1.000e-02
1 4 4 0 13 e   10971.005594723  10971.005594770  2.184e-07  1.000e-02  1.000e-02
0 1 5 1 45 e   10972.352676433  10972.352622188  1.861e-02  1.000e-02  1.861e-02
1 0 5 0 16 e   10973.708107369  10973.708131007  7.369e-04  1.000e-02  1.000e-02
1 4 4 0 14 e   10976.553802829  10976.553847208  2.347e-04  1.000e-02  1.000e-02
0 0 5 0 67 e   10977.032894182  10977.032892289  1.486e-03  1.000e-02  1.007e-02
1 0 5 0 17 e   10980.414374595  10980.414246950  4.282e-03  1.000e-02  1.000e-02
1 4 4 0 15 e   10982.498911214  10982.498992028  8.479e-04  1.000e-02  1.000e-02
1 0 5 0 18 e   10987.518695210  10987.518591138  4.495e-04  1.000e-02  1.000e-02
1 4 4 0 16 e   10988.841117081  10988.841117138  2.250e-07  1.000e-02  1.000e-02
0 1 5 1 46 e   10990.480675130  10990.481707801  1.715e-02  1.000e-02  1.715e-02
1 0 5 0 19 e   10995.017550432  10995.017725167  1.733e-03  1.000e-02  1.000e-02
1 4 4 0 17 e   10995.574726537  10995.573349567  7.880e-03  1.000e-02  1.000e-02
1 4 4 0 18 e   11002.713177643  11002.714177519  6.108e-03  1.000e-02  1.000e-02
1 0 5 0 20 e   11002.909920484  11002.909641655  3.792e-03  1.000e-02  1.000e-02
0 0 5 0 68 e   11003.753256000  11003.753329496  3.859e-03  1.000e-02  1.008e-02
0 1 5 1 47 e   11008.998641568  11008.999824562  1.782e-02  1.000e-02  1.782e-02
1 4 4 0 19 e   11010.241927630  11010.241927692  2.260e-07  1.000e-02  1.000e-02
1 0 5 0 21 e   11011.192395797  11011.192395856  2.275e-07  1.000e-02  1.000e-02
1 4 4 0 20 e   11018.169292763  11018.169292824  2.262e-07  1.000e-02  1.000e-02
1 0 5 0 22 e   11019.874693090  11019.874693148  2.276e-07  1.000e-02  1.000e-02
1 4 4 0 21 e   11026.490173234  11026.490173295  2.261e-07  1.000e-02  1.000e-02
0 1 5 1 48 e   11027.924089465  11027.922698261  1.687e-02  1.000e-02  1.687e-02
1 0 5 0 23 e   11028.949380616  11028.949343492  1.853e-03  7.000e-03  7.000e-03
0 0 5 0 69 e   11030.857382829  11030.857424775  6.492e-03  1.000e-02  1.009e-02
1 0 5 0 24 e   11038.418116464  11038.418176162  1.181e-03  1.000e-02  1.000e-02
1 4 4 0 23 e   11044.331711233  11044.331892936  1.444e-03  7.000e-03  7.000e-03
0 1 5 1 49 e   11047.216799578  11047.215414719  1.528e-02  1.000e-02  1.528e-02
0 1 5 1 49 f   11047.787640041  11047.787631371  2.171e-05  1.000e-02  1.000e-02
1 0 5 0 25 e   11048.281727163  11048.281887867  2.897e-03  1.000e-02  1.000e-02
1 4 4 0 24 e   11053.846693090  11053.846693148  2.276e-07  1.000e-02  1.000e-02
0 0 5 0 70 e   11058.355205378  11058.355008378  5.272e-03  1.000e-02  1.010e-02
1 0 5 0 26 e   11058.536237689  11058.536328310  5.310e-03  1.000e-02  1.000e-02
0 1 5 1 50 e   11066.930174120  11066.931177006  1.701e-02  1.000e-02  1.701e-02
0 2 5 0 6 e   11067.719251719  11067.719427660  1.939e-03  1.000e-02  1.000e-02
1 0 5 0 27 e   11069.178043915  11069.178163395  4.557e-03  1.000e-02  1.000e-02
1 4 4 0 26 e   11074.056539838  11074.056539896  2.265e-07  1.000e-02  1.000e-02
0 2 5 0 9 e   11077.233715764  11077.233715809  2.188e-07  2.260e-02  2.260e-02
1 0 5 0 28 e   11080.225505251  11080.225505310  2.272e-07  1.000e-02  1.000e-02
0 2 5 0 10 e   11081.154332970  11081.154333016  2.187e-07  1.230e-02  1.230e-02
1 4 4 0 27 e   11084.765038240  11084.765038298  2.269e-07  1.000e-02  1.000e-02
0 2 5 0 11 e   11085.510525476  11085.510523721  2.633e-03  1.000e-02  1.000e-02
0 0 5 0 71 e   11086.239649970  11086.238737439  5.035e-03  1.000e-02  1.011e-02
0 1 5 1 51 e   11087.016710815  11087.016692665  2.222e-02  1.000e-02  2.222e-02
0 2 5 0 12 e   11090.262332970  11090.262333016  2.187e-07  1.000e-02  1.000e-02
1 0 5 0 29 e   11091.650220940  11091.650220997  2.267e-07  1.000e-02  1.000e-02
0 2 5 0 13 e   11095.405594723  11095.405594770  2.184e-07  1.000e-02  1.000e-02
1 4 4 0 28 e   11095.864884197  11095.864884255  2.272e-07  1.000e-02  1.000e-02
0 2 5 0 14 e   11100.946302829  11100.946420826  4.440e-03  1.000e-02  1.000e-02
1 0 5 0 30 e   11103.481165386  11103.481165444  2.263e-07  1.000e-02  1.000e-02
0 2 5 0 15 e   11106.895732702  11106.895980541  1.929e-03  1.690e-02  1.690e-02
0 1 5 1 52 e   11107.502932247  11107.503846197  2.250e-02  1.001e-02  2.250e-02
0 2 5 0 16 e   11113.242117081  11113.242117138  2.250e-07  3.670e-02  3.670e-02
0 0 5 0 72 e   11114.513137632  11114.512437543  5.121e-03  1.000e-02  1.011e-02
1 0 5 0 31 e   11115.704306312  11115.704306370  2.263e-07  1.000e-02  1.000e-02
1 4 4 0 30 e   11119.266165386  11119.266165444  2.263e-07  1.000e-02  1.000e-02
0 2 5 0 17 e   11119.925782405  11119.928443265  1.034e-02  1.000e-02  1.034e-02
0 2 5 0 18 e   11127.052097656  11127.052097717  2.262e-07  1.000e-02  1.000e-02
1 0 5 0 32 e   11128.316596890  11128.316711890  1.032e-03  7.000e-03  7.000e-03
0 1 5 1 53 e   11128.373909892  11128.373985261  2.187e-02  1.000e-02  2.187e-02
1 4 4 0 31 e   11131.558911923  11131.558901667  4.480e-03  1.000e-02  1.000e-02
0 2 5 0 19 e   11134.563604316  11134.560938318  8.098e-03  1.000e-02  1.000e-02
1 0 5 0 33 e   11141.326043031  11141.326043089  2.263e-07  1.000e-02  1.000e-02
0 2 5 0 20 e   11142.478920484  11142.478833898  2.456e-03  1.000e-02  1.000e-02
0 0 5 0 73 e   11143.186098099  11143.186039664  7.236e-03  1.000e-02  1.012e-02
1 4 4 0 32 e   11144.246995154  11144.246958627  1.599e-03  7.000e-03  7.000e-03
0 1 5 1 54 e   11149.675912276  11149.674406329  2.747e-02  1.000e-02  2.747e-02
0 2 5 0 21 e   11150.775968671  11150.777405077  1.432e-02  1.840e-02  1.840e-02
1 0 5 0 34 e   11154.738569012  11154.738569070  2.264e-07  1.820e-02  1.820e-02
1 4 4 0 33 e   11157.331306312  11157.331306370  2.263e-07  1.000e-02  1.000e-02
0 2 5 0 22 e   11159.464548206  11159.464548266  2.268e-07  1.470e-02  1.470e-02
1 0 5 0 35 e   11168.510597409  11168.510539287  3.275e-04  1.000e-02  1.000e-02
0 2 5 0 23 e   11168.576325019  11168.576138044  8.376e-03  1.000e-02  1.000e-02
1 4 4 0 34 e   11170.818089662  11170.818051836  4.200e-04  1.000e-02  1.000e-02
0 1 5 1 55 e   11171.288812940  11171.288807607  2.152e-02  1.000e-02  2.152e-02
0 1 5 1 55 f   11172.017730382  11172.017769901  2.886e-04  1.000e-02  1.000e-02
0 0 5 0 74 e   11172.223756332  11172.223810177  3.986e-04  1.000e-02  1.014e-02
0 2 5 0 24 e   11178.071371045  11178.071175959  4.838e-03  1.000e-02  1.000e-02
1 0 5 0 36 e   11182.692753808  11182.692753867  2.264e-07  1.000e-02  1.000e-02
1 4 4 0 35 e   11184.697151788  11184.697151847  2.264e-07  1.000e-02  1.000e-02
0 2 5 0 25 e   11187.951727163  11187.951749945  5.273e-04  1.000e-02  1.000e-02
0 1 5 1 56 e   11193.322657746  11193.322708089  1.401e-03  1.001e-02  1.011e-02
1 0 5 0 37 e   11197.268336557  11197.268336616  2.262e-07  1.000e-02  1.000e-02
0 2 5 0 26 e   11198.234216214  11198.234493767  8.759e-03  1.120e-02  1.120e-02
0 0 5 0 75 e   11201.652709602  11201.652763467  3.986e-04  1.000e-02  1.015e-02
0 2 5 0 27 e   11208.908043915  11208.907781585  2.077e-03  1.000e-02  1.000e-02
1 4 4 0 37 e   11213.656151788  11213.656151847  2.264e-07  1.000e-02  1.000e-02
0 1 5 1 57 e   11215.834427268  11215.835057205  3.820e-02  1.000e-02  3.820e-02
0 2 5 0 28 e   11219.978420113  11219.975658316  7.667e-03  1.000e-02  1.000e-02
1 0 5 0 39 e   11227.597284602  11227.597284661  2.262e-07  1.000e-02  1.000e-02
1 4 4 0 38 e   11228.740069244  11228.740594879  1.494e-03  7.000e-03  7.000e-03
0 2 5 0 29 e   11231.474049591  11231.474049650  2.272e-07  2.320e-02  2.320e-02
0 0 5 0 76 e   11231.511325531  11231.511379414  3.986e-04  1.000e-02  1.016e-02
0 1 5 1 58 e   11238.604657746  11238.604708089  1.401e-03  1.001e-02  1.011e-02
1 0 5 0 40 e   11243.346896467  11243.346937476  3.727e-04  7.000e-03  7.000e-03
0 2 5 0 30 e   11243.347505251  11243.347505310  2.272e-07  3.440e-02  3.440e-02
0 2 5 0 31 e   11255.580306312  11255.580306370  2.263e-07  1.000e-02  1.000e-02
1 0 5 0 41 e   11259.493666626  11259.493666685  2.265e-07  1.000e-02  1.000e-02
0 1 5 1 59 e   11261.871866156  11261.871442047  3.630e-02  1.001e-02  3.632e-02
0 2 5 0 32 e   11268.219128671  11268.219218241  3.918e-03  1.000e-02  1.000e-02
1 0 5 0 42 e   11276.024537824  11276.024537882  2.265e-07  1.000e-02  1.000e-02
0 2 5 0 33 e   11281.269603256  11281.268953717  7.814e-03  1.000e-02  1.000e-02
0 2 5 2 34 e   11283.828353700  11283.828981394  2.096e-03  3.041e-02  3.082e-02
0 1 5 1 60 e   11285.493011881  11285.490768965  2.462e-02  1.001e-02  2.465e-02
0 1 5 1 60 f   11286.352436968  11286.352490723  3.997e-04  1.000e-02  1.003e-02
1 0 5 0 43 e   11292.952140654  11292.952139025  1.367e-05  1.000e-02  1.000e-02
0 2 5 0 34 e   11294.718000742  11294.719087204  6.282e-03  1.000e-02  1.000e-02
0 2 5 2 35 e   11297.663304140  11297.662918538  9.288e-04  3.041e-02  3.082e-02
0 2 5 0 35 e   11308.552614495  11308.546519459  1.327e-02  1.000e-02  1.327e-02
0 1 5 1 61 e   11309.463682019  11309.463526484  1.057e-03  1.001e-02  1.008e-02
1 0 5 0 44 e   11310.269078135  11310.269133562  7.952e-04  7.000e-03  7.000e-03
0 2 5 0 36 e   11322.725450211  11322.725450393  1.006e-06  5.000e-02  5.000e-02
0 0 5 0 79 e   11323.373332778  11323.373386736  3.996e-04  1.000e-02  1.018e-02
0 1 5 1 62 e   11333.872345214  11333.872189680  1.057e-03  1.001e-02  1.009e-02
0 2 5 0 37 e   11337.407336557  11337.407336616  2.262e-07  1.000e-02  1.000e-02
0 2 5 0 38 e   11352.445860350  11352.445860409  2.262e-07  1.510e-02  1.510e-02
0 0 5 0 80 e   11354.774781104  11354.774835228  3.986e-04  1.000e-02  1.019e-02
0 1 5 1 63 e   11358.678216130  11358.678060596  1.057e-03  1.001e-02  1.010e-02
0 2 5 0 39 e   11367.846336557  11367.846336616  2.262e-07  1.000e-02  1.000e-02
0 2 5 0 40 e   11383.657860350  11383.657883714  7.834e-04  1.000e-02  1.000e-02
0 1 5 1 64 e   11383.863728623  11383.863616183  1.630e-03  1.001e-02  1.011e-02
1 4 4 0 48 e   11401.364847093  11401.364841237  1.794e-05  1.000e-02  1.000e-02
0 2 5 0 42 e   11416.431537824  11416.431537882  2.265e-07  2.820e-02  2.820e-02
0 2 5 0 44 e   11450.848420417  11450.848418784  1.363e-05  2.000e-02  2.000e-02
0 2 5 0 45 e   11468.629345348  11468.629339452  1.797e-05  1.000e-02  1.000e-02
2 4 4 0 1 e   11741.444159084  11741.442535576  5.140e-03  5.400e-03  5.400e-03
2 4 4 0 2 e   11742.230043412  11742.229622410  2.397e-03  5.000e-03  5.000e-03
2 4 4 0 3 e   11743.423293887  11743.424538587  4.129e-03  5.500e-03  5.500e-03
2 4 4 0 4 e   11745.006862522  11745.005908944  2.931e-03  9.200e-03  9.200e-03
2 4 4 0 5 e   11747.006117431  11747.006117430  3.977e-08  5.000e-03  5.000e-03
2 4 4 0 6 e   11749.382280622  11749.382221341  1.103e-03  8.500e-03  8.500e-03
2 4 4 0 7 e   11752.175389204  11752.176573726  3.866e-03  5.000e-03  5.000e-03
2 4 4 0 8 e   11755.333754560  11755.333754605  2.192e-07  2.080e-02  2.080e-02
2 0 5 0 1 e   11762.384138857  11762.384138857  3.716e-08  1.000e-02  1.000e-02
2 4 4 0 10 e   11762.910181058  11762.907220397  1.237e-02  1.460e-02  1.460e-02
2 0 5 0 2 e   11763.175493963  11763.175479992  1.557e-04  1.000e-02  1.000e-02
2 0 5 0 3 e   11764.337895755  11764.337767853  4.220e-03  1.000e-02  1.000e-02
2 0 5 0 4 e   11765.904528842  11765.903958217  5.051e-03  1.000e-02  1.000e-02
2 4 4 0 11 e   11767.282003212  11767.283415448  3.989e-03  5.000e-03  5.000e-03
2 0 5 0 5 e   11767.861011700  11767.861006066  7.772e-05  1.000e-02  1.000e-02
2 0 5 0 6 e   11770.215706723  11770.215706383  5.288e-05  7.000e-03  7.000e-03
2 4 4 0 12 e   11772.050674814  11772.051877392  3.803e-03  5.000e-03  5.000e-03
2 0 5 0 7 e   11772.953465492  11772.953478164  1.321e-03  1.000e-02  1.000e-02
2 0 5 0 8 e   11776.093297687  11776.093328422  3.227e-04  1.000e-02  1.000e-02
2 4 4 0 13 e   11777.212232806  11777.212056745  1.950e-03  5.000e-03  5.000e-03
2 0 5 0 9 e   11779.620321124  11779.620106510  4.710e-03  1.000e-02  1.000e-02
2 4 4 0 14 e   11782.774488578  11782.774488636  2.255e-07  6.800e-03  6.800e-03
2 0 5 0 10 e   11783.542543765  11783.542493553  5.859e-04  1.000e-02  1.000e-02
2 0 5 0 11 e   11787.855448435  11787.855301337  1.214e-03  7.000e-03  7.000e-03
2 4 4 0 15 e   11788.742986316  11788.742231741  3.880e-03  5.000e-03  5.000e-03
2 0 5 0 12 e   11792.559410774  11792.559408414  6.606e-05  1.000e-02  1.000e-02
2 4 4 0 16 e   11795.101107369  11795.101094397  2.215e-03  5.000e-03  5.000e-03
2 0 5 0 13 e   11797.652297796  11797.652090052  2.069e-03  1.000e-02  1.000e-02
2 4 4 0 17 e   11801.855499711  11801.856428737  8.114e-03  9.600e-03  9.600e-03
2 0 5 0 14 e   11803.137848652  11803.137859257  1.767e-03  1.000e-02  1.000e-02
2 4 4 0 18 e   11809.003292763  11809.003292824  2.262e-07  1.030e-02  1.030e-02
2 0 5 0 15 e   11809.024911214  11809.024880845  8.097e-04  1.000e-02  1.000e-02
2 0 5 0 16 e   11815.297112274  11815.297111394  6.639e-06  7.000e-03  7.000e-03
2 4 4 0 19 e   11816.565550432  11816.565559773  1.001e-03  5.000e-03  5.000e-03
2 0 5 0 17 e   11821.959115486  11821.958863867  1.812e-03  7.000e-03  7.000e-03
2 4 4 0 20 e   11824.520043953  11824.520154210  8.036e-04  5.300e-03  5.300e-03
2 0 5 0 18 e   11829.019695210  11829.020206654  4.360e-03  1.000e-02  1.000e-02
2 4 4 0 21 e   11832.858395797  11832.858395856  2.275e-07  5.000e-03  5.000e-03
2 0 5 0 19 e   11836.461550432  11836.461624298  1.839e-03  1.000e-02  1.000e-02
2 4 4 0 22 e   11841.608322186  11841.608635589  2.310e-03  5.000e-03  5.000e-03
2 0 5 0 20 e   11844.312420484  11844.312625992  2.019e-03  1.000e-02  1.000e-02
2 4 4 0 23 e   11850.743851514  11850.743884041  1.150e-03  5.000e-03  5.000e-03
2 0 5 0 21 e   11852.535284515  11852.535289887  8.714e-05  1.000e-02  1.000e-02
2 4 4 0 24 e   11860.291856231  11860.292340519  2.049e-03  5.700e-03  5.700e-03
2 0 5 0 22 e   11861.158356788  11861.158006249  2.434e-03  7.000e-03  7.000e-03
2 0 5 0 23 e   11870.173613766  11870.173424148  2.477e-03  7.000e-03  7.000e-03
2 4 4 0 25 e   11870.219038240  11870.219038298  2.269e-07  5.000e-03  5.000e-03
2 0 5 0 24 e   11879.579332110  11879.579865742  3.366e-03  1.000e-02  1.000e-02
2 4 4 0 26 e   11880.557869310  11880.554043413  1.374e-02  1.580e-02  1.580e-02
1 2 5 0 0 e   11886.106713308  11886.106713308  1.298e-09  1.300e-02  1.300e-02
1 2 5 0 1 e   11886.516138857  11886.516138857  3.716e-08  1.000e-02  1.000e-02
1 2 5 0 2 e   11887.302274617  11887.302274617  3.732e-08  1.000e-02  1.000e-02
1 2 5 0 3 e   11888.492117431  11888.492117430  3.977e-08  1.000e-02  1.000e-02
2 0 5 0 25 e   11889.375038240  11889.375038298  2.269e-07  1.000e-02  1.000e-02
1 2 5 0 4 e   11890.072662626  11890.072662665  2.163e-07  1.000e-02  1.000e-02
2 4 4 0 27 e   11891.288101455  11891.289171357  3.312e-03  5.000e-03  5.000e-03
1 2 5 0 5 e   11892.040905969  11892.040906012  2.193e-07  1.000e-02  1.000e-02
1 2 5 0 6 e   11894.410734647  11894.410608712  9.944e-04  7.000e-03  7.000e-03
1 2 5 0 7 e   11897.181000665  11897.181691354  5.796e-03  1.000e-02  1.000e-02
2 0 5 0 26 e   11899.577884197  11899.577884255  2.272e-07  1.000e-02  1.000e-02
1 2 5 0 8 e   11900.336797687  11900.336872674  7.162e-04  1.000e-02  1.000e-02
2 4 4 0 28 e   11902.418848234  11902.419473487  2.539e-03  6.500e-03  6.500e-03
1 2 5 0 9 e   11903.896587769  11903.896271325  4.386e-03  1.000e-02  1.000e-02
1 2 5 0 10 e   11907.848449940  11907.848710436  4.318e-03  1.000e-02  1.000e-02
2 0 5 0 27 e   11910.159049591  11910.159049650  2.272e-07  1.000e-02  1.000e-02
1 2 5 0 11 e   11912.190155243  11912.190185596  3.290e-04  1.000e-02  1.000e-02
2 4 4 0 29 e   11913.928220940  11913.928220997  2.267e-07  7.000e-03  7.000e-03
1 2 5 0 12 e   11916.928910774  11916.928901103  3.261e-04  1.000e-02  1.000e-02
2 0 5 0 28 e   11921.118505251  11921.118505310  2.272e-07  1.660e-02  1.660e-02
1 2 5 0 13 e   11922.063297796  11922.063320656  2.108e-04  1.000e-02  1.000e-02
2 4 4 0 30 e   11925.855326661  11925.856240994  4.087e-03  5.000e-03  5.000e-03
1 2 5 0 14 e   11927.600264878  11927.600390726  2.848e-03  1.000e-02  1.000e-02
2 0 5 0 29 e   11932.500635265  11932.500677313  9.842e-04  1.000e-02  1.000e-02
1 2 5 0 15 e   11933.530382454  11933.530434899  2.939e-04  1.100e-02  1.100e-02
2 4 4 0 31 e   11938.174264006  11938.174254055  3.948e-03  5.200e-03  5.200e-03
1 2 5 0 16 e   11939.849559836  11939.849545551  3.876e-04  1.020e-02  1.020e-02
2 0 5 0 30 e   11944.259335319  11944.259558962  3.192e-03  1.000e-02  1.000e-02
1 2 5 0 17 e   11946.557374595  11946.557582343  1.720e-03  1.000e-02  1.000e-02
2 4 4 0 32 e   11950.885313695  11950.884829056  2.144e-03  5.000e-03  5.000e-03
1 2 5 0 18 e   11953.661695210  11953.661687348  2.917e-04  1.000e-02  1.000e-02
2 0 5 0 31 e   11956.408306312  11956.408306370  2.263e-07  1.000e-02  1.000e-02
1 2 5 0 19 e   11961.167050432  11961.166986217  1.492e-03  1.000e-02  1.000e-02
2 4 4 0 33 e   11963.976043031  11963.976043089  2.263e-07  2.540e-02  2.540e-02
2 0 5 0 32 e   11968.955939172  11968.956004749  3.617e-04  7.000e-03  7.000e-03
1 2 5 0 20 e   11969.074692788  11969.075530242  4.082e-03  1.000e-02  1.000e-02
1 2 5 0 21 e   11977.365284515  11977.365289894  7.849e-05  1.000e-02  1.000e-02
2 0 5 0 33 e   11981.895043031  11981.895043089  2.263e-07  1.000e-02  1.000e-02
1 2 5 0 22 e   11986.055620648  11986.055476940  1.608e-03  1.000e-02  1.000e-02
2 4 4 0 35 e   11991.416151788  11991.416151847  2.264e-07  5.000e-03  5.000e-03
1 2 5 0 23 e   11995.137638338  11995.137583555  1.527e-03  7.000e-03  7.000e-03
2 0 5 0 34 e   11995.211569012  11995.211569070  2.264e-07  1.000e-02  1.000e-02
1 2 5 0 24 e   12004.618442825  12004.618540047  2.674e-03  1.000e-02  1.000e-02
2 4 4 0 36 e   12005.722753808  12005.722753867  2.264e-07  5.100e-03  5.100e-03
2 0 5 0 35 e   12008.941097409  12008.940251990  6.223e-03  1.000e-02  1.000e-02
1 2 5 0 25 e   12014.490227163  12014.490215246  1.285e-04  1.000e-02  1.000e-02
2 4 4 0 37 e   12020.426080504  12020.426226496  6.339e-04  9.000e-03  9.000e-03
2 0 5 0 36 e   12023.054935348  12023.054755581  2.715e-03  7.000e-03  7.000e-03
1 2 5 0 26 e   12024.754212017  12024.754102419  2.554e-03  1.000e-02  1.000e-02
0 0 6 0 1 e   12028.290138857  12028.290138857  3.716e-08  1.000e-02  1.000e-02
0 0 6 0 2 e   12029.097713308  12029.097713308  1.298e-09  1.000e-02  1.000e-02
0 0 6 0 3 e   12030.277628144  12030.277831596  5.059e-03  1.000e-02  1.000e-02
0 0 6 0 4 e   12031.835968622  12031.836659208  1.017e-02  1.000e-02  1.017e-02
0 0 6 0 5 e   12033.801511700  12033.801299100  2.583e-03  1.000e-02  1.000e-02
1 2 5 0 27 e   12035.412543915  12035.412829538  2.499e-03  1.000e-02  1.000e-02
2 4 4 0 38 e   12035.505697557  12035.505512638  1.739e-03  5.000e-03  5.000e-03
0 0 6 0 6 e   12036.154762626  12036.154762665  2.163e-07  5.000e-03  5.000e-03
2 0 5 0 37 e   12037.567744173  12037.567804090  1.814e-03  1.000e-02  1.000e-02
0 0 6 0 7 e   12038.886682871  12038.886393872  4.338e-03  1.000e-02  1.000e-02
0 0 6 0 8 e   12042.020797687  12042.020693158  2.098e-03  1.000e-02  1.000e-02
0 0 6 0 9 e   12045.546587769  12045.546798225  2.290e-03  1.000e-02  1.000e-02
1 2 5 0 28 e   12046.480657402  12046.480868802  2.090e-03  1.010e-02  1.010e-02
0 0 6 0 10 e   12049.459043765  12049.460118515  7.999e-03  1.000e-02  1.000e-02
2 4 4 0 39 e   12050.995336557  12050.995336616  2.262e-07  7.900e-03  7.900e-03
2 0 5 0 38 e   12052.467449952  12052.467455863  3.536e-03  1.000e-02  1.000e-02
0 0 6 0 11 e   12053.772155243  12053.771749575  5.301e-03  1.000e-02  1.000e-02
1 2 5 0 29 e   12057.926007553  12057.926598015  4.178e-03  1.000e-02  1.000e-02
0 0 6 0 12 e   12058.477910774  12058.477717489  5.221e-03  1.000e-02  1.000e-02
0 0 6 0 13 e   12063.583297796  12063.583799067  6.148e-03  1.000e-02  1.000e-02
2 4 4 0 40 e   12066.887767608  12066.887803151  3.163e-04  5.000e-03  5.000e-03
2 0 5 0 39 e   12067.794284602  12067.794284661  2.262e-07  1.000e-02  1.000e-02
0 0 6 0 14 e   12069.067302829  12069.066867769  5.619e-03  1.000e-02  1.000e-02
1 2 5 0 30 e   12069.770835319  12069.770894369  9.843e-04  1.000e-02  1.000e-02
0 4 5 0 6 e   12070.169962626  12070.169962665  2.163e-07  5.000e-03  5.000e-03
0 0 6 0 15 e   12074.943911214  12074.942828955  6.879e-03  1.000e-02  1.000e-02
0 0 6 0 16 e   12081.217180510  12081.216616914  3.522e-03  5.000e-03  5.000e-03
1 2 5 0 31 e   12082.011763626  12082.011839368  1.851e-03  1.000e-02  1.000e-02
2 4 4 0 41 e   12083.174168483  12083.173892558  2.891e-03  5.000e-03  5.000e-03
2 0 5 0 40 e   12083.323567608  12083.323567667  2.263e-07  1.000e-02  1.000e-02
0 0 6 0 17 e   12087.875874595  12087.875932821  3.449e-03  1.000e-02  1.000e-02
1 2 5 0 32 e   12094.648408478  12094.648943613  2.440e-03  7.000e-03  7.000e-03
0 0 6 0 18 e   12094.928695210  12094.928757227  1.190e-03  1.000e-02  1.000e-02
2 0 5 0 41 e   12099.436324610  12099.436326158  3.852e-04  7.000e-03  7.000e-03
2 4 4 0 42 e   12099.840332565  12099.840304006  1.129e-03  1.460e-02  1.460e-02
0 0 6 0 19 e   12102.367550432  12102.367387054  1.743e-03  1.000e-02  1.000e-02
1 2 5 0 33 e   12107.672174672  12107.672192840  1.279e-03  1.000e-02  1.000e-02
0 0 6 0 20 e   12110.203920484  12110.203822865  4.800e-03  1.000e-02  1.000e-02
2 0 5 0 42 e   12115.911552716  12115.911648684  7.053e-04  1.000e-02  1.000e-02
0 4 5 0 16 e   12115.923517081  12115.923517138  2.250e-07  5.000e-03  5.000e-03
2 4 4 0 43 e   12116.931807798  12116.932736391  3.837e-03  5.000e-03  5.000e-03
0 0 6 0 21 e   12118.425784515  12118.425794081  5.843e-03  1.000e-02  1.000e-02
1 2 5 0 34 e   12121.094569012  12121.094569070  2.264e-07  1.000e-02  1.000e-02
0 0 6 0 22 e   12127.054120648  12127.054109777  3.066e-04  1.000e-02  1.000e-02
2 0 5 0 43 e   12132.772096928  12132.773332568  5.333e-03  1.000e-02  1.000e-02
2 4 4 0 44 e   12134.427537824  12134.427537882  2.265e-07  2.220e-02  2.220e-02
1 2 5 0 35 e   12134.919151788  12134.919151847  2.264e-07  1.000e-02  1.000e-02
0 0 6 0 23 e   12136.065112705  12136.064470822  2.305e-03  5.000e-03  5.000e-03
0 0 6 0 24 e   12145.464616464  12145.464614470  5.668e-05  1.000e-02  1.000e-02
1 2 5 0 36 e   12149.129753808  12149.129753867  2.264e-07  1.000e-02  1.000e-02
2 0 5 0 44 e   12150.016485043  12150.017521308  6.573e-03  1.000e-02  1.000e-02
2 4 4 0 45 e   12152.274573349  12152.273581072  4.316e-03  5.000e-03  5.000e-03
0 0 6 0 25 e   12155.257227163  12155.257242182  5.981e-04  1.000e-02  1.000e-02
1 2 5 0 37 e   12163.741744173  12163.741728248  4.120e-04  1.000e-02  1.000e-02
0 0 6 0 26 e   12165.440884197  12165.440884255  2.272e-07  1.000e-02  1.000e-02
2 0 5 0 45 e   12167.666899992  12167.667090681  7.185e-04  7.000e-03  7.000e-03
2 4 4 0 46 e   12170.538847093  12170.538841237  1.794e-05  5.000e-03  5.000e-03
0 4 5 0 23 e   12171.648716087  12171.648716146  2.269e-07  5.000e-03  5.000e-03
0 0 6 0 27 e   12176.019049591  12176.019049650  2.272e-07  1.000e-02  1.000e-02
1 2 5 0 38 e   12178.741259448  12178.741545740  8.595e-04  1.000e-02  1.000e-02
2 0 5 0 46 e   12185.703847093  12185.703841237  1.794e-05  1.000e-02  1.000e-02
0 0 6 0 28 e   12186.985505251  12186.985505310  2.272e-07  1.000e-02  1.000e-02
2 4 4 0 47 e   12189.195286981  12189.195416017  5.833e-04  5.000e-03  5.000e-03
1 2 5 0 39 e   12194.136284602  12194.136284661  2.262e-07  1.000e-02  1.000e-02
0 0 6 0 29 e   12198.349220940  12198.349220997  2.267e-07  1.000e-02  1.000e-02
2 0 5 0 47 e   12204.067201810  12204.067361193  4.005e-03  1.000e-02  1.000e-02
2 4 4 0 48 e   12208.248733616  12208.248911785  9.187e-04  5.000e-03  5.000e-03
1 2 5 0 40 e   12209.922869622  12209.923054872  2.551e-03  7.000e-03  7.000e-03
0 0 6 0 30 e   12210.088165386  12210.088165444  2.263e-07  1.000e-02  1.000e-02
0 0 6 0 31 e   12222.226306312  12222.226306370  2.263e-07  1.000e-02  1.000e-02
2 0 5 0 48 e   12222.920630558  12222.920986906  3.557e-03  1.000e-02  1.000e-02
1 2 5 0 41 e   12226.106666626  12226.106666685  2.265e-07  1.000e-02  1.000e-02
0 0 6 0 32 e   12234.757890313  12234.757759391  5.013e-04  5.000e-03  5.000e-03
2 0 5 0 49 e   12242.127824536  12242.125797839  7.100e-03  1.000e-02  1.000e-02
1 2 5 0 42 e   12242.683102433  12242.684199914  5.582e-03  1.000e-02  1.000e-02
0 0 6 0 33 e   12247.670043031  12247.670043089  2.263e-07  1.000e-02  1.000e-02
1 2 5 0 43 e   12259.642140654  12259.642139025  1.367e-05  1.000e-02  1.000e-02
0 0 6 0 34 e   12260.984569012  12260.984569070  2.264e-07  1.000e-02  1.000e-02
2 0 5 0 50 e   12261.732016622  12261.731757228  5.835e-03  1.000e-02  1.000e-02
0 4 5 0 32 e   12272.049810313  12272.049810371  2.263e-07  5.000e-03  5.000e-03
0 0 6 0 35 e   12274.685151788  12274.685151847  2.264e-07  1.000e-02  1.000e-02
1 2 5 0 44 e   12277.023420417  12277.023418784  1.363e-05  1.080e-02  1.080e-02
2 0 5 0 51 e   12281.730905724  12281.730952728  3.172e-03  1.000e-02  1.000e-02
1 2 5 0 45 e   12294.775345348  12294.775339452  1.797e-05  1.000e-02  1.000e-02
2 0 5 0 52 e   12302.105746922  12302.105744463  2.834e-05  1.000e-02  1.000e-02
0 0 6 0 37 e   12303.264336557  12303.264336616  2.262e-07  1.000e-02  1.000e-02
1 2 5 0 46 e   12312.928847093  12312.928841237  1.794e-05  1.000e-02  1.000e-02
0 0 6 0 38 e   12318.136860350  12318.136860409  2.262e-07  1.000e-02  1.000e-02
2 0 5 0 53 e   12322.880932752  12322.880756556  3.486e-03  1.000e-02  1.000e-02
1 2 5 0 47 e   12331.472886981  12331.472998938  2.297e-03  1.000e-02  1.000e-02
0 0 6 0 39 e   12333.396284602  12333.396284661  2.262e-07  1.000e-02  1.000e-02
2 0 5 0 54 e   12344.066891333  12344.066894759  3.632e-05  1.000e-02  1.000e-02
0 0 6 0 40 e   12349.057767608  12349.056785377  3.976e-03  5.000e-03  5.000e-03
1 2 5 0 48 e   12350.404414024  12350.404408227  1.793e-05  1.000e-02  1.000e-02
0 0 6 0 41 e   12365.088666626  12365.088666685  2.265e-07  1.000e-02  1.000e-02
2 0 5 0 55 e   12365.627860965  12365.627608413  1.935e-03  1.000e-02  1.000e-02
1 2 5 0 49 e   12369.746377092  12369.746371301  1.792e-05  1.000e-02  1.000e-02
1 3 5 1 5 e   12380.085399153  12380.085399306  7.208e-07  1.180e-02  1.180e-02
1 3 5 1 5 f   12380.094311047  12380.094311200  7.208e-07  1.180e-02  1.180e-02
0 0 6 0 42 e   12381.523537824  12381.523537882  2.265e-07  1.000e-02  1.000e-02
1 3 5 1 6 e   12382.449677525  12382.448669116  5.804e-03  8.400e-03  8.400e-03
1 3 5 1 6 f   12382.459527884  12382.458941115  8.030e-03  8.400e-03  8.400e-03
1 3 5 1 7 e   12385.219466235  12385.220928733  4.501e-03  5.000e-03  5.000e-03
1 3 5 1 7 f   12385.233853251  12385.234621459  2.528e-03  5.000e-03  5.000e-03
2 0 5 0 56 e   12387.578096197  12387.578151335  4.005e-04  1.000e-02  1.001e-02
1 3 5 1 8 e   12388.370792445  12388.370792584  6.418e-07  1.460e-02  1.460e-02
1 3 5 1 8 f   12388.382674857  12388.382674995  6.435e-07  1.460e-02  1.460e-02
0 4 5 0 40 e   12388.596967608  12388.596967667  2.263e-07  5.000e-03  5.000e-03
1 2 5 0 50 e   12389.573382292  12389.571605461  1.405e-01  1.000e-02  1.405e-01
1 3 5 1 9 e   12391.941603064  12391.943838191  1.189e-02  1.310e-02  1.310e-02
1 3 5 1 9 f   12391.959048336  12391.961492730  1.320e-02  1.310e-02  1.320e-02
1 3 5 1 10 e   12395.923103727  12395.923103799  6.122e-07  2.000e-02  2.000e-02
1 3 5 1 10 f   12395.942200020  12395.942200091  6.122e-07  2.000e-02  2.000e-02
1 3 5 1 11 e   12400.232843969  12400.233052679  1.178e-03  1.000e-02  1.000e-02
1 3 5 1 11 f   12400.293317080  12400.291438173  1.250e-02  1.000e-02  1.250e-02
1 3 5 1 12 e   12404.994783337  12404.995242516  1.257e-02  1.340e-02  1.340e-02
1 3 5 1 12 f   12405.030844830  12405.031719343  1.079e-02  1.340e-02  1.340e-02
1 2 5 0 51 e   12409.593434356  12409.593430969  3.104e-05  5.000e-03  5.001e-03
2 0 5 0 57 e   12409.920454066  12409.920487349  2.359e-04  9.200e-03  9.201e-03
1 3 5 1 13 e   12410.142241512  12410.142241675  7.482e-07  5.000e-03  5.000e-03
1 3 5 1 13 f   12410.175340276  12410.175340440  7.482e-07  5.000e-03  5.000e-03
0 0 6 0 44 e   12415.560420417  12415.560418784  1.363e-05  1.000e-02  1.000e-02
1 3 5 1 15 e   12421.592098406  12421.592098808  1.205e-06  1.420e-02  1.420e-02
1 3 5 1 16 e   12427.889497663  12427.889497975  9.599e-07  1.260e-02  1.260e-02
2 0 5 0 58 e   12432.667007050  12432.667062096  4.003e-04  8.700e-03  8.721e-03
0 0 6 0 45 e   12433.182345348  12433.182339452  1.797e-05  1.000e-02  1.000e-02
1 3 5 1 18 e   12441.727762904  12441.727763295  1.441e-06  8.100e-03  8.100e-03
1 3 5 1 19 f   12449.451026769  12449.451026946  4.896e-07  3.000e-04  3.000e-04
0 0 6 0 46 e   12451.180727093  12451.180445129  1.233e-03  5.000e-03  5.000e-03
2 0 5 0 59 e   12455.799586652  12455.799641716  4.003e-04  1.580e-02  1.581e-02
1 3 5 1 20 f   12457.379822563  12457.379822783  6.362e-07  2.400e-03  2.400e-03
1 3 5 1 21 e   12465.455132877  12465.453857077  6.095e-03  7.300e-03  7.300e-03
1 3 5 1 21 f   12465.696651919  12465.697038625  1.353e-03  3.700e-03  3.700e-03
0 0 6 0 47 e   12469.559886981  12469.559881151  1.791e-05  1.000e-02  1.000e-02
1 3 5 1 22 e   12474.135682324  12474.135682660  2.182e-06  9.300e-03  9.300e-03
1 3 5 1 22 f   12474.416022000  12474.417456345  4.687e-03  4.400e-03  4.687e-03
2 0 5 0 60 e   12479.342008493  12479.342182944  9.379e-04  8.500e-03  8.522e-03
1 3 5 1 23 e   12483.250372307  12483.250372986  2.871e-06  1.550e-02  1.550e-02
1 3 5 1 23 f   12483.512707985  12483.512708130  1.088e-06  1.980e-02  1.980e-02
0 0 6 0 48 e   12488.331414024  12488.331408227  1.793e-05  1.000e-02  1.000e-02
1 3 5 1 24 e   12492.746005592  12492.746005499  2.375e-06  2.630e-02  2.630e-02
1 3 5 1 24 f   12493.065093326  12493.065093479  1.268e-06  2.210e-02  2.210e-02
1 2 5 0 55 e   12494.012341845  12494.012345433  3.637e-05  1.000e-02  1.000e-02
1 3 5 1 25 e   12502.612552985  12502.612553198  2.096e-06  1.290e-02  1.290e-02
1 3 5 1 25 f   12502.971819214  12502.971819259  1.452e-06  2.230e-02  2.230e-02
2 0 5 0 61 e   12503.283294615  12503.283350022  3.992e-04  5.000e-03  5.053e-03
0 4 5 0 47 e   12511.854286981  12511.854281151  1.791e-05  5.000e-03  5.000e-03
0 1 6 1 6 e   12512.315292445  12512.315292584  6.418e-07  5.000e-03  5.000e-03
0 1 6 1 6 f   12512.327174857  12512.327174995  6.435e-07  5.000e-03  5.000e-03
1 3 5 1 26 e   12512.846991513  12512.846991527  1.703e-06  2.750e-02  2.750e-02
1 3 5 1 26 f   12513.235857544  12513.235857581  1.652e-06  1.620e-02  1.620e-02
1 2 5 0 56 e   12516.099096197  12516.099151335  4.005e-04  5.000e-03  5.017e-03
1 3 5 1 27 e   12523.551981762  12523.552184962  2.318e-03  1.000e-02  1.000e-02
1 3 5 1 27 f   12523.936184874  12523.936184977  1.449e-06  1.430e-02  1.430e-02
1 3 5 1 28 e   12534.620432997  12534.620432852  1.676e-06  1.160e-02  1.160e-02
1 3 5 1 28 f   12535.054770389  12535.054770563  1.280e-06  9.900e-03  9.900e-03
1 2 5 0 57 e   12538.566341845  12538.566345433  3.637e-05  1.480e-02  1.480e-02
1 3 5 1 29 e   12546.054378247  12546.054377860  2.830e-06  1.390e-02  1.390e-02
1 3 5 1 30 e   12557.897104666  12557.897104438  1.760e-06  2.540e-02  2.540e-02
1 2 5 0 58 e   12561.471007050  12561.471062096  4.003e-04  1.500e-02  1.501e-02
0 1 6 1 17 e   12564.086473325  12564.086473704  1.444e-06  5.000e-03  5.000e-03
0 1 6 1 17 f   12564.169026769  12564.169026946  4.896e-07  5.000e-03  5.000e-03
1 3 5 1 31 e   12570.163574864  12570.163574040  3.922e-06  8.000e-03  8.000e-03
1 3 5 1 32 e   12582.808765879  12582.808765662  1.924e-06  6.600e-03  6.600e-03
1 2 5 0 59 e   12584.717940633  12584.717953094  6.492e-04  1.000e-02  1.001e-02
1 2 5 0 60 e   12608.374265398  12608.374374586  1.100e-03  1.000e-02  1.002e-02
1 3 5 1 34 e   12609.286158635  12609.286158407  2.389e-06  9.000e-04  9.000e-04
1 3 5 1 35 f   12623.790601315  12623.790601178  2.844e-06  2.400e-03  2.400e-03
0 0 6 0 55 e   12630.679741845  12630.679745433  3.637e-05  5.000e-03  5.001e-03
1 2 5 0 61 e   12632.417294615  12632.417350022  3.992e-04  1.490e-02  1.492e-02
1 3 5 1 37 e   12651.945259098  12651.945257352  5.052e-06  1.000e-02  1.000e-02
0 1 6 1 27 e   12652.297378247  12652.297377860  2.830e-06  1.000e-02  1.000e-02
0 1 6 1 27 f   12652.501587464  12652.501587688  1.514e-06  1.000e-02  1.000e-02
1 3 5 1 37 f   12652.712650029  12652.712649257  3.569e-06  8.200e-03  8.200e-03
1 2 5 0 63 e   12681.738229291  12681.738283039  3.996e-04  2.280e-02  2.282e-02
1 3 5 1 39 f   12683.207400154  12683.207399200  4.132e-06  1.000e-02  1.000e-02
2 2 5 0 1 e   12707.334138857  12707.334138857  3.716e-08  1.060e-02  1.060e-02
2 2 5 0 2 e   12708.141853414  12708.142207658  3.412e-03  1.000e-02  1.000e-02
2 2 5 0 5 e   12712.871011700  12712.870782484  1.473e-03  1.000e-02  1.000e-02
2 2 5 0 6 e   12715.248723004  12715.248894244  2.219e-03  1.000e-02  1.000e-02
2 2 5 0 7 e   12718.005682871  12718.005645688  2.164e-03  1.000e-02  1.000e-02
2 2 5 0 8 e   12721.154840813  12721.154840857  2.196e-07  1.000e-02  1.000e-02
2 2 5 0 9 e   12724.706459774  12724.706459819  2.191e-07  1.000e-02  1.000e-02
2 2 5 0 10 e   12728.651754560  12728.651754605  2.192e-07  1.000e-02  1.000e-02
2 2 5 0 11 e   12733.002283903  12733.002508903  3.081e-03  1.000e-02  1.000e-02
3 0 5 0 27 e   12736.561038240  12736.561038298  2.269e-07  1.000e-02  1.000e-02
0 1 6 1 34 e   12737.364008392  12737.364008165  2.830e-06  2.000e-02  2.000e-02
0 1 6 1 34 f   12737.685146048  12737.685145750  2.195e-06  2.000e-02  2.000e-02
2 2 5 0 12 e   12737.734910774  12737.735002791  2.634e-03  1.000e-02  1.000e-02
2 2 5 0 13 e   12742.863297796  12742.863532141  1.805e-03  1.000e-02  1.000e-02
0 0 6 0 60 e   12744.026094572  12744.026149898  4.016e-04  5.000e-03  5.069e-03
2 2 5 0 14 e   12748.388302829  12748.388286570  1.392e-04  1.000e-02  1.000e-02
2 2 5 0 15 e   12754.307911214  12754.307872860  2.952e-03  1.000e-02  1.000e-02
2 2 5 0 16 e   12760.604117081  12760.604117138  2.250e-07  1.240e-02  1.240e-02
2 2 5 0 17 e   12767.323301900  12767.322384993  7.997e-03  1.000e-02  1.000e-02
2 2 5 0 18 e   12774.433195210  12774.433184765  7.078e-04  1.000e-02  1.000e-02
2 2 5 0 19 e   12781.926927630  12781.926927692  2.260e-07  1.000e-02  1.000e-02
2 2 5 0 20 e   12789.811420484  12789.811320299  2.472e-03  1.000e-02  1.000e-02
2 2 5 0 21 e   12798.100158191  12798.100332769  6.256e-03  1.000e-02  1.000e-02
2 2 5 0 22 e   12806.786888965  12806.786890360  1.215e-03  1.000e-02  1.000e-02
2 2 5 0 23 e   12815.849742657  12815.849789247  6.311e-04  1.000e-02  1.000e-02
2 2 5 0 24 e   12825.320616464  12825.320669173  2.251e-03  1.000e-02  1.000e-02
2 2 5 0 25 e   12835.182227163  12835.182112758  3.662e-03  1.000e-02  1.000e-02
2 2 5 0 26 e   12845.423539838  12845.423539896  2.265e-07  1.230e-02  1.230e-02
2 2 5 0 27 e   12856.082543915  12856.082539519  3.268e-03  1.000e-02  1.000e-02
2 2 5 0 28 e   12867.135325230  12867.135296234  3.650e-03  1.000e-02  1.000e-02
1 0 6 0 5 e   12867.936217431  12867.936217430  3.977e-08  1.000e-02  1.000e-02
2 2 5 0 29 e   12878.571049591  12878.571049650  2.272e-07  1.000e-02  1.000e-02
1 4 5 0 5 e   12884.611117431  12884.611117430  3.977e-08  1.000e-02  1.000e-02
2 2 5 0 30 e   12890.395505251  12890.395505310  2.272e-07  1.000e-02  1.000e-02
2 2 5 0 31 e   12902.623220940  12902.623220997  2.267e-07  1.000e-02  1.000e-02
1 0 6 0 17 e   12922.182127630  12922.182127692  2.260e-07  1.000e-02  1.000e-02
2 2 5 0 33 e   12928.268306312  12928.268306370  2.263e-07  1.000e-02  1.000e-02
1 4 5 0 17 e   12938.918927630  12938.918927692  2.260e-07  1.000e-02  1.000e-02
0 0 6 0 68 e   12945.604926575  12945.604981849  3.999e-04  5.000e-03  5.162e-03
2 2 5 0 35 e   12955.457043031  12955.457043089  2.263e-07  1.000e-02  1.000e-02
2 2 5 0 36 e   12969.649569012  12969.649569070  2.264e-07  1.000e-02  1.000e-02
1 0 6 0 23 e   12970.511016087  12970.511016146  2.269e-07  1.000e-02  1.000e-02
1 4 5 0 23 e   12987.343416087  12987.343416146  2.269e-07  1.000e-02  1.000e-02
0 2 6 0 5 e   12999.410503890  12999.410522068  3.400e-04  1.000e-02  1.000e-02
0 2 6 0 8 e   13007.672840813  13007.672840857  2.196e-07  1.080e-02  1.080e-02
0 2 6 0 9 e   13011.205459774  13011.205459819  2.191e-07  1.000e-02  1.000e-02
0 2 6 0 11 e   13019.464715764  13019.464715809  2.188e-07  1.000e-02  1.000e-02
0 2 6 0 12 e   13024.180332970  13024.180333016  2.187e-07  1.000e-02  1.000e-02
0 2 6 0 13 e   13029.310594723  13029.310594770  2.184e-07  1.000e-02  1.000e-02
0 2 6 0 14 e   13034.817488578  13034.817488636  2.255e-07  1.000e-02  1.000e-02
0 2 6 0 15 e   13040.718000869  13040.718000926  2.254e-07  1.000e-02  1.000e-02
0 2 6 0 16 e   13047.021117081  13047.021117138  2.250e-07  1.000e-02  1.000e-02
0 2 6 0 18 e   13060.773097656  13060.773097717  2.262e-07  1.000e-02  1.000e-02
0 2 6 0 19 e   13068.238927630  13068.238927692  2.260e-07  1.820e-02  1.820e-02
1 0 6 0 32 e   13069.453710313  13069.453710371  2.263e-07  1.000e-02  1.000e-02
0 2 6 0 20 e   13076.134292763  13076.134292824  2.262e-07  1.000e-02  1.000e-02
0 2 6 0 21 e   13084.381173234  13084.381173295  2.261e-07  1.000e-02  1.000e-02
1 4 5 0 32 e   13086.584610313  13086.584610371  2.263e-07  1.000e-02  1.000e-02
0 2 6 0 22 e   13093.038548206  13093.038548266  2.268e-07  1.000e-02  1.000e-02
1 0 6 0 40 e   13184.001360350  13184.001360409  2.262e-07  1.000e-02  1.000e-02
0 2 6 0 32 e   13201.225165386  13201.225165444  2.263e-07  1.000e-02  1.000e-02
0 2 6 0 33 e   13214.202306312  13214.202306370  2.263e-07  1.000e-02  1.000e-02
1 4 5 0 42 e   13234.366537824  13234.366537882  2.265e-07  2.000e-02  2.000e-02
1 0 6 0 47 e   13304.679945348  13304.679939452  1.797e-05  1.000e-02  1.000e-02
0 2 6 0 40 e   13316.041567608  13316.041567667  2.263e-07  2.000e-02  2.000e-02
1 1 6 1 2 e   13333.395871384  13333.395232380  2.710e-03  5.000e-03  5.000e-03
1 1 6 1 2 f   13333.398103796  13333.397265630  3.777e-03  5.000e-03  5.000e-03
1 1 6 1 3 e   13334.574332481  13334.575955610  4.936e-03  5.000e-03  5.000e-03
1 1 6 1 3 f   13334.578248615  13334.579649486  4.396e-03  5.000e-03  5.000e-03
1 1 6 1 4 e   13336.151355391  13336.151355600  8.301e-07  5.000e-03  5.000e-03
1 1 6 1 4 f   13336.153901697  13336.153901905  8.301e-07  5.000e-03  5.000e-03
1 1 6 1 5 e   13338.106545350  13338.106497155  2.366e-03  5.000e-03  5.000e-03
1 1 6 1 5 f   13338.111567181  13338.111586655  1.582e-03  5.000e-03  5.000e-03
1 1 6 1 6 e   13340.470792445  13340.470792584  6.418e-07  5.900e-03  5.900e-03
1 1 6 1 6 f   13340.482674857  13340.482674995  6.435e-07  5.900e-03  5.900e-03
1 1 6 1 7 e   13343.209082615  13343.209064240  3.285e-04  5.000e-03  5.000e-03
1 1 6 1 7 f   13343.222506002  13343.222021637  2.493e-03  5.000e-03  5.000e-03
1 1 6 1 8 e   13346.352792445  13346.352792584  6.418e-07  5.000e-03  5.000e-03
1 1 6 1 8 f   13346.364674857  13346.364674995  6.435e-07  5.000e-03  5.000e-03
1 1 6 1 9 e   13349.883118967  13349.883147521  1.355e-04  5.000e-03  5.000e-03
1 1 6 1 9 f   13349.903884042  13349.903681581  2.594e-03  5.000e-03  5.000e-03
1 1 6 1 10 e   13353.815078991  13353.815061198  2.206e-03  5.000e-03  5.000e-03
1 1 6 1 10 f   13353.838630694  13353.838608922  9.982e-04  5.000e-03  5.000e-03
1 1 6 1 11 e   13358.121923500  13358.122000307  1.445e-03  9.800e-03  9.800e-03
1 1 6 1 11 f   13358.150659824  13358.150691100  2.060e-03  9.800e-03  9.800e-03
1 1 6 1 12 e   13362.844380546  13362.844608647  1.315e-03  5.000e-03  5.000e-03
1 1 6 1 12 f   13362.876408125  13362.876381639  5.104e-03  5.000e-03  5.104e-03
0 2 6 0 43 e   13365.609666626  13365.609666685  2.265e-07  1.000e-02  1.000e-02
1 1 6 1 13 e   13367.944879241  13367.946041678  5.421e-03  5.000e-03  5.421e-03
1 1 6 1 13 f   13367.986685368  13367.987070643  1.490e-03  5.000e-03  5.000e-03
1 1 6 1 14 e   13373.441205961  13373.441771157  4.181e-03  5.000e-03  5.000e-03
1 1 6 1 14 f   13373.490049412  13373.490337497  1.118e-03  5.000e-03  5.000e-03
1 1 6 1 15 e   13379.320775570  13379.320598860  6.499e-04  5.000e-03  5.000e-03
1 1 6 1 15 f   13379.376479925  13379.375318869  4.560e-03  5.000e-03  5.000e-03
1 1 6 1 16 e   13385.612669141  13385.609205398  1.322e-02  1.020e-02  1.322e-02
1 1 6 1 16 f   13385.666571438  13385.664814260  7.667e-03  1.020e-02  1.020e-02
1 1 6 1 17 e   13392.293473325  13392.293473704  1.444e-06  1.890e-02  1.890e-02
1 1 6 1 17 f   13392.366026769  13392.366026946  4.896e-07  1.890e-02  1.890e-02
1 1 6 1 18 e   13399.340211275  13399.340211812  2.432e-06  5.000e-03  5.000e-03
1 1 6 1 18 f   13399.420822563  13399.420822783  6.362e-07  5.000e-03  5.000e-03
1 1 6 1 19 e   13406.800047096  13406.800169960  4.898e-03  5.000e-03  5.000e-03
1 1 6 1 19 f   13406.883339893  13406.883299934  6.910e-04  5.000e-03  5.000e-03
1 1 6 1 20 e   13414.651548517  13414.649758951  7.738e-03  5.000e-03  7.738e-03
1 1 6 1 20 f   13414.747245586  13414.748879700  1.138e-02  5.000e-03  1.138e-02
0 2 6 0 47 e   13437.170345348  13437.170339452  1.797e-05  1.000e-02  1.000e-02
1 1 6 1 23 e   13440.455372307  13440.455372986  2.871e-06  1.760e-02  1.760e-02
1 1 6 1 23 f   13440.662707985  13440.662708130  1.088e-06  3.000e-04  3.000e-04
1 1 6 1 24 e   13449.896005592  13449.896005499  2.375e-06  8.900e-03  8.900e-03
1 1 6 1 24 f   13450.113093326  13450.113093479  1.268e-06  1.090e-02  1.090e-02
1 1 6 1 26 e   13469.894991513  13469.894991527  1.703e-06  1.090e-02  1.090e-02
1 1 6 1 28 e   13491.442432997  13491.442432852  1.676e-06  1.000e-02  1.000e-02
1 1 6 1 28 f   13491.744770389  13491.744770563  1.280e-06  1.000e-02  1.000e-02
1 1 6 1 29 e   13502.812378247  13502.812377860  2.830e-06  2.500e-02  2.500e-02
1 1 6 1 29 f   13503.126587464  13503.126587688  1.514e-06  1.000e-02  1.000e-02
1 0 6 0 57 e   13510.125786652  13510.125841716  4.003e-04  1.000e-02  1.001e-02
1 0 6 0 62 e   13627.407756236  13627.407808657  4.001e-04  1.000e-02  1.005e-02
0 0 7 0 2 e   13953.005274617  13953.005274617  3.732e-08  1.000e-02  1.000e-02
0 0 7 0 3 e   13954.173117431  13954.173117430  3.977e-08  1.000e-02  1.000e-02
0 0 7 0 4 e   13955.707662626  13955.707662665  2.163e-07  2.250e-02  2.250e-02
0 0 7 0 5 e   13957.675011700  13957.674797893  1.556e-03  1.000e-02  1.000e-02
0 0 7 0 6 e   13960.043840813  13960.043840857  2.196e-07  2.270e-02  2.270e-02
0 0 7 0 7 e   13962.757459774  13962.757459819  2.191e-07  1.000e-02  1.000e-02
0 0 7 0 8 e   13965.863296317  13965.862183962  4.916e-03  1.000e-02  1.000e-02
0 0 7 0 9 e   13969.380587769  13969.380669291  3.306e-03  1.000e-02  1.000e-02
0 0 7 0 10 e   13973.285543765  13973.285504287  5.704e-04  1.000e-02  1.000e-02
0 0 7 0 11 e   13977.584121487  13977.584156708  3.314e-04  1.000e-02  1.000e-02
0 0 7 0 12 e   13982.252910774  13982.252971136  2.555e-03  1.000e-02  1.000e-02
0 0 7 0 13 e   13987.322797796  13987.322696588  3.000e-03  1.000e-02  1.000e-02
0 0 7 0 14 e   13992.783031412  13992.783070013  7.796e-04  1.000e-02  1.000e-02
0 0 7 0 15 e   13998.639911214  13998.639913726  8.922e-04  1.000e-02  1.000e-02
0 0 7 0 16 e   14004.870107369  14004.869362334  3.361e-03  1.000e-02  1.000e-02
0 0 7 0 17 e   14011.498874595  14011.499391702  5.062e-03  1.000e-02  1.000e-02
0 0 7 0 18 e   14018.525054377  14018.524872953  2.262e-03  1.000e-02  1.000e-02
0 0 7 0 19 e   14025.931966426  14025.932345258  3.747e-03  1.000e-02  1.000e-02
0 0 7 0 20 e   14033.731386823  14033.732287136  3.996e-03  1.000e-02  1.000e-02
0 0 7 0 25 e   14078.552416087  14078.552416146  2.269e-07  2.500e-02  2.500e-02
0 0 7 0 46 e   14372.947420417  14372.947418784  1.363e-05  1.770e-02  1.770e-02
0 0 7 0 48 e   14409.895847093  14409.895841237  1.794e-05  1.000e-02  1.000e-02
0 0 7 0 51 e   14468.256958307  14468.257165826  9.410e-04  1.000e-02  1.000e-02
0 0 7 0 53 e   14509.102434356  14509.102430969  3.104e-05  2.950e-02  2.950e-02
0 0 7 0 54 e   14530.111370758  14530.111374064  3.624e-05  1.000e-02  1.000e-02
0 0 7 0 55 e   14551.473748876  14551.473836057  3.565e-04  1.000e-02  1.000e-02
